MinTemp,MaxTemp,Precipitation,ReferenceET,Date
23.5,29.81,0.02,,1981-01-01
23.49,29.37,0.32,,1981-01-02
22.29,29.33,0.3,,1981-01-03
23.79,29.2,0.4,,1981-01-04
23.7,29.22,0.58,,1981-01-05
22.7,29.36,1.35,,1981-01-06
22.79,29.22,0.93,,1981-01-07
22.97,28.98,1.22,,1981-01-08
23.53,28.87,1.12,,1981-01-09
23.74,29.24,1.38,,1981-01-10
23.62,29.25,2.38,,1981-01-11
24.28,28.99,0.85,,1981-01-12
23.75,29.31,0.29,,1981-01-13
23.86,29.51,0.52,,1981-01-14
23.94,29.69,0.95,,1981-01-15
23.46,30.24,0.0,,1981-01-16
23.85,29.88,0.0,,1981-01-17
23.45,30.29,0.0,,1981-01-18
23.58,30.41,0.0,,1981-01-19
24.12,29.53,0.0,,1981-01-20
24.12,29.63,0.0,,1981-01-21
23.91,29.5,0.0,,1981-01-22
24.05,30.19,0.0,,1981-01-23
20.68,30.37,0.0,,1981-01-24
21.21,30.32,0.0,,1981-01-25
24.04,28.47,1.17,,1981-01-26
23.34,29.29,1.29,,1981-01-27
23.41,28.65,0.86,,1981-01-28
23.69,29.62,0.0,,1981-01-29
24.11,29.07,0.0,,1981-01-30
24.04,29.79,0.0,,1981-01-31
24.05,30.19,0.0,,1981-02-01
23.87,30.84,0.0,,1981-02-02
24.4,29.82,0.0,,1981-02-03
24.03,30.77,0.0,,1981-02-04
24.16,30.78,0.09,,1981-02-05
24.48,30.03,0.15,,1981-02-06
24.66,29.25,0.44,,1981-02-07
24.31,30.41,0.6,,1981-02-08
24.44,30.03,0.58,,1981-02-09
24.11,30.51,0.32,,1981-02-10
23.94,30.98,0.01,,1981-02-11
24.0,31.44,0.02,,1981-02-12
24.16,31.23,0.02,,1981-02-13
24.18,31.7,0.13,,1981-02-14
24.65,31.41,0.02,,1981-02-15
25.17,30.97,0.01,,1981-02-16
24.96,31.29,0.0,,1981-02-17
25.22,30.83,0.01,,1981-02-18
25.13,30.45,0.02,,1981-02-19
25.46,30.31,0.0,,1981-02-20
25.73,29.55,0.0,,1981-02-21
25.75,30.16,0.0,,1981-02-22
25.88,29.95,0.0,,1981-02-23
25.52,30.07,0.0,,1981-02-24
24.81,30.68,0.0,,1981-02-25
25.09,30.81,0.0,,1981-02-26
25.28,31.11,0.0,,1981-02-27
25.49,31.33,0.0,,1981-02-28
25.56,31.36,0.0,,1981-03-01
25.73,30.84,0.1,,1981-03-02
26.08,30.47,0.12,,1981-03-03
25.39,31.4,0.14,,1981-03-04
25.62,31.05,0.06,,1981-03-05
24.98,31.67,0.03,,1981-03-06
25.28,31.8,0.92,,1981-03-07
25.46,31.03,1.55,,1981-03-08
25.45,31.05,2.66,,1981-03-09
25.62,31.23,2.17,,1981-03-10
25.46,30.7,2.24,,1981-03-11
25.57,29.69,2.7,,1981-03-12
24.86,29.3,2.03,,1981-03-13
24.61,30.72,1.44,,1981-03-14
25.24,27.81,2.01,,1981-03-15
24.8,30.53,3.63,,1981-03-16
26.03,28.89,0.48,,1981-03-17
25.17,28.69,0.56,,1981-03-18
25.47,29.86,0.83,,1981-03-19
25.06,30.74,0.26,,1981-03-20
25.5,30.68,0.62,,1981-03-21
26.08,30.22,8.65,,1981-03-22
25.32,31.32,6.57,,1981-03-23
25.44,30.22,9.77,,1981-03-24
25.15,30.56,3.01,,1981-03-25
25.54,30.35,2.65,,1981-03-26
25.16,29.01,7.54,,1981-03-27
23.85,28.07,5.29,,1981-03-28
24.26,30.22,2.02,,1981-03-29
24.69,30.49,5.05,,1981-03-30
25.11,29.74,5.84,,1981-03-31
25.49,28.63,5.35,,1981-04-01
24.94,30.01,1.49,,1981-04-02
24.75,30.05,5.37,,1981-04-03
25.08,29.72,4.03,,1981-04-04
25.45,28.75,15.46,,1981-04-05
25.32,29.29,6.58,,1981-04-06
25.34,30.19,2.89,,1981-04-07
25.56,30.3,3.56,,1981-04-08
25.89,29.34,2.57,,1981-04-09
26.06,30.53,1.36,,1981-04-10
25.78,30.59,0.0,,1981-04-11
25.36,30.83,0.0,,1981-04-12
25.59,31.2,0.0,,1981-04-13
25.54,31.29,0.0,,1981-04-14
25.7,31.02,0.0,,1981-04-15
25.72,30.47,8.28,,1981-04-16
26.1,30.21,5.88,,1981-04-17
25.74,30.68,6.44,,1981-04-18
26.03,28.51,11.1,,1981-04-19
25.35,28.42,7.86,,1981-04-20
25.82,28.74,3.79,,1981-04-21
25.28,28.26,8.87,,1981-04-22
24.64,29.11,2.91,,1981-04-23
24.83,30.05,0.99,,1981-04-24
24.75,30.86,0.66,,1981-04-25
25.17,27.36,1.31,,1981-04-26
24.94,29.31,1.61,,1981-04-27
24.73,30.09,0.63,,1981-04-28
24.84,29.26,1.5,,1981-04-29
25.28,29.29,0.84,,1981-04-30
25.22,28.85,8.95,,1981-05-01
24.91,27.32,10.44,,1981-05-02
24.72,29.63,6.38,,1981-05-03
24.44,27.94,7.11,,1981-05-04
24.19,26.78,8.2,,1981-05-05
23.94,29.4,0.75,,1981-05-06
24.69,28.42,3.51,,1981-05-07
24.63,28.42,5.68,,1981-05-08
24.41,29.13,2.66,,1981-05-09
25.11,29.11,3.04,,1981-05-10
24.98,28.5,0.92,,1981-05-11
24.67,28.7,2.45,,1981-05-12
25.06,28.58,4.44,,1981-05-13
24.77,27.69,1.16,,1981-05-14
24.41,29.58,0.47,,1981-05-15
25.13,29.88,1.02,,1981-05-16
25.12,29.81,2.08,,1981-05-17
25.63,28.43,1.32,,1981-05-18
25.15,29.63,1.82,,1981-05-19
25.1,30.16,1.6,,1981-05-20
25.64,28.61,2.22,,1981-05-21
25.26,28.03,2.95,,1981-05-22
24.68,28.72,1.98,,1981-05-23
25.19,28.96,1.29,,1981-05-24
25.38,28.63,3.74,,1981-05-25
25.31,29.08,31.34,,1981-05-26
25.15,27.81,17.01,,1981-05-27
24.64,27.13,34.27,,1981-05-28
24.09,29.25,7.99,,1981-05-29
25.3,28.27,11.04,,1981-05-30
25.24,29.07,8.65,,1981-05-31
25.08,28.12,3.84,,1981-06-01
24.89,28.69,0.63,,1981-06-02
24.68,29.21,1.19,,1981-06-03
24.61,29.0,2.06,,1981-06-04
24.48,29.02,6.53,,1981-06-05
25.12,29.02,14.65,,1981-06-06
25.39,27.75,11.9,,1981-06-07
25.26,27.83,12.18,,1981-06-08
25.03,27.8,9.7,,1981-06-09
24.42,27.93,18.85,,1981-06-10
24.02,28.71,7.52,,1981-06-11
24.68,27.89,7.04,,1981-06-12
24.54,28.99,10.28,,1981-06-13
25.0,27.38,6.89,,1981-06-14
24.37,28.46,4.97,,1981-06-15
24.13,28.93,4.75,,1981-06-16
24.86,28.86,6.53,,1981-06-17
25.09,27.55,14.89,,1981-06-18
24.65,27.85,21.0,,1981-06-19
24.37,27.39,29.63,,1981-06-20
24.04,27.79,29.02,,1981-06-21
23.85,28.16,29.04,,1981-06-22
24.17,26.99,15.63,,1981-06-23
23.97,27.36,9.39,,1981-06-24
23.42,27.45,7.95,,1981-06-25
23.72,28.02,9.91,,1981-06-26
24.28,27.67,22.66,,1981-06-27
24.11,27.06,18.7,,1981-06-28
23.54,27.5,12.5,,1981-06-29
23.61,27.85,1.07,,1981-06-30
23.82,27.0,1.61,,1981-07-01
23.8,27.7,0.28,,1981-07-02
23.85,28.11,1.22,,1981-07-03
24.18,27.64,1.9,,1981-07-04
24.15,27.17,10.79,,1981-07-05
24.25,26.85,7.18,,1981-07-06
23.72,26.63,7.46,,1981-07-07
22.8,25.68,10.46,,1981-07-08
22.51,26.9,2.74,,1981-07-09
23.34,27.01,4.46,,1981-07-10
23.5,27.23,1.04,,1981-07-11
23.49,27.78,0.85,,1981-07-12
23.23,25.85,1.98,,1981-07-13
23.2,27.25,2.35,,1981-07-14
23.05,27.91,0.68,,1981-07-15
23.03,27.42,0.38,,1981-07-16
23.4,27.47,0.8,,1981-07-17
23.23,27.62,0.32,,1981-07-18
22.92,27.63,0.15,,1981-07-19
23.24,25.5,0.53,,1981-07-20
23.02,27.57,0.22,,1981-07-21
23.19,27.6,1.03,,1981-07-22
23.02,27.44,0.75,,1981-07-23
23.06,26.95,0.13,,1981-07-24
22.75,27.19,1.73,,1981-07-25
22.47,26.3,5.75,,1981-07-26
22.16,27.13,3.58,,1981-07-27
22.55,26.9,1.26,,1981-07-28
22.93,27.23,2.44,,1981-07-29
22.67,27.12,1.23,,1981-07-30
22.5,26.68,4.32,,1981-07-31
22.32,25.83,4.34,,1981-08-01
22.76,27.16,3.61,,1981-08-02
22.81,26.98,1.52,,1981-08-03
22.74,27.34,1.72,,1981-08-04
22.93,25.48,2.49,,1981-08-05
22.36,27.27,1.51,,1981-08-06
22.01,27.76,1.49,,1981-08-07
22.63,27.6,0.66,,1981-08-08
22.96,27.64,0.0,,1981-08-09
22.97,28.02,0.02,,1981-08-10
22.56,27.63,0.0,,1981-08-11
22.75,27.92,0.02,,1981-08-12
22.96,27.49,0.01,,1981-08-13
22.55,27.3,2.92,,1981-08-14
22.69,26.68,11.26,,1981-08-15
22.67,27.12,8.56,,1981-08-16
23.01,25.25,9.41,,1981-08-17
22.77,25.08,11.54,,1981-08-18
22.45,26.1,4.06,,1981-08-19
21.74,27.24,0.73,,1981-08-20
21.74,27.11,2.06,,1981-08-21
22.53,27.32,3.09,,1981-08-22
22.52,25.96,2.21,,1981-08-23
22.58,25.88,5.13,,1981-08-24
22.63,27.02,3.24,,1981-08-25
22.51,27.49,0.83,,1981-08-26
22.13,26.93,2.37,,1981-08-27
22.71,26.35,5.5,,1981-08-28
22.08,27.66,0.17,,1981-08-29
22.25,27.38,1.02,,1981-08-30
22.25,27.41,0.97,,1981-08-31
22.93,27.6,0.31,,1981-09-01
22.48,27.91,0.15,,1981-09-02
22.96,27.41,12.15,,1981-09-03
23.02,25.48,15.25,,1981-09-04
22.46,27.09,14.21,,1981-09-05
22.68,27.11,16.66,,1981-09-06
23.08,26.17,23.66,,1981-09-07
22.53,25.49,17.63,,1981-09-08
22.06,26.48,21.98,,1981-09-09
22.94,26.94,2.13,,1981-09-10
22.6,27.43,6.63,,1981-09-11
23.05,27.47,1.21,,1981-09-12
22.99,27.29,3.24,,1981-09-13
23.1,26.63,7.3,,1981-09-14
23.0,26.2,2.69,,1981-09-15
22.51,27.99,2.3,,1981-09-16
22.64,28.13,2.97,,1981-09-17
23.22,27.38,9.82,,1981-09-18
23.42,27.46,19.57,,1981-09-19
23.4,26.68,10.78,,1981-09-20
23.23,27.82,5.92,,1981-09-21
23.4,27.88,15.75,,1981-09-22
23.78,27.72,2.2,,1981-09-23
23.41,28.15,2.76,,1981-09-24
23.46,28.22,4.52,,1981-09-25
22.91,28.1,1.88,,1981-09-26
23.58,27.88,1.09,,1981-09-27
23.62,29.08,0.28,,1981-09-28
23.58,28.83,0.22,,1981-09-29
23.88,28.69,0.45,,1981-09-30
23.65,28.58,1.08,,1981-10-01
23.77,27.98,0.33,,1981-10-02
23.89,28.06,8.46,,1981-10-03
24.2,28.29,6.61,,1981-10-04
24.01,28.48,15.08,,1981-10-05
24.03,28.6,12.53,,1981-10-06
24.17,26.39,10.4,,1981-10-07
23.99,27.3,3.81,,1981-10-08
23.95,28.33,3.79,,1981-10-09
23.89,28.02,1.59,,1981-10-10
24.26,26.85,3.63,,1981-10-11
23.88,27.9,5.28,,1981-10-12
23.81,28.24,21.39,,1981-10-13
23.99,27.51,10.2,,1981-10-14
23.82,27.66,13.67,,1981-10-15
23.73,26.65,12.94,,1981-10-16
23.66,27.9,8.04,,1981-10-17
24.03,28.19,0.65,,1981-10-18
24.01,28.49,0.48,,1981-10-19
24.4,28.65,0.73,,1981-10-20
24.37,28.74,0.87,,1981-10-21
24.05,29.14,0.42,,1981-10-22
24.16,28.34,7.27,,1981-10-23
24.27,27.19,10.51,,1981-10-24
24.15,27.81,8.15,,1981-10-25
23.59,28.38,9.21,,1981-10-26
23.7,28.89,3.98,,1981-10-27
24.33,28.73,3.28,,1981-10-28
24.87,28.02,4.94,,1981-10-29
24.64,27.96,5.81,,1981-10-30
24.43,27.09,7.18,,1981-10-31
24.34,29.46,1.77,,1981-11-01
24.63,28.89,0.4,,1981-11-02
24.6,27.65,0.26,,1981-11-03
24.6,28.11,0.57,,1981-11-04
24.36,29.7,0.33,,1981-11-05
24.36,28.12,0.53,,1981-11-06
24.4,29.03,0.02,,1981-11-07
24.72,28.53,0.04,,1981-11-08
24.6,29.01,0.05,,1981-11-09
24.9,28.45,0.05,,1981-11-10
24.68,29.72,0.03,,1981-11-11
24.78,28.87,0.12,,1981-11-12
24.61,29.19,0.15,,1981-11-13
24.6,29.42,0.29,,1981-11-14
24.97,29.29,0.28,,1981-11-15
24.54,29.59,0.28,,1981-11-16
24.63,30.07,0.49,,1981-11-17
23.39,30.29,0.68,,1981-11-18
24.41,30.4,0.67,,1981-11-19
24.21,29.72,1.15,,1981-11-20
22.59,29.84,0.29,,1981-11-21
20.49,29.23,0.0,,1981-11-22
20.44,28.85,0.0,,1981-11-23
21.07,29.07,0.0,,1981-11-24
22.14,29.59,0.0,,1981-11-25
22.69,29.78,0.0,,1981-11-26
24.55,30.49,0.11,,1981-11-27
24.41,30.16,0.25,,1981-11-28
24.61,29.81,0.06,,1981-11-29
23.96,30.13,0.13,,1981-11-30
23.29,30.05,0.03,,1981-12-01
23.21,30.25,0.02,,1981-12-02
21.73,29.85,0.03,,1981-12-03
22.38,29.69,0.05,,1981-12-04
24.18,29.87,0.13,,1981-12-05
22.8,29.81,0.14,,1981-12-06
24.3,29.79,0.0,,1981-12-07
24.79,29.59,0.0,,1981-12-08
24.47,29.63,0.0,,1981-12-09
24.5,30.08,0.0,,1981-12-10
24.36,30.68,0.0,,1981-12-11
24.34,30.37,0.0,,1981-12-12
24.67,30.29,0.0,,1981-12-13
24.52,30.35,0.0,,1981-12-14
24.4,30.39,0.0,,1981-12-15
24.87,30.08,0.0,,1981-12-16
24.93,30.28,0.04,,1981-12-17
24.97,30.74,0.05,,1981-12-18
24.45,30.69,0.03,,1981-12-19
24.67,30.34,0.01,,1981-12-20
24.56,30.45,0.01,,1981-12-21
24.0,30.36,0.0,,1981-12-22
24.31,30.78,0.0,,1981-12-23
24.59,30.97,0.0,,1981-12-24
24.93,30.03,0.0,,1981-12-25
24.64,30.15,0.0,,1981-12-26
24.53,30.09,0.0,,1981-12-27
24.74,30.07,0.0,,1981-12-28
24.83,29.96,0.0,,1981-12-29
24.7,30.82,0.0,,1981-12-30
24.52,30.75,0.0,,1981-12-31
24.71,31.18,0.1,,1982-01-01
24.67,30.64,0.11,,1982-01-02
24.37,30.83,0.15,,1982-01-03
24.63,30.16,0.16,,1982-01-04
23.77,30.44,0.02,,1982-01-05
20.78,29.48,0.0,,1982-01-06
19.88,29.23,0.0,,1982-01-07
21.14,29.49,0.0,,1982-01-08
21.16,30.15,0.0,,1982-01-09
21.25,30.08,0.0,,1982-01-10
22.09,30.1,0.0,,1982-01-11
23.41,29.89,0.0,,1982-01-12
24.14,30.49,0.0,,1982-01-13
23.99,31.4,0.0,,1982-01-14
24.55,31.06,0.0,,1982-01-15
24.45,31.0,8.35,,1982-01-16
24.68,29.84,4.27,,1982-01-17
24.95,29.68,5.86,,1982-01-18
25.05,28.33,5.37,,1982-01-19
24.63,29.02,8.7,,1982-01-20
24.62,28.95,0.0,,1982-01-21
24.25,27.43,0.0,,1982-01-22
22.52,29.72,0.0,,1982-01-23
22.32,30.08,0.0,,1982-01-24
22.19,30.63,0.0,,1982-01-25
24.24,31.13,0.0,,1982-01-26
24.31,31.39,0.0,,1982-01-27
24.8,30.1,0.0,,1982-01-28
24.83,28.94,0.0,,1982-01-29
24.48,30.62,0.0,,1982-01-30
24.47,29.7,0.0,,1982-01-31
24.15,30.82,0.0,,1982-02-01
24.89,31.29,0.0,,1982-02-02
24.25,30.53,0.0,,1982-02-03
23.89,30.44,0.0,,1982-02-04
24.24,31.12,0.0,,1982-02-05
24.22,31.36,0.0,,1982-02-06
24.78,29.62,0.0,,1982-02-07
22.47,29.46,0.0,,1982-02-08
20.4,29.55,0.0,,1982-02-09
20.03,29.88,0.0,,1982-02-10
22.3,30.76,0.0,,1982-02-11
22.68,30.34,0.0,,1982-02-12
23.05,30.42,0.0,,1982-02-13
23.64,30.3,0.0,,1982-02-14
23.67,28.89,47.69,,1982-02-15
24.31,28.87,42.93,,1982-02-16
24.25,28.79,32.62,,1982-02-17
24.15,30.13,50.41,,1982-02-18
24.98,30.04,69.05,,1982-02-19
25.31,28.15,1.45,,1982-02-20
24.98,28.55,0.34,,1982-02-21
24.83,28.91,0.45,,1982-02-22
24.65,27.97,0.62,,1982-02-23
23.7,25.91,0.9,,1982-02-24
23.43,27.96,0.02,,1982-02-25
24.11,27.8,0.05,,1982-02-26
24.46,27.85,0.0,,1982-02-27
25.0,28.42,0.01,,1982-02-28
25.28,28.44,0.01,,1982-03-01
24.73,30.04,11.88,,1982-03-02
23.98,29.11,26.57,,1982-03-03
21.46,29.47,2.6,,1982-03-04
21.29,30.1,0.0,,1982-03-05
23.5,30.55,0.0,,1982-03-06
23.67,29.8,0.0,,1982-03-07
24.43,30.76,0.01,,1982-03-08
24.36,31.04,0.01,,1982-03-09
24.94,29.45,0.03,,1982-03-10
25.5,28.62,0.06,,1982-03-11
24.31,30.06,2.37,,1982-03-12
24.68,29.77,3.56,,1982-03-13
25.08,29.93,2.52,,1982-03-14
24.99,28.86,3.41,,1982-03-15
24.75,28.74,3.72,,1982-03-16
24.6,28.51,9.85,,1982-03-17
24.24,28.71,3.88,,1982-03-18
24.58,29.68,4.02,,1982-03-19
25.02,28.35,3.63,,1982-03-20
24.98,30.09,5.43,,1982-03-21
25.15,29.54,13.0,,1982-03-22
25.12,28.0,16.44,,1982-03-23
24.67,28.97,15.8,,1982-03-24
25.26,29.55,1.4,,1982-03-25
25.41,30.19,10.88,,1982-03-26
25.4,30.09,2.17,,1982-03-27
25.73,29.19,6.77,,1982-03-28
25.71,28.72,3.08,,1982-03-29
25.19,27.59,0.95,,1982-03-30
24.8,29.74,1.26,,1982-03-31
24.84,30.24,0.0,,1982-04-01
24.88,30.45,0.0,,1982-04-02
24.97,30.62,0.0,,1982-04-03
25.32,29.47,0.0,,1982-04-04
25.54,30.44,0.0,,1982-04-05
25.7,28.93,9.09,,1982-04-06
25.73,29.32,3.47,,1982-04-07
25.67,28.89,4.17,,1982-04-08
25.71,29.23,7.85,,1982-04-09
25.2,28.04,10.12,,1982-04-10
24.82,29.45,1.88,,1982-04-11
25.3,27.91,2.66,,1982-04-12
25.03,29.35,2.96,,1982-04-13
25.31,29.68,2.13,,1982-04-14
25.59,28.76,7.67,,1982-04-15
25.43,28.53,15.83,,1982-04-16
25.43,27.99,9.25,,1982-04-17
24.94,27.92,8.21,,1982-04-18
24.56,29.26,17.95,,1982-04-19
25.14,29.06,16.68,,1982-04-20
24.89,27.77,3.33,,1982-04-21
24.53,27.59,2.11,,1982-04-22
23.87,29.45,0.47,,1982-04-23
24.35,29.73,1.18,,1982-04-24
24.87,28.86,1.41,,1982-04-25
25.48,27.89,8.94,,1982-04-26
24.99,27.65,8.04,,1982-04-27
24.69,29.36,4.19,,1982-04-28
25.08,28.77,3.23,,1982-04-29
25.4,28.99,11.05,,1982-04-30
25.08,27.59,4.33,,1982-05-01
24.82,28.42,8.21,,1982-05-02
24.84,27.42,3.17,,1982-05-03
24.3,28.66,3.36,,1982-05-04
23.79,28.37,3.53,,1982-05-05
23.81,28.23,5.71,,1982-05-06
24.51,27.04,10.34,,1982-05-07
24.42,26.21,19.96,,1982-05-08
23.73,27.22,3.78,,1982-05-09
23.6,29.02,2.24,,1982-05-10
23.68,29.1,0.93,,1982-05-11
24.17,29.27,1.51,,1982-05-12
24.8,28.78,2.45,,1982-05-13
24.83,27.92,1.11,,1982-05-14
24.28,29.02,1.3,,1982-05-15
24.84,27.87,0.81,,1982-05-16
24.5,29.6,1.23,,1982-05-17
25.07,29.46,3.91,,1982-05-18
25.47,28.23,4.5,,1982-05-19
24.86,26.88,3.25,,1982-05-20
24.12,28.2,1.72,,1982-05-21
23.51,27.81,2.38,,1982-05-22
23.87,27.0,5.83,,1982-05-23
23.6,29.1,7.11,,1982-05-24
24.38,28.24,7.44,,1982-05-25
24.95,27.94,3.69,,1982-05-26
24.84,27.35,6.54,,1982-05-27
24.53,28.76,1.71,,1982-05-28
24.81,27.82,4.82,,1982-05-29
24.64,28.01,8.04,,1982-05-30
24.39,26.52,87.56,,1982-05-31
24.28,27.44,23.19,,1982-06-01
23.84,27.88,24.53,,1982-06-02
23.61,27.63,14.43,,1982-06-03
23.61,27.46,3.12,,1982-06-04
23.77,28.26,2.68,,1982-06-05
24.21,28.16,2.88,,1982-06-06
24.41,28.57,3.75,,1982-06-07
24.49,28.51,2.93,,1982-06-08
24.7,28.62,3.39,,1982-06-09
24.92,27.91,25.06,,1982-06-10
24.18,27.4,34.2,,1982-06-11
24.02,27.87,14.67,,1982-06-12
23.93,27.27,16.59,,1982-06-13
23.9,27.59,17.0,,1982-06-14
23.49,27.93,9.24,,1982-06-15
23.62,27.89,5.08,,1982-06-16
23.73,27.66,14.47,,1982-06-17
23.68,27.54,40.82,,1982-06-18
23.83,27.44,9.17,,1982-06-19
24.29,27.59,2.86,,1982-06-20
23.94,27.38,2.35,,1982-06-21
24.16,28.34,6.04,,1982-06-22
24.4,26.83,10.15,,1982-06-23
24.35,27.47,8.61,,1982-06-24
23.93,28.02,3.38,,1982-06-25
23.71,27.21,7.3,,1982-06-26
23.66,27.22,17.49,,1982-06-27
23.52,25.85,5.86,,1982-06-28
23.21,26.1,5.38,,1982-06-29
23.21,26.59,9.82,,1982-06-30
23.56,27.27,9.01,,1982-07-01
23.08,26.96,9.52,,1982-07-02
22.89,26.29,10.66,,1982-07-03
22.58,26.75,10.1,,1982-07-04
22.77,24.41,5.09,,1982-07-05
22.52,25.89,5.92,,1982-07-06
22.28,26.63,5.4,,1982-07-07
21.84,27.64,1.37,,1982-07-08
22.57,27.39,2.01,,1982-07-09
22.92,26.81,0.23,,1982-07-10
23.05,26.68,4.28,,1982-07-11
22.66,25.88,6.43,,1982-07-12
22.59,27.16,4.3,,1982-07-13
22.66,26.08,1.85,,1982-07-14
22.57,27.31,1.16,,1982-07-15
22.88,26.79,0.99,,1982-07-16
22.14,26.27,1.26,,1982-07-17
21.62,26.6,2.17,,1982-07-18
21.76,26.53,0.72,,1982-07-19
21.58,25.96,0.19,,1982-07-20
21.57,26.01,0.08,,1982-07-21
21.52,25.7,0.01,,1982-07-22
21.43,25.4,0.12,,1982-07-23
21.33,24.54,0.51,,1982-07-24
20.85,25.55,0.33,,1982-07-25
20.35,26.03,0.12,,1982-07-26
20.68,25.6,0.24,,1982-07-27
20.93,24.3,0.21,,1982-07-28
20.53,26.21,0.07,,1982-07-29
20.93,25.5,0.01,,1982-07-30
21.15,25.62,0.04,,1982-07-31
21.51,26.06,0.03,,1982-08-01
21.47,24.82,0.02,,1982-08-02
21.11,24.84,0.01,,1982-08-03
20.66,25.51,0.72,,1982-08-04
20.43,25.1,0.86,,1982-08-05
20.86,24.64,2.4,,1982-08-06
20.63,25.82,1.07,,1982-08-07
21.12,25.36,0.24,,1982-08-08
20.69,25.47,0.15,,1982-08-09
20.91,25.27,0.15,,1982-08-10
20.91,26.35,0.55,,1982-08-11
21.29,27.04,1.07,,1982-08-12
21.57,25.73,1.12,,1982-08-13
21.3,25.58,4.35,,1982-08-14
20.89,26.61,2.23,,1982-08-15
21.13,26.82,7.35,,1982-08-16
21.46,25.49,4.0,,1982-08-17
21.11,25.58,2.51,,1982-08-18
20.67,26.8,0.5,,1982-08-19
20.95,26.08,0.5,,1982-08-20
20.91,26.32,0.63,,1982-08-21
20.7,26.24,0.85,,1982-08-22
21.12,25.6,2.76,,1982-08-23
21.42,25.49,3.79,,1982-08-24
20.94,25.82,2.03,,1982-08-25
20.92,24.85,3.24,,1982-08-26
21.26,25.57,2.31,,1982-08-27
20.99,26.85,1.84,,1982-08-28
21.62,26.51,0.72,,1982-08-29
21.8,26.96,0.99,,1982-08-30
21.41,26.6,0.84,,1982-08-31
21.58,26.81,0.86,,1982-09-01
21.78,26.68,1.82,,1982-09-02
21.78,26.23,4.9,,1982-09-03
21.54,26.25,2.65,,1982-09-04
21.4,26.73,2.07,,1982-09-05
22.12,24.36,4.13,,1982-09-06
21.59,27.19,0.93,,1982-09-07
21.89,26.74,0.27,,1982-09-08
21.56,26.0,0.22,,1982-09-09
21.92,27.02,0.67,,1982-09-10
21.84,26.95,0.63,,1982-09-11
21.87,25.99,0.25,,1982-09-12
22.07,26.55,1.83,,1982-09-13
22.17,27.03,1.49,,1982-09-14
21.9,27.16,2.07,,1982-09-15
21.79,27.64,1.02,,1982-09-16
22.33,27.3,1.23,,1982-09-17
22.54,26.46,0.27,,1982-09-18
22.03,27.45,0.56,,1982-09-19
22.37,27.07,0.61,,1982-09-20
22.36,27.41,0.28,,1982-09-21
22.12,27.8,0.4,,1982-09-22
22.58,26.26,1.74,,1982-09-23
22.3,26.89,3.25,,1982-09-24
22.49,26.36,3.73,,1982-09-25
22.35,27.8,1.2,,1982-09-26
22.59,27.49,5.77,,1982-09-27
22.62,26.95,3.34,,1982-09-28
22.57,27.38,3.37,,1982-09-29
22.36,27.24,3.43,,1982-09-30
23.11,26.9,1.53,,1982-10-01
22.79,27.44,0.75,,1982-10-02
22.34,27.97,3.77,,1982-10-03
22.84,26.22,3.13,,1982-10-04
22.61,25.83,6.82,,1982-10-05
22.48,27.68,10.95,,1982-10-06
22.84,27.6,17.17,,1982-10-07
23.09,24.69,10.43,,1982-10-08
22.71,28.1,4.84,,1982-10-09
23.23,27.09,7.23,,1982-10-10
23.16,27.48,9.12,,1982-10-11
22.85,27.87,6.01,,1982-10-12
23.44,27.64,5.91,,1982-10-13
23.21,27.85,7.94,,1982-10-14
23.36,27.23,7.86,,1982-10-15
23.32,28.33,9.97,,1982-10-16
23.23,28.09,9.33,,1982-10-17
23.44,28.27,1.27,,1982-10-18
23.53,27.8,1.71,,1982-10-19
23.25,27.72,1.96,,1982-10-20
23.67,28.11,1.3,,1982-10-21
23.65,28.2,2.69,,1982-10-22
23.28,27.88,1.9,,1982-10-23
23.57,27.0,1.04,,1982-10-24
23.6,26.51,1.97,,1982-10-25
23.05,26.2,3.54,,1982-10-26
23.01,25.9,3.76,,1982-10-27
22.38,28.07,0.52,,1982-10-28
23.01,27.89,0.67,,1982-10-29
23.48,27.84,0.91,,1982-10-30
23.31,28.55,1.47,,1982-10-31
23.68,28.44,2.7,,1982-11-01
23.79,28.64,0.13,,1982-11-02
23.81,27.81,0.19,,1982-11-03
23.74,29.49,0.14,,1982-11-04
23.88,28.77,0.26,,1982-11-05
23.38,28.81,0.22,,1982-11-06
23.56,28.14,0.67,,1982-11-07
23.72,28.25,0.64,,1982-11-08
23.57,29.36,0.81,,1982-11-09
23.61,29.13,0.95,,1982-11-10
23.9,29.54,0.74,,1982-11-11
23.61,29.17,0.0,,1982-11-12
23.29,28.89,0.0,,1982-11-13
23.8,28.85,0.0,,1982-11-14
24.14,29.49,0.0,,1982-11-15
23.89,29.0,0.0,,1982-11-16
23.83,29.73,0.7,,1982-11-17
24.06,29.45,0.94,,1982-11-18
24.19,29.45,0.71,,1982-11-19
24.27,29.09,0.76,,1982-11-20
23.86,29.62,0.41,,1982-11-21
23.49,29.39,0.0,,1982-11-22
23.3,29.31,0.0,,1982-11-23
22.64,29.11,0.0,,1982-11-24
21.54,29.12,0.0,,1982-11-25
22.62,28.45,0.0,,1982-11-26
22.54,28.13,1.34,,1982-11-27
22.44,28.48,0.7,,1982-11-28
22.5,28.32,0.78,,1982-11-29
23.2,28.95,2.37,,1982-11-30
23.72,28.88,1.51,,1982-12-01
23.36,29.24,0.0,,1982-12-02
23.32,29.81,0.0,,1982-12-03
23.04,29.9,0.0,,1982-12-04
23.49,29.67,0.0,,1982-12-05
23.75,29.51,0.0,,1982-12-06
24.2,28.51,4.04,,1982-12-07
24.19,29.02,1.61,,1982-12-08
23.51,29.63,0.0,,1982-12-09
24.62,29.02,0.05,,1982-12-10
24.01,28.68,2.28,,1982-12-11
23.3,29.22,0.09,,1982-12-12
23.01,29.15,0.14,,1982-12-13
23.66,28.39,0.0,,1982-12-14
23.02,29.29,0.0,,1982-12-15
23.41,29.74,0.05,,1982-12-16
24.11,30.4,0.03,,1982-12-17
24.01,30.36,0.05,,1982-12-18
23.93,30.31,0.04,,1982-12-19
24.48,29.67,0.02,,1982-12-20
23.85,30.56,0.03,,1982-12-21
23.9,29.95,0.0,,1982-12-22
24.25,29.88,0.0,,1982-12-23
24.24,29.85,0.0,,1982-12-24
24.5,28.9,0.0,,1982-12-25
24.57,30.66,0.0,,1982-12-26
23.96,30.54,0.0,,1982-12-27
23.36,30.58,0.0,,1982-12-28
23.64,30.28,0.0,,1982-12-29
22.79,29.35,0.0,,1982-12-30
21.4,29.97,0.0,,1982-12-31
22.03,29.62,0.0,,1983-01-01
20.57,29.19,0.0,,1983-01-02
18.51,28.78,0.0,,1983-01-03
18.13,28.16,0.0,,1983-01-04
19.15,27.85,0.0,,1983-01-05
17.3,26.79,0.0,,1983-01-06
17.76,27.36,0.0,,1983-01-07
18.55,28.01,0.0,,1983-01-08
19.01,28.08,0.0,,1983-01-09
19.54,28.88,0.0,,1983-01-10
18.91,29.29,0.0,,1983-01-11
19.22,29.57,0.0,,1983-01-12
18.2,28.93,0.0,,1983-01-13
18.61,28.12,0.0,,1983-01-14
20.12,28.75,0.0,,1983-01-15
19.76,29.68,0.0,,1983-01-16
20.13,29.95,0.0,,1983-01-17
19.95,30.57,0.0,,1983-01-18
19.74,30.25,0.0,,1983-01-19
21.11,30.06,0.0,,1983-01-20
21.85,30.33,0.0,,1983-01-21
21.93,29.91,0.0,,1983-01-22
21.42,29.89,0.0,,1983-01-23
18.44,29.08,0.0,,1983-01-24
18.06,28.84,0.0,,1983-01-25
19.18,29.31,0.0,,1983-01-26
19.39,29.26,0.0,,1983-01-27
18.79,29.5,0.0,,1983-01-28
18.15,29.54,0.0,,1983-01-29
18.29,29.33,0.0,,1983-01-30
19.79,29.73,0.0,,1983-01-31
20.12,30.1,0.0,,1983-02-01
21.38,30.37,0.0,,1983-02-02
22.1,31.15,0.0,,1983-02-03
22.39,30.45,0.0,,1983-02-04
23.32,30.24,0.0,,1983-02-05
23.43,31.13,0.0,,1983-02-06
23.5,31.08,0.0,,1983-02-07
23.88,31.1,0.0,,1983-02-08
24.15,30.45,0.0,,1983-02-09
24.12,30.69,0.0,,1983-02-10
24.76,30.17,0.0,,1983-02-11
24.66,30.92,0.0,,1983-02-12
24.32,31.14,0.0,,1983-02-13
24.34,31.77,0.0,,1983-02-14
24.8,31.58,0.0,,1983-02-15
24.53,31.25,0.0,,1983-02-16
24.53,30.84,0.0,,1983-02-17
24.56,30.65,0.0,,1983-02-18
23.94,31.12,0.0,,1983-02-19
24.43,31.46,0.11,,1983-02-20
24.76,31.91,0.16,,1983-02-21
25.46,29.95,0.2,,1983-02-22
24.67,30.95,0.16,,1983-02-23
25.2,31.87,0.17,,1983-02-24
25.03,32.31,0.23,,1983-02-25
24.89,32.34,0.19,,1983-02-26
24.46,31.6,0.17,,1983-02-27
24.66,31.49,0.05,,1983-02-28
24.6,32.44,0.19,,1983-03-01
24.97,30.91,0.0,,1983-03-02
23.83,31.48,0.0,,1983-03-03
20.37,32.16,0.0,,1983-03-04
23.83,31.63,0.0,,1983-03-05
24.28,31.01,0.0,,1983-03-06
24.43,32.72,0.0,,1983-03-07
25.12,31.75,0.0,,1983-03-08
24.28,32.37,0.0,,1983-03-09
24.71,32.5,0.0,,1983-03-10
24.99,32.27,0.0,,1983-03-11
25.34,32.67,0.0,,1983-03-12
25.44,32.43,0.0,,1983-03-13
25.42,32.37,0.0,,1983-03-14
25.76,32.16,0.0,,1983-03-15
25.55,31.83,0.0,,1983-03-16
25.9,31.85,0.0,,1983-03-17
25.57,32.38,0.0,,1983-03-18
25.71,33.64,0.0,,1983-03-19
26.22,32.35,0.0,,1983-03-20
26.07,30.67,0.0,,1983-03-21
25.89,31.65,0.0,,1983-03-22
25.33,32.14,0.0,,1983-03-23
25.53,32.25,0.0,,1983-03-24
25.45,31.86,0.0,,1983-03-25
26.07,32.0,0.0,,1983-03-26
26.46,31.89,0.72,,1983-03-27
26.29,32.27,1.23,,1983-03-28
26.94,31.94,2.22,,1983-03-29
26.66,31.84,0.82,,1983-03-30
26.78,30.5,1.64,,1983-03-31
26.22,30.94,7.16,,1983-04-01
25.6,29.83,8.71,,1983-04-02
25.11,28.08,5.39,,1983-04-03
24.72,29.42,7.51,,1983-04-04
25.53,30.93,11.61,,1983-04-05
25.92,30.43,0.85,,1983-04-06
25.88,30.94,0.56,,1983-04-07
25.56,31.0,1.89,,1983-04-08
25.54,30.11,2.39,,1983-04-09
25.68,30.75,2.59,,1983-04-10
25.82,30.06,7.42,,1983-04-11
25.51,30.82,8.61,,1983-04-12
25.35,30.07,11.37,,1983-04-13
24.56,30.16,7.5,,1983-04-14
24.15,29.92,6.75,,1983-04-15
25.0,30.17,1.78,,1983-04-16
25.55,30.57,2.33,,1983-04-17
25.44,30.77,1.28,,1983-04-18
25.84,30.71,2.02,,1983-04-19
25.64,29.59,2.52,,1983-04-20
25.44,29.59,0.19,,1983-04-21
25.12,29.63,0.1,,1983-04-22
25.85,30.26,0.15,,1983-04-23
25.24,30.76,0.13,,1983-04-24
25.51,29.09,0.2,,1983-04-25
25.38,29.76,0.59,,1983-04-26
25.1,29.96,0.63,,1983-04-27
24.45,30.82,0.32,,1983-04-28
25.27,30.34,0.32,,1983-04-29
25.27,30.57,0.64,,1983-04-30
25.71,29.88,5.12,,1983-05-01
25.44,28.94,6.83,,1983-05-02
24.88,29.84,4.81,,1983-05-03
24.8,29.31,1.87,,1983-05-04
24.27,29.28,2.14,,1983-05-05
24.06,30.2,2.0,,1983-05-06
25.07,30.06,2.46,,1983-05-07
25.31,29.83,5.15,,1983-05-08
25.34,28.56,2.53,,1983-05-09
25.15,29.58,3.04,,1983-05-10
25.33,29.78,2.15,,1983-05-11
25.23,29.97,2.8,,1983-05-12
25.67,29.6,2.62,,1983-05-13
25.58,27.68,4.25,,1983-05-14
25.27,27.34,11.07,,1983-05-15
25.34,28.9,14.31,,1983-05-16
25.14,28.22,6.71,,1983-05-17
24.85,29.32,5.49,,1983-05-18
24.86,28.41,10.37,,1983-05-19
24.34,28.42,18.04,,1983-05-20
25.06,28.82,4.34,,1983-05-21
24.95,28.44,5.49,,1983-05-22
24.92,28.1,6.26,,1983-05-23
25.14,27.83,10.22,,1983-05-24
25.03,28.74,32.04,,1983-05-25
24.92,29.35,6.96,,1983-05-26
25.54,29.77,15.95,,1983-05-27
25.14,28.17,15.28,,1983-05-28
24.66,28.84,16.03,,1983-05-29
24.64,28.77,9.88,,1983-05-30
25.11,29.14,7.04,,1983-05-31
25.16,28.92,13.18,,1983-06-01
24.9,28.64,15.52,,1983-06-02
24.5,28.35,20.69,,1983-06-03
24.34,28.88,9.52,,1983-06-04
24.36,29.37,6.79,,1983-06-05
24.84,29.11,4.79,,1983-06-06
24.51,29.04,3.65,,1983-06-07
24.67,28.71,3.46,,1983-06-08
24.8,27.46,9.21,,1983-06-09
24.7,27.07,12.75,,1983-06-10
24.52,27.19,8.84,,1983-06-11
24.13,27.41,10.26,,1983-06-12
24.16,28.07,7.22,,1983-06-13
24.76,27.53,8.43,,1983-06-14
24.43,26.61,23.87,,1983-06-15
24.12,27.98,13.79,,1983-06-16
23.97,28.46,4.6,,1983-06-17
24.4,28.14,2.57,,1983-06-18
24.38,27.65,11.96,,1983-06-19
24.22,26.05,34.31,,1983-06-20
23.88,27.3,7.66,,1983-06-21
23.48,27.64,2.72,,1983-06-22
23.26,25.91,13.57,,1983-06-23
23.37,27.09,2.64,,1983-06-24
22.94,26.95,3.09,,1983-06-25
22.49,27.11,0.33,,1983-06-26
22.56,26.92,0.33,,1983-06-27
22.98,26.96,0.76,,1983-06-28
22.1,26.91,0.56,,1983-06-29
21.72,26.72,0.11,,1983-06-30
21.48,26.54,0.02,,1983-07-01
21.54,27.16,0.01,,1983-07-02
22.54,26.65,0.08,,1983-07-03
22.91,25.92,0.15,,1983-07-04
22.86,26.26,0.63,,1983-07-05
22.47,26.34,0.81,,1983-07-06
22.16,27.06,2.86,,1983-07-07
22.63,26.36,6.82,,1983-07-08
22.48,26.73,2.06,,1983-07-09
22.06,27.04,4.92,,1983-07-10
22.36,26.83,6.25,,1983-07-11
23.04,26.3,2.65,,1983-07-12
22.36,26.88,0.93,,1983-07-13
22.38,26.98,1.83,,1983-07-14
22.59,27.29,2.26,,1983-07-15
22.32,27.18,6.11,,1983-07-16
22.87,26.94,12.94,,1983-07-17
22.47,27.26,1.97,,1983-07-18
22.24,27.4,2.31,,1983-07-19
22.47,26.87,0.6,,1983-07-20
22.21,27.17,0.19,,1983-07-21
22.09,27.07,0.33,,1983-07-22
22.04,26.77,0.48,,1983-07-23
22.24,26.42,0.49,,1983-07-24
21.54,26.74,1.34,,1983-07-25
21.94,25.46,1.66,,1983-07-26
21.58,24.36,1.64,,1983-07-27
21.37,27.04,0.43,,1983-07-28
21.9,26.83,1.3,,1983-07-29
22.38,25.15,0.51,,1983-07-30
21.57,26.26,0.05,,1983-07-31
21.05,27.29,0.03,,1983-08-01
21.68,26.65,0.07,,1983-08-02
22.17,26.29,0.09,,1983-08-03
21.92,26.16,0.07,,1983-08-04
22.11,26.58,0.66,,1983-08-05
21.89,25.89,5.47,,1983-08-06
21.7,24.27,10.55,,1983-08-07
21.49,26.13,1.81,,1983-08-08
21.48,25.3,0.03,,1983-08-09
21.17,26.85,0.15,,1983-08-10
21.9,26.17,0.1,,1983-08-11
21.76,25.91,0.39,,1983-08-12
21.28,26.79,0.06,,1983-08-13
21.11,26.81,0.0,,1983-08-14
21.22,27.0,0.0,,1983-08-15
21.41,26.56,0.0,,1983-08-16
21.06,26.35,0.0,,1983-08-17
20.94,26.9,0.0,,1983-08-18
20.71,27.16,0.12,,1983-08-19
21.79,24.64,0.32,,1983-08-20
21.92,26.38,0.18,,1983-08-21
21.58,26.0,0.59,,1983-08-22
21.42,26.95,2.55,,1983-08-23
21.86,26.08,2.08,,1983-08-24
22.02,27.05,1.09,,1983-08-25
22.1,26.81,0.8,,1983-08-26
22.0,27.1,0.91,,1983-08-27
21.58,26.24,2.68,,1983-08-28
22.13,26.25,2.69,,1983-08-29
21.98,27.15,0.85,,1983-08-30
21.97,27.84,0.12,,1983-08-31
22.47,28.11,0.23,,1983-09-01
22.58,27.73,0.5,,1983-09-02
22.22,27.84,1.53,,1983-09-03
21.82,27.85,1.22,,1983-09-04
22.84,27.77,1.34,,1983-09-05
22.91,27.73,5.38,,1983-09-06
22.46,28.22,6.17,,1983-09-07
22.88,27.08,5.58,,1983-09-08
22.65,27.66,3.21,,1983-09-09
22.98,27.21,3.47,,1983-09-10
22.84,26.67,5.32,,1983-09-11
22.63,27.36,4.61,,1983-09-12
22.65,26.71,4.68,,1983-09-13
22.55,27.03,3.97,,1983-09-14
22.66,25.8,5.41,,1983-09-15
22.84,25.53,6.06,,1983-09-16
22.4,26.91,5.11,,1983-09-17
22.27,26.74,2.29,,1983-09-18
21.96,27.5,3.59,,1983-09-19
22.28,27.94,3.31,,1983-09-20
22.72,27.38,2.05,,1983-09-21
23.38,27.48,2.93,,1983-09-22
23.15,27.87,8.27,,1983-09-23
23.24,28.21,1.81,,1983-09-24
23.56,26.73,7.01,,1983-09-25
23.04,27.83,9.51,,1983-09-26
23.38,27.05,7.2,,1983-09-27
23.22,28.14,2.2,,1983-09-28
23.41,28.01,4.4,,1983-09-29
23.12,27.97,4.12,,1983-09-30
23.59,27.41,1.32,,1983-10-01
23.24,28.28,0.79,,1983-10-02
23.05,28.13,2.43,,1983-10-03
23.1,28.07,3.88,,1983-10-04
23.49,27.2,2.22,,1983-10-05
22.87,28.71,1.86,,1983-10-06
22.83,28.03,2.45,,1983-10-07
22.6,28.05,0.21,,1983-10-08
22.93,27.69,0.15,,1983-10-09
22.97,28.73,0.21,,1983-10-10
23.76,28.23,0.44,,1983-10-11
23.4,27.41,0.72,,1983-10-12
23.29,28.57,0.75,,1983-10-13
23.06,29.1,0.38,,1983-10-14
23.23,29.46,0.29,,1983-10-15
23.36,29.36,0.44,,1983-10-16
23.18,29.25,0.29,,1983-10-17
23.27,28.99,1.38,,1983-10-18
23.52,28.96,1.04,,1983-10-19
23.78,29.02,1.0,,1983-10-20
23.3,28.74,2.12,,1983-10-21
23.61,28.22,1.3,,1983-10-22
23.45,29.11,0.04,,1983-10-23
23.42,29.89,0.04,,1983-10-24
24.01,29.19,0.03,,1983-10-25
24.19,29.86,0.04,,1983-10-26
24.45,28.86,0.09,,1983-10-27
24.05,29.68,0.0,,1983-10-28
24.37,29.72,0.0,,1983-10-29
24.27,29.93,0.0,,1983-10-30
24.35,31.17,0.0,,1983-10-31
24.36,30.72,0.0,,1983-11-01
24.48,30.4,0.04,,1983-11-02
24.24,30.03,0.05,,1983-11-03
24.19,30.28,0.03,,1983-11-04
24.43,30.31,0.03,,1983-11-05
24.4,31.06,0.03,,1983-11-06
24.62,29.52,0.0,,1983-11-07
24.28,30.69,0.0,,1983-11-08
24.43,31.07,0.0,,1983-11-09
24.88,30.97,0.0,,1983-11-10
24.59,30.16,0.0,,1983-11-11
24.67,30.01,0.86,,1983-11-12
24.35,30.15,1.66,,1983-11-13
24.69,30.23,1.48,,1983-11-14
24.93,29.72,1.74,,1983-11-15
24.73,30.22,0.64,,1983-11-16
24.93,29.88,1.39,,1983-11-17
24.58,30.43,1.56,,1983-11-18
24.34,29.48,2.86,,1983-11-19
24.51,29.0,2.89,,1983-11-20
23.82,30.26,1.21,,1983-11-21
24.03,29.87,0.0,,1983-11-22
24.41,30.61,0.0,,1983-11-23
23.97,31.31,0.0,,1983-11-24
24.09,31.32,0.0,,1983-11-25
24.54,30.68,0.0,,1983-11-26
23.94,30.97,0.36,,1983-11-27
24.38,30.37,1.42,,1983-11-28
24.24,29.92,1.46,,1983-11-29
24.12,30.12,1.39,,1983-11-30
24.5,29.02,1.4,,1983-12-01
23.9,29.27,7.94,,1983-12-02
24.23,28.85,9.03,,1983-12-03
24.29,28.39,7.27,,1983-12-04
24.05,28.97,5.55,,1983-12-05
23.82,29.76,1.53,,1983-12-06
23.99,30.08,1.38,,1983-12-07
24.47,29.78,2.75,,1983-12-08
24.3,30.13,1.86,,1983-12-09
24.47,29.36,0.82,,1983-12-10
24.6,28.95,1.81,,1983-12-11
24.22,29.4,0.48,,1983-12-12
24.81,28.64,2.86,,1983-12-13
24.39,28.11,1.36,,1983-12-14
24.04,28.08,1.67,,1983-12-15
23.99,29.61,1.1,,1983-12-16
24.31,29.42,0.01,,1983-12-17
24.13,29.77,0.01,,1983-12-18
24.38,29.25,0.0,,1983-12-19
24.15,30.38,0.0,,1983-12-20
23.87,30.54,0.0,,1983-12-21
23.93,30.31,0.73,,1983-12-22
24.31,31.07,0.96,,1983-12-23
24.22,31.09,0.55,,1983-12-24
24.09,29.72,2.64,,1983-12-25
23.58,29.74,1.81,,1983-12-26
22.69,30.62,0.02,,1983-12-27
21.2,29.96,0.0,,1983-12-28
21.74,30.05,0.0,,1983-12-29
23.08,30.8,0.01,,1983-12-30
23.39,30.42,0.19,,1983-12-31
23.46,30.38,0.0,4.471479799001951,1984-01-01
23.07,31.12,0.0,5.148682310078361,1984-01-02
21.35,31.47,0.0,5.2491953490959204,1984-01-03
21.21,30.64,0.0,5.261298567896354,1984-01-04
23.35,32.01,0.0,4.845724010314273,1984-01-05
23.4,31.55,0.0,4.4984867001849835,1984-01-06
24.28,29.67,0.0,4.025243543635799,1984-01-07
23.3,31.32,0.0,4.315588463614476,1984-01-08
23.9,30.48,0.0,4.489148664828771,1984-01-09
24.04,31.03,0.0,4.5275044090946945,1984-01-10
24.05,31.54,0.0,5.1052486957813095,1984-01-11
24.14,31.67,0.0,4.952806719099545,1984-01-12
24.57,31.67,0.0,4.697537072053103,1984-01-13
24.47,31.99,0.0,4.818824615192984,1984-01-14
24.2,31.57,0.0,5.02354748659941,1984-01-15
22.52,30.92,0.03,5.627748218803156,1984-01-16
21.31,30.51,0.0,5.453193729120508,1984-01-17
21.28,31.17,0.0,5.385113414031823,1984-01-18
22.67,30.69,0.01,5.116058587079884,1984-01-19
22.55,31.15,0.01,5.050810625950104,1984-01-20
22.67,31.16,0.0,4.731073564143848,1984-01-21
23.4,31.56,0.0,4.136028788146146,1984-01-22
23.65,32.91,0.0,4.461976060613155,1984-01-23
23.57,31.95,0.0,4.679275297423145,1984-01-24
23.33,32.49,0.0,5.074391201494111,1984-01-25
23.72,31.6,0.0,4.853272620793075,1984-01-26
23.59,32.37,0.0,4.666638440265234,1984-01-27
23.68,32.17,0.0,5.14835206481274,1984-01-28
23.49,31.77,0.0,4.743167686118892,1984-01-29
23.71,31.26,0.0,5.007911147904796,1984-01-30
24.69,30.67,0.0,4.547338559215868,1984-01-31
24.26,32.36,0.0,4.791872448183067,1984-02-01
24.74,31.45,0.0,4.653300233975028,1984-02-02
24.7,32.17,0.0,5.285100144455669,1984-02-03
24.78,32.53,0.0,4.9537163103484545,1984-02-04
24.6,32.27,0.0,5.182128438218552,1984-02-05
24.0,32.27,0.0,4.561644636320821,1984-02-06
23.46,31.63,0.0,4.779593116603875,1984-02-07
23.15,32.72,0.0,5.519074890595195,1984-02-08
24.03,32.91,0.0,4.998052091561862,1984-02-09
24.11,32.59,0.0,4.738665912119282,1984-02-10
24.58,31.66,0.0,5.374067672836066,1984-02-11
25.58,32.85,0.0,5.131827054696533,1984-02-12
24.65,32.34,0.0,5.258874500954699,1984-02-13
24.54,32.05,0.0,5.084192666112977,1984-02-14
25.0,31.49,0.07,4.456884194284459,1984-02-15
24.77,30.92,0.04,4.42074360903757,1984-02-16
25.28,31.95,0.03,4.902666750099573,1984-02-17
25.16,33.25,0.18,5.197123634143283,1984-02-18
25.6,32.42,0.14,5.306883132758444,1984-02-19
25.36,32.21,0.0,4.9058743879594715,1984-02-20
25.14,32.14,0.0,4.765286560508103,1984-02-21
25.58,32.42,0.0,5.186977200475748,1984-02-22
25.48,33.15,0.0,5.562784815753139,1984-02-23
25.62,31.58,0.0,5.256670507831349,1984-02-24
25.22,29.41,0.04,4.196080801290361,1984-02-25
25.3,29.76,0.02,4.697342343096178,1984-02-26
25.22,31.86,0.02,5.423430897878975,1984-02-27
25.52,32.02,0.02,5.361599464007857,1984-02-28
25.43,31.5,0.04,5.315415079368547,1984-02-29
25.27,30.92,0.08,4.395665203588333,1984-03-01
24.98,31.93,0.13,5.402519359968522,1984-03-02
25.36,32.59,0.66,5.396776636037696,1984-03-03
25.59,31.56,2.74,5.3912884853138605,1984-03-04
25.57,29.96,1.06,4.8974676569718,1984-03-05
25.76,31.19,0.26,5.247027336197065,1984-03-06
25.7,30.53,0.91,5.0505564722967335,1984-03-07
25.66,32.12,1.64,5.1086698849324295,1984-03-08
26.5,30.32,1.69,3.3137570720185296,1984-03-09
25.63,30.04,1.4,4.207321829675027,1984-03-10
24.96,29.22,3.2,4.261994771705219,1984-03-11
24.86,29.81,5.12,4.106074926110639,1984-03-12
24.7,32.13,2.81,5.677009213063125,1984-03-13
25.89,30.52,5.34,4.657682761505897,1984-03-14
25.71,30.17,5.09,4.979397390155136,1984-03-15
25.29,31.52,3.75,5.493971197211244,1984-03-16
26.04,31.17,3.11,4.814753859474923,1984-03-17
26.03,29.15,2.04,4.836359306304828,1984-03-18
25.75,30.38,3.43,4.894171189142986,1984-03-19
25.5,28.63,5.21,3.9814838571830933,1984-03-20
25.27,29.75,1.71,4.929703042977377,1984-03-21
25.71,28.97,9.26,3.798477547365243,1984-03-22
24.81,29.95,9.97,5.038484427951723,1984-03-23
25.46,28.29,22.27,3.941069080266996,1984-03-24
25.34,29.47,15.06,4.746344632434756,1984-03-25
25.63,29.7,11.85,4.527713460452297,1984-03-26
25.11,29.78,0.0,3.8939900382159074,1984-03-27
25.75,29.65,0.0,4.172374419623749,1984-03-28
25.95,28.94,0.0,4.380260713347218,1984-03-29
25.97,28.95,0.0,3.554434905673173,1984-03-30
25.81,28.8,0.0,4.262090860274344,1984-03-31
25.8,29.32,3.28,4.313902363346268,1984-04-01
25.31,29.41,3.68,4.4817011522427315,1984-04-02
25.47,28.84,9.43,4.188883128943259,1984-04-03
25.2,28.52,5.07,3.516794105166504,1984-04-04
24.82,28.83,3.47,4.343390805796871,1984-04-05
25.02,28.06,1.75,3.748954575502467,1984-04-06
24.43,28.88,1.54,3.776898632861719,1984-04-07
24.57,29.85,1.16,4.717764402894341,1984-04-08
25.18,29.77,2.2,3.4613825919765,1984-04-09
24.49,29.66,3.27,4.026397672411276,1984-04-10
25.57,30.07,0.18,4.84357577510867,1984-04-11
25.17,30.36,0.15,5.030358888599691,1984-04-12
25.52,29.89,0.54,3.8497674244142925,1984-04-13
25.91,28.69,0.13,4.409466927087717,1984-04-14
25.28,29.77,0.07,4.336490372988312,1984-04-15
25.55,29.93,1.69,4.642185263365358,1984-04-16
25.01,30.34,1.15,4.584076823808786,1984-04-17
25.16,29.9,2.3,4.151299826352287,1984-04-18
25.49,30.55,4.55,3.689312551609773,1984-04-19
25.44,29.96,7.95,4.706916203379211,1984-04-20
25.12,28.98,6.4,4.223950386835973,1984-04-21
25.08,28.17,13.38,2.0563542122749245,1984-04-22
24.61,27.02,3.15,3.778471797596212,1984-04-23
24.68,29.63,6.13,3.6605900893865613,1984-04-24
24.85,27.6,9.41,3.660907303969263,1984-04-25
24.19,29.0,12.6,3.8330136774746504,1984-04-26
24.67,29.37,7.3,3.211998560478108,1984-04-27
25.11,29.36,6.03,4.087373894100152,1984-04-28
25.48,28.01,15.32,3.1396408718213555,1984-04-29
24.89,27.52,11.7,2.9951271312983416,1984-04-30
24.33,28.74,7.64,3.4735931265675384,1984-05-01
24.17,28.13,8.4,3.79590103198121,1984-05-02
24.48,28.35,11.3,3.736897868938727,1984-05-03
24.49,28.5,9.99,4.398189888491592,1984-05-04
24.63,29.04,13.78,3.6915497214098556,1984-05-05
24.77,29.35,1.14,3.5802316136355974,1984-05-06
25.0,29.64,1.94,4.678177713211209,1984-05-07
25.06,29.15,3.25,3.819921153970885,1984-05-08
25.26,29.05,2.13,4.719863287386592,1984-05-09
25.04,29.14,3.4,3.713796190766752,1984-05-10
24.82,28.74,1.72,3.7391167373444625,1984-05-11
25.22,28.12,3.43,4.4096460196006015,1984-05-12
25.02,28.43,5.53,4.015702780946645,1984-05-13
25.03,28.02,2.1,2.856627589621603,1984-05-14
24.62,28.31,1.24,4.331231554903464,1984-05-15
24.51,27.17,4.19,2.5355763787063723,1984-05-16
23.66,29.47,0.35,4.52910262846017,1984-05-17
23.91,29.02,1.79,2.0160690019909957,1984-05-18
24.29,28.4,4.97,3.778320655137674,1984-05-19
24.19,27.94,6.46,4.1267657467601015,1984-05-20
24.29,28.44,6.42,4.050903906719879,1984-05-21
24.4,27.38,2.99,3.327010039312401,1984-05-22
23.97,28.24,1.78,3.9099429056201256,1984-05-23
23.98,29.35,2.89,4.403903126899272,1984-05-24
24.64,29.12,5.1,3.8284943892467327,1984-05-25
24.92,28.05,7.67,3.197948733584588,1984-05-26
24.43,28.07,12.06,4.248025271573948,1984-05-27
24.12,28.08,3.65,3.9145191531876553,1984-05-28
24.22,29.9,1.67,3.8397509469147573,1984-05-29
24.98,28.5,6.84,4.199467965658556,1984-05-30
24.75,27.81,12.54,3.6211275756277193,1984-05-31
24.41,28.91,7.75,3.3944579692212065,1984-06-01
24.22,26.56,7.78,2.4912117715200788,1984-06-02
23.77,27.78,1.9,4.044048882739565,1984-06-03
24.24,28.9,3.03,4.313716795547066,1984-06-04
24.65,27.8,1.48,3.943447097542871,1984-06-05
24.38,28.86,1.84,4.054480225809777,1984-06-06
24.39,29.18,6.04,3.67363252347158,1984-06-07
24.85,28.06,3.54,3.662414032594497,1984-06-08
24.46,29.04,2.63,2.4448661504194678,1984-06-09
24.44,28.58,2.26,3.958247421561025,1984-06-10
24.26,27.82,2.59,4.193628024354983,1984-06-11
23.62,28.36,7.78,3.3483486001604894,1984-06-12
23.53,26.89,11.26,2.6385856504858607,1984-06-13
23.35,28.63,3.95,4.440190330700389,1984-06-14
23.74,27.65,8.22,3.7874401918341793,1984-06-15
23.48,26.88,5.73,2.790014484649419,1984-06-16
22.94,27.85,4.68,3.3191215487388885,1984-06-17
23.22,28.83,3.73,3.12196568474957,1984-06-18
24.1,26.5,4.13,3.597216915420718,1984-06-19
23.51,26.67,5.8,1.889914673995686,1984-06-20
23.27,27.49,8.59,2.948268396212636,1984-06-21
23.18,28.01,6.04,3.734554336977164,1984-06-22
23.69,27.7,5.1,3.2861244067637165,1984-06-23
22.99,28.5,1.41,2.851148399015793,1984-06-24
23.3,27.88,1.6,3.5025466007738832,1984-06-25
23.92,28.23,3.24,3.9416573235065813,1984-06-26
24.18,27.63,4.28,3.1414570874452235,1984-06-27
23.63,27.0,2.0,3.3198879874113314,1984-06-28
22.91,28.86,2.42,3.9359272477948153,1984-06-29
24.07,27.82,2.13,3.550024915883815,1984-06-30
24.08,27.96,3.83,3.6828602021195103,1984-07-01
23.62,27.49,1.85,3.0473270450400376,1984-07-02
23.41,28.78,2.35,3.9651966941350225,1984-07-03
24.16,28.34,4.13,3.7495943727853245,1984-07-04
23.87,26.96,1.18,3.868670992295349,1984-07-05
23.86,28.16,2.98,4.010791807942706,1984-07-06
23.92,27.36,3.17,3.2272672811064966,1984-07-07
23.31,28.61,1.98,4.041442458897406,1984-07-08
23.75,27.21,4.15,3.246885301042435,1984-07-09
23.52,26.9,5.48,2.7959784494519764,1984-07-10
22.94,26.24,3.39,2.7474543890050294,1984-07-11
22.86,27.97,1.51,3.904418991376737,1984-07-12
23.07,28.52,1.15,4.605956099298306,1984-07-13
23.02,26.25,2.67,3.040976758845786,1984-07-14
22.58,27.58,1.53,3.670610345433298,1984-07-15
22.39,27.19,2.27,3.8523512728149116,1984-07-16
22.67,25.14,4.2,3.535555085647019,1984-07-17
22.51,26.25,4.1,2.973637156194763,1984-07-18
22.78,26.46,2.83,3.5003319645722573,1984-07-19
22.7,26.78,10.27,3.2828941271258856,1984-07-20
22.63,27.75,1.44,3.2164835687226483,1984-07-21
22.61,27.97,1.23,3.825248074522437,1984-07-22
22.45,28.0,1.0,3.919573261411039,1984-07-23
22.52,27.28,4.72,3.8243213097466784,1984-07-24
22.64,25.95,6.42,3.7695445025522827,1984-07-25
22.3,26.6,7.03,3.305420782459599,1984-07-26
22.73,27.13,2.9,3.6377330987912306,1984-07-27
21.93,27.8,0.84,4.044720610368058,1984-07-28
22.69,24.76,4.46,2.722250580367483,1984-07-29
22.21,25.65,4.01,3.1452591175922215,1984-07-30
21.91,27.5,1.54,3.4816110475668993,1984-07-31
22.25,25.82,6.52,3.4445976728581242,1984-08-01
22.22,25.75,10.92,2.728207352284557,1984-08-02
21.8,26.73,0.6,2.969718453720925,1984-08-03
21.69,26.82,2.08,3.427672701176213,1984-08-04
21.72,26.32,2.93,3.1369880516845106,1984-08-05
21.8,26.52,2.99,3.2747220599133176,1984-08-06
21.89,27.2,0.79,3.530750829901115,1984-08-07
21.81,27.55,1.71,3.565812116777792,1984-08-08
22.53,26.76,2.84,3.476926954585841,1984-08-09
21.95,26.92,4.69,3.1533741153366814,1984-08-10
21.79,28.32,1.8,3.7652792218599638,1984-08-11
22.65,27.85,1.39,4.19906540568645,1984-08-12
22.74,26.25,0.94,2.9904641809466614,1984-08-13
22.24,27.4,0.97,4.013934849875223,1984-08-14
22.16,28.39,0.99,3.839587967009481,1984-08-15
22.73,26.2,2.05,3.7370089365859838,1984-08-16
22.22,28.22,1.01,4.0088702933925875,1984-08-17
22.31,28.31,0.62,4.51136509812004,1984-08-18
22.24,28.55,9.3,4.253481252721922,1984-08-19
22.53,27.53,12.83,2.3153019039964233,1984-08-20
22.64,26.49,4.06,4.023020839332451,1984-08-21
22.12,27.85,3.51,3.7606787764472562,1984-08-22
22.64,27.79,3.52,3.738857637227849,1984-08-23
22.85,28.14,0.7,4.273583586817041,1984-08-24
22.85,28.35,0.44,4.1592671288535845,1984-08-25
22.96,27.53,0.88,4.005147990403632,1984-08-26
22.78,28.15,0.62,4.3568518560383875,1984-08-27
22.71,27.95,0.98,4.1145887894019175,1984-08-28
23.09,27.73,7.71,2.9566815326644105,1984-08-29
22.57,26.83,5.6,3.1429794215011047,1984-08-30
22.62,26.85,7.53,2.874725310095921,1984-08-31
22.76,26.0,20.11,3.312271496701947,1984-09-01
22.68,26.5,19.59,2.930263545331396,1984-09-02
22.31,26.35,9.25,2.9183857193443217,1984-09-03
22.54,26.83,2.35,3.704840001686235,1984-09-04
22.46,26.23,3.36,3.14243061028451,1984-09-05
22.28,27.08,2.62,3.092303221564368,1984-09-06
21.69,27.55,1.34,4.1163923982909,1984-09-07
22.1,27.88,0.38,3.769534918376479,1984-09-08
22.34,28.11,0.92,3.975939994527384,1984-09-09
22.72,27.23,1.03,4.162324850101981,1984-09-10
22.66,28.95,2.09,4.218957563542999,1984-09-11
23.08,28.2,1.39,4.376856049262513,1984-09-12
23.46,28.73,6.12,3.5563446054300583,1984-09-13
23.08,25.51,5.04,3.2463583073510627,1984-09-14
22.64,27.29,1.53,4.0449799246113685,1984-09-15
22.45,27.84,11.25,3.436941601516958,1984-09-16
22.81,24.77,22.2,1.85337410944413,1984-09-17
22.5,28.01,9.32,3.7741899572751896,1984-09-18
22.51,28.09,11.01,3.8919286576628562,1984-09-19
23.1,27.99,16.3,4.021458838936743,1984-09-20
23.16,27.25,7.51,3.468398388886846,1984-09-21
22.99,28.09,4.95,3.927162819553774,1984-09-22
23.4,26.48,8.3,2.5921309044260292,1984-09-23
23.04,27.27,2.77,3.6997333360534395,1984-09-24
22.84,27.98,6.29,4.205077856641428,1984-09-25
23.39,28.05,15.36,4.043141399401857,1984-09-26
23.95,27.93,14.6,3.3938896512798573,1984-09-27
23.56,27.7,2.89,2.931632223240597,1984-09-28
23.3,28.75,1.36,3.20894716317941,1984-09-29
23.3,28.2,1.9,3.795773193493612,1984-09-30
23.22,28.05,3.45,3.469399353170676,1984-10-01
23.4,27.86,2.71,3.666421590462913,1984-10-02
23.46,27.31,1.34,3.927976321415124,1984-10-03
23.52,27.95,1.69,3.866794394471613,1984-10-04
23.57,28.54,3.64,3.200594496601751,1984-10-05
24.03,27.23,7.31,3.3952860417224846,1984-10-06
23.66,25.87,2.45,1.912786493390867,1984-10-07
23.26,26.54,3.52,3.325051715999904,1984-10-08
22.73,28.13,5.34,2.886768449341527,1984-10-09
23.5,28.43,2.37,4.57097286252639,1984-10-10
23.19,28.35,4.88,4.354994279260741,1984-10-11
24.04,27.27,15.82,3.0205077698894116,1984-10-12
23.73,27.27,4.15,3.846532757489005,1984-10-13
23.04,28.86,2.2,4.277095755737934,1984-10-14
23.21,29.07,5.7,4.204573002898877,1984-10-15
23.81,28.54,15.57,2.794431762767239,1984-10-16
23.9,27.5,4.16,3.4245448596326304,1984-10-17
23.24,27.88,3.95,2.9797646098209487,1984-10-18
23.88,26.74,5.21,3.925210863641791,1984-10-19
23.54,27.93,5.94,4.237422478882389,1984-10-20
23.67,27.76,8.0,4.073879038278491,1984-10-21
23.87,28.05,15.23,4.144830296071185,1984-10-22
23.63,28.33,1.17,3.9199025879137954,1984-10-23
23.41,28.67,1.2,3.60467779034935,1984-10-24
23.71,28.59,1.05,4.034035061896864,1984-10-25
23.56,29.45,0.99,4.081637447456349,1984-10-26
24.35,28.29,1.57,3.9763608008167504,1984-10-27
24.55,27.97,0.91,3.2444004305000167,1984-10-28
24.04,28.5,1.32,4.02977909294634,1984-10-29
24.02,28.99,4.58,3.0918388315132193,1984-10-30
23.95,28.47,2.35,3.2864239049996855,1984-10-31
23.84,28.98,0.88,3.6880888276340342,1984-11-01
23.47,28.81,0.0,3.970369208321284,1984-11-02
23.26,29.84,0.0,4.061127936788514,1984-11-03
23.41,29.54,0.0,4.026356008366351,1984-11-04
24.54,28.39,0.0,3.720733473210168,1984-11-05
24.57,29.09,0.0,4.0259554880867485,1984-11-06
24.31,29.75,0.06,4.196747158331211,1984-11-07
24.08,30.21,0.1,4.128007630521732,1984-11-08
24.1,29.05,0.14,3.6176658204985115,1984-11-09
23.73,29.49,0.11,4.455304369103512,1984-11-10
24.19,28.55,0.19,3.78165254091258,1984-11-11
24.11,27.76,1.5,3.0375093642890563,1984-11-12
22.92,28.64,2.61,3.3408078444698366,1984-11-13
23.35,30.16,1.43,4.379688093764389,1984-11-14
23.95,29.41,2.8,3.972725390285305,1984-11-15
23.76,29.48,2.31,4.2264267025726285,1984-11-16
24.47,28.25,2.1,4.044767467324306,1984-11-17
23.96,29.25,1.4,4.2505173840444135,1984-11-18
24.0,29.89,0.62,4.302693068017662,1984-11-19
23.76,30.2,0.25,4.25004326111118,1984-11-20
23.59,29.97,0.58,4.371407542192881,1984-11-21
23.45,30.12,0.0,4.241073887353722,1984-11-22
23.68,31.06,0.0,4.472363612342188,1984-11-23
23.99,30.73,0.0,3.793404128451085,1984-11-24
24.5,28.35,0.0,3.78878112399365,1984-11-25
23.16,27.67,0.0,3.6099338943100143,1984-11-26
21.32,29.95,0.0,4.293950885935065,1984-11-27
22.37,30.24,0.0,4.101835620351082,1984-11-28
22.57,30.18,0.0,4.314299220920946,1984-11-29
22.74,30.76,0.0,4.437152873810976,1984-11-30
23.36,31.13,0.0,3.808089762160861,1984-12-01
23.36,30.5,0.0,4.16840282541287,1984-12-02
23.44,31.1,0.0,4.30414142158487,1984-12-03
23.41,31.15,0.0,4.010368215086962,1984-12-04
24.61,31.7,0.0,4.274954124563889,1984-12-05
24.71,32.02,0.0,4.19157475834548,1984-12-06
24.8,31.82,0.0,4.140380322977887,1984-12-07
24.12,31.61,0.0,4.450419471884414,1984-12-08
23.99,31.63,0.0,4.046936380739851,1984-12-09
23.16,31.43,0.0,4.405660525336653,1984-12-10
22.03,31.33,0.0,3.9389674892857167,1984-12-11
21.21,31.57,0.0,4.5425458321397185,1984-12-12
20.86,31.59,0.0,4.8034552905388574,1984-12-13
20.43,30.77,0.0,4.632313307135074,1984-12-14
21.38,31.51,0.0,4.794698622541874,1984-12-15
20.76,31.5,0.0,4.054163597901122,1984-12-16
21.69,31.8,0.0,3.6733123729470836,1984-12-17
22.79,31.87,0.0,3.8853931816970277,1984-12-18
22.65,31.78,0.0,3.907120255956804,1984-12-19
23.45,31.97,0.0,3.7872432945999654,1984-12-20
23.66,31.96,0.0,3.947116578744931,1984-12-21
23.96,31.07,0.0,3.824263901633456,1984-12-22
23.42,31.08,0.0,4.007418462221321,1984-12-23
24.08,30.71,0.0,4.559640397845363,1984-12-24
24.5,30.54,0.0,4.260414308625994,1984-12-25
24.31,31.87,0.0,4.309675831982937,1984-12-26
24.62,31.82,2.83,4.068980531865324,1984-12-27
23.88,31.59,2.12,4.0463957456096065,1984-12-28
24.16,31.48,2.85,4.569984545898187,1984-12-29
23.98,30.89,3.8,4.097063050104408,1984-12-30
24.05,30.99,2.43,4.474759717463054,1984-12-31
24.53,30.85,0.0,3.8879841201022294,1985-01-01
24.38,30.65,0.0,3.8880401484333436,1985-01-02
24.1,31.3,0.0,4.785942643977556,1985-01-03
24.88,31.31,0.0,4.921944096427178,1985-01-04
24.42,32.42,0.0,4.7282483865271185,1985-01-05
25.03,32.73,0.0,4.525565998210034,1985-01-06
25.03,32.26,0.0,4.467977676967152,1985-01-07
24.61,32.22,0.0,4.836432682236217,1985-01-08
25.01,32.33,0.0,4.99465111817466,1985-01-09
25.02,31.71,0.0,4.998821478905321,1985-01-10
25.33,30.21,1.71,4.479257713594112,1985-01-11
24.93,30.25,0.87,4.365741492852867,1985-01-12
24.49,30.74,1.59,4.878867607340353,1985-01-13
24.42,31.14,0.82,4.4771199337497745,1985-01-14
24.4,27.98,2.05,4.141726074699651,1985-01-15
24.12,30.04,0.14,4.4967567908795285,1985-01-16
24.43,31.14,0.43,4.824604387287419,1985-01-17
24.02,32.05,0.12,4.4285763032367385,1985-01-18
23.78,32.33,0.03,4.62732003535797,1985-01-19
24.23,31.96,0.32,4.9154825215510645,1985-01-20
24.51,31.56,0.0,4.4809258138796615,1985-01-21
24.72,29.12,0.0,4.1319387342753116,1985-01-22
24.7,30.9,0.0,4.962812750221019,1985-01-23
24.53,30.62,0.0,4.3452647761595795,1985-01-24
24.91,29.44,0.0,4.279841344786316,1985-01-25
25.03,28.63,1.51,4.212931152591958,1985-01-26
25.04,28.67,0.65,4.138551866279302,1985-01-27
24.83,30.36,0.66,4.575882331649968,1985-01-28
24.39,30.58,0.83,4.693624517122895,1985-01-29
24.76,29.15,0.83,4.060337859934332,1985-01-30
24.56,29.5,0.24,4.424745852274716,1985-01-31
24.2,30.66,0.21,4.6800984224171245,1985-02-01
24.03,32.49,0.11,4.909028831996061,1985-02-02
24.03,32.24,0.05,4.660090384527104,1985-02-03
23.99,32.2,0.02,4.442600538509743,1985-02-04
23.86,31.86,0.0,4.683878162153063,1985-02-05
24.19,32.0,0.0,4.3406260547564735,1985-02-06
23.9,32.14,0.0,5.306104962632416,1985-02-07
24.05,31.64,0.0,4.659716739880457,1985-02-08
24.17,31.02,0.0,4.608300492510837,1985-02-09
23.44,32.55,0.0,4.525904292595051,1985-02-10
23.3,33.29,0.0,5.267235050689626,1985-02-11
23.87,33.76,0.0,5.459518757908649,1985-02-12
24.16,33.41,0.0,5.605882886044673,1985-02-13
24.83,33.62,0.0,5.353316380956484,1985-02-14
24.7,33.26,0.0,5.50213656713618,1985-02-15
24.12,33.06,0.0,5.196889005963481,1985-02-16
23.11,33.2,0.0,5.164003562448127,1985-02-17
22.61,33.66,0.0,5.175210771174068,1985-02-18
23.32,33.43,0.0,5.047341841229558,1985-02-19
22.83,32.62,0.13,5.156582419650383,1985-02-20
23.7,32.27,0.11,5.316744931549309,1985-02-21
24.04,32.75,0.17,5.2438735995549095,1985-02-22
24.91,32.42,6.77,4.952869119492664,1985-02-23
24.84,32.23,3.67,5.260007614853392,1985-02-24
25.31,32.52,0.02,4.921256895281426,1985-02-25
25.38,32.31,0.03,4.612978879457463,1985-02-26
25.12,32.92,0.03,5.487526137324052,1985-02-27
25.31,32.0,0.01,4.814408553944374,1985-02-28
25.41,32.32,0.02,5.006401776340155,1985-03-01
25.52,30.33,0.55,4.656531345221496,1985-03-02
25.15,32.38,0.21,5.199356688575586,1985-03-03
24.71,33.19,0.36,5.298641340836808,1985-03-04
25.14,33.29,0.11,5.062660157964053,1985-03-05
25.06,33.91,0.51,5.228012925034038,1985-03-06
25.68,33.28,0.83,5.576768410219583,1985-03-07
26.18,32.52,1.33,5.830213308944832,1985-03-08
26.31,31.26,2.6,5.329678065858099,1985-03-09
25.71,32.07,0.71,4.524239363837492,1985-03-10
25.96,30.1,1.31,5.006123383787555,1985-03-11
25.83,30.1,2.11,5.616823315700262,1985-03-12
25.44,29.07,2.91,4.838023464938241,1985-03-13
25.14,30.0,1.43,3.4338673702348514,1985-03-14
25.45,30.8,1.74,5.472431130200528,1985-03-15
25.8,28.92,2.49,3.5188657588026926,1985-03-16
25.38,31.36,0.24,4.65835329438494,1985-03-17
25.56,28.15,0.35,4.5119696074499895,1985-03-18
24.92,32.12,0.22,5.0470567481240645,1985-03-19
25.73,29.09,0.23,4.929320173039677,1985-03-20
25.33,30.77,0.15,4.769192427638816,1985-03-21
24.85,30.99,2.84,4.3910995715240135,1985-03-22
24.66,32.34,0.99,4.923349018664684,1985-03-23
25.96,29.5,3.09,3.772597580390959,1985-03-24
25.61,28.71,1.41,3.5982563595402577,1985-03-25
24.93,30.26,2.52,4.151032353153019,1985-03-26
25.2,28.48,0.88,3.447388800866079,1985-03-27
24.72,29.7,0.58,4.8309111119184935,1985-03-28
24.99,30.72,0.14,5.1646982821502885,1985-03-29
25.57,30.63,0.22,4.273280302506458,1985-03-30
25.62,30.77,0.24,4.773593927872864,1985-03-31
25.57,29.14,10.34,3.9170401710437925,1985-04-01
25.02,30.49,9.22,4.18982359443109,1985-04-02
25.33,30.15,14.72,4.285184620144539,1985-04-03
25.25,27.94,8.6,3.515351893801988,1985-04-04
24.92,29.35,13.73,3.503535385926679,1985-04-05
24.22,30.41,6.33,3.9785751185663707,1985-04-06
24.83,31.03,0.97,5.048787547245871,1985-04-07
25.32,29.95,4.01,5.011461113379344,1985-04-08
24.9,29.07,27.95,4.197372564155944,1985-04-09
25.17,28.45,19.13,3.114948469716558,1985-04-10
24.87,28.73,4.91,4.704147177909976,1985-04-11
24.94,28.71,2.36,4.540165513273953,1985-04-12
24.89,29.03,5.03,4.54319370246175,1985-04-13
24.84,29.69,6.0,4.8717351167487575,1985-04-14
24.81,27.92,5.12,4.009051551833028,1985-04-15
24.77,27.68,3.27,3.8260054940618797,1985-04-16
24.66,29.04,4.08,4.165798202823192,1985-04-17
24.77,28.45,1.8,4.191609407809743,1985-04-18
24.66,28.28,5.66,4.403134050507774,1985-04-19
24.35,28.56,5.91,4.364662741595993,1985-04-20
24.6,28.98,0.39,4.3498162337450035,1985-04-21
25.08,29.66,0.46,5.1857941595361625,1985-04-22
25.36,29.1,0.31,4.479523291989553,1985-04-23
25.29,29.8,0.42,4.958263529665951,1985-04-24
25.86,29.02,1.11,4.004611135527274,1985-04-25
25.28,28.62,1.11,3.5040545441537416,1985-04-26
25.02,29.3,3.03,4.114978599899169,1985-04-27
25.13,29.08,1.27,4.918589811685494,1985-04-28
25.42,29.74,1.51,4.995750176807542,1985-04-29
25.64,29.71,1.55,4.932877839497228,1985-04-30
25.1,28.64,6.53,4.540774933498664,1985-05-01
24.59,28.58,9.52,2.8905306214171964,1985-05-02
24.69,28.79,14.07,3.7199466351812442,1985-05-03
24.74,28.24,10.45,4.634129219347277,1985-05-04
25.1,28.42,6.1,4.427090021093955,1985-05-05
25.08,29.08,4.97,4.027905790451147,1985-05-06
25.26,28.15,4.13,4.034678644307063,1985-05-07
24.81,27.74,2.04,2.4040839060547707,1985-05-08
24.31,28.48,2.57,4.0094149411780435,1985-05-09
24.68,28.24,5.06,4.317056319610617,1985-05-10
24.81,29.15,1.96,4.35157554281947,1985-05-11
25.6,28.19,10.37,3.717823680664338,1985-05-12
25.3,27.93,2.7,3.447771686868717,1985-05-13
24.77,29.41,2.85,4.142316881581458,1985-05-14
25.32,28.45,4.06,2.9155727642552978,1985-05-15
24.75,28.96,3.48,4.211749854106982,1985-05-16
25.35,28.45,16.54,4.158091229864373,1985-05-17
25.07,29.0,7.92,4.328519729091401,1985-05-18
25.27,28.32,1.3,4.672637588265402,1985-05-19
24.78,29.05,5.94,4.346105264322924,1985-05-20
24.63,27.65,17.98,3.56105118190055,1985-05-21
24.35,28.45,14.96,3.096835853172736,1985-05-22
24.63,27.38,13.07,3.6990527502076778,1985-05-23
24.34,27.04,14.62,1.96924247677732,1985-05-24
23.75,28.21,3.37,4.358603050771824,1985-05-25
24.28,27.37,12.74,3.5161509304759844,1985-05-26
24.71,27.35,7.94,3.784822380327587,1985-05-27
24.04,26.28,7.05,2.3427575160718623,1985-05-28
23.9,27.91,3.26,4.315938990945963,1985-05-29
24.17,28.78,2.88,4.100852733509006,1985-05-30
25.04,27.77,1.33,3.9996687031167224,1985-05-31
24.28,26.58,4.63,2.3567400319775356,1985-06-01
24.14,28.16,2.14,3.833275831552894,1985-06-02
24.14,28.39,1.78,4.022304901010209,1985-06-03
24.07,27.96,0.73,3.903900596518431,1985-06-04
24.5,28.14,1.0,3.9311116780878677,1985-06-05
24.51,28.31,0.27,3.2714100262081227,1985-06-06
23.91,28.71,3.37,4.000926132321376,1985-06-07
24.18,27.2,2.46,3.838911664034386,1985-06-08
23.73,27.85,1.13,3.96008895648237,1985-06-09
24.28,28.27,11.22,4.076354711111511,1985-06-10
24.31,26.33,8.24,2.5058742362660227,1985-06-11
23.9,27.51,17.62,3.678216970799664,1985-06-12
23.31,25.49,12.74,1.9945300418871326,1985-06-13
23.03,25.43,7.11,2.9591549126460066,1985-06-14
23.03,26.54,1.63,2.0567103239358535,1985-06-15
23.66,26.97,3.95,3.3757206502093458,1985-06-16
23.37,27.32,2.4,2.5995118760682185,1985-06-17
23.79,27.79,1.53,3.745514782716459,1985-06-18
23.19,27.61,0.92,3.0529108206518547,1985-06-19
23.5,28.18,5.2,3.8294053565424764,1985-06-20
23.59,27.42,8.48,3.6554190762131604,1985-06-21
23.18,26.96,5.25,3.946632104762081,1985-06-22
23.01,27.4,1.48,3.9777074713819527,1985-06-23
22.82,27.76,2.54,3.4765060388561135,1985-06-24
23.12,27.81,0.8,3.5841326038008536,1985-06-25
23.85,28.07,0.46,2.818213826326263,1985-06-26
23.12,27.69,0.24,3.8723126814491007,1985-06-27
23.07,28.45,0.81,4.050343986804742,1985-06-28
23.45,28.13,1.19,3.797301219254788,1985-06-29
23.5,27.99,6.56,3.8625752908096387,1985-06-30
23.45,26.55,6.88,3.275841836650447,1985-07-01
23.19,26.7,6.42,3.253073741839927,1985-07-02
22.71,24.9,15.65,2.343989089447653,1985-07-03
22.16,26.88,7.56,3.123759811223052,1985-07-04
22.67,26.89,8.83,3.3283702878291757,1985-07-05
22.67,24.53,17.16,2.969858031600793,1985-07-06
22.53,26.12,24.28,2.8171197915863275,1985-07-07
22.66,25.86,3.4,2.903736723764844,1985-07-08
22.2,27.11,3.02,3.949248411030334,1985-07-09
22.62,26.36,6.48,2.4510935343754685,1985-07-10
23.12,26.27,5.83,2.9770443853990813,1985-07-11
22.64,27.0,1.25,3.8223202188265,1985-07-12
22.34,25.74,4.78,2.933676790039171,1985-07-13
22.47,25.26,29.78,2.7789879408804294,1985-07-14
22.2,26.02,7.01,3.2773271826952697,1985-07-15
21.98,26.79,0.71,3.7424724813198194,1985-07-16
22.23,26.55,0.69,3.134194280878499,1985-07-17
22.58,25.17,1.23,2.82379646317729,1985-07-18
22.06,26.14,2.37,2.82747410835453,1985-07-19
22.25,25.51,9.27,2.916182148434823,1985-07-20
21.81,26.89,0.97,3.7697206459366437,1985-07-21
21.37,26.36,0.41,3.753590954429633,1985-07-22
21.39,26.26,1.56,3.6502656184349935,1985-07-23
21.22,26.87,0.02,3.8584440910883613,1985-07-24
21.26,26.69,2.18,3.640822821331691,1985-07-25
21.88,26.6,5.14,3.4358302319505936,1985-07-26
22.04,26.72,6.02,3.892286216844614,1985-07-27
22.11,26.7,10.46,3.391956184402058,1985-07-28
22.52,25.69,14.01,2.7229428244657607,1985-07-29
22.41,26.84,6.91,3.1884879634395955,1985-07-30
22.6,26.96,2.61,3.268847324022479,1985-07-31
22.92,26.21,1.74,3.3878291710207393,1985-08-01
22.53,26.29,1.36,3.1766520008620684,1985-08-02
22.29,26.78,4.15,2.9691830393910785,1985-08-03
22.29,26.9,4.52,3.79873091898775,1985-08-04
22.43,27.35,4.19,3.617411327722237,1985-08-05
22.37,26.76,9.56,3.0647204274576842,1985-08-06
22.44,25.63,4.41,3.074032674517741,1985-08-07
22.41,26.44,4.48,3.3544068152586695,1985-08-08
22.52,27.48,2.61,3.8805180281057963,1985-08-09
22.73,27.06,4.32,3.5811816968420094,1985-08-10
22.83,26.28,12.91,3.3026629189242698,1985-08-11
22.79,26.03,3.01,2.826644409679947,1985-08-12
22.78,25.78,2.38,2.9031313623374118,1985-08-13
22.5,26.92,5.24,3.820285421031559,1985-08-14
22.33,27.11,15.9,3.749168454383581,1985-08-15
23.01,25.33,16.12,3.0557555495891466,1985-08-16
22.88,26.48,9.22,2.4514055520153013,1985-08-17
22.78,25.54,8.4,2.634922884131302,1985-08-18
21.98,28.08,3.05,3.795957781734399,1985-08-19
23.03,27.18,3.47,3.8061251862207124,1985-08-20
22.68,27.4,3.26,3.351823788494473,1985-08-21
22.66,27.94,1.94,4.418191004494936,1985-08-22
23.07,26.75,2.9,3.7549620712256377,1985-08-23
23.09,25.94,8.11,3.6804899973004668,1985-08-24
22.85,26.63,5.16,3.290817077845995,1985-08-25
22.82,27.25,2.65,2.8624752656482806,1985-08-26
22.2,27.02,3.51,3.474586833369945,1985-08-27
22.82,27.33,1.85,3.4930088880505954,1985-08-28
23.06,27.54,2.35,3.7119273598815323,1985-08-29
22.73,26.3,1.09,3.694439750623441,1985-08-30
22.44,27.37,1.76,3.2282602463241967,1985-08-31
22.24,27.55,1.16,3.9314046652611774,1985-09-01
22.77,24.51,4.25,3.460604365045091,1985-09-02
22.36,26.17,9.02,3.3402605497368483,1985-09-03
22.21,26.05,15.88,2.9466308026145627,1985-09-04
21.65,26.17,21.43,2.6059446556919323,1985-09-05
21.96,24.45,6.89,2.9388376008507318,1985-09-06
21.87,26.78,2.25,3.5068897048214427,1985-09-07
21.84,27.4,4.3,3.4898528505284188,1985-09-08
21.96,25.34,14.62,2.9441192545210138,1985-09-09
21.64,26.47,8.49,3.618291557922684,1985-09-10
22.08,26.57,11.4,3.5730383693402654,1985-09-11
22.0,26.68,5.31,3.365761896837222,1985-09-12
22.66,25.49,16.81,2.5960783422992524,1985-09-13
22.42,26.36,14.98,3.56592191095968,1985-09-14
21.99,27.29,9.65,3.803903697315366,1985-09-15
22.54,26.46,6.07,3.717600905814181,1985-09-16
22.59,27.08,4.33,3.8802476246362634,1985-09-17
21.71,27.62,11.49,3.6940324900427415,1985-09-18
22.52,26.94,7.64,3.799868422026973,1985-09-19
22.69,26.96,5.55,2.667521140231874,1985-09-20
22.39,27.5,6.53,3.3165164902936497,1985-09-21
22.47,27.48,2.99,3.9932351538293105,1985-09-22
22.58,27.8,1.23,4.020723069309996,1985-09-23
22.92,26.34,2.78,3.8530906362385546,1985-09-24
22.66,27.59,1.24,3.736260081994658,1985-09-25
23.1,27.75,0.56,4.093924615024381,1985-09-26
22.83,28.51,0.9,4.1841566533108425,1985-09-27
23.57,25.65,4.16,3.0790594884900724,1985-09-28
23.12,26.98,4.45,2.068412434062095,1985-09-29
23.15,27.66,4.36,4.343901868415045,1985-09-30
23.66,28.01,2.79,3.1480655766950174,1985-10-01
23.09,27.31,3.7,3.7040029126175154,1985-10-02
23.07,28.3,8.14,3.899174762068454,1985-10-03
23.51,28.37,7.78,2.845943633817974,1985-10-04
23.31,27.88,14.8,3.1966790378806675,1985-10-05
23.54,27.18,1.94,4.0805826284738105,1985-10-06
23.42,28.26,3.99,4.070176187023964,1985-10-07
23.44,27.59,1.27,3.936086776805,1985-10-08
23.31,28.33,2.98,3.635642914776099,1985-10-09
23.41,28.44,1.32,3.955026276051838,1985-10-10
23.46,28.06,2.64,3.8393209986179198,1985-10-11
23.54,27.67,11.3,2.091081295031094,1985-10-12
23.3,26.64,5.82,4.27730974595703,1985-10-13
22.86,27.51,8.53,3.6746405612909068,1985-10-14
23.37,28.21,9.24,3.3520254603551893,1985-10-15
23.64,27.61,10.51,2.8055767880109275,1985-10-16
23.86,27.89,3.28,3.5341210348546315,1985-10-17
24.02,28.38,0.4,4.327005616973058,1985-10-18
23.81,29.12,0.4,4.368073820015343,1985-10-19
24.08,29.2,0.45,4.077613385321444,1985-10-20
24.1,29.0,0.33,4.013759884146684,1985-10-21
24.17,28.98,0.55,4.00758516980221,1985-10-22
24.29,29.11,0.13,3.481205711938863,1985-10-23
24.32,28.49,0.3,4.35263977949322,1985-10-24
24.08,29.07,0.24,4.28020982742714,1985-10-25
24.18,29.19,0.2,4.111179825243413,1985-10-26
24.23,29.08,0.52,3.942014269697434,1985-10-27
24.31,28.7,3.98,3.7984063547092717,1985-10-28
24.44,27.18,8.96,3.5168351752774583,1985-10-29
24.34,27.81,9.86,2.6746320069867475,1985-10-30
23.57,28.98,5.52,4.142795876489501,1985-10-31
24.28,28.14,3.47,3.8711739113891364,1985-11-01
24.47,27.84,0.15,3.8754339101888395,1985-11-02
24.38,27.86,0.15,3.6900704115122167,1985-11-03
24.4,27.73,0.2,4.111272809139022,1985-11-04
23.74,28.38,0.14,3.829572592406771,1985-11-05
24.19,27.19,0.3,3.7827926910380874,1985-11-06
23.9,27.29,4.01,3.716192104244409,1985-11-07
24.12,28.5,4.35,3.819186455218005,1985-11-08
24.3,27.66,4.08,3.6419452703356234,1985-11-09
23.6,28.42,2.06,3.7027389988589117,1985-11-10
24.0,28.95,5.76,3.6844723297702653,1985-11-11
24.31,28.82,0.73,3.746488347363733,1985-11-12
24.0,29.09,0.74,3.70646493833253,1985-11-13
24.17,30.52,0.56,4.020076762607091,1985-11-14
24.75,30.08,1.28,3.9772214246182056,1985-11-15
24.63,29.86,1.28,4.087197704477925,1985-11-16
25.03,29.06,1.95,4.003785044803335,1985-11-17
25.09,27.94,0.63,3.6584932162142283,1985-11-18
24.77,29.83,0.28,4.202675680333525,1985-11-19
24.97,29.46,0.63,3.96005811659027,1985-11-20
24.67,29.33,0.33,4.298621089404486,1985-11-21
24.77,29.57,3.84,4.098996717253106,1985-11-22
25.08,28.63,4.61,3.856382334970002,1985-11-23
24.92,28.3,4.63,3.527618846801009,1985-11-24
23.98,29.39,5.84,3.7575081338555667,1985-11-25
24.31,29.94,4.19,4.048718917132295,1985-11-26
24.54,29.48,0.0,4.022446926726943,1985-11-27
24.58,29.03,0.0,4.014613817406861,1985-11-28
24.83,28.69,0.0,4.083663048976489,1985-11-29
24.67,28.87,0.0,4.023120249935882,1985-11-30
24.51,28.05,0.0,3.5946578988902744,1985-12-01
23.7,30.53,0.0,3.9293077113648014,1985-12-02
20.46,29.66,0.0,4.312013957293591,1985-12-03
22.05,28.85,0.0,4.353652816273916,1985-12-04
20.95,29.04,0.0,3.9797976400840853,1985-12-05
21.05,30.13,0.0,3.8229275795517283,1985-12-06
21.2,30.16,0.0,3.7356635601012935,1985-12-07
23.18,29.92,0.0,3.467269555211474,1985-12-08
23.15,30.08,0.0,3.9917493319322954,1985-12-09
23.77,29.78,0.0,3.753127371211739,1985-12-10
24.02,29.47,0.0,4.06093881351295,1985-12-11
23.97,30.44,0.0,3.8857341567029517,1985-12-12
24.43,30.12,0.0,3.9777734313198345,1985-12-13
23.53,29.96,0.0,4.447855329340479,1985-12-14
23.47,30.97,0.0,4.537082907367289,1985-12-15
22.62,30.51,0.0,4.439745641986327,1985-12-16
21.76,27.74,0.0,3.8646987471283194,1985-12-17
21.41,26.68,0.0,4.060623962212723,1985-12-18
21.3,29.71,0.0,4.2184188495443165,1985-12-19
23.19,30.73,0.0,4.453664072947653,1985-12-20
23.98,30.25,0.0,3.704191753310321,1985-12-21
23.9,30.41,0.0,3.8491084205889825,1985-12-22
23.87,30.32,0.0,3.7351397233683454,1985-12-23
23.7,30.29,0.0,3.7819547668319733,1985-12-24
23.63,30.05,0.0,3.899048327821165,1985-12-25
23.53,30.22,0.0,3.674849200303273,1985-12-26
23.61,30.65,0.0,4.029143997528707,1985-12-27
23.32,31.03,0.0,3.9077933245801337,1985-12-28
23.37,31.29,0.0,4.51606268241938,1985-12-29
23.43,31.41,0.0,4.034743834815768,1985-12-30
22.96,31.14,0.0,4.422960484171477,1985-12-31
22.61,30.64,0.0,4.249259441001029,1986-01-01
22.45,30.81,0.0,4.211354484307283,1986-01-02
22.5,30.98,0.0,4.191094682276478,1986-01-03
22.61,30.95,0.0,4.281503972238671,1986-01-04
23.35,30.92,0.0,4.351387607136686,1986-01-05
23.4,31.16,0.0,4.100144176354593,1986-01-06
23.78,31.47,0.0,3.983170686817993,1986-01-07
23.66,31.18,0.0,4.044794541052473,1986-01-08
24.0,31.25,0.0,4.5088749688071585,1986-01-09
23.84,31.26,0.0,4.584537374470769,1986-01-10
24.04,31.15,0.11,4.782888000476222,1986-01-11
23.77,30.86,0.04,4.575617923121864,1986-01-12
23.76,30.75,0.1,4.350694091480347,1986-01-13
24.27,31.71,0.07,4.388400908824421,1986-01-14
21.75,31.15,0.0,4.836935563633596,1986-01-15
21.9,30.58,0.0,4.466615977425862,1986-01-16
21.78,30.24,0.0,3.849499759613658,1986-01-17
22.84,30.68,0.0,3.621824677975045,1986-01-18
23.11,30.57,0.0,4.239862712863389,1986-01-19
23.33,30.85,0.0,3.8258967640784243,1986-01-20
23.6,31.6,0.0,4.258656059191948,1986-01-21
23.89,31.74,0.0,3.945348553502858,1986-01-22
23.76,32.19,0.0,4.0395722199359705,1986-01-23
23.48,31.76,0.0,4.583487850542324,1986-01-24
23.77,31.31,0.0,4.037166842620698,1986-01-25
23.87,30.78,0.0,3.9111151957141828,1986-01-26
24.02,31.57,0.0,4.08942551285871,1986-01-27
24.17,31.41,0.0,4.653662458237374,1986-01-28
24.21,31.61,0.0,4.430902567547132,1986-01-29
24.59,31.9,0.0,4.63496336010382,1986-01-30
24.73,31.31,0.4,4.523041145932429,1986-01-31
25.02,31.03,0.27,4.924877274288166,1986-02-01
25.11,29.52,1.56,4.315686295680514,1986-02-02
25.01,32.54,0.65,5.27285289648559,1986-02-03
26.03,31.02,1.1,4.985898227837086,1986-02-04
25.36,28.91,0.17,4.228229021164906,1986-02-05
24.87,30.06,0.2,4.704477988722036,1986-02-06
25.37,29.53,0.26,4.678141020434342,1986-02-07
24.36,28.61,0.15,3.7261893006787212,1986-02-08
24.62,29.71,0.12,4.586331865046208,1986-02-09
24.68,30.72,0.02,4.231471855388096,1986-02-10
24.78,30.15,0.08,4.323955698148069,1986-02-11
25.11,29.64,0.09,4.386481958264213,1986-02-12
24.64,31.66,0.12,4.6907515190546585,1986-02-13
25.01,29.12,0.11,4.8717725820298545,1986-02-14
24.44,29.39,9.02,4.652703055542922,1986-02-15
24.22,31.05,4.35,4.744495967563247,1986-02-16
24.5,29.94,9.87,4.289104031115669,1986-02-17
24.45,29.52,16.4,4.315372717624592,1986-02-18
24.62,29.77,10.16,4.377544438303788,1986-02-19
24.7,30.83,0.0,4.485299829439144,1986-02-20
24.62,30.81,0.0,4.784518538767707,1986-02-21
24.82,31.0,0.0,4.834260140694124,1986-02-22
25.36,30.87,0.0,5.146914518250675,1986-02-23
25.62,28.83,0.0,4.704456919484215,1986-02-24
24.46,29.11,1.57,5.282802162670391,1986-02-25
24.11,29.59,2.14,4.458546140534079,1986-02-26
23.33,30.23,1.9,4.095283816876478,1986-02-27
23.86,30.24,2.65,4.46718798820682,1986-02-28
24.46,30.05,1.8,4.515063845465779,1986-03-01
24.71,29.49,0.22,4.611980646667196,1986-03-02
24.81,30.18,0.24,4.487578396840069,1986-03-03
25.17,30.04,0.36,4.689013380475977,1986-03-04
25.37,30.33,0.33,4.578898873133926,1986-03-05
25.37,29.87,0.2,4.913353944816,1986-03-06
24.96,29.75,9.76,3.834032098955089,1986-03-07
24.81,29.67,11.94,2.924549751483191,1986-03-08
24.88,28.41,7.31,4.65716833176746,1986-03-09
24.33,29.6,5.71,4.634654220639492,1986-03-10
24.69,30.06,14.09,4.726172852609151,1986-03-11
24.42,29.38,3.28,3.97389967911,1986-03-12
24.06,29.03,1.42,4.093022212856305,1986-03-13
24.88,29.22,2.17,4.506179866735616,1986-03-14
25.01,29.62,1.37,4.478485430410053,1986-03-15
25.0,29.94,1.52,2.877594577124675,1986-03-16
24.74,27.17,0.95,3.726886239108954,1986-03-17
23.97,28.43,0.91,4.0883517165492185,1986-03-18
24.11,28.37,2.39,4.0853478577531,1986-03-19
24.51,29.61,1.03,4.641913227582262,1986-03-20
24.4,28.9,1.57,3.8106665529735584,1986-03-21
24.43,28.74,1.35,3.2496540875523054,1986-03-22
24.6,29.69,0.82,4.292773419922458,1986-03-23
24.85,29.94,0.91,3.8707627135866693,1986-03-24
24.37,28.76,1.58,3.6803641109588887,1986-03-25
24.68,28.44,1.63,4.443351371794677,1986-03-26
24.73,28.19,4.18,3.4328619628927286,1986-03-27
24.57,30.3,4.9,4.625326446758138,1986-03-28
24.94,29.54,6.86,4.154243468987665,1986-03-29
25.16,29.94,6.05,4.850863854065034,1986-03-30
25.09,29.88,3.84,4.6757206555495685,1986-03-31
25.28,28.31,3.09,2.804536136995488,1986-04-01
25.1,29.97,5.57,5.013903087946448,1986-04-02
25.0,29.63,4.87,3.737599925158802,1986-04-03
25.08,29.96,6.63,4.358738199452094,1986-04-04
25.3,29.78,4.61,4.948005980400419,1986-04-05
25.81,30.28,0.03,5.256356117486976,1986-04-06
25.94,29.94,0.06,4.918215958939367,1986-04-07
25.57,29.78,0.11,5.097326051633989,1986-04-08
25.7,30.41,0.09,4.631723314430158,1986-04-09
25.77,30.35,0.09,4.387154953632327,1986-04-10
25.82,29.61,2.82,2.882950778924865,1986-04-11
25.58,29.7,1.72,5.408087869536905,1986-04-12
25.35,28.64,26.86,4.951614344775465,1986-04-13
24.83,29.75,6.98,5.048365309934034,1986-04-14
25.2,29.14,6.33,4.898965843361138,1986-04-15
25.38,30.67,0.44,4.907318995177275,1986-04-16
25.82,29.28,0.45,4.71754160673758,1986-04-17
25.94,30.04,1.05,4.059569602762155,1986-04-18
25.45,30.4,0.44,4.806154114188102,1986-04-19
25.63,29.22,0.43,4.836638822249456,1986-04-20
25.6,28.19,11.39,3.7668047063173193,1986-04-21
25.12,28.06,5.51,4.3881778699733704,1986-04-22
24.33,26.99,6.38,3.793085317217109,1986-04-23
24.52,27.36,10.84,3.302668586859259,1986-04-24
24.37,29.25,4.5,4.228309755173949,1986-04-25
24.97,30.05,1.62,4.672287799282286,1986-04-26
25.4,29.67,1.28,4.906526056036059,1986-04-27
25.13,29.85,1.18,3.36696475221283,1986-04-28
25.25,28.65,0.67,3.0874363237616747,1986-04-29
25.09,30.09,0.78,4.904009665835775,1986-04-30
25.52,29.56,5.56,4.5120702809466895,1986-05-01
25.61,28.58,12.55,4.733958248364263,1986-05-02
25.05,29.41,3.76,3.5383853675675794,1986-05-03
24.71,27.68,1.42,4.072144909012507,1986-05-04
24.27,30.24,2.24,4.568775104909486,1986-05-05
24.85,30.03,0.26,4.543894235692741,1986-05-06
25.43,29.39,1.13,4.367888534532824,1986-05-07
25.18,28.74,0.62,3.671161426090064,1986-05-08
25.52,29.62,0.46,3.9231436457122175,1986-05-09
25.38,29.81,0.6,4.860476415392417,1986-05-10
25.52,30.26,0.26,3.205827761868033,1986-05-11
25.18,28.6,0.8,4.000283184682959,1986-05-12
24.83,30.27,0.51,4.691593658340455,1986-05-13
25.33,29.14,1.95,4.3329083827667665,1986-05-14
25.28,29.12,1.05,3.9632466376603683,1986-05-15
24.59,29.42,6.44,3.666925365464792,1986-05-16
24.48,28.88,1.23,3.2877697923146667,1986-05-17
24.94,28.28,1.9,4.040397523688362,1986-05-18
24.86,28.55,1.45,4.635962651100704,1986-05-19
24.85,30.6,1.02,5.001479309292708,1986-05-20
25.4,29.82,2.72,3.281355006979921,1986-05-21
25.43,29.75,2.29,4.5009534927467225,1986-05-22
25.19,29.45,1.49,3.3323925278472264,1986-05-23
25.41,29.23,4.4,4.3771198327738885,1986-05-24
25.34,29.86,5.44,4.980480039802362,1986-05-25
24.95,28.47,5.41,3.402258929621027,1986-05-26
24.64,29.62,3.78,3.701117780138371,1986-05-27
24.88,28.78,10.37,4.104793406905146,1986-05-28
24.36,28.71,4.3,3.5053205805816616,1986-05-29
24.82,29.65,7.09,3.8453259731901075,1986-05-30
25.07,28.91,1.7,3.8295339025029165,1986-05-31
25.12,29.22,1.2,4.376330498265156,1986-06-01
24.94,30.07,1.3,3.698769472586751,1986-06-02
24.89,29.19,1.56,4.496411567630325,1986-06-03
24.81,28.66,3.07,2.781225214041407,1986-06-04
24.24,28.32,2.72,4.255054150965971,1986-06-05
24.71,27.79,4.48,2.8627504182567867,1986-06-06
24.2,27.52,6.75,3.5901640069370018,1986-06-07
23.9,28.15,10.14,4.0448922951720485,1986-06-08
24.1,27.91,10.97,4.155175945053118,1986-06-09
24.29,27.9,15.97,1.5710519363058857,1986-06-10
23.66,27.98,11.08,3.3835857058321435,1986-06-11
24.21,27.99,13.02,3.7085265779960106,1986-06-12
24.31,26.86,19.42,2.94115179820092,1986-06-13
23.98,26.44,7.04,3.6647801281400088,1986-06-14
23.71,27.54,0.98,3.818639483336653,1986-06-15
23.7,28.73,1.58,4.08080695470237,1986-06-16
24.14,27.65,0.97,3.7889584744253564,1986-06-17
23.86,26.92,2.57,3.82266164873129,1986-06-18
23.74,28.48,5.43,3.9124820459015948,1986-06-19
24.08,28.16,10.22,3.225513308811603,1986-06-20
24.26,27.12,22.32,1.939138851124036,1986-06-21
23.9,28.1,4.98,2.8018336402290576,1986-06-22
23.91,28.39,2.97,4.058434079378106,1986-06-23
24.25,28.36,1.83,4.0158613485466566,1986-06-24
24.02,28.03,0.75,3.7539431686938296,1986-06-25
23.64,27.88,0.45,4.103076337036876,1986-06-26
23.07,28.27,0.31,4.158331136007841,1986-06-27
23.56,28.91,0.08,4.241952224332743,1986-06-28
23.8,28.77,0.17,4.137173742469045,1986-06-29
24.18,28.91,1.22,4.2077106062146346,1986-06-30
24.24,28.41,5.5,3.2053024798816527,1986-07-01
23.96,26.45,6.91,2.8607910659006626,1986-07-02
23.35,26.71,4.33,3.6920472286146238,1986-07-03
23.15,26.6,9.98,3.5246166790483864,1986-07-04
23.07,27.14,10.1,3.0121763367654966,1986-07-05
23.14,27.35,9.09,2.7584942707221076,1986-07-06
22.77,27.28,2.25,4.012574800628881,1986-07-07
22.79,24.7,5.01,3.046185026678449,1986-07-08
22.69,27.13,11.84,3.4505226676932534,1986-07-09
22.61,26.07,13.55,2.6133234965887144,1986-07-10
22.63,27.32,13.78,3.6904117309284876,1986-07-11
22.64,26.55,7.43,2.352162145345898,1986-07-12
22.55,26.9,7.25,3.1249015221784555,1986-07-13
22.59,24.82,3.04,3.4121032198396355,1986-07-14
22.2,26.62,0.77,3.04194477521076,1986-07-15
22.01,26.23,1.27,2.713508996104883,1986-07-16
21.95,26.7,0.44,3.2035206022675298,1986-07-17
21.46,27.25,0.21,3.6194297737569814,1986-07-18
21.58,27.47,0.26,3.838295340341076,1986-07-19
22.6,26.22,2.69,3.8544625992429675,1986-07-20
22.58,24.71,5.26,2.955379831768509,1986-07-21
22.39,25.87,6.78,2.5686239529781942,1986-07-22
21.75,27.32,3.98,3.341003290698785,1986-07-23
21.79,25.02,5.19,3.5198893086192147,1986-07-24
21.52,25.04,0.08,2.8015260636302033,1986-07-25
21.54,25.79,0.28,3.258115774005671,1986-07-26
21.47,24.44,0.15,2.752196968363591,1986-07-27
20.42,24.95,0.08,3.616200844794209,1986-07-28
19.6,26.82,0.0,3.8236811448730257,1986-07-29
20.86,26.69,3.9,3.6541012914433315,1986-07-30
21.61,25.89,0.82,2.5191859041372795,1986-07-31
21.78,26.37,0.61,3.285682553255197,1986-08-01
20.73,27.4,0.31,3.899588036225423,1986-08-02
20.63,27.6,1.82,4.240549725006095,1986-08-03
21.76,25.0,0.68,2.9825076083087905,1986-08-04
21.38,26.62,0.51,2.9518332081844334,1986-08-05
20.54,27.33,0.98,3.7399778652758475,1986-08-06
21.62,27.0,6.53,2.6344494982150364,1986-08-07
22.11,27.24,0.97,4.035497362886007,1986-08-08
21.86,27.59,1.16,3.964915868572934,1986-08-09
21.87,26.97,0.56,3.773016950173938,1986-08-10
22.13,27.2,0.28,4.30457516740854,1986-08-11
22.02,27.7,0.49,3.318097757362131,1986-08-12
21.95,26.5,0.73,3.4153454775331515,1986-08-13
21.42,27.08,2.91,3.156671767018208,1986-08-14
21.23,26.78,2.28,4.5045375077892365,1986-08-15
21.14,26.59,0.99,3.9922278195486918,1986-08-16
21.76,24.95,6.56,2.685938831313216,1986-08-17
21.49,25.65,3.13,2.934886162401444,1986-08-18
21.48,26.3,0.98,3.6002528943518866,1986-08-19
21.8,27.09,0.44,3.376462026469211,1986-08-20
21.28,27.84,0.61,4.3312253848992865,1986-08-21
22.02,28.21,0.75,3.996829033751394,1986-08-22
22.02,28.42,0.39,4.524166366759842,1986-08-23
22.09,28.08,5.1,3.832350898272944,1986-08-24
22.3,27.82,4.56,3.3599649454740255,1986-08-25
22.03,27.18,10.61,3.1683645659589295,1986-08-26
22.36,27.76,3.17,3.1056887780988816,1986-08-27
22.11,27.46,3.01,3.414115906250741,1986-08-28
22.26,27.09,2.07,3.544490046973007,1986-08-29
22.26,26.99,2.7,3.685646049081808,1986-08-30
22.24,25.99,2.88,3.308562479759125,1986-08-31
21.91,26.11,1.72,3.8414610709320995,1986-09-01
21.46,26.75,1.55,3.5682386457603976,1986-09-02
21.54,27.54,9.27,3.928890503722502,1986-09-03
22.1,24.89,15.08,2.4001937783638616,1986-09-04
21.77,27.35,5.04,3.550392041240999,1986-09-05
21.57,27.56,1.57,3.8489938619881783,1986-09-06
21.61,27.74,4.16,4.128382786076766,1986-09-07
22.36,25.77,4.21,2.8212527740872337,1986-09-08
21.91,27.34,2.72,3.4417661061527105,1986-09-09
21.8,28.43,7.43,3.859841249524272,1986-09-10
22.17,27.71,7.44,3.942976236675596,1986-09-11
22.78,27.01,6.83,3.263447642187702,1986-09-12
22.45,27.15,4.66,3.481942667886675,1986-09-13
22.74,27.03,3.81,3.4868917727592246,1986-09-14
22.78,27.25,3.97,3.2639649304711353,1986-09-15
22.48,26.84,3.18,3.044895744929099,1986-09-16
22.31,26.81,2.19,3.5334252179769927,1986-09-17
22.17,27.33,3.11,3.3182410353598697,1986-09-18
22.56,28.2,3.04,3.7431243034453705,1986-09-19
22.55,28.05,1.75,4.013344299462089,1986-09-20
23.0,27.8,6.91,3.0292789955909503,1986-09-21
22.87,27.32,5.67,3.8670029254452016,1986-09-22
22.29,27.84,0.46,4.215311224244814,1986-09-23
21.52,28.38,0.14,4.082715370001522,1986-09-24
22.92,27.62,7.02,3.179384319709601,1986-09-25
22.95,26.87,2.45,3.290589103279834,1986-09-26
22.44,28.65,3.43,3.4432293571101544,1986-09-27
23.09,28.8,3.39,4.09613503944748,1986-09-28
23.34,27.82,4.21,4.1533759943839135,1986-09-29
23.35,27.83,5.76,3.2965362026790617,1986-09-30
23.23,27.42,8.13,3.509179794184992,1986-10-01
23.11,26.95,12.58,4.075566211235285,1986-10-02
23.02,28.23,6.43,4.242578632847971,1986-10-03
23.33,27.31,27.6,2.8827713492841824,1986-10-04
22.94,27.52,10.94,3.3586641469560647,1986-10-05
22.83,27.0,2.19,3.4738600163732825,1986-10-06
22.6,27.65,1.53,3.880179261126149,1986-10-07
22.72,28.52,1.6,4.180903510175497,1986-10-08
23.35,26.13,2.17,3.3866948342081424,1986-10-09
23.25,26.93,3.54,3.554643093132085,1986-10-10
22.84,27.93,2.44,4.0010700813441265,1986-10-11
22.98,27.96,0.4,4.1551435541591,1986-10-12
23.36,28.67,0.12,4.09055485678913,1986-10-13
23.47,28.7,0.13,4.077918240678404,1986-10-14
23.08,28.9,0.24,4.235093672223869,1986-10-15
23.25,29.16,0.12,4.281076066525512,1986-10-16
23.59,28.95,0.36,3.8952772215035605,1986-10-17
23.65,26.48,21.77,2.0387692228447367,1986-10-18
23.39,27.5,19.04,2.3940850997354475,1986-10-19
22.84,29.25,4.5,3.9413512591059585,1986-10-20
23.3,28.55,7.22,4.035211968039445,1986-10-21
23.73,28.25,19.35,3.8602428534584847,1986-10-22
23.86,28.49,0.02,4.1477553816957276,1986-10-23
23.72,28.93,0.02,4.45696666627755,1986-10-24
23.53,27.26,0.01,4.081316538888835,1986-10-25
22.95,28.47,0.01,4.280259431320598,1986-10-26
23.46,28.21,0.02,3.943026548813384,1986-10-27
23.21,26.7,10.06,2.84247616377257,1986-10-28
23.11,28.16,13.21,3.2700113995495115,1986-10-29
23.68,26.81,11.4,3.7859737246277345,1986-10-30
23.34,27.25,8.89,3.600258748881462,1986-10-31
23.0,28.63,2.5,3.739179814590858,1986-11-01
23.37,29.01,0.95,4.3121204233756085,1986-11-02
23.55,28.39,0.94,3.857230629199605,1986-11-03
23.87,28.51,1.49,3.4681502197711467,1986-11-04
23.71,28.31,0.83,3.8837469396539013,1986-11-05
23.16,28.57,1.73,4.024864871813243,1986-11-06
23.94,27.47,3.67,3.823155575637881,1986-11-07
23.64,29.19,0.72,4.08112835565346,1986-11-08
23.6,29.25,1.78,3.543416860736268,1986-11-09
23.47,29.98,1.53,4.292204073001236,1986-11-10
23.67,29.85,1.17,4.359915065138297,1986-11-11
23.75,29.86,0.0,4.252154780612511,1986-11-12
22.66,30.22,0.0,3.8374968809796357,1986-11-13
22.07,30.0,0.0,4.069931018233978,1986-11-14
22.55,30.22,0.0,4.067958845314363,1986-11-15
22.7,30.37,0.0,4.136136448996685,1986-11-16
23.38,30.28,0.0,4.359577436776601,1986-11-17
23.88,29.98,0.0,3.8657517252569846,1986-11-18
23.77,30.14,0.0,4.422334099938709,1986-11-19
24.12,30.15,0.0,4.046707136663297,1986-11-20
24.2,30.09,0.0,4.068822035455182,1986-11-21
24.31,30.34,0.0,3.8703960265562283,1986-11-22
24.49,29.88,0.0,3.18674044565235,1986-11-23
23.94,29.17,0.0,4.307593368185974,1986-11-24
23.76,30.89,0.0,4.6215356357656905,1986-11-25
24.26,30.62,0.0,4.217147227235471,1986-11-26
24.89,30.98,0.08,4.312807709649903,1986-11-27
24.51,31.19,0.05,4.75346499425049,1986-11-28
24.43,30.86,0.04,4.282431396314286,1986-11-29
24.5,31.2,0.01,4.200495068146421,1986-11-30
24.09,31.08,0.01,4.1521148771375085,1986-12-01
24.68,31.31,0.0,4.335140445362806,1986-12-02
24.7,31.28,0.0,4.121284604312027,1986-12-03
24.63,31.27,0.0,4.175747063339184,1986-12-04
22.94,30.96,0.0,4.279334021987318,1986-12-05
20.34,30.7,0.0,3.6563079406592,1986-12-06
19.96,30.6,0.0,4.165112599128772,1986-12-07
20.35,30.55,0.0,3.6069477961806635,1986-12-08
20.82,30.57,0.0,3.6311834305181696,1986-12-09
22.02,30.76,0.0,3.807566527779521,1986-12-10
22.77,31.32,0.0,3.8730968728476185,1986-12-11
22.8,31.19,1.43,3.9244631759768662,1986-12-12
23.21,30.39,6.97,4.1073310692183265,1986-12-13
23.44,30.38,4.96,3.8681185219392593,1986-12-14
23.46,30.15,3.25,3.82316610881535,1986-12-15
23.63,30.71,2.26,3.909181121906308,1986-12-16
23.09,31.28,0.0,4.306372654032695,1986-12-17
22.87,31.36,0.0,4.182112286939803,1986-12-18
21.91,30.39,0.0,5.177765335729139,1986-12-19
19.43,29.67,0.0,4.942790437972426,1986-12-20
19.4,29.93,0.0,3.9523826198967136,1986-12-21
20.42,30.13,0.0,3.981208434505614,1986-12-22
21.49,30.68,0.0,3.6246428082165543,1986-12-23
22.65,31.43,0.0,4.390350333837565,1986-12-24
23.46,31.15,0.0,3.7582312272078275,1986-12-25
24.1,31.0,0.0,4.067192955669499,1986-12-26
24.26,31.08,0.0,4.375647280351925,1986-12-27
24.48,31.28,0.0,4.184820796938029,1986-12-28
24.01,31.77,0.0,3.9714774300847844,1986-12-29
23.92,31.76,0.0,4.353710188729683,1986-12-30
23.75,31.43,0.0,4.049712530485718,1986-12-31
23.99,31.26,0.0,4.6248821351368266,1987-01-01
23.07,31.56,0.0,4.5731593646304365,1987-01-02
22.52,31.99,0.0,4.5123560703311885,1987-01-03
22.72,31.82,0.0,4.480501539144064,1987-01-04
22.97,31.61,0.0,4.546409959254995,1987-01-05
23.53,32.06,0.03,4.609395237105105,1987-01-06
23.87,32.26,0.09,4.559230054650873,1987-01-07
24.23,32.41,0.11,4.479384332090436,1987-01-08
23.9,31.92,0.04,4.491111261015679,1987-01-09
24.29,31.99,0.04,4.54467625905734,1987-01-10
24.05,31.51,0.0,4.693408580720994,1987-01-11
24.38,32.28,0.0,4.561723212713765,1987-01-12
24.11,32.37,0.0,4.702630866827991,1987-01-13
24.13,32.44,0.0,4.811151515587082,1987-01-14
24.01,33.43,0.0,4.721223904016026,1987-01-15
24.67,32.54,0.0,5.183082936079346,1987-01-16
24.95,32.56,0.0,5.466593788566975,1987-01-17
24.67,32.44,0.0,5.362842098382101,1987-01-18
24.74,33.32,0.0,5.5899653242831056,1987-01-19
24.95,33.39,0.0,5.342420636692797,1987-01-20
25.04,33.29,0.0,4.555551804584211,1987-01-21
24.99,33.13,0.0,5.192118101619883,1987-01-22
24.7,33.37,0.0,5.188776795102212,1987-01-23
24.43,33.14,0.0,4.749134906541265,1987-01-24
24.23,32.77,0.0,4.302983310700073,1987-01-25
24.23,32.82,0.01,4.880740678879371,1987-01-26
24.67,33.14,0.04,4.860469260455992,1987-01-27
25.06,33.02,0.03,4.873394031214483,1987-01-28
25.15,32.95,0.02,5.6248676330226575,1987-01-29
24.87,33.12,0.04,4.989822776951268,1987-01-30
25.02,32.71,0.0,5.29111895049266,1987-01-31
25.03,33.46,0.0,5.559078030501888,1987-02-01
25.27,33.27,0.0,5.320688204132255,1987-02-02
25.78,33.12,0.0,5.491519494789699,1987-02-03
25.88,33.58,0.0,5.632382458978805,1987-02-04
26.16,32.87,0.54,5.5159731757954695,1987-02-05
25.72,31.55,0.59,4.887503825404059,1987-02-06
25.03,32.76,0.4,5.118871769123486,1987-02-07
25.08,32.59,0.72,5.118888909700315,1987-02-08
25.3,32.0,0.89,5.284674570423777,1987-02-09
24.87,31.33,0.12,5.085894402644906,1987-02-10
24.9,32.53,0.08,5.433437795383124,1987-02-11
24.94,32.83,0.1,5.808491353326212,1987-02-12
25.77,32.05,0.2,5.46978363709112,1987-02-13
25.41,32.37,0.18,4.656743710594494,1987-02-14
25.5,31.58,4.04,3.7027612612226415,1987-02-15
25.43,30.91,4.01,4.794004088279997,1987-02-16
25.39,30.98,4.49,4.909002262043467,1987-02-17
25.26,31.75,1.28,4.981083654051195,1987-02-18
25.14,30.92,3.54,4.625989052979157,1987-02-19
24.98,31.4,0.02,4.867542171217597,1987-02-20
25.34,32.55,0.02,5.353291435479967,1987-02-21
25.24,32.81,0.01,5.008452739899118,1987-02-22
25.63,32.95,0.01,5.532060624172751,1987-02-23
25.9,32.46,0.03,5.440169005628986,1987-02-24
25.97,30.82,0.89,4.518141661185653,1987-02-25
25.63,32.82,0.38,5.263259306771571,1987-02-26
25.56,33.24,0.38,5.229079570805807,1987-02-27
25.65,33.23,0.26,5.32759127594615,1987-02-28
25.88,33.3,0.9,5.43389644884893,1987-03-01
25.74,33.79,0.19,5.557723240556758,1987-03-02
26.22,33.73,0.43,5.409165210932985,1987-03-03
26.39,32.75,0.07,5.476603945608893,1987-03-04
25.7,33.79,0.12,5.695497103468227,1987-03-05
25.75,34.03,0.12,5.6726081463091385,1987-03-06
25.97,31.64,9.47,4.37745577448891,1987-03-07
25.92,31.72,6.37,5.180344849683241,1987-03-08
25.95,30.06,11.14,3.864020024352304,1987-03-09
25.45,30.43,6.67,4.479936554869902,1987-03-10
24.57,30.14,3.79,4.754572345448879,1987-03-11
24.8,33.14,4.24,5.68625726243069,1987-03-12
25.64,31.58,5.19,4.7968621574704615,1987-03-13
26.22,31.35,4.92,4.634999538546125,1987-03-14
26.18,29.96,7.14,4.254158466904499,1987-03-15
25.37,30.41,15.58,4.102207486358228,1987-03-16
25.23,29.9,0.7,4.3427403212550395,1987-03-17
24.8,30.5,1.6,4.83958207911211,1987-03-18
24.86,30.97,1.28,4.957913142934958,1987-03-19
25.49,30.67,3.14,4.862146937462684,1987-03-20
25.66,29.62,3.65,3.7423724073246016,1987-03-21
25.57,29.89,1.51,3.124174801574243,1987-03-22
25.44,31.05,0.76,5.240463311616169,1987-03-23
25.69,30.37,1.4,4.746275941789743,1987-03-24
25.8,31.06,1.95,4.850913871014007,1987-03-25
25.78,29.46,2.03,3.8693293065178254,1987-03-26
25.25,30.86,3.25,4.790738700852749,1987-03-27
25.54,29.08,2.29,2.979886895357365,1987-03-28
24.92,28.38,5.15,4.571410992708387,1987-03-29
24.59,28.47,3.14,3.063101688859831,1987-03-30
24.58,30.53,3.78,4.657375100406111,1987-03-31
25.54,30.38,3.12,4.651137685166904,1987-04-01
24.8,29.49,2.99,3.5870244120994963,1987-04-02
25.27,30.18,1.48,4.763325899730021,1987-04-03
25.49,29.85,2.86,3.992924599003353,1987-04-04
25.42,30.94,4.45,4.793214724297761,1987-04-05
25.83,31.4,1.9,5.083483715558437,1987-04-06
25.64,31.17,1.89,4.983832317212749,1987-04-07
25.33,31.31,0.75,4.959922244542717,1987-04-08
24.95,32.08,0.41,5.292472985441967,1987-04-09
25.28,32.53,0.93,5.507882820780232,1987-04-10
25.56,32.71,0.16,5.40358199322138,1987-04-11
26.35,31.91,0.21,5.583353725110246,1987-04-12
25.82,31.04,0.3,5.407569888920217,1987-04-13
26.8,30.53,0.3,4.291935823469341,1987-04-14
26.22,31.75,0.25,5.706181757745783,1987-04-15
26.44,31.99,0.91,5.266603207149397,1987-04-16
26.52,30.95,0.9,4.950970907645229,1987-04-17
26.45,30.45,0.9,4.978737614843846,1987-04-18
25.96,30.38,1.28,4.460382770953363,1987-04-19
25.7,32.95,1.04,5.027754768958581,1987-04-20
26.03,32.25,0.39,4.826227454279388,1987-04-21
25.58,30.51,0.31,4.7721720920821085,1987-04-22
25.94,32.29,0.23,5.557216430599835,1987-04-23
26.35,31.83,0.22,5.369151845271541,1987-04-24
26.85,31.26,0.31,5.122895498537545,1987-04-25
26.34,31.84,3.02,5.096044317313078,1987-04-26
26.45,31.41,3.93,5.32443347381478,1987-04-27
26.19,31.22,4.41,4.634149481881208,1987-04-28
26.4,30.64,4.07,4.919141366689002,1987-04-29
26.23,31.65,5.12,5.126000320235318,1987-04-30
26.5,29.67,2.16,3.471603267930831,1987-05-01
26.21,30.58,5.86,4.483832560430116,1987-05-02
26.29,29.04,7.53,4.0214898041791525,1987-05-03
26.04,29.49,8.64,3.952959278240843,1987-05-04
26.0,30.23,4.88,4.745201065800325,1987-05-05
26.03,28.99,0.6,4.352281453237414,1987-05-06
25.79,29.27,1.09,4.159911499598171,1987-05-07
25.6,30.67,0.79,4.501996323557522,1987-05-08
26.24,29.96,0.61,4.750960482246359,1987-05-09
26.7,31.39,1.43,4.960006547268549,1987-05-10
26.16,31.44,1.82,4.623173626180104,1987-05-11
26.52,30.38,5.09,4.876975574404237,1987-05-12
26.37,30.82,2.76,3.2524016771207624,1987-05-13
25.92,31.74,1.47,5.389380947873073,1987-05-14
25.47,31.67,2.5,5.126274423698037,1987-05-15
26.09,31.57,3.25,5.033174698618879,1987-05-16
25.73,31.55,4.72,4.826094862340887,1987-05-17
25.75,30.97,5.04,2.963138874633519,1987-05-18
25.76,29.46,6.46,3.8011460719982635,1987-05-19
25.66,30.54,3.32,4.393612960157053,1987-05-20
25.53,30.39,1.19,4.16509037662258,1987-05-21
25.55,29.63,3.39,4.571645646676271,1987-05-22
26.0,29.98,3.27,3.8310918876806457,1987-05-23
25.94,30.01,4.24,4.194311891972353,1987-05-24
25.49,29.99,1.22,3.8936134773941102,1987-05-25
24.84,30.82,7.13,4.920762226461034,1987-05-26
25.48,29.76,6.93,4.306642450522486,1987-05-27
25.36,29.42,3.57,4.639136248782005,1987-05-28
24.83,29.92,3.42,3.9512458098420455,1987-05-29
25.39,29.05,3.82,3.96121146181014,1987-05-30
24.9,29.13,17.18,3.8347389126207307,1987-05-31
24.46,27.22,16.71,2.1779782785186255,1987-06-01
24.22,27.25,18.42,2.4354498331938697,1987-06-02
23.85,28.4,0.84,3.2258318605178684,1987-06-03
24.07,28.63,1.82,4.163345648299731,1987-06-04
24.23,27.37,10.67,3.276195192336134,1987-06-05
24.41,28.2,4.87,3.542735637599901,1987-06-06
24.45,29.57,0.36,4.353010961346253,1987-06-07
24.35,29.33,4.95,4.318589543820511,1987-06-08
24.67,28.51,2.48,4.447590801071422,1987-06-09
24.18,29.05,0.51,4.087665581587298,1987-06-10
24.18,29.13,1.45,4.163163344178161,1987-06-11
24.42,29.38,1.34,4.660618196536322,1987-06-12
24.68,29.39,1.26,4.49143481893135,1987-06-13
24.7,29.27,1.42,4.635181265588463,1987-06-14
24.55,28.72,7.71,3.036233777281895,1987-06-15
24.32,29.15,5.11,4.484906415559811,1987-06-16
24.2,29.48,4.58,3.9402727475557313,1987-06-17
24.65,28.47,5.49,3.840343700444189,1987-06-18
24.88,28.78,6.55,3.652482550342182,1987-06-19
24.53,28.54,8.48,2.72271940938268,1987-06-20
24.18,26.75,16.43,3.79520241680163,1987-06-21
24.12,28.85,9.62,4.097403523950655,1987-06-22
24.44,28.8,4.02,3.8925820307678936,1987-06-23
24.44,27.22,8.95,3.5286146113773156,1987-06-24
24.32,27.51,10.08,3.79236311479656,1987-06-25
24.08,27.4,21.19,2.932795350352837,1987-06-26
23.59,27.74,8.47,3.3026393541513994,1987-06-27
23.15,27.85,15.03,3.3470701209282567,1987-06-28
23.41,28.16,2.06,3.304535213414364,1987-06-29
23.43,27.93,1.16,3.974273804235453,1987-06-30
23.02,28.32,1.76,3.9105039803735067,1987-07-01
23.7,28.38,2.2,4.007611609741003,1987-07-02
23.77,28.01,1.35,3.9781873313003113,1987-07-03
23.88,28.49,0.82,3.133725408092366,1987-07-04
23.59,28.54,1.83,3.1955255710604713,1987-07-05
23.8,28.57,4.59,3.28205647916237,1987-07-06
23.78,28.71,3.29,4.318206048049599,1987-07-07
24.02,27.74,8.22,3.639682459580659,1987-07-08
23.92,28.58,2.27,3.680723173149813,1987-07-09
23.97,28.03,1.01,3.9790674683953364,1987-07-10
24.09,27.13,2.52,3.7100945578107796,1987-07-11
24.09,28.34,0.86,3.9902499752710563,1987-07-12
23.9,27.48,0.7,3.4068850804724966,1987-07-13
23.75,28.53,0.78,3.8987124808697846,1987-07-14
23.87,28.66,2.48,2.956490605780546,1987-07-15
24.0,28.1,7.15,3.1109016845110466,1987-07-16
23.77,27.88,2.41,3.7863325055521355,1987-07-17
23.67,28.4,1.09,3.751022414744605,1987-07-18
24.04,28.18,1.23,3.7812236996899937,1987-07-19
23.66,28.36,1.63,3.6652511587773984,1987-07-20
23.23,29.03,1.68,3.4420874022946926,1987-07-21
24.07,29.07,0.27,4.159111004892787,1987-07-22
24.03,29.51,0.83,4.601046557937916,1987-07-23
23.95,29.25,2.45,2.650673384865496,1987-07-24
24.06,27.77,8.77,2.9767175156251446,1987-07-25
23.74,28.12,8.09,3.418147857573397,1987-07-26
23.73,28.57,10.72,3.7051104348910333,1987-07-27
23.92,28.33,4.36,4.0280178660929815,1987-07-28
23.74,28.35,3.26,4.38586642643758,1987-07-29
23.51,27.69,5.99,3.060595560677311,1987-07-30
23.55,26.83,6.08,3.097365796133635,1987-07-31
23.44,28.33,1.92,4.007027151462502,1987-08-01
23.69,28.57,1.27,3.947791207185285,1987-08-02
23.62,27.69,4.56,3.1794432803915966,1987-08-03
23.78,27.98,3.83,2.066968374389638,1987-08-04
23.78,28.17,2.49,4.226563665285824,1987-08-05
23.9,28.47,2.24,4.473597489632534,1987-08-06
24.08,27.58,1.67,3.729356741041396,1987-08-07
24.09,27.47,1.89,2.8266230238543337,1987-08-08
24.03,27.94,5.09,4.233115955825136,1987-08-09
24.13,26.44,7.47,2.7922916681270067,1987-08-10
23.7,26.64,11.56,2.7799468881447673,1987-08-11
23.37,26.83,16.26,3.0562727369408322,1987-08-12
23.55,28.05,4.21,2.9239682830358933,1987-08-13
24.03,26.98,7.23,3.1464503166182665,1987-08-14
23.85,27.73,7.97,3.431150945843768,1987-08-15
23.54,28.24,10.33,4.152230653349183,1987-08-16
23.88,27.06,32.52,2.6768046765848537,1987-08-17
23.74,27.59,18.55,3.5516071137179686,1987-08-18
23.82,28.53,4.97,4.101881476800958,1987-08-19
23.91,28.21,5.2,4.00502870906017,1987-08-20
24.25,28.3,8.71,3.661663882950157,1987-08-21
23.96,27.24,7.26,2.5971343029385143,1987-08-22
24.04,28.12,12.8,3.195003060143832,1987-08-23
23.83,27.48,21.93,2.5311979909694853,1987-08-24
24.12,27.88,9.57,3.7442313378665215,1987-08-25
23.94,27.78,15.74,3.063196361399161,1987-08-26
23.72,28.02,6.17,3.12146236037186,1987-08-27
23.75,27.95,15.11,3.6045089377223207,1987-08-28
23.51,27.42,8.32,3.4184336436824996,1987-08-29
23.82,26.12,13.29,3.145622171198687,1987-08-30
23.84,27.7,6.71,3.468483159026349,1987-08-31
23.58,28.11,19.65,2.6459562279000526,1987-09-01
23.87,27.49,4.62,3.722906149148418,1987-09-02
23.65,27.26,6.39,3.672292007227746,1987-09-03
23.92,28.36,4.73,3.594442881010187,1987-09-04
23.92,25.3,25.78,1.750163521024343,1987-09-05
23.59,26.79,35.34,2.4298511052027036,1987-09-06
23.6,27.23,8.77,4.293658138045519,1987-09-07
23.48,28.3,5.93,4.35364617286977,1987-09-08
23.88,27.68,8.66,3.124657945964849,1987-09-09
24.02,26.65,21.57,2.9286502059635837,1987-09-10
23.7,28.35,18.44,4.162647489389407,1987-09-11
23.93,27.16,4.99,3.060535778398084,1987-09-12
23.54,28.68,2.1,4.249219267859396,1987-09-13
23.97,27.88,7.82,3.8976348727063788,1987-09-14
24.16,27.79,16.65,3.6853121421102033,1987-09-15
24.08,27.06,4.75,2.973434874224744,1987-09-16
23.75,28.01,4.5,2.998496082994264,1987-09-17
24.11,27.64,5.95,2.0861809500620323,1987-09-18
23.62,26.94,7.46,4.124707705620104,1987-09-19
23.6,28.09,14.35,4.490335467420695,1987-09-20
23.97,27.67,22.27,3.0624681292279243,1987-09-21
23.49,26.62,21.59,2.0299536794233926,1987-09-22
23.34,28.88,5.39,4.060164921490674,1987-09-23
23.84,28.87,9.57,3.7215155719121205,1987-09-24
24.33,27.47,9.79,3.0158587559963603,1987-09-25
24.1,26.74,18.33,3.005285093508513,1987-09-26
24.22,27.53,23.71,2.86842443916886,1987-09-27
23.85,27.36,7.26,3.8366913217207355,1987-09-28
23.46,27.89,13.82,4.02795556461551,1987-09-29
23.85,27.77,11.9,4.1119195839422815,1987-09-30
23.7,28.09,19.87,3.9999488196410953,1987-10-01
24.21,26.3,12.56,2.6789488603662996,1987-10-02
23.7,28.51,3.36,4.17006260877095,1987-10-03
24.06,27.9,4.36,4.104720855003857,1987-10-04
23.93,28.35,10.36,3.8715169155451403,1987-10-05
24.22,26.62,8.52,1.7957136216980754,1987-10-06
23.87,27.94,11.25,3.440321580906274,1987-10-07
23.71,28.25,15.78,4.322304357664303,1987-10-08
23.65,28.65,4.11,3.7836157242463546,1987-10-09
23.94,28.49,11.82,3.9394047220897805,1987-10-10
24.25,27.45,15.09,3.839285409025098,1987-10-11
24.28,26.54,18.92,2.5074960615372555,1987-10-12
24.25,27.19,3.84,3.5801080413585735,1987-10-13
24.03,29.24,1.65,4.424094655836737,1987-10-14
24.22,28.93,2.18,4.1618354247958855,1987-10-15
24.17,28.9,3.41,3.9514346103381794,1987-10-16
24.55,27.16,7.06,2.9238383033454265,1987-10-17
24.2,28.49,0.75,4.246862464529949,1987-10-18
24.12,28.0,0.4,3.827032325306258,1987-10-19
23.67,29.05,0.35,4.14591170965223,1987-10-20
24.18,28.88,0.36,4.0932983247420305,1987-10-21
24.78,28.09,0.29,4.247049473153593,1987-10-22
24.4,29.34,0.06,4.331277445004633,1987-10-23
24.73,28.63,0.1,3.8558642083066084,1987-10-24
24.21,28.61,0.04,3.7927235020627412,1987-10-25
24.47,27.61,0.17,3.785964908557877,1987-10-26
24.34,28.19,0.09,3.3994448842265372,1987-10-27
24.66,28.34,0.19,4.158612136546594,1987-10-28
25.02,28.85,0.09,3.9025016763632645,1987-10-29
25.05,28.68,0.1,4.347139722165457,1987-10-30
24.79,29.45,0.06,3.9735035313968816,1987-10-31
24.64,30.2,0.1,4.088536497979795,1987-11-01
24.68,29.7,0.0,4.264550904754112,1987-11-02
24.56,28.31,0.0,3.7855607975317955,1987-11-03
24.81,29.95,0.0,4.078474976601771,1987-11-04
24.78,29.51,0.0,4.270723953997456,1987-11-05
24.94,28.84,0.0,4.1305739330114974,1987-11-06
24.82,30.2,0.05,4.470001574223285,1987-11-07
25.07,28.78,0.15,3.4961228524013737,1987-11-08
24.91,28.65,0.09,3.9596679455958825,1987-11-09
24.72,29.46,0.07,4.234064537143854,1987-11-10
25.06,29.58,0.1,4.059407476164849,1987-11-11
24.51,29.52,0.04,4.081013482093797,1987-11-12
24.6,29.91,0.05,4.169849268452413,1987-11-13
24.39,30.32,0.06,4.255868467201911,1987-11-14
24.59,31.12,0.05,4.100913298089362,1987-11-15
24.94,31.02,0.05,4.211299040488139,1987-11-16
25.06,30.61,0.0,4.319700752648903,1987-11-17
24.99,30.06,0.0,4.211833740288858,1987-11-18
25.03,31.22,0.0,4.46854961015044,1987-11-19
24.83,31.35,0.0,4.564006317379636,1987-11-20
24.45,31.14,0.0,4.135768352241381,1987-11-21
24.68,30.96,0.0,3.95804457475323,1987-11-22
25.03,30.57,0.0,4.185133653711733,1987-11-23
25.52,30.64,0.0,3.777524326119279,1987-11-24
25.56,30.99,0.0,3.679656450032592,1987-11-25
25.23,31.27,0.0,4.192859978465856,1987-11-26
25.51,31.31,0.0,3.9996703968223226,1987-11-27
25.5,31.09,0.0,4.401981120243679,1987-11-28
24.96,31.63,0.0,4.2078104649553385,1987-11-29
25.12,31.54,0.0,4.31615257389714,1987-11-30
25.21,30.8,0.0,4.263372409358326,1987-12-01
25.72,30.78,0.72,4.397343030660596,1987-12-02
25.38,29.93,0.5,4.3423159221082015,1987-12-03
25.34,29.44,2.01,4.089881486611972,1987-12-04
24.93,30.62,1.17,3.8357943088236994,1987-12-05
25.58,28.83,1.46,3.8199587121560334,1987-12-06
24.96,30.51,0.0,3.321546210920074,1987-12-07
25.4,30.98,0.0,4.174891063798271,1987-12-08
25.29,31.5,0.0,4.090191673783103,1987-12-09
24.35,31.61,0.0,3.6000699449420526,1987-12-10
24.5,31.71,0.0,4.206531513408501,1987-12-11
24.42,31.42,0.0,4.103581509171526,1987-12-12
24.44,31.72,0.0,3.7824364835958413,1987-12-13
25.18,32.01,0.0,3.9084659029237767,1987-12-14
24.67,31.72,0.0,3.9599288857453865,1987-12-15
24.74,31.37,0.0,3.836823983434005,1987-12-16
24.72,31.99,0.0,3.875903107832208,1987-12-17
23.79,31.41,0.0,4.021095511329426,1987-12-18
24.54,31.02,0.0,3.801475683974739,1987-12-19
24.75,31.12,0.0,4.330427744897115,1987-12-20
23.58,31.54,0.0,3.795918799007796,1987-12-21
23.15,31.57,0.0,3.482632964210146,1987-12-22
23.12,31.55,0.0,3.385990437645576,1987-12-23
23.98,31.22,0.0,4.416184722983709,1987-12-24
24.06,31.56,0.0,4.454502969089589,1987-12-25
24.55,31.81,0.0,4.345816866553733,1987-12-26
24.64,31.69,0.0,4.397229054332552,1987-12-27
24.71,31.66,0.0,4.051558306827415,1987-12-28
24.47,31.95,0.0,3.8120151678188687,1987-12-29
24.59,31.84,0.0,4.182505627730417,1987-12-30
24.63,31.9,0.0,3.446546538746507,1987-12-31
24.82,31.17,0.0,4.480340455141975,1988-01-01
24.59,30.81,0.0,3.814469669595353,1988-01-02
24.45,31.7,0.0,4.270419676110012,1988-01-03
24.41,31.5,0.0,3.9240467963041166,1988-01-04
23.97,31.53,0.0,4.244575408203095,1988-01-05
23.57,31.73,0.0,4.319676373224237,1988-01-06
24.78,32.2,0.03,4.295689368670231,1988-01-07
24.19,32.01,0.04,4.34468426188779,1988-01-08
23.92,31.1,0.02,4.1320816185099964,1988-01-09
23.81,31.72,0.02,4.170836536270701,1988-01-10
23.75,30.77,0.0,3.6966542988324957,1988-01-11
24.18,30.88,0.0,3.9952969685490056,1988-01-12
23.93,31.14,0.0,4.128633624523012,1988-01-13
24.55,31.65,0.0,4.0021650022051185,1988-01-14
24.16,31.22,0.0,4.438292476731292,1988-01-15
24.3,31.53,0.19,4.266543198587377,1988-01-16
24.16,31.74,0.38,3.8082962738958885,1988-01-17
24.19,32.06,0.77,4.5325085661520035,1988-01-18
24.67,31.48,0.46,4.6472119123920885,1988-01-19
25.38,31.78,1.03,4.322131466435246,1988-01-20
24.76,32.11,0.0,4.412510613291781,1988-01-21
24.98,32.24,0.0,4.751534935571353,1988-01-22
24.78,31.44,0.0,4.330188633278823,1988-01-23
24.98,30.91,0.0,4.691119887297371,1988-01-24
25.18,31.51,0.0,4.912138604347687,1988-01-25
25.96,33.11,0.01,4.59216912957518,1988-01-26
25.62,31.95,0.01,4.840641086113398,1988-01-27
25.62,31.16,0.0,4.651269372418296,1988-01-28
25.59,31.6,0.01,4.7941324728978385,1988-01-29
25.79,29.57,0.0,4.241710327256023,1988-01-30
25.22,29.9,0.3,4.190506466594763,1988-01-31
24.8,32.2,0.49,5.052315564076765,1988-02-01
25.02,32.45,0.67,4.863555535564042,1988-02-02
25.28,32.21,1.12,4.543887032904179,1988-02-03
26.29,31.57,0.99,4.8957152430015185,1988-02-04
26.11,31.51,1.83,3.8133780636406516,1988-02-05
25.63,31.51,2.08,4.830768262941955,1988-02-06
25.35,32.57,1.19,5.08005083496645,1988-02-07
26.11,31.03,1.93,4.712738025968518,1988-02-08
25.73,29.38,2.51,3.520330052142718,1988-02-09
24.92,28.52,4.27,4.218215145965898,1988-02-10
23.61,31.79,0.01,5.611945112182826,1988-02-11
22.57,33.0,0.0,5.761164339557568,1988-02-12
23.82,32.99,0.0,5.053955650638073,1988-02-13
25.21,32.3,1.84,4.7913435825146715,1988-02-14
24.99,32.04,0.01,4.8142470635427825,1988-02-15
25.08,30.77,0.02,4.489104983992526,1988-02-16
24.84,31.36,0.01,4.49324983164395,1988-02-17
25.35,32.09,0.01,4.987343751387312,1988-02-18
25.29,33.11,0.01,4.831821689939166,1988-02-19
25.3,33.2,0.0,4.93056095680538,1988-02-20
25.45,33.07,0.0,5.04631245017856,1988-02-21
25.93,33.1,0.0,5.376356762240022,1988-02-22
26.33,32.12,0.0,4.981410413530754,1988-02-23
25.57,33.4,0.0,5.0193669864074435,1988-02-24
25.85,34.03,0.45,5.447558011292551,1988-02-25
26.1,33.5,0.44,5.263755366938992,1988-02-26
26.22,32.73,0.5,5.259552625352871,1988-02-27
26.46,33.12,0.67,5.798940560497879,1988-02-28
27.19,31.43,1.32,4.935702829439435,1988-02-29
26.78,31.2,0.82,4.596090597379217,1988-03-01
26.49,30.62,4.76,4.64877813479824,1988-03-02
26.68,30.23,3.68,4.547140835354157,1988-03-03
26.5,31.26,1.99,4.87554595964641,1988-03-04
26.41,31.32,4.42,5.064296475140965,1988-03-05
26.69,30.75,5.31,4.241786690215578,1988-03-06
26.48,29.96,6.61,4.1633677383394305,1988-03-07
25.5,28.62,11.67,3.000344274744071,1988-03-08
25.01,28.01,8.73,3.77466273416777,1988-03-09
24.72,30.14,6.32,4.790328441895468,1988-03-10
25.1,29.68,12.54,4.576771768489085,1988-03-11
25.01,31.35,0.73,5.228575747774076,1988-03-12
25.42,28.96,1.55,3.6732883039312463,1988-03-13
24.7,30.55,0.65,4.333898817816246,1988-03-14
25.34,30.1,1.06,4.302898709234182,1988-03-15
25.26,30.42,2.26,4.876740984204516,1988-03-16
25.48,30.59,1.8,4.318324571286271,1988-03-17
25.9,29.76,0.85,4.162343015750467,1988-03-18
25.81,30.35,1.5,4.072148553179983,1988-03-19
25.79,30.48,1.23,4.339477630792465,1988-03-20
25.52,30.97,1.41,4.617861624420666,1988-03-21
25.44,31.14,2.45,5.121432558170408,1988-03-22
24.96,30.83,0.72,4.817177946447157,1988-03-23
25.43,30.75,0.41,4.779344234120349,1988-03-24
26.26,29.88,2.31,4.639036139212917,1988-03-25
26.43,30.73,2.78,4.722519060486594,1988-03-26
25.73,31.95,5.62,3.4001430250093123,1988-03-27
25.51,32.11,3.23,5.01322391941862,1988-03-28
26.06,30.81,7.06,4.0975378875831865,1988-03-29
25.7,29.85,5.92,4.238180547077638,1988-03-30
25.96,31.29,3.78,4.424853921845645,1988-03-31
25.29,31.4,0.26,4.897498306222711,1988-04-01
26.75,30.83,0.22,4.445006714190443,1988-04-02
26.51,29.2,0.49,4.36306633491912,1988-04-03
26.24,30.52,0.49,3.8764932910953744,1988-04-04
26.03,30.3,0.36,4.531542074611691,1988-04-05
26.06,30.49,7.05,5.024309879510641,1988-04-06
25.93,30.97,1.61,4.288245638629865,1988-04-07
26.51,31.38,1.39,5.1235753762263245,1988-04-08
26.23,31.01,3.66,5.134026747489934,1988-04-09
26.43,29.72,7.03,4.732811155759284,1988-04-10
26.13,29.14,2.78,4.625285322505897,1988-04-11
26.4,30.16,2.05,4.2569356637054945,1988-04-12
25.8,29.81,2.22,4.731967272910149,1988-04-13
25.49,30.71,3.61,5.397364501412252,1988-04-14
26.39,30.92,2.65,5.150085776443065,1988-04-15
26.53,30.49,4.41,4.871469290469739,1988-04-16
25.55,29.39,4.58,3.471985589288183,1988-04-17
25.24,30.63,1.11,3.920186102063049,1988-04-18
25.6,29.14,1.85,2.7524515801634317,1988-04-19
25.34,28.87,4.44,3.7616416594479483,1988-04-20
24.95,28.79,15.4,2.711045502776411,1988-04-21
25.12,28.96,4.24,4.864268972513864,1988-04-22
25.13,28.15,16.61,2.4034594092232253,1988-04-23
24.69,28.81,1.75,4.098276787196188,1988-04-24
25.81,29.08,4.26,4.508398054331884,1988-04-25
25.24,28.41,4.37,3.1491916437249103,1988-04-26
24.81,30.4,3.22,4.375739555439388,1988-04-27
25.88,29.57,7.37,4.922033353303848,1988-04-28
26.02,28.7,6.37,3.766670197154538,1988-04-29
25.86,28.91,7.29,3.829705207768854,1988-04-30
25.43,28.65,14.94,4.344197511533719,1988-05-01
25.19,29.27,3.96,4.347818188901486,1988-05-02
25.66,28.89,4.98,3.095856908653536,1988-05-03
25.07,29.65,2.44,4.831386032305788,1988-05-04
25.56,29.72,4.8,3.43127668657964,1988-05-05
25.72,28.98,2.75,3.6571105197580502,1988-05-06
25.51,29.38,2.2,4.524103543067331,1988-05-07
25.36,29.5,1.15,4.50639586189913,1988-05-08
25.31,30.3,1.44,4.774020040436745,1988-05-09
25.7,29.6,1.76,4.767898130262245,1988-05-10
25.65,29.43,9.97,4.731477799863665,1988-05-11
25.91,29.48,3.61,4.013008146198693,1988-05-12
25.56,29.8,2.7,4.9418871059040335,1988-05-13
25.62,28.9,6.88,2.8793784410864123,1988-05-14
25.26,28.34,4.85,3.7556388654413597,1988-05-15
25.3,29.07,6.44,4.568429402739875,1988-05-16
25.37,29.01,10.01,4.555797721573187,1988-05-17
25.25,28.42,8.16,4.050146249354332,1988-05-18
25.27,28.39,4.43,3.1250424968837858,1988-05-19
25.31,29.48,9.39,4.64245093899995,1988-05-20
24.77,29.05,9.54,4.291288582568137,1988-05-21
24.25,29.07,6.86,3.9618359152731317,1988-05-22
24.79,29.35,4.45,4.1728190060903225,1988-05-23
25.58,29.35,6.58,4.030119601950728,1988-05-24
25.32,29.67,3.28,4.704967655046571,1988-05-25
24.67,29.87,3.35,4.378883441718724,1988-05-26
25.39,28.45,7.71,2.181276448171348,1988-05-27
24.9,29.04,7.64,4.464345912261303,1988-05-28
24.96,29.29,4.26,3.476636650627803,1988-05-29
25.02,28.94,7.36,4.408536789256557,1988-05-30
24.76,26.78,13.67,3.0004210858397093,1988-05-31
24.69,27.78,8.2,3.4544614825965154,1988-06-01
24.66,27.48,10.47,2.7418989558393507,1988-06-02
24.21,29.12,4.89,3.3879128163093792,1988-06-03
24.74,27.04,3.5,3.364462336758235,1988-06-04
24.16,28.55,8.98,3.886801955812959,1988-06-05
24.62,28.36,6.16,3.609833665284985,1988-06-06
24.48,27.47,11.79,3.5960853683238656,1988-06-07
24.13,27.66,15.57,3.6124638265718847,1988-06-08
24.17,27.74,13.09,2.2271725215143303,1988-06-09
23.85,27.78,2.72,3.988611001731072,1988-06-10
24.12,27.68,3.46,4.0126575136064195,1988-06-11
23.76,26.9,2.22,3.7867552521225996,1988-06-12
23.44,28.6,2.18,3.1938125524237497,1988-06-13
24.29,28.19,2.28,3.763286419859597,1988-06-14
24.36,28.4,3.21,2.7503609069649357,1988-06-15
24.15,27.95,1.67,3.974954431353902,1988-06-16
24.01,27.52,14.65,2.673355732969074,1988-06-17
24.01,27.14,10.72,3.7491765773859065,1988-06-18
23.82,28.37,3.47,3.794154376554825,1988-06-19
24.2,26.63,3.08,2.2380323835126794,1988-06-20
23.67,26.88,2.64,2.9842331409466047,1988-06-21
23.48,29.03,1.82,4.350404194525767,1988-06-22
23.98,28.24,4.96,3.632069150341637,1988-06-23
23.75,28.03,8.42,4.109323381036985,1988-06-24
23.91,27.75,12.37,1.9194292968618452,1988-06-25
23.39,27.26,0.67,3.570062624551492,1988-06-26
23.53,27.33,1.55,4.087075012014314,1988-06-27
23.8,27.6,4.04,3.870320433673674,1988-06-28
24.22,26.83,10.55,1.5915602544959722,1988-06-29
23.9,26.63,34.14,2.269880902883164,1988-06-30
23.45,27.64,25.93,3.4089865260137273,1988-07-01
23.44,25.78,42.48,2.362683077792755,1988-07-02
23.33,26.35,18.16,3.270737408039066,1988-07-03
23.66,28.02,1.7,4.036523670512364,1988-07-04
23.25,28.18,1.16,4.061336641759158,1988-07-05
23.3,27.88,0.71,3.2235332078908328,1988-07-06
23.45,28.01,0.9,4.002657733486511,1988-07-07
23.97,28.33,2.39,3.9878620658267456,1988-07-08
24.1,27.57,11.99,2.610577124928112,1988-07-09
23.69,27.64,20.13,3.421640275255703,1988-07-10
23.34,27.66,6.07,3.9447000956563087,1988-07-11
23.43,27.25,29.85,2.110891436528583,1988-07-12
23.68,26.57,5.63,4.010145842454524,1988-07-13
23.4,27.69,4.11,3.7064701060759244,1988-07-14
23.37,26.42,9.78,3.7400061314636335,1988-07-15
23.14,26.1,7.41,2.493244879798666,1988-07-16
22.79,26.8,2.81,3.549871353083554,1988-07-17
22.83,26.65,5.68,3.120655982648635,1988-07-18
22.88,26.73,4.81,3.3358995608371056,1988-07-19
23.04,26.03,2.36,2.6231607623302806,1988-07-20
22.95,27.51,1.74,2.9429764011282558,1988-07-21
22.63,27.27,1.58,4.202867734846461,1988-07-22
23.02,27.67,1.81,4.354804597653295,1988-07-23
23.14,27.69,3.15,3.6729962936584246,1988-07-24
22.84,26.83,3.05,4.0273113301959516,1988-07-25
22.45,26.9,2.45,3.4593995089896614,1988-07-26
22.55,26.31,3.29,3.029570084829048,1988-07-27
22.27,24.78,1.48,3.3629742476743396,1988-07-28
22.22,25.33,2.65,3.47428953015542,1988-07-29
22.17,26.11,3.52,3.052530630163281,1988-07-30
22.31,26.03,3.91,3.060564557603167,1988-07-31
22.02,26.46,0.68,3.5766931686871,1988-08-01
22.1,27.2,0.25,4.18430044364966,1988-08-02
21.82,26.58,0.41,3.812412706837259,1988-08-03
22.04,26.8,0.83,3.7504168711976016,1988-08-04
22.37,26.81,4.33,3.269694263607762,1988-08-05
22.87,27.03,3.01,3.36560852050157,1988-08-06
22.78,27.25,2.36,3.8119980368044013,1988-08-07
22.71,25.94,3.83,3.570946590302778,1988-08-08
22.33,26.5,2.98,3.4392829699062433,1988-08-09
22.32,26.57,4.1,3.478349061351916,1988-08-10
22.1,26.42,5.12,3.583369745180928,1988-08-11
21.99,26.28,3.24,3.6558191419870307,1988-08-12
21.66,27.06,3.36,3.738024146191862,1988-08-13
22.44,25.91,16.16,3.3763905128319918,1988-08-14
22.94,25.84,10.29,2.4024863909629355,1988-08-15
22.48,27.28,6.04,3.2593536543058965,1988-08-16
22.28,27.55,1.51,3.5936939908090526,1988-08-17
22.64,27.0,5.96,3.5017868915487016,1988-08-18
22.44,26.26,5.5,3.4363907547375705,1988-08-19
22.26,27.19,1.35,4.409478010694865,1988-08-20
22.68,27.55,2.37,4.461534726294843,1988-08-21
22.85,25.51,10.49,2.878003604815852,1988-08-22
22.91,27.15,2.21,3.4548266685559255,1988-08-23
22.89,27.34,8.05,3.044872345166769,1988-08-24
22.9,24.55,51.66,1.8414408143137004,1988-08-25
22.73,25.76,38.21,2.9231993940443313,1988-08-26
22.44,27.17,2.79,4.000786159943253,1988-08-27
22.42,26.67,5.73,4.585218758605911,1988-08-28
22.75,26.93,4.0,4.555116959504788,1988-08-29
22.43,27.69,3.58,4.218219184935557,1988-08-30
22.9,27.1,7.53,3.434996350927034,1988-08-31
22.74,27.1,2.28,3.1847195646750985,1988-09-01
22.26,26.95,3.91,3.547086131914649,1988-09-02
22.71,26.21,6.38,3.0091798967337358,1988-09-03
23.12,26.97,6.82,3.2072269710175467,1988-09-04
22.83,27.67,11.3,4.056103470860501,1988-09-05
23.38,27.83,10.81,3.6152738060184544,1988-09-06
23.46,26.2,13.0,1.988308919733792,1988-09-07
23.33,26.43,3.8,3.2348279963839004,1988-09-08
23.39,27.69,1.05,3.6222417912644684,1988-09-09
23.14,28.15,3.01,4.2642801198326135,1988-09-10
22.88,28.01,2.78,3.941917858355291,1988-09-11
23.63,26.64,11.42,2.397277031342106,1988-09-12
23.58,26.8,22.05,2.8529509534476585,1988-09-13
23.14,27.52,19.04,3.4348255123480653,1988-09-14
23.37,27.76,5.82,3.9375490427733815,1988-09-15
23.54,25.63,38.02,1.8552903444766293,1988-09-16
23.41,27.24,24.54,3.7559983805628474,1988-09-17
23.04,27.57,1.67,3.942274309715593,1988-09-18
23.41,27.62,2.58,3.687002639409231,1988-09-19
23.71,26.79,1.68,3.4123706794112403,1988-09-20
23.73,27.09,3.04,3.4323732514001923,1988-09-21
23.67,26.74,7.21,2.784370510543028,1988-09-22
23.75,26.85,16.69,3.153451921468224,1988-09-23
23.32,27.58,11.82,2.8781562940369216,1988-09-24
23.85,27.5,35.1,3.79878011357788,1988-09-25
23.55,27.07,15.01,3.83318526158428,1988-09-26
23.22,27.42,6.69,3.903879404485016,1988-09-27
23.36,27.64,5.63,2.6074795483571807,1988-09-28
23.36,27.3,8.2,3.736351136709342,1988-09-29
23.14,28.1,6.41,3.611445314775979,1988-09-30
23.77,27.09,3.83,3.709883705776563,1988-10-01
23.7,28.18,1.78,3.85489286548656,1988-10-02
23.89,27.41,16.96,3.5729118807149187,1988-10-03
23.95,27.73,10.82,4.133665317323159,1988-10-04
23.96,28.57,8.69,3.385713699004661,1988-10-05
24.1,28.52,9.38,4.147208323515944,1988-10-06
23.72,28.39,23.98,2.9693682093124876,1988-10-07
23.82,27.09,8.04,2.93630570835616,1988-10-08
23.79,26.72,14.49,3.6701876155505895,1988-10-09
23.86,28.32,9.69,3.4982256845038964,1988-10-10
23.96,28.64,2.09,3.934144116154949,1988-10-11
24.14,28.57,2.75,4.101382393408194,1988-10-12
24.1,28.82,0.62,3.9718431063930737,1988-10-13
24.53,28.68,1.14,4.361465100649058,1988-10-14
24.71,28.96,1.38,4.3845977718101805,1988-10-15
24.83,28.87,0.79,4.520508640025673,1988-10-16
24.91,28.1,1.97,3.900209448117641,1988-10-17
24.49,27.45,6.28,3.2404962668463058,1988-10-18
24.02,28.33,2.49,3.851327815758914,1988-10-19
24.51,29.12,2.72,3.3065561788168654,1988-10-20
24.36,29.09,4.54,3.4095325167886315,1988-10-21
24.32,27.3,4.36,3.2953245540008242,1988-10-22
24.25,27.78,2.34,3.661179775958335,1988-10-23
24.18,28.59,1.39,3.657164417555402,1988-10-24
24.45,29.19,2.53,4.418464635171493,1988-10-25
24.03,29.88,2.64,4.379392429795302,1988-10-26
24.71,28.49,2.65,3.876757631694865,1988-10-27
24.74,28.06,4.12,3.2742147908797294,1988-10-28
24.62,28.21,2.79,3.922221738387744,1988-10-29
24.28,28.89,3.57,3.610390432827816,1988-10-30
24.24,28.6,3.46,3.7246120571624197,1988-10-31
24.26,29.66,1.43,3.710902187406759,1988-11-01
24.29,29.06,5.59,3.6706259831682058,1988-11-02
24.44,28.77,5.19,3.7488206731664304,1988-11-03
24.42,29.96,2.07,4.184240420457942,1988-11-04
24.35,30.06,3.08,4.214572037843992,1988-11-05
24.7,29.3,2.56,4.2626027797822745,1988-11-06
24.37,29.6,4.43,4.0511017625371935,1988-11-07
24.39,29.64,3.82,4.411644248022705,1988-11-08
24.57,29.22,2.33,4.198229239633369,1988-11-09
24.43,29.82,2.15,4.090421017092012,1988-11-10
24.64,30.03,1.93,4.1304148189671945,1988-11-11
24.46,30.61,0.0,4.349649967628457,1988-11-12
24.86,29.83,0.0,4.007504288401528,1988-11-13
24.79,29.74,0.01,4.04893481201681,1988-11-14
24.8,29.58,0.01,3.859245594809118,1988-11-15
25.05,29.29,0.02,3.842462252378337,1988-11-16
24.61,29.44,0.47,3.0838137621892145,1988-11-17
24.97,28.74,0.53,3.612223157690153,1988-11-18
24.78,28.09,0.41,3.4791834321991333,1988-11-19
24.59,28.61,0.52,3.957919250709725,1988-11-20
25.02,28.77,0.45,3.4609639354722868,1988-11-21
24.54,28.7,0.03,3.514143991662283,1988-11-22
24.58,30.16,0.02,3.8613665397878414,1988-11-23
24.85,29.8,0.03,4.23923849713964,1988-11-24
24.64,29.33,0.06,3.9192763648362363,1988-11-25
24.44,29.29,0.02,4.212718874846581,1988-11-26
24.53,28.7,0.31,3.7885845238128755,1988-11-27
24.28,28.79,0.24,3.8973611382239963,1988-11-28
24.63,27.94,2.1,3.6592660139106923,1988-11-29
24.05,27.75,4.87,2.036260715605238,1988-11-30
24.64,28.48,0.25,3.8339842851346644,1988-12-01
25.09,29.46,0.0,4.049445830480146,1988-12-02
24.73,29.95,0.0,3.966033118712849,1988-12-03
24.61,30.08,0.0,3.6466876676367175,1988-12-04
24.73,29.78,0.0,3.7896148241469145,1988-12-05
24.92,29.37,0.0,3.6059471734607307,1988-12-06
24.87,29.07,1.39,3.711758287072114,1988-12-07
24.44,27.06,3.41,3.050787714802715,1988-12-08
23.96,27.81,0.62,3.298953787356504,1988-12-09
23.86,28.1,3.38,3.086827900007236,1988-12-10
24.3,28.09,3.04,3.285503020651923,1988-12-11
24.15,28.53,1.12,3.9810345790537514,1988-12-12
24.53,29.8,1.0,3.448528520474125,1988-12-13
24.61,29.11,0.6,3.664002733891797,1988-12-14
24.56,28.88,0.99,3.619291558274565,1988-12-15
24.34,28.1,0.53,3.439818405200892,1988-12-16
24.21,29.52,0.0,3.339446215028114,1988-12-17
24.77,30.18,0.0,3.923019857883544,1988-12-18
23.96,30.08,0.0,3.88856844898624,1988-12-19
24.29,29.59,0.0,4.047516875164969,1988-12-20
24.21,29.67,0.0,4.075910632636251,1988-12-21
24.33,29.68,0.0,3.734259787981218,1988-12-22
23.46,29.41,0.0,3.6292517876773207,1988-12-23
20.24,25.93,0.0,3.9181856928297663,1988-12-24
20.18,27.43,0.0,3.9344712076203776,1988-12-25
21.48,29.02,0.0,4.473125834660256,1988-12-26
22.32,29.26,0.0,3.9524564741299755,1988-12-27
23.06,29.02,0.0,4.044639002272191,1988-12-28
22.81,27.98,0.0,3.7926111294492526,1988-12-29
21.08,29.54,0.0,4.018434847877913,1988-12-30
21.81,29.91,0.0,4.125199613491803,1988-12-31
19.5,27.95,0.0,3.4403185396506673,1989-01-01
17.61,27.9,0.0,4.2754415714543805,1989-01-02
17.77,28.17,0.0,3.870788722451792,1989-01-03
18.57,28.41,0.0,4.146927530490378,1989-01-04
19.74,28.71,0.0,4.174213292386917,1989-01-05
19.23,29.2,0.0,4.036770218787764,1989-01-06
18.94,28.98,0.0,4.201931093079381,1989-01-07
20.14,29.05,0.0,4.196592278412193,1989-01-08
20.66,29.46,0.0,3.6859372751563257,1989-01-09
20.17,29.29,0.0,3.4049536443073602,1989-01-10
19.99,29.26,0.0,3.542673561420585,1989-01-11
20.11,29.75,0.0,4.689930415824443,1989-01-12
20.88,29.61,0.0,4.176808576389576,1989-01-13
20.11,29.37,0.0,3.8534192649304115,1989-01-14
22.13,29.39,0.0,3.746942692523573,1989-01-15
22.06,29.93,0.0,4.016336932436947,1989-01-16
22.35,30.03,0.0,4.3954266402274556,1989-01-17
22.83,29.96,0.0,4.197335808330995,1989-01-18
23.04,30.24,0.0,4.275914555018354,1989-01-19
21.92,30.24,0.0,4.474562223645889,1989-01-20
19.35,30.49,0.0,4.694178977280645,1989-01-21
20.52,29.49,0.0,3.8607416831111796,1989-01-22
20.02,30.12,0.0,4.024871624395857,1989-01-23
21.76,30.55,0.0,4.4623206254354795,1989-01-24
23.05,30.51,0.0,4.153744914038388,1989-01-25
22.35,30.57,0.0,4.207469438262721,1989-01-26
20.62,30.43,0.0,4.651165459996314,1989-01-27
21.91,30.69,0.0,4.373040483813828,1989-01-28
22.87,30.98,0.0,4.174714649554121,1989-01-29
23.76,31.06,0.0,4.410493657751054,1989-01-30
24.0,31.29,0.0,4.281502027706125,1989-01-31
20.83,30.28,0.0,4.57185193144201,1989-02-01
20.13,30.01,0.0,5.238789442189544,1989-02-02
21.17,29.91,0.0,4.781269041958233,1989-02-03
20.74,30.12,0.0,4.596313162872874,1989-02-04
21.55,30.75,0.0,4.320319307459643,1989-02-05
21.56,31.31,0.0,3.864894106340224,1989-02-06
23.08,30.86,0.0,4.046348286235129,1989-02-07
23.19,30.51,0.0,4.453329078712231,1989-02-08
23.81,31.48,0.0,4.521421925026786,1989-02-09
24.34,29.99,0.0,3.9902158483084103,1989-02-10
24.23,30.45,0.0,4.390878695367264,1989-02-11
24.31,30.04,0.0,3.6094107145126797,1989-02-12
24.62,29.21,0.0,4.128827566967555,1989-02-13
23.51,30.31,0.0,4.370639556686049,1989-02-14
23.05,31.58,0.0,4.32959175344796,1989-02-15
23.35,31.57,0.0,4.038672276367432,1989-02-16
23.85,31.73,0.0,4.763186063557679,1989-02-17
23.79,31.06,0.0,5.593104842468335,1989-02-18
22.55,31.17,0.0,5.228642589310329,1989-02-19
21.8,30.61,0.0,4.920231027997778,1989-02-20
20.5,30.57,0.0,5.438498201190255,1989-02-21
22.48,31.74,0.0,4.84623977550299,1989-02-22
23.63,31.56,0.0,4.3244856455582665,1989-02-23
23.63,32.01,0.0,4.814085813023509,1989-02-24
23.91,30.94,0.15,4.254113517732842,1989-02-25
24.22,31.6,0.11,4.680175876230093,1989-02-26
25.0,29.06,0.29,4.0297573211286215,1989-02-27
25.64,29.84,0.35,4.692866944394413,1989-02-28
25.39,29.29,0.31,4.710160149998852,1989-03-01
24.71,30.86,0.9,4.584984067009,1989-03-02
25.07,31.63,1.31,5.242588751476129,1989-03-03
25.71,31.89,1.81,5.38314403547728,1989-03-04
25.98,30.42,1.56,3.8227416010541297,1989-03-05
25.2,30.81,0.93,4.024530229468532,1989-03-06
24.92,29.19,7.03,4.442512639935671,1989-03-07
24.82,28.82,8.44,4.032326166869886,1989-03-08
24.83,29.85,9.45,4.1417419926749375,1989-03-09
25.07,29.11,8.66,4.657705299441417,1989-03-10
24.93,28.68,6.7,3.939547173725522,1989-03-11
24.95,28.81,8.39,3.564913148899995,1989-03-12
24.4,28.12,10.16,3.4465322576298005,1989-03-13
23.38,28.29,13.3,4.912969975431133,1989-03-14
24.18,28.74,7.99,3.957631499496518,1989-03-15
24.31,29.34,7.28,3.910181491168439,1989-03-16
24.26,29.63,1.04,3.9662309033607457,1989-03-17
24.44,28.98,1.52,4.468431384962626,1989-03-18
24.16,29.64,1.98,3.6692416006205035,1989-03-19
24.19,30.15,1.15,4.570344742753185,1989-03-20
25.14,29.23,1.42,3.9230536006838537,1989-03-21
24.76,29.06,0.5,4.502270109662173,1989-03-22
24.82,28.6,0.9,2.937798187439801,1989-03-23
24.34,28.62,0.6,4.35431724832324,1989-03-24
24.56,30.64,0.45,4.1999625584546525,1989-03-25
24.89,30.6,0.88,4.435812911862674,1989-03-26
24.99,29.7,1.81,4.169775875068973,1989-03-27
24.53,29.83,1.38,3.743632909426333,1989-03-28
24.62,29.0,1.12,3.8801575108994877,1989-03-29
24.21,29.82,1.38,3.999936086662466,1989-03-30
24.58,28.82,2.1,4.133876279229737,1989-03-31
24.53,29.34,3.75,4.5540856930058125,1989-04-01
24.63,28.99,2.61,3.684743694630909,1989-04-02
24.92,29.03,3.2,4.829386068142579,1989-04-03
24.85,29.7,2.18,4.596889789923462,1989-04-04
25.51,28.84,4.83,3.9884741831369954,1989-04-05
25.28,28.62,0.39,4.746291635336484,1989-04-06
25.74,30.18,0.31,4.0964950063423835,1989-04-07
25.03,30.51,0.8,5.09641712182273,1989-04-08
25.37,30.51,0.56,4.861063493046707,1989-04-09
24.96,29.99,0.5,4.968672997712564,1989-04-10
25.09,28.83,0.77,3.926401653288136,1989-04-11
25.53,30.49,0.25,5.097831971800231,1989-04-12
25.65,29.46,0.27,4.400454460967653,1989-04-13
25.98,30.46,0.47,4.4454771448457,1989-04-14
25.97,29.66,0.23,4.18586115582607,1989-04-15
25.73,29.24,5.84,3.781006416321573,1989-04-16
25.44,28.26,9.97,3.8044310224747364,1989-04-17
24.69,28.56,5.72,2.5477689264490015,1989-04-18
25.1,29.94,2.86,5.026830082075905,1989-04-19
25.96,28.87,9.56,3.382144875082506,1989-04-20
25.46,29.42,7.98,4.311278471946526,1989-04-21
25.26,29.79,5.15,4.500484199918145,1989-04-22
25.11,29.17,7.95,4.427743286465819,1989-04-23
25.64,28.63,9.23,4.265176176854276,1989-04-24
25.34,28.33,9.49,2.5784116006667035,1989-04-25
24.96,28.5,5.45,3.8986893508615923,1989-04-26
24.47,29.03,4.74,4.266015174034949,1989-04-27
25.1,27.89,7.33,3.1003902187245047,1989-04-28
25.32,28.07,7.77,3.075276193390165,1989-04-29
24.62,27.74,7.64,1.9432330147956471,1989-04-30
23.93,28.46,7.27,3.551451888631315,1989-05-01
24.67,28.59,6.16,2.7764176086764643,1989-05-02
24.56,29.0,5.08,3.9213177489371054,1989-05-03
24.89,27.45,7.89,2.9068690182047323,1989-05-04
24.38,28.57,3.4,2.3508957312521424,1989-05-05
24.42,29.01,6.75,4.360476082026383,1989-05-06
25.0,27.78,9.12,3.683717113606079,1989-05-07
25.19,28.11,11.34,3.1363412111811404,1989-05-08
24.96,28.79,13.14,3.3730224431784377,1989-05-09
25.15,28.94,7.97,3.7822149492417902,1989-05-10
24.59,27.13,20.97,2.7896820883342355,1989-05-11
24.12,27.67,9.86,2.760764282958,1989-05-12
23.88,27.98,6.42,3.2284995874711617,1989-05-13
23.9,28.2,4.68,4.256646529977178,1989-05-14
24.53,28.78,6.94,4.359572550399328,1989-05-15
24.61,29.19,1.03,4.641741461581953,1989-05-16
24.86,28.66,2.08,4.56403270555293,1989-05-17
24.3,29.0,2.67,3.431110728298947,1989-05-18
25.31,28.81,3.58,3.2537587484097856,1989-05-19
25.05,27.79,2.33,4.049955567350979,1989-05-20
24.8,29.04,0.27,4.1881672651217725,1989-05-21
25.44,28.92,0.47,3.7269035201861302,1989-05-22
24.71,28.75,0.37,3.9515015462212086,1989-05-23
24.91,28.38,0.61,3.326999168969729,1989-05-24
25.1,28.24,0.34,3.4724407871013128,1989-05-25
24.92,28.23,0.34,3.4052969321146835,1989-05-26
24.75,29.34,0.29,4.472005097119796,1989-05-27
24.67,28.49,0.39,4.399768465752477,1989-05-28
25.36,29.4,0.8,4.070469124567266,1989-05-29
25.0,27.8,0.31,2.633115890856463,1989-05-30
24.86,29.34,2.41,4.735057283320438,1989-05-31
24.85,29.14,1.54,4.203537095163244,1989-06-01
25.2,28.92,4.05,4.107268058656143,1989-06-02
25.17,28.0,2.01,3.1560427688288275,1989-06-03
24.67,28.65,8.01,4.166927396896298,1989-06-04
24.88,28.66,8.64,2.4571621687724883,1989-06-05
25.12,28.58,4.91,4.185810349208681,1989-06-06
25.07,28.33,3.14,3.5792400523783083,1989-06-07
25.18,27.96,2.5,3.6106374133719257,1989-06-08
24.68,28.12,4.45,2.423963788939203,1989-06-09
24.91,27.84,13.9,3.8268884588400764,1989-06-10
24.68,28.65,9.49,3.6390811095458915,1989-06-11
24.89,28.37,15.29,3.0250516576432753,1989-06-12
24.27,27.52,23.53,3.617608060795974,1989-06-13
23.96,27.84,15.95,3.486759248094118,1989-06-14
24.13,28.91,3.12,3.3081445876757223,1989-06-15
24.35,27.31,3.59,3.2413590393590335,1989-06-16
24.43,27.88,2.0,2.687640075629743,1989-06-17
24.58,27.86,3.98,3.9052129889506735,1989-06-18
24.01,26.4,6.72,2.9878207123618803,1989-06-19
23.9,26.82,8.33,3.9907478593038657,1989-06-20
23.56,26.89,9.62,2.2359411846583566,1989-06-21
23.65,26.55,19.23,2.9865655283540016,1989-06-22
23.72,26.76,29.15,3.276656329586437,1989-06-23
23.66,27.45,7.87,3.6120286347278077,1989-06-24
23.47,26.68,6.27,3.6624994331618486,1989-06-25
23.43,26.68,4.68,1.3534915078527252,1989-06-26
22.98,26.48,2.33,3.4240039170126484,1989-06-27
23.24,26.88,7.73,1.9212988623828358,1989-06-28
23.99,26.41,10.75,2.6396433234905823,1989-06-29
23.36,25.92,52.63,2.3634120148466407,1989-06-30
22.67,25.96,14.26,3.0884060401102578,1989-07-01
22.59,27.57,2.18,4.070165943267057,1989-07-02
22.93,28.24,3.12,3.5891590464505203,1989-07-03
23.6,26.51,9.61,1.6721619611332232,1989-07-04
23.05,26.45,7.95,2.553439957297855,1989-07-05
22.79,27.88,3.02,3.09964575417152,1989-07-06
23.01,27.25,2.19,3.6777248457360523,1989-07-07
23.77,27.84,5.51,3.974202229202532,1989-07-08
24.09,26.56,11.88,2.954195449563061,1989-07-09
23.62,27.18,22.33,2.3556583679950873,1989-07-10
23.21,26.44,9.57,3.3577321933655075,1989-07-11
22.61,25.3,19.62,2.266372311361129,1989-07-12
22.05,26.57,8.85,2.574231133838822,1989-07-13
23.45,27.61,1.81,3.8061889754552842,1989-07-14
23.12,27.6,1.44,3.8569204436919184,1989-07-15
23.3,26.33,2.38,3.6942111634688155,1989-07-16
22.78,26.74,9.79,2.7817945482743487,1989-07-17
23.0,26.26,15.46,2.5702397844992104,1989-07-18
22.85,27.61,0.28,3.2191363619401994,1989-07-19
22.86,27.22,1.36,3.4177388140536356,1989-07-20
22.6,27.39,1.02,3.5520823944127264,1989-07-21
22.7,26.87,0.96,2.990432540228106,1989-07-22
22.85,26.94,2.77,2.78529175169783,1989-07-23
22.48,27.28,1.03,3.448751035975716,1989-07-24
22.84,26.96,0.75,3.616872826954437,1989-07-25
23.03,25.35,2.41,2.2792809614274736,1989-07-26
23.15,27.35,4.09,3.6051999212931083,1989-07-27
23.26,27.74,2.47,3.768271961779879,1989-07-28
22.97,27.31,1.75,3.8079562214248823,1989-07-29
23.53,27.24,8.01,3.198701724878814,1989-07-30
23.21,26.12,7.63,2.9380283054124803,1989-07-31
22.96,26.79,7.84,3.1856296560922814,1989-08-01
23.21,27.52,4.86,3.3511786004179176,1989-08-02
23.35,27.17,8.61,2.7418266318042153,1989-08-03
23.67,26.86,15.51,2.8160300683407415,1989-08-04
23.01,25.77,5.6,3.560134668388417,1989-08-05
22.41,27.09,4.11,3.882955666217483,1989-08-06
22.71,26.85,3.05,3.320755640617259,1989-08-07
22.92,26.62,1.73,3.689450881414381,1989-08-08
22.52,26.94,2.71,3.0695394913220344,1989-08-09
22.28,26.85,0.57,3.8773422387874827,1989-08-10
22.25,28.0,0.18,3.9134270950478753,1989-08-11
22.0,27.69,0.48,4.121631985770592,1989-08-12
22.8,27.14,1.36,3.993864666467794,1989-08-13
23.14,26.79,8.42,2.8595210124889094,1989-08-14
22.71,26.85,6.43,2.5398547039538153,1989-08-15
22.47,27.26,5.43,3.20109175849906,1989-08-16
22.7,27.09,4.44,3.7535773093889753,1989-08-17
22.93,27.0,8.55,3.163696391843319,1989-08-18
22.97,26.98,3.81,3.221561394531244,1989-08-19
22.66,25.79,2.13,2.6608774196846965,1989-08-20
22.69,26.27,2.79,2.762228707271807,1989-08-21
22.55,27.46,3.09,3.4495733766303336,1989-08-22
22.74,26.22,5.2,2.6567649936614455,1989-08-23
22.63,26.95,7.53,2.631361455494362,1989-08-24
22.85,26.57,7.17,2.8463366827219314,1989-08-25
22.86,26.67,7.55,2.5200635644842686,1989-08-26
23.04,25.42,14.81,2.1993542548632647,1989-08-27
22.86,26.42,12.83,2.6521095775649735,1989-08-28
23.02,26.89,6.26,3.1443855549593365,1989-08-29
22.92,27.44,6.51,3.8664483596037558,1989-08-30
22.88,27.29,3.15,3.579440777507285,1989-08-31
22.58,27.2,1.95,3.930127810468772,1989-09-01
22.74,26.59,7.07,3.1339096754522098,1989-09-02
22.59,26.14,5.19,3.2212730316012093,1989-09-03
22.39,26.82,3.07,3.5113496904380663,1989-09-04
22.1,27.24,0.62,3.4936052284194243,1989-09-05
22.63,26.72,2.58,3.148817630190067,1989-09-06
22.12,26.97,1.79,3.6190710885630923,1989-09-07
21.56,27.88,0.87,3.82343097152619,1989-09-08
22.11,27.46,12.97,3.093505808154466,1989-09-09
22.76,25.34,12.99,2.665089741118657,1989-09-10
22.51,26.95,7.86,3.03515136996052,1989-09-11
22.81,27.9,8.35,3.8871241258484344,1989-09-12
22.66,24.82,4.6,3.233513575836512,1989-09-13
22.34,27.07,3.19,3.571980175087536,1989-09-14
23.05,27.8,2.39,3.0106006687649143,1989-09-15
23.37,27.15,4.43,2.3964224602856,1989-09-16
22.92,27.92,1.85,3.697609778475495,1989-09-17
23.32,27.78,2.07,3.152325486473097,1989-09-18
22.94,25.97,3.94,1.981452656096609,1989-09-19
22.75,27.71,1.31,3.216439253350908,1989-09-20
22.39,27.33,1.4,3.4897299081120123,1989-09-21
22.51,26.35,2.5,2.9491207844968845,1989-09-22
22.38,25.47,29.44,2.504658413649237,1989-09-23
22.1,27.62,1.39,3.959103179658773,1989-09-24
22.76,28.01,2.8,3.856642291748506,1989-09-25
23.05,27.84,7.29,3.7166440548867756,1989-09-26
23.25,27.3,7.41,3.773261530967733,1989-09-27
23.13,28.62,1.29,4.2628844332340226,1989-09-28
23.53,27.69,1.81,2.503728430981628,1989-09-29
23.53,26.55,5.42,3.4502861843910257,1989-09-30
23.14,27.75,3.57,3.509691255676285,1989-10-01
23.66,27.02,2.62,2.67857894508595,1989-10-02
23.43,27.29,3.91,3.7954303330875847,1989-10-03
23.36,27.48,10.4,3.1566298394368597,1989-10-04
23.53,27.58,12.23,3.2622713608900558,1989-10-05
23.66,25.68,16.31,2.562657599072601,1989-10-06
23.37,27.24,4.72,3.4777803839212305,1989-10-07
23.43,27.97,7.68,3.8479672007823664,1989-10-08
24.11,26.0,10.43,2.9104636614630777,1989-10-09
23.7,28.6,2.78,3.7561745353205196,1989-10-10
23.5,28.22,8.0,3.820654803872906,1989-10-11
23.47,26.51,8.99,2.817486211338264,1989-10-12
23.17,27.7,2.61,4.249818912774756,1989-10-13
23.62,27.35,9.09,3.8700195197870033,1989-10-14
23.67,26.21,13.3,1.8591816899046416,1989-10-15
23.11,26.97,26.33,2.8249054089163335,1989-10-16
23.42,27.71,2.71,3.102451626305352,1989-10-17
23.58,27.49,9.44,3.291637690489655,1989-10-18
23.71,28.48,8.41,3.802325462820594,1989-10-19
23.53,28.37,8.72,3.8544451582791854,1989-10-20
24.02,28.32,4.66,3.7526536263404133,1989-10-21
23.66,27.51,7.5,3.1399388708931553,1989-10-22
23.48,28.47,1.75,3.786561924364346,1989-10-23
23.87,29.08,1.1,3.9001492457245033,1989-10-24
23.96,29.8,2.72,4.40895008966553,1989-10-25
24.29,29.17,2.16,4.3378495769044125,1989-10-26
24.66,29.11,2.88,4.145942380339132,1989-10-27
24.57,27.28,0.28,3.903724675731137,1989-10-28
23.82,27.35,0.52,3.0540568940548445,1989-10-29
23.77,29.13,0.36,4.122106010832485,1989-10-30
24.45,28.41,0.37,3.866283498236614,1989-10-31
24.27,29.06,0.44,3.339601040055786,1989-11-01
24.02,29.08,0.0,4.053533994795233,1989-11-02
23.94,28.59,0.0,4.090805760000002,1989-11-03
24.49,29.61,0.0,4.179334306313907,1989-11-04
24.59,30.02,0.0,4.2600263867484305,1989-11-05
24.65,29.55,0.0,4.290477011825931,1989-11-06
24.56,28.87,0.64,3.990334284157135,1989-11-07
24.51,27.4,0.74,4.052491095110163,1989-11-08
24.21,29.85,0.32,4.355716854942076,1989-11-09
25.0,28.95,0.62,4.0764640706595054,1989-11-10
24.67,28.46,0.6,3.957775076665871,1989-11-11
24.72,29.79,0.0,4.330571771642653,1989-11-12
24.78,29.4,0.01,3.7686671569495664,1989-11-13
24.91,30.51,0.01,3.910210231452461,1989-11-14
24.53,30.0,0.01,4.0133328421774,1989-11-15
24.71,30.34,0.01,4.049812097490675,1989-11-16
24.74,29.07,0.47,4.160691765411341,1989-11-17
24.41,29.56,0.57,3.449470714092019,1989-11-18
24.49,30.55,0.34,4.242916043831103,1989-11-19
24.4,30.52,0.4,4.33141079205409,1989-11-20
24.94,29.93,0.72,4.1599021807855,1989-11-21
25.21,29.04,0.92,3.788943101240082,1989-11-22
24.43,29.74,0.42,3.9193392369089564,1989-11-23
24.63,29.78,0.52,3.809237244582246,1989-11-24
24.64,29.91,0.7,4.139070539056074,1989-11-25
25.05,30.44,0.7,4.22355316184408,1989-11-26
25.36,29.25,0.92,3.7312418858469356,1989-11-27
24.95,29.2,1.16,3.858807139334263,1989-11-28
24.55,29.86,0.86,3.6126887573387014,1989-11-29
24.95,29.95,1.11,3.884978206272881,1989-11-30
25.01,30.22,0.55,4.057554334747771,1989-12-01
24.76,30.68,0.0,4.118952067879841,1989-12-02
25.08,29.46,0.0,4.103500551546895,1989-12-03
25.19,28.91,0.0,3.5961188227076697,1989-12-04
25.28,29.39,0.0,4.12212201465509,1989-12-05
24.81,29.42,0.0,4.261798612685115,1989-12-06
23.03,30.12,0.0,4.377400572854965,1989-12-07
23.26,30.36,0.0,3.9166445388267768,1989-12-08
23.77,30.46,0.0,3.9163301510397006,1989-12-09
24.08,30.64,0.0,3.6685040143142054,1989-12-10
25.2,29.8,0.0,3.7931000870725198,1989-12-11
24.89,28.88,0.4,3.8603566947409838,1989-12-12
24.7,28.58,0.19,3.6023274485469177,1989-12-13
24.58,28.54,0.09,3.5647095069947907,1989-12-14
24.33,30.11,0.07,4.210430520258526,1989-12-15
24.11,30.22,0.07,4.002987780274745,1989-12-16
23.92,29.99,0.0,3.996319982391288,1989-12-17
24.35,30.02,0.0,3.8220196672150575,1989-12-18
24.2,29.76,0.0,4.010370336881297,1989-12-19
24.08,30.02,0.0,4.186038225041376,1989-12-20
21.73,29.96,0.0,4.377179429268166,1989-12-21
22.73,29.74,0.0,4.169912659201945,1989-12-22
23.96,29.69,0.0,3.8279520604551998,1989-12-23
23.39,29.31,0.0,4.304417859083563,1989-12-24
22.8,29.34,0.0,4.119258067801577,1989-12-25
23.24,29.49,0.0,3.7608657972273614,1989-12-26
23.27,29.4,0.05,3.5695492010525722,1989-12-27
23.68,29.18,0.2,3.8292619209865677,1989-12-28
24.19,29.0,0.29,3.974612941061333,1989-12-29
24.02,29.51,0.25,4.038892866268839,1989-12-30
24.45,28.75,0.27,3.753365513014822,1989-12-31
24.15,29.1,0.0,3.850696636559758,1990-01-01
23.55,29.13,0.0,3.823448051395059,1990-01-02
23.34,29.68,0.0,4.1904542316636295,1990-01-03
23.35,29.68,0.0,4.267624044478733,1990-01-04
23.75,29.24,0.0,4.06077926254828,1990-01-05
23.96,29.75,0.05,4.0866037184385595,1990-01-06
24.17,29.86,0.05,3.9816983903775585,1990-01-07
24.12,29.31,0.02,3.883019787549013,1990-01-08
24.43,29.36,0.02,4.354015198108475,1990-01-09
23.46,30.03,0.03,4.191769968780579,1990-01-10
23.74,29.97,0.0,3.973963996109935,1990-01-11
23.94,29.88,0.0,3.88423299200404,1990-01-12
23.63,30.22,0.0,3.8790525641905425,1990-01-13
23.6,30.57,0.0,4.192177848006132,1990-01-14
24.4,29.92,0.0,4.17698497188306,1990-01-15
24.23,30.08,0.0,4.298156890492241,1990-01-16
24.09,30.45,0.0,4.522205194877475,1990-01-17
24.13,30.7,0.0,4.377469360187134,1990-01-18
24.31,30.48,0.0,4.350511013640426,1990-01-19
25.0,30.15,0.0,4.2473969574345585,1990-01-20
25.2,30.06,1.29,4.369367837120553,1990-01-21
24.66,30.35,1.6,3.480395102817744,1990-01-22
24.87,29.98,1.95,4.371468502875991,1990-01-23
24.37,30.33,1.4,4.023238832949655,1990-01-24
23.72,30.75,0.17,3.9777191385438937,1990-01-25
24.63,30.91,0.0,3.889626043495549,1990-01-26
24.37,30.81,0.0,4.544107946631041,1990-01-27
24.52,30.47,0.0,3.779597458099328,1990-01-28
24.54,31.09,0.0,3.754875940397457,1990-01-29
24.3,31.01,0.0,4.315763412845126,1990-01-30
24.34,31.59,0.0,4.366286571529208,1990-01-31
24.09,31.71,0.0,4.506046522884077,1990-02-01
24.39,30.98,0.0,4.478940625710409,1990-02-02
24.54,30.76,0.0,4.296199539254231,1990-02-03
24.7,31.66,0.0,4.245365789610188,1990-02-04
25.03,31.82,0.0,4.3338624428257955,1990-02-05
24.14,32.01,0.0,4.6076008289779296,1990-02-06
24.06,31.46,0.0,4.271608451497036,1990-02-07
23.86,31.55,0.0,4.333547230103531,1990-02-08
23.84,31.26,0.0,4.305097696707827,1990-02-09
23.96,31.45,0.0,4.7522837122243615,1990-02-10
24.17,31.46,0.0,4.789193861228142,1990-02-11
25.25,31.83,0.0,4.7333258107488465,1990-02-12
24.31,32.16,0.0,4.662308236583133,1990-02-13
24.42,32.03,0.0,4.869914443253943,1990-02-14
24.56,31.96,0.27,4.66713173429725,1990-02-15
24.82,32.16,0.99,5.085066641802048,1990-02-16
25.16,31.19,1.56,4.7166207648689005,1990-02-17
25.61,30.82,1.95,4.6313617084566285,1990-02-18
25.15,29.08,1.36,2.591784695268745,1990-02-19
24.41,30.49,7.41,4.523915813722661,1990-02-20
24.86,30.09,9.5,4.465399437179067,1990-02-21
24.74,28.98,7.61,4.254275614899397,1990-02-22
24.87,27.97,12.46,4.163121085468492,1990-02-23
24.13,29.58,9.65,4.778642616095956,1990-02-24
23.85,29.46,0.77,4.088859678322831,1990-02-25
23.53,31.07,0.16,4.903399887841939,1990-02-26
22.31,31.61,0.0,5.2540423462545185,1990-02-27
23.94,31.26,0.0,5.0014499960334815,1990-02-28
24.25,30.7,0.31,4.911952844730537,1990-03-01
24.64,31.7,0.01,5.265545294934859,1990-03-02
25.29,30.6,0.01,4.7450600512743515,1990-03-03
25.11,31.16,0.0,4.649502824573201,1990-03-04
25.19,30.92,0.01,4.956959471577955,1990-03-05
25.02,31.19,0.01,5.051841061598993,1990-03-06
25.37,32.27,0.04,5.209669055890748,1990-03-07
25.17,32.52,0.02,5.33034002346664,1990-03-08
25.81,31.65,0.01,4.285465288300946,1990-03-09
24.93,32.08,0.01,5.025022682328773,1990-03-10
25.14,32.57,0.0,5.280204631784459,1990-03-11
24.13,32.92,0.0,5.251306752053361,1990-03-12
24.54,32.32,0.0,5.298227979034427,1990-03-13
24.83,31.61,0.0,4.325072634323139,1990-03-14
24.77,33.25,0.0,5.449193948187314,1990-03-15
25.73,33.14,0.0,5.549779324774269,1990-03-16
26.14,32.15,0.17,5.4348830212431665,1990-03-17
26.27,31.15,0.2,4.168941872098438,1990-03-18
26.38,31.02,0.11,3.938341911250574,1990-03-19
25.93,32.52,0.32,5.188447780485945,1990-03-20
25.62,32.06,0.15,4.3388591709571385,1990-03-21
25.51,32.76,0.0,4.344264032233185,1990-03-22
25.23,33.0,0.0,5.370486461922728,1990-03-23
25.41,33.07,0.0,5.512479780571332,1990-03-24
25.77,33.17,0.0,5.270019567345114,1990-03-25
25.23,33.42,0.0,5.251901872640149,1990-03-26
25.47,31.78,3.12,5.0128387277387025,1990-03-27
25.7,30.8,1.71,3.983290786218941,1990-03-28
26.05,30.55,4.79,5.077935234206737,1990-03-29
26.12,29.21,7.83,4.598486039068256,1990-03-30
25.77,29.66,3.82,3.965997836293057,1990-03-31
26.26,30.81,5.73,4.512795055955206,1990-04-01
26.29,30.8,1.54,4.397139328951787,1990-04-02
25.44,31.14,2.46,5.702753566807921,1990-04-03
25.73,30.22,4.6,4.616812300053138,1990-04-04
26.17,30.99,3.78,4.982525262015826,1990-04-05
26.05,30.26,4.28,4.5502368707139205,1990-04-06
26.02,30.4,3.76,4.363376331252019,1990-04-07
25.74,29.84,2.68,3.1482919525543203,1990-04-08
25.79,30.82,1.62,4.517112516967873,1990-04-09
25.81,30.35,4.05,4.996174401819788,1990-04-10
26.1,30.06,2.81,5.171408136192932,1990-04-11
26.08,28.92,2.21,4.655519953253312,1990-04-12
25.31,30.26,1.95,5.110080771101137,1990-04-13
25.5,30.0,2.86,4.515662018640737,1990-04-14
26.02,29.91,3.61,3.865560828477301,1990-04-15
25.65,29.32,7.7,2.1620223330539674,1990-04-16
25.09,29.44,3.7,4.828750354799016,1990-04-17
25.27,28.86,9.64,4.028732630591169,1990-04-18
25.59,29.94,12.86,3.8182204635449493,1990-04-19
25.65,28.82,8.4,2.891022166302266,1990-04-20
25.02,29.55,5.13,4.740425465609171,1990-04-21
25.39,29.76,8.66,4.414437454507875,1990-04-22
25.66,29.81,5.73,4.780193952447948,1990-04-23
25.79,29.97,9.91,5.009327076176456,1990-04-24
25.71,29.69,6.14,1.5861128353604805,1990-04-25
25.39,29.51,3.4,4.778514871555097,1990-04-26
25.32,30.06,4.06,4.740947806893407,1990-04-27
25.74,28.34,5.97,3.750305473112173,1990-04-28
25.78,28.42,10.8,3.0113562262744296,1990-04-29
25.41,28.47,5.57,3.2082332418966453,1990-04-30
25.02,28.32,6.9,3.071373855587226,1990-05-01
24.92,28.67,5.62,3.722186742555122,1990-05-02
24.97,29.56,8.56,4.79497808054567,1990-05-03
24.72,27.91,9.53,1.8535726461982605,1990-05-04
24.2,29.05,14.77,4.462723635858871,1990-05-05
25.22,27.85,7.09,1.8475941122852892,1990-05-06
24.91,29.23,2.02,4.871356442439854,1990-05-07
25.17,27.68,11.08,2.6243576074384474,1990-05-08
24.59,28.4,7.77,3.756918534722367,1990-05-09
24.3,29.04,4.75,3.9682944918474963,1990-05-10
25.1,27.97,0.9,3.811328292830285,1990-05-11
25.05,27.92,1.51,4.282400835743182,1990-05-12
24.44,27.89,2.17,3.121212708608593,1990-05-13
24.76,27.86,2.28,2.887962709169431,1990-05-14
24.6,28.38,3.02,2.8931922761136004,1990-05-15
24.31,28.32,2.71,3.4388570557942795,1990-05-16
24.59,28.88,6.81,3.112454121859633,1990-05-17
24.47,29.69,2.27,4.599866321726638,1990-05-18
24.83,29.6,2.55,4.263130923736801,1990-05-19
25.21,29.38,5.13,4.30069755584548,1990-05-20
25.36,28.51,1.91,3.1255209775603854,1990-05-21
24.74,28.1,3.41,4.404201151912723,1990-05-22
24.55,29.74,0.47,4.466848230030761,1990-05-23
25.3,29.18,4.69,4.304229558030038,1990-05-24
24.97,28.97,6.31,3.960115099411257,1990-05-25
24.97,29.33,1.25,4.296129249784224,1990-05-26
25.2,27.71,2.17,2.6187763078345476,1990-05-27
24.65,27.74,1.71,4.1301077033829445,1990-05-28
24.33,27.07,1.51,3.529342354994882,1990-05-29
23.95,29.48,1.41,3.7565895368665405,1990-05-30
24.85,28.98,1.44,4.103414347169012,1990-05-31
24.75,28.59,2.13,3.8825997830003427,1990-06-01
24.77,27.48,0.95,4.124010562598344,1990-06-02
24.35,28.6,0.28,3.5239737096018815,1990-06-03
24.46,29.26,0.35,3.9595018710506764,1990-06-04
24.73,28.42,1.62,3.4856429318346964,1990-06-05
24.75,28.14,3.52,3.8473148431609476,1990-06-06
24.76,28.35,2.51,4.025094077006989,1990-06-07
25.05,28.65,2.64,4.2472209493049835,1990-06-08
24.85,28.21,2.93,4.069968021606859,1990-06-09
25.0,29.11,3.66,3.992489698269252,1990-06-10
25.14,29.05,4.85,3.840093448883927,1990-06-11
24.99,29.22,2.92,4.315307733173069,1990-06-12
24.44,29.33,9.27,2.3178524717845157,1990-06-13
24.8,27.98,13.93,3.523264762946229,1990-06-14
24.78,29.2,1.3,4.0697316194613355,1990-06-15
24.91,28.7,1.87,3.4983322887219312,1990-06-16
24.76,27.37,0.95,3.0671775295090358,1990-06-17
24.16,28.9,4.36,3.541645332079395,1990-06-18
24.88,27.79,1.61,3.623638013423006,1990-06-19
24.31,28.93,1.7,4.009386851265837,1990-06-20
24.68,28.26,2.02,3.562036182916541,1990-06-21
24.66,28.65,2.02,4.14650423877568,1990-06-22
24.52,28.75,1.27,4.317388745090832,1990-06-23
24.51,28.78,3.65,3.03978540560199,1990-06-24
24.2,27.16,45.97,2.4349189176997394,1990-06-25
24.03,27.77,22.83,2.977687589141271,1990-06-26
23.74,26.29,11.7,2.1397189117344237,1990-06-27
23.44,26.55,5.3,3.0411095236152996,1990-06-28
23.16,26.7,1.66,3.4923954284486136,1990-06-29
22.93,27.76,2.45,3.741091133855933,1990-06-30
24.01,27.03,4.57,2.525634273664972,1990-07-01
23.64,27.62,2.59,3.218684875018147,1990-07-02
23.26,27.94,1.34,3.885608427658223,1990-07-03
23.36,27.66,6.37,3.878631052478721,1990-07-04
23.75,27.2,24.17,2.189916004452364,1990-07-05
23.75,27.57,15.96,2.82102612059189,1990-07-06
23.8,27.49,21.04,2.453488033811092,1990-07-07
23.83,26.8,12.21,2.764563666604802,1990-07-08
23.42,26.39,14.61,3.0303382303451296,1990-07-09
22.82,27.56,1.09,3.7558418834491945,1990-07-10
22.68,27.63,0.45,3.9095849096078585,1990-07-11
22.81,27.1,1.79,3.6478476159207927,1990-07-12
23.25,25.84,4.44,2.3068397043289064,1990-07-13
22.71,27.0,4.49,3.301833428450455,1990-07-14
22.68,26.37,2.68,2.8092890306563456,1990-07-15
23.12,27.03,4.77,2.802389925844822,1990-07-16
23.01,27.16,2.76,3.400653669294545,1990-07-17
23.06,27.26,1.73,3.628791451545841,1990-07-18
23.05,26.65,3.05,2.688226973475716,1990-07-19
23.03,27.05,0.63,3.466508935079165,1990-07-20
23.01,27.53,0.77,3.565931841251997,1990-07-21
22.86,27.04,1.38,3.624180066155444,1990-07-22
22.66,27.32,2.32,3.626501827753876,1990-07-23
22.59,26.59,0.52,3.385763021716362,1990-07-24
23.09,27.6,5.56,3.5813347527299695,1990-07-25
23.03,27.11,8.79,3.39444164847108,1990-07-26
23.13,25.94,13.07,2.6778842144433206,1990-07-27
22.98,25.74,4.51,2.8964080273791835,1990-07-28
22.79,26.77,1.64,3.7627926584432188,1990-07-29
22.9,27.08,0.58,3.6205841674729022,1990-07-30
22.77,27.31,1.18,2.8029784601576506,1990-07-31
22.92,26.84,2.96,3.340733316564188,1990-08-01
22.55,27.05,3.8,3.6890478620562916,1990-08-02
22.49,26.71,1.99,3.2449072323508146,1990-08-03
22.58,25.31,2.51,2.6479842400300755,1990-08-04
22.41,27.44,1.2,3.218290394863351,1990-08-05
22.34,26.82,0.5,3.6845470576877926,1990-08-06
22.23,27.09,1.23,3.50483086068151,1990-08-07
22.19,26.26,3.38,3.2687807846921633,1990-08-08
22.24,26.62,10.73,2.333171622983186,1990-08-09
22.06,26.41,6.66,2.3931940058625694,1990-08-10
21.64,26.63,4.41,3.2228089942936746,1990-08-11
21.79,26.96,4.51,3.3030591478169797,1990-08-12
22.33,25.64,4.18,3.539145579573087,1990-08-13
22.06,26.5,0.21,3.807203487290622,1990-08-14
21.65,26.31,0.45,3.6082112936876367,1990-08-15
21.68,26.82,0.15,2.909160663568183,1990-08-16
22.0,26.23,0.23,3.323033768870132,1990-08-17
21.94,27.38,0.29,2.7588716724511335,1990-08-18
22.43,27.16,0.23,3.3864120462882052,1990-08-19
22.44,27.92,0.15,3.5964089997366293,1990-08-20
23.03,27.64,0.44,3.900363641498967,1990-08-21
22.86,28.24,0.29,4.008442676973868,1990-08-22
22.75,27.23,0.79,3.2489123202555388,1990-08-23
22.67,28.1,1.46,3.9240271902296318,1990-08-24
22.97,28.43,1.92,4.126981244367336,1990-08-25
22.99,28.57,1.44,3.3994525809063645,1990-08-26
23.1,27.77,2.13,3.4044614220955807,1990-08-27
22.93,26.95,1.37,3.040516975450488,1990-08-28
22.75,27.82,3.44,3.451900072506313,1990-08-29
22.98,28.0,2.39,4.1470318903653585,1990-08-30
23.13,26.32,2.4,4.11710312118829,1990-08-31
23.05,27.52,2.65,2.8745742672225827,1990-09-01
22.88,27.94,6.38,3.848776585145698,1990-09-02
23.23,27.0,1.44,2.907016505366116,1990-09-03
23.08,27.54,1.7,3.313556079851793,1990-09-04
22.91,27.64,0.8,3.539269208110249,1990-09-05
22.57,28.02,0.58,3.9755668506900426,1990-09-06
23.0,26.44,1.14,2.4309277780019536,1990-09-07
22.77,28.02,10.82,3.8867019830157097,1990-09-08
23.04,28.3,3.55,3.169671685124344,1990-09-09
22.88,28.06,2.5,3.6894949374913946,1990-09-10
23.36,25.76,8.54,2.705942529124261,1990-09-11
23.05,26.28,13.41,2.9789689330275735,1990-09-12
22.98,27.0,4.57,3.068151534617718,1990-09-13
23.2,26.81,6.83,2.6549745341358197,1990-09-14
23.14,27.74,5.29,3.3476405783341834,1990-09-15
23.26,27.78,1.78,4.009121272233323,1990-09-16
23.17,27.6,2.01,3.681474912931603,1990-09-17
22.75,27.45,1.12,3.80737337934439,1990-09-18
22.83,28.08,2.06,3.2744929760264494,1990-09-19
23.53,26.73,0.95,3.906714357788529,1990-09-20
23.5,27.36,0.55,3.83966375247198,1990-09-21
23.43,28.41,0.74,3.8227224387201586,1990-09-22
23.34,28.04,2.58,3.8196774610386806,1990-09-23
23.46,27.66,8.28,3.686665839059177,1990-09-24
23.81,26.26,10.1,3.277383103919543,1990-09-25
23.71,27.52,7.54,1.9885985529114922,1990-09-26
23.34,27.98,8.02,4.080181487878374,1990-09-27
23.16,26.8,6.77,2.872211417180572,1990-09-28
23.25,27.13,7.5,3.720463693467925,1990-09-29
23.06,28.09,2.37,3.0677657807745766,1990-09-30
22.67,28.83,2.13,4.555580883852125,1990-10-01
23.13,28.64,0.87,4.034734012503477,1990-10-02
24.07,27.48,3.93,3.0577790727630503,1990-10-03
23.82,28.04,7.54,3.9712607203892443,1990-10-04
23.99,27.87,3.31,3.5671684553082352,1990-10-05
24.01,28.11,3.25,2.778980173744434,1990-10-06
23.75,28.23,6.91,3.9892038042145215,1990-10-07
23.63,28.09,4.48,3.9747014568680843,1990-10-08
23.87,28.6,5.58,4.254266100076246,1990-10-09
23.55,28.87,6.19,4.029235156998448,1990-10-10
24.24,28.4,3.02,3.9861780018488506,1990-10-11
24.21,27.88,4.15,3.6608744636036814,1990-10-12
24.04,28.62,4.73,4.15800352603827,1990-10-13
24.04,28.27,20.28,2.88950418138437,1990-10-14
24.08,26.71,35.32,2.351995869737278,1990-10-15
23.8,26.35,9.77,3.79583837288548,1990-10-16
23.74,26.92,6.95,3.9374446813868373,1990-10-17
23.9,26.9,3.63,3.55329608035119,1990-10-18
23.86,28.67,1.78,4.284118827299893,1990-10-19
24.13,27.82,1.32,4.156557049192596,1990-10-20
23.91,28.9,1.57,4.177543941219799,1990-10-21
23.96,27.71,1.67,3.7159979217121593,1990-10-22
24.26,28.68,0.12,3.9732874849619773,1990-10-23
24.05,29.17,0.61,3.5182957343815073,1990-10-24
24.55,27.95,1.18,3.718508228121127,1990-10-25
24.05,27.98,2.11,4.128332337898298,1990-10-26
23.77,27.92,0.4,3.8687128361306864,1990-10-27
23.3,28.81,0.65,3.7407398387290227,1990-10-28
24.11,28.89,0.74,3.9379371640336305,1990-10-29
24.61,28.78,0.87,4.034439041344505,1990-10-30
24.32,29.07,0.74,4.278737483748766,1990-10-31
24.37,29.28,1.28,4.439304354357873,1990-11-01
24.1,28.95,4.17,4.3616044688471085,1990-11-02
24.27,29.14,1.44,4.344571107439933,1990-11-03
24.25,29.51,1.54,4.339257902661971,1990-11-04
24.36,28.32,3.12,4.055979991488691,1990-11-05
24.32,28.05,3.33,3.8423625997768194,1990-11-06
24.05,28.55,0.69,3.9148156418675106,1990-11-07
24.46,28.43,0.76,3.4329163410523913,1990-11-08
24.57,27.45,2.75,1.6277105993542642,1990-11-09
24.21,27.6,0.14,3.9640132381850886,1990-11-10
24.23,28.76,0.97,4.135134348740072,1990-11-11
24.44,28.73,2.43,4.070396481739428,1990-11-12
24.15,29.02,2.5,3.7159915990912817,1990-11-13
24.5,27.46,2.67,3.2524191558158155,1990-11-14
24.03,28.53,3.01,3.6187851547704066,1990-11-15
24.34,28.97,4.46,3.7209051789180805,1990-11-16
24.95,29.37,1.02,3.425420485508757,1990-11-17
24.51,29.31,0.37,4.279301927463202,1990-11-18
24.73,28.52,0.38,3.302727560132323,1990-11-19
25.0,30.14,0.64,4.366202005167974,1990-11-20
25.08,29.3,0.94,4.0212866941185474,1990-11-21
25.36,30.02,0.13,4.030005005782556,1990-11-22
24.87,29.79,0.09,3.8041244147149906,1990-11-23
24.84,29.63,0.1,3.7786025766381277,1990-11-24
24.73,29.54,0.05,4.1662765771455526,1990-11-25
24.74,29.61,0.08,3.584959530078176,1990-11-26
24.62,28.59,1.88,3.681345735203065,1990-11-27
24.74,29.45,0.79,3.82903987638681,1990-11-28
24.89,29.25,1.26,3.7634534201936747,1990-11-29
24.36,30.13,0.95,3.9485514240323956,1990-11-30
24.68,30.22,0.77,4.094687871523031,1990-12-01
24.66,30.81,0.14,3.936697447629276,1990-12-02
24.67,30.83,0.16,4.091663100790096,1990-12-03
24.86,29.94,0.16,3.960382758002604,1990-12-04
24.66,30.87,0.17,4.124735236383074,1990-12-05
24.51,30.56,0.27,3.6293840563203985,1990-12-06
24.65,29.94,4.32,3.078584211949791,1990-12-07
25.08,28.08,4.31,2.907948174548169,1990-12-08
24.69,29.03,1.88,3.660322593477985,1990-12-09
24.82,28.73,3.85,3.765056310865723,1990-12-10
24.91,28.39,2.14,3.6770923662721544,1990-12-11
24.51,28.59,1.19,4.030385071318102,1990-12-12
24.51,28.81,3.46,4.031644554401492,1990-12-13
24.41,28.4,3.15,3.595100558814472,1990-12-14
24.69,27.73,4.89,3.2805189377332615,1990-12-15
24.65,28.38,6.78,2.7615382366098307,1990-12-16
24.4,29.23,4.8,4.046499779380835,1990-12-17
24.7,28.45,6.29,3.427472770401126,1990-12-18
24.0,29.85,1.01,3.7774162683472787,1990-12-19
24.08,29.33,1.54,3.8215519827342628,1990-12-20
24.01,29.71,3.9,3.3725282464169624,1990-12-21
24.44,28.95,16.84,3.80351655226108,1990-12-22
24.96,27.66,19.0,2.795763863853242,1990-12-23
24.36,28.2,15.99,3.9079974948037752,1990-12-24
22.28,30.35,5.45,4.0327213825061605,1990-12-25
23.19,29.9,12.47,4.131403791452678,1990-12-26
23.9,29.97,0.0,3.941828665125875,1990-12-27
24.13,30.15,0.0,3.8892476952629313,1990-12-28
24.26,30.34,0.0,3.6901658374965334,1990-12-29
25.02,30.14,0.0,4.135472052005617,1990-12-30
21.79,28.54,0.0,4.14751935388868,1990-12-31
18.5,27.84,0.0,4.181700523311951,1991-01-01
19.47,28.63,0.0,4.346400079689988,1991-01-02
20.37,29.31,0.0,3.977481382975302,1991-01-03
21.55,29.67,0.0,3.7681638903758055,1991-01-04
22.99,29.88,0.0,3.7263034844107077,1991-01-05
23.76,29.88,0.0,3.8398588028728176,1991-01-06
24.07,30.05,0.0,3.9090494094855415,1991-01-07
24.01,30.61,0.0,3.873455175342024,1991-01-08
24.05,31.16,0.0,3.528032122699474,1991-01-09
24.76,31.18,0.0,4.039399682557931,1991-01-10
24.49,31.03,0.0,3.5014092044925507,1991-01-11
24.29,30.87,0.0,3.508990070864855,1991-01-12
24.47,30.76,0.0,3.733776417009974,1991-01-13
24.21,31.01,0.0,4.18684168264951,1991-01-14
24.11,30.79,0.0,4.0545340271405035,1991-01-15
24.59,30.92,0.0,3.7026726831053565,1991-01-16
24.57,31.06,0.0,4.211219293779493,1991-01-17
24.76,30.73,0.0,4.025127230855778,1991-01-18
25.11,30.65,0.0,4.11451312208181,1991-01-19
25.06,30.76,0.0,3.3191069005596696,1991-01-20
25.08,29.41,0.42,3.7173062927604934,1991-01-21
25.45,30.01,0.1,4.333228389055784,1991-01-22
24.95,30.25,0.17,4.454958766983248,1991-01-23
24.96,30.71,0.33,4.7381409798273095,1991-01-24
25.13,30.07,0.35,4.135680877069842,1991-01-25
25.18,30.07,3.08,3.9016727967522455,1991-01-26
25.1,30.58,3.03,4.1654881473523035,1991-01-27
24.9,29.95,2.74,3.1594688817678542,1991-01-28
25.0,30.85,2.37,4.150948601789716,1991-01-29
24.86,31.51,2.36,4.139959846363182,1991-01-30
24.94,31.91,0.01,4.371234352139635,1991-01-31
25.16,32.49,0.0,4.456589302797191,1991-02-01
25.1,31.75,0.01,4.49052751522915,1991-02-02
25.9,29.09,0.01,3.9495727832645446,1991-02-03
25.18,30.62,0.01,4.608038633247437,1991-02-04
25.5,31.13,0.01,4.490402813529898,1991-02-05
25.34,30.3,0.01,3.435298667123866,1991-02-06
25.37,31.36,0.01,3.8076225565570794,1991-02-07
25.48,31.33,0.01,4.436452305970683,1991-02-08
25.35,31.37,0.01,4.424552288710142,1991-02-09
25.54,30.32,0.89,3.873400683873327,1991-02-10
25.08,31.52,0.62,4.386105101124838,1991-02-11
24.87,30.48,0.83,4.346912454439083,1991-02-12
25.29,30.04,1.31,4.178110340817589,1991-02-13
24.85,29.54,0.87,4.3926522307407465,1991-02-14
24.83,31.31,0.18,4.568958162267589,1991-02-15
25.34,30.77,0.52,4.6079276803204765,1991-02-16
25.8,31.12,0.89,4.8589139705326945,1991-02-17
25.45,30.44,0.1,3.6566443776938407,1991-02-18
25.08,30.71,0.26,4.31625457209526,1991-02-19
25.25,30.99,1.11,4.377782235093397,1991-02-20
25.7,29.95,0.89,4.344281899379781,1991-02-21
25.4,30.43,0.57,4.477442371640996,1991-02-22
25.52,30.44,0.77,4.19656107978875,1991-02-23
25.6,31.25,0.81,4.849228269835107,1991-02-24
25.48,30.96,4.6,4.20083122054886,1991-02-25
25.48,30.33,3.08,4.628826890572547,1991-02-26
25.39,30.26,6.55,4.033271320414861,1991-02-27
24.98,31.11,3.17,3.974027634438707,1991-02-28
25.31,30.56,8.64,4.38936622510292,1991-03-01
25.45,29.3,1.39,3.9504671997730574,1991-03-02
24.97,31.19,0.24,3.8838256259911077,1991-03-03
25.27,31.82,1.25,4.806306598756555,1991-03-04
25.3,30.3,2.29,4.19623279384068,1991-03-05
24.89,30.14,3.2,3.6483479375148624,1991-03-06
25.32,28.96,3.6,3.8933213750226834,1991-03-07
25.12,29.51,1.99,3.7448378940770177,1991-03-08
25.08,31.27,1.75,4.311881889948856,1991-03-09
25.19,30.58,4.56,4.6523456231449165,1991-03-10
25.35,29.16,6.17,4.331478932547106,1991-03-11
25.46,29.49,5.44,3.485633068773941,1991-03-12
25.16,30.76,3.88,5.118641983666327,1991-03-13
25.82,29.68,2.13,4.372214244285157,1991-03-14
25.71,30.22,2.94,4.2092525364974405,1991-03-15
25.69,31.72,0.95,5.1326923453071975,1991-03-16
25.88,30.46,0.3,4.068618658403143,1991-03-17
25.93,29.72,0.42,3.4464002208988926,1991-03-18
25.54,30.6,0.1,4.120142371458901,1991-03-19
25.77,31.05,0.23,4.811636349493943,1991-03-20
25.68,29.45,0.22,3.653629658828435,1991-03-21
25.04,30.43,0.54,4.367046264856032,1991-03-22
25.64,28.96,0.53,3.6254843093674367,1991-03-23
25.17,31.14,0.17,4.750442636786173,1991-03-24
25.59,31.62,0.39,5.158217567538208,1991-03-25
26.27,29.76,0.27,4.467574324623258,1991-03-26
26.16,29.61,0.04,4.554290124628323,1991-03-27
25.9,30.74,0.02,4.105881605849715,1991-03-28
25.76,30.62,0.02,4.800529521620991,1991-03-29
25.97,30.64,0.04,4.082706269490197,1991-03-30
25.99,30.31,0.07,4.201526580162697,1991-03-31
26.03,30.18,0.49,4.491370339791287,1991-04-01
25.49,29.08,2.68,4.100652770005947,1991-04-02
25.12,31.1,0.21,4.645341663703611,1991-04-03
25.45,30.09,2.67,4.731245254240931,1991-04-04
25.36,29.16,1.2,4.176942262000417,1991-04-05
25.3,30.11,5.18,4.991050422223812,1991-04-06
25.15,30.3,7.59,4.519991214730482,1991-04-07
24.89,29.4,10.81,4.303431111543147,1991-04-08
25.11,28.09,17.64,3.939175610677199,1991-04-09
24.39,29.09,11.4,3.513977964654196,1991-04-10
24.43,30.37,1.52,4.31497941963855,1991-04-11
25.02,29.69,5.53,4.453728660760914,1991-04-12
25.02,28.82,12.68,3.7434248552387244,1991-04-13
25.14,28.83,10.17,2.2450340465738963,1991-04-14
24.95,28.46,5.91,4.0942924844290935,1991-04-15
24.12,28.58,1.23,4.130791120452564,1991-04-16
24.84,29.13,3.89,4.3715176144383925,1991-04-17
25.01,29.3,3.01,3.502983461872608,1991-04-18
25.02,28.82,4.15,3.8989668994013416,1991-04-19
25.06,29.82,4.07,4.033849283118838,1991-04-20
25.32,29.95,0.28,4.251338023853407,1991-04-21
24.86,30.29,0.61,4.666619844525244,1991-04-22
25.16,29.58,1.04,4.374036295807933,1991-04-23
25.62,29.76,1.53,3.497488055545342,1991-04-24
25.83,29.67,0.78,2.29381220984451,1991-04-25
25.52,29.7,10.13,4.777108277470738,1991-04-26
25.22,28.73,10.92,4.529549817310831,1991-04-27
24.82,28.49,17.96,3.2700321667932135,1991-04-28
24.47,29.23,14.32,4.633777754297378,1991-04-29
25.22,29.78,9.93,2.2563279455512384,1991-04-30
25.34,28.47,3.2,4.460074670224361,1991-05-01
25.03,28.03,3.37,4.094400629808541,1991-05-02
25.14,27.86,6.73,2.330410832177184,1991-05-03
24.8,29.66,4.07,3.084899553873572,1991-05-04
25.01,28.22,3.24,2.6917660003108166,1991-05-05
25.41,28.9,0.86,3.8710013232108915,1991-05-06
25.19,29.87,0.49,4.044655974751516,1991-05-07
25.43,30.0,1.17,4.743997389954425,1991-05-08
25.8,29.76,0.65,4.153029509874815,1991-05-09
26.1,30.26,2.63,3.2604040210677248,1991-05-10
26.29,29.85,1.94,4.871395008653089,1991-05-11
25.83,29.12,4.57,4.644296196870403,1991-05-12
24.85,27.28,19.18,1.989256154848543,1991-05-13
24.43,27.81,2.39,4.3617046645674185,1991-05-14
24.73,28.65,3.28,3.3463411384611215,1991-05-15
24.97,27.94,3.33,3.1444266429790915,1991-05-16
24.96,27.8,6.84,2.9660573102323293,1991-05-17
24.81,26.99,5.01,3.0947134686985356,1991-05-18
24.57,28.66,2.45,3.903815840952211,1991-05-19
24.7,28.13,7.34,2.149002065942227,1991-05-20
24.59,28.65,1.32,3.577659801894365,1991-05-21
24.79,28.47,3.37,3.4017748497399065,1991-05-22
25.21,27.97,6.49,3.6733947655863766,1991-05-23
24.93,27.16,6.37,2.2034195694616048,1991-05-24
24.68,27.69,5.12,3.228586464107276,1991-05-25
25.0,29.4,2.03,4.655703700237569,1991-05-26
24.97,29.28,1.17,4.3804219755404885,1991-05-27
25.1,28.54,10.06,4.176170007295581,1991-05-28
24.48,29.32,12.94,4.449747248137993,1991-05-29
24.76,29.49,2.0,4.0888323377677445,1991-05-30
25.16,28.63,0.36,3.9416426259595334,1991-05-31
25.29,28.5,0.9,2.14039806168464,1991-06-01
25.2,28.69,0.88,4.009645844014719,1991-06-02
24.99,30.03,2.6,3.21483805368938,1991-06-03
25.45,28.5,0.59,4.0826979060568105,1991-06-04
24.7,28.19,1.45,3.9321720395134614,1991-06-05
23.99,28.8,1.03,4.297093716169969,1991-06-06
24.37,28.67,0.64,2.922805914360328,1991-06-07
24.04,29.56,1.59,4.683404328750154,1991-06-08
24.6,29.33,1.05,3.5802873031616604,1991-06-09
24.72,29.14,4.54,4.527474258365937,1991-06-10
24.8,29.18,9.7,3.1738820133002363,1991-06-11
24.77,29.37,6.2,3.9895463181647224,1991-06-12
25.16,29.03,7.83,3.717840555858029,1991-06-13
24.93,28.73,5.35,3.897835488584054,1991-06-14
24.61,28.52,8.75,3.56994212273109,1991-06-15
24.1,28.09,11.89,3.4322830095607224,1991-06-16
23.81,28.55,6.19,4.051739972169055,1991-06-17
24.53,28.23,8.53,2.731139813379115,1991-06-18
24.45,27.59,12.32,3.1459996661045553,1991-06-19
24.61,27.69,1.77,3.152854402840808,1991-06-20
24.74,27.99,6.77,3.891428193065362,1991-06-21
24.19,27.64,16.16,2.1178520117742123,1991-06-22
23.82,27.82,2.74,4.120217414014372,1991-06-23
24.05,28.1,2.3,3.911692500294609,1991-06-24
24.47,28.51,1.62,3.126223659340103,1991-06-25
24.32,27.54,4.45,2.338592464297699,1991-06-26
24.07,27.57,7.27,3.415016204891166,1991-06-27
23.9,27.14,4.29,3.4949698050377194,1991-06-28
24.06,27.3,3.21,3.283956340045063,1991-06-29
23.85,26.83,6.68,3.4910257886439875,1991-06-30
23.66,27.15,7.09,2.843782709148142,1991-07-01
23.8,27.17,13.04,2.380661852020947,1991-07-02
23.75,27.72,2.28,3.378570912339586,1991-07-03
23.69,27.86,16.83,3.260387016654063,1991-07-04
24.08,26.92,8.79,3.0470587335538135,1991-07-05
23.8,27.51,7.03,3.7274520546986785,1991-07-06
23.73,27.78,8.22,2.8662824211755957,1991-07-07
23.39,27.53,2.54,3.730208021379345,1991-07-08
23.9,26.34,1.31,3.328068863954136,1991-07-09
23.82,27.96,1.31,4.148331217555851,1991-07-10
23.99,27.09,5.26,2.9335876654714443,1991-07-11
24.05,27.44,15.86,2.373227274444135,1991-07-12
23.88,26.46,11.64,3.1279089335912604,1991-07-13
23.76,26.33,27.63,2.5460560567818895,1991-07-14
23.24,26.94,14.36,2.9949029172195663,1991-07-15
23.04,27.45,0.66,4.036066389117126,1991-07-16
22.89,26.18,12.36,2.654258556811924,1991-07-17
23.39,26.73,49.77,2.852708825706959,1991-07-18
23.82,27.12,18.09,2.6576536483070785,1991-07-19
23.96,27.31,7.95,3.603046045871088,1991-07-20
23.74,27.5,5.14,3.502399553428128,1991-07-21
23.47,27.16,3.18,3.4535701703584003,1991-07-22
23.69,27.79,1.57,4.094780050851371,1991-07-23
23.04,28.03,0.62,4.091174720678007,1991-07-24
23.66,27.23,8.62,3.134368689401727,1991-07-25
22.86,24.92,9.64,2.344560282036968,1991-07-26
22.71,26.92,1.62,3.901084267192003,1991-07-27
22.6,27.32,3.84,3.842499489396357,1991-07-28
22.65,26.53,2.96,3.804740296678619,1991-07-29
22.86,27.14,1.1,3.3716899402627543,1991-07-30
22.81,26.54,3.21,3.2135470202173715,1991-07-31
23.06,26.63,2.2,2.432766440722795,1991-08-01
23.14,26.06,1.5,3.3342774892949714,1991-08-02
23.1,27.04,1.04,3.6199421785562627,1991-08-03
22.82,26.33,2.8,3.639138940690521,1991-08-04
22.61,25.17,4.32,3.441047258522059,1991-08-05
22.54,25.78,2.6,3.5338116697507753,1991-08-06
22.38,26.2,2.15,3.482190444029338,1991-08-07
21.93,27.47,0.87,3.7771205641584435,1991-08-08
22.4,27.67,1.34,4.196005721576653,1991-08-09
22.83,27.02,2.57,4.068238762049384,1991-08-10
22.83,25.71,3.04,3.4484972002501317,1991-08-11
22.54,27.36,1.31,3.852085981771599,1991-08-12
22.99,26.21,6.84,2.4388977588755174,1991-08-13
22.96,25.09,4.93,3.4753628437415522,1991-08-14
22.57,27.18,1.56,3.7083987994346206,1991-08-15
22.35,26.88,2.67,4.0510550624761335,1991-08-16
22.88,25.84,10.16,2.6599654592374575,1991-08-17
23.01,26.41,4.96,3.215719786501518,1991-08-18
22.52,26.16,3.46,3.255412964845338,1991-08-19
22.66,26.56,4.03,2.8046506063023844,1991-08-20
22.46,25.93,6.68,2.6351607357599973,1991-08-21
22.26,26.71,2.73,3.643793852188529,1991-08-22
22.21,26.0,1.37,3.565594789189712,1991-08-23
22.76,26.79,1.19,3.88268622908258,1991-08-24
22.71,25.61,1.01,2.955459134859386,1991-08-25
22.95,26.08,1.11,3.6767380075236673,1991-08-26
22.69,27.32,0.72,3.6819888614125786,1991-08-27
22.04,27.07,0.58,3.645949506443355,1991-08-28
22.15,26.58,0.6,3.230339164618006,1991-08-29
22.68,27.44,0.57,3.7058641762851057,1991-08-30
22.27,27.64,0.25,3.925493000358831,1991-08-31
22.34,27.84,0.63,3.9111421841912133,1991-09-01
22.84,27.77,0.48,4.010857949198405,1991-09-02
23.13,28.12,2.85,4.173595199837333,1991-09-03
23.35,25.55,7.52,2.061426098558112,1991-09-04
23.23,26.38,14.17,3.505928635918577,1991-09-05
23.13,26.54,5.64,2.9911029839839665,1991-09-06
22.88,27.13,12.75,3.1198391976030164,1991-09-07
22.88,27.82,2.94,3.5796368311192355,1991-09-08
22.74,28.48,1.45,4.01273383861237,1991-09-09
23.44,28.12,2.12,4.185206017242117,1991-09-10
23.5,28.45,2.22,3.972705432922703,1991-09-11
23.7,27.2,1.57,2.8806840680400216,1991-09-12
23.51,27.29,2.9,3.7174451753223527,1991-09-13
23.36,28.34,4.44,3.842510777768848,1991-09-14
23.55,28.37,1.79,4.051980110784934,1991-09-15
23.59,28.29,2.08,3.2459953834244444,1991-09-16
23.64,27.85,6.51,3.5033177755041556,1991-09-17
23.62,27.68,0.04,3.829152467075878,1991-09-18
23.44,28.33,0.02,2.8594786633102096,1991-09-19
23.52,28.42,0.02,3.0969408323819385,1991-09-20
23.79,28.3,0.01,4.191545708938669,1991-09-21
23.75,28.85,0.01,3.7956140718863054,1991-09-22
24.11,28.6,3.94,3.795581677584199,1991-09-23
24.19,27.02,4.88,3.998111055004349,1991-09-24
23.63,27.19,4.67,3.8245503237687113,1991-09-25
23.23,28.36,2.95,3.9145636071942915,1991-09-26
23.4,28.37,2.45,4.0187676884352905,1991-09-27
23.4,29.17,0.84,4.204903732304209,1991-09-28
23.9,28.29,3.15,4.0497710834675384,1991-09-29
23.8,28.52,2.11,4.235329706476785,1991-09-30
23.85,28.56,2.15,4.434888406148788,1991-10-01
23.82,27.97,1.47,3.007992035369547,1991-10-02
23.77,26.44,5.57,3.2996879608395924,1991-10-03
23.64,27.44,1.2,3.7466526178934503,1991-10-04
23.13,27.51,2.0,3.5661997485206003,1991-10-05
22.87,27.03,7.55,3.6973746319493572,1991-10-06
23.43,27.15,11.37,3.1609008425491045,1991-10-07
23.54,27.15,5.3,3.0411171218543336,1991-10-08
23.37,26.03,11.08,2.658368730830165,1991-10-09
23.01,27.92,4.3,4.503184748345456,1991-10-10
23.43,27.66,6.17,3.769339942573233,1991-10-11
23.07,27.99,1.38,4.092601782499029,1991-10-12
22.51,28.17,1.19,4.091678098412057,1991-10-13
22.31,28.11,2.57,4.1920795319458914,1991-10-14
22.89,27.09,10.53,2.571530567768076,1991-10-15
22.91,26.57,5.22,2.5742223519810747,1991-10-16
23.04,26.85,4.84,3.6897322340617467,1991-10-17
22.54,26.47,3.8,3.400063863131983,1991-10-18
22.75,28.03,1.88,4.038761887655299,1991-10-19
23.28,28.28,2.59,4.047196264133036,1991-10-20
23.2,27.11,6.09,3.469289351930639,1991-10-21
23.3,27.32,5.44,3.1965784962635984,1991-10-22
22.78,28.01,0.34,3.5953723528668315,1991-10-23
23.62,28.15,0.31,4.039213408469928,1991-10-24
23.77,28.16,0.34,3.935943339208865,1991-10-25
23.33,28.81,0.41,4.245986899891818,1991-10-26
23.55,28.5,0.56,4.136420633910818,1991-10-27
24.1,26.67,1.4,2.8539489635686355,1991-10-28
23.78,28.48,0.97,3.9603568140420116,1991-10-29
23.89,28.52,1.48,2.503904438875228,1991-10-30
23.83,28.23,1.34,3.284499264391601,1991-10-31
23.49,28.98,0.57,4.158753839912565,1991-11-01
23.63,29.18,0.03,4.149300471849539,1991-11-02
24.28,29.27,0.03,4.274023490417538,1991-11-03
24.33,29.61,0.02,4.205027652494518,1991-11-04
24.15,29.29,0.06,3.4268583227882523,1991-11-05
23.94,28.47,0.05,3.7021265396979284,1991-11-06
23.74,28.51,0.32,3.8358094388978334,1991-11-07
24.03,29.44,0.3,4.166725203452853,1991-11-08
24.43,29.28,0.33,3.9149490336543393,1991-11-09
24.25,29.54,0.31,3.9685869791076906,1991-11-10
23.97,29.55,0.18,4.003196217155827,1991-11-11
23.93,30.62,0.0,4.172455016708311,1991-11-12
23.68,30.46,0.0,4.26683210746441,1991-11-13
24.07,30.26,0.0,4.057371026647105,1991-11-14
23.85,30.27,0.0,4.08717354361665,1991-11-15
24.01,30.22,0.0,3.90594117172585,1991-11-16
24.31,29.49,1.71,3.7761376163726026,1991-11-17
24.35,29.28,2.4,4.087051076776071,1991-11-18
24.18,30.08,1.63,3.990943645760077,1991-11-19
24.18,29.33,2.01,4.124131643884026,1991-11-20
23.9,29.93,2.12,4.235623575014766,1991-11-21
24.24,30.03,0.39,3.870950297903321,1991-11-22
24.12,30.13,0.43,4.166219372001013,1991-11-23
24.43,30.48,0.8,4.248076902696328,1991-11-24
24.42,30.74,0.43,4.2419844744930355,1991-11-25
24.27,30.45,0.45,4.176193493755686,1991-11-26
24.62,29.36,0.05,4.201473092572152,1991-11-27
24.36,30.23,0.02,3.9982030656376897,1991-11-28
24.1,30.9,0.03,4.038111715015272,1991-11-29
24.44,30.59,0.06,3.972239471175175,1991-11-30
24.62,30.23,0.03,4.032503220202821,1991-12-01
24.34,30.38,0.04,3.894249896355182,1991-12-02
24.23,30.23,0.02,4.152426905650985,1991-12-03
24.53,30.38,0.05,4.129313928247619,1991-12-04
24.54,30.82,0.03,4.097829405169624,1991-12-05
24.39,30.47,0.02,3.8846551824198965,1991-12-06
24.21,30.98,0.0,4.196763413479965,1991-12-07
24.69,31.55,0.0,4.145377414795107,1991-12-08
24.73,31.61,0.0,4.003161332523814,1991-12-09
24.99,30.88,0.0,3.8129795902861994,1991-12-10
24.74,32.01,0.0,4.38955121846028,1991-12-11
24.32,31.6,0.0,4.345911724488886,1991-12-12
24.31,31.69,0.0,3.8746522980066986,1991-12-13
24.63,31.26,0.0,3.713566998569057,1991-12-14
22.24,30.76,0.0,3.5304434123228585,1991-12-15
21.9,30.53,0.0,3.545793820065319,1991-12-16
22.84,30.4,0.0,3.8878770852707847,1991-12-17
22.61,30.32,0.0,3.6467884186963917,1991-12-18
23.22,30.56,0.0,3.485495157933338,1991-12-19
24.05,31.08,0.0,3.4455897118849337,1991-12-20
23.75,30.61,0.0,3.80778737797177,1991-12-21
23.81,29.97,6.39,3.934407051066505,1991-12-22
22.76,28.7,4.63,3.709855779730352,1991-12-23
20.58,29.57,0.73,4.3647307787699345,1991-12-24
23.5,29.74,0.0,4.517593410667641,1991-12-25
23.69,30.46,0.16,4.087610645478516,1991-12-26
23.63,30.6,0.0,4.244643318215662,1991-12-27
23.54,30.82,0.0,4.233399574861748,1991-12-28
23.39,31.13,0.0,4.259788364311492,1991-12-29
22.3,30.81,0.0,3.9260960865641765,1991-12-30
23.7,30.8,0.0,3.775465792664192,1991-12-31
22.83,31.13,0.0,4.215451744109042,1992-01-01
22.52,30.5,0.0,4.056480972741714,1992-01-02
19.91,29.76,0.0,4.915107844536511,1992-01-03
19.14,30.35,0.0,5.642830292822363,1992-01-04
17.16,30.24,0.0,5.642192704863183,1992-01-05
17.23,30.2,0.0,5.340925588429499,1992-01-06
17.92,30.38,0.0,4.509094039728191,1992-01-07
18.95,30.69,0.0,4.171370889530928,1992-01-08
18.85,30.82,0.0,4.409369602238215,1992-01-09
19.62,29.81,0.0,4.261611257265072,1992-01-10
19.52,29.97,0.0,4.375888735985735,1992-01-11
20.48,30.63,0.0,3.82692695395727,1992-01-12
20.01,30.99,0.0,4.124279133354064,1992-01-13
20.33,31.55,0.0,3.6569948649090294,1992-01-14
21.11,31.21,0.0,3.417647611826498,1992-01-15
23.22,30.72,0.0,3.489471016483901,1992-01-16
23.25,31.34,0.0,4.262708374702835,1992-01-17
23.52,31.55,0.0,4.467476748469814,1992-01-18
23.54,31.7,0.0,4.836184665909163,1992-01-19
23.17,32.28,0.0,4.459309111814759,1992-01-20
23.53,31.97,0.0,4.271314592464005,1992-01-21
23.59,31.76,0.0,4.350562464285205,1992-01-22
24.69,33.34,0.0,4.859870789814358,1992-01-23
24.0,33.12,0.0,3.9831540755628874,1992-01-24
20.93,32.26,0.0,4.920981924565641,1992-01-25
22.02,32.31,0.0,4.540225761791767,1992-01-26
23.04,32.13,0.0,4.120306709232202,1992-01-27
23.5,32.77,0.0,4.518573117097189,1992-01-28
23.9,32.18,0.0,4.619085662065288,1992-01-29
24.0,32.96,0.0,4.238186318064604,1992-01-30
24.13,33.13,0.0,4.685235295709838,1992-01-31
24.22,33.48,0.0,4.526628155540988,1992-02-01
24.19,33.04,0.0,4.595516962037964,1992-02-02
24.44,32.58,0.0,4.795887325668073,1992-02-03
24.03,32.26,0.0,4.940044547717063,1992-02-04
24.33,31.69,0.16,4.247491200819878,1992-02-05
24.97,32.59,1.78,4.841967223466337,1992-02-06
25.02,32.93,0.56,4.596763523737737,1992-02-07
24.35,32.74,0.02,4.795434334224998,1992-02-08
24.6,33.18,0.0,5.106230560107381,1992-02-09
24.43,34.04,0.0,5.091806455541102,1992-02-10
24.53,32.86,0.0,4.99228053731829,1992-02-11
24.83,33.74,0.0,4.837699014250892,1992-02-12
24.3,33.69,0.0,5.407569470809522,1992-02-13
22.87,34.03,0.0,5.6974012676793135,1992-02-14
22.54,33.73,0.0,4.771568194080097,1992-02-15
24.34,33.26,0.0,4.677979136045677,1992-02-16
24.4,33.91,0.0,5.201060850844309,1992-02-17
24.69,33.59,0.0,5.348329160338253,1992-02-18
24.41,34.3,0.0,5.301058396588971,1992-02-19
24.63,34.15,0.0,5.341475006357278,1992-02-20
25.47,33.8,0.0,5.24048671533864,1992-02-21
25.91,33.67,0.0,5.70080633340853,1992-02-22
26.57,32.92,0.0,5.731516506727177,1992-02-23
25.89,33.34,0.0,5.217216250550845,1992-02-24
25.6,32.26,0.32,4.6425936798279315,1992-02-25
25.26,33.37,0.0,5.326367939836918,1992-02-26
23.98,33.67,0.0,5.556684739956801,1992-02-27
23.45,34.33,0.0,5.025808698078183,1992-02-28
24.69,32.68,0.25,5.532718573118414,1992-02-29
25.34,32.7,0.39,5.3917581346053876,1992-03-01
25.3,32.86,0.23,5.576647884065134,1992-03-02
25.15,33.39,0.46,5.4654486609787245,1992-03-03
25.12,34.04,0.06,5.667616130128671,1992-03-04
25.06,33.6,0.08,5.371846699394995,1992-03-05
25.61,33.2,0.21,5.736733640370326,1992-03-06
25.77,33.13,0.5,5.33391916697096,1992-03-07
26.29,33.21,0.29,5.6750927508380045,1992-03-08
26.38,32.49,0.46,5.2335787131029265,1992-03-09
25.81,32.78,0.53,5.031968310691975,1992-03-10
26.42,32.07,0.49,4.241014738988504,1992-03-11
26.12,32.01,1.82,5.188592760233957,1992-03-12
25.91,32.71,0.93,4.9820001900849595,1992-03-13
25.85,32.9,1.33,4.711747321521413,1992-03-14
26.42,32.36,1.64,4.97177701683551,1992-03-15
26.12,32.26,1.82,5.285399467160235,1992-03-16
26.15,32.23,2.2,5.137442399638302,1992-03-17
26.07,31.44,5.21,4.208819883678582,1992-03-18
25.72,29.75,5.43,3.195452877045979,1992-03-19
24.97,30.05,1.97,3.4275700259503843,1992-03-20
25.56,32.77,1.89,5.905347637504783,1992-03-21
25.71,33.12,0.03,4.476857631352712,1992-03-22
25.74,33.63,0.05,4.363842380812985,1992-03-23
26.33,31.7,0.07,5.136746260209981,1992-03-24
26.44,31.53,0.02,5.10362112801315,1992-03-25
26.36,30.98,0.12,3.9398022232439756,1992-03-26
25.36,29.52,3.07,3.5454005843193523,1992-03-27
25.83,30.54,0.95,4.683081046941925,1992-03-28
25.64,28.64,2.64,3.664235713899017,1992-03-29
25.41,31.25,1.2,4.323849102724531,1992-03-30
25.41,31.18,0.92,4.967310526941493,1992-03-31
25.97,30.08,1.8,4.60769913761365,1992-04-01
25.91,31.1,1.96,4.676403540590068,1992-04-02
25.87,29.36,2.62,4.448028623572486,1992-04-03
25.65,30.99,1.02,4.824913152256556,1992-04-04
25.62,30.88,1.73,4.41391782160649,1992-04-05
25.54,29.13,3.68,5.1169525087550625,1992-04-06
24.94,28.99,2.4,3.9769167174126228,1992-04-07
25.47,31.01,1.93,4.689478260670586,1992-04-08
25.88,30.89,2.16,5.275458067977928,1992-04-09
25.64,30.45,2.96,4.499541166547945,1992-04-10
25.83,28.43,10.82,4.192890591899909,1992-04-11
25.03,28.05,9.87,2.094190172817492,1992-04-12
24.97,31.2,10.98,4.233247581076078,1992-04-13
25.98,30.44,6.7,4.04334214055628,1992-04-14
26.22,30.33,6.77,4.226243737275357,1992-04-15
26.13,29.92,10.39,4.255231317169022,1992-04-16
26.08,28.89,10.09,3.9988987864550825,1992-04-17
25.71,29.39,8.04,4.605750161426715,1992-04-18
25.53,28.56,7.16,3.8317007742185005,1992-04-19
25.58,29.05,5.08,4.418966150392006,1992-04-20
25.81,28.97,2.08,3.484911126763886,1992-04-21
25.41,30.24,1.29,4.787780026499598,1992-04-22
25.8,29.92,1.24,4.570064617956703,1992-04-23
25.95,30.63,1.15,4.714346229101749,1992-04-24
26.08,29.42,1.66,4.711976756538569,1992-04-25
26.0,29.17,0.09,3.9099459616582437,1992-04-26
26.04,29.41,0.1,4.21638986432326,1992-04-27
25.62,28.85,0.14,3.693297023056816,1992-04-28
24.9,29.36,0.1,4.2159487349814375,1992-04-29
25.47,30.48,0.03,4.890826347588929,1992-04-30
26.04,30.27,2.99,4.737228636504488,1992-05-01
25.81,30.04,2.39,5.01693385183473,1992-05-02
25.74,29.74,4.64,4.74830362886425,1992-05-03
25.86,29.31,6.26,3.822745765169588,1992-05-04
25.31,27.65,11.99,3.461875820591545,1992-05-05
24.61,30.04,8.13,4.9721780986769994,1992-05-06
25.65,28.17,14.65,3.928990560316308,1992-05-07
25.5,28.94,7.68,4.701838194078684,1992-05-08
25.36,29.17,8.97,4.131532026902264,1992-05-09
25.03,28.88,15.45,2.585852604528242,1992-05-10
24.94,29.6,6.55,4.149356580568059,1992-05-11
25.16,28.4,23.62,3.6142117821912576,1992-05-12
25.1,27.46,14.85,3.167245120233788,1992-05-13
24.96,28.23,4.83,4.200392635072686,1992-05-14
25.04,28.67,7.76,4.155978017156805,1992-05-15
25.16,29.34,2.5,3.8794813147861054,1992-05-16
24.99,28.59,2.89,4.354339464615918,1992-05-17
25.08,28.92,5.16,3.2202107842810292,1992-05-18
25.26,27.91,2.0,3.7749471930203966,1992-05-19
25.0,28.37,6.1,2.8555625869485484,1992-05-20
25.19,27.16,14.86,2.8712406960748185,1992-05-21
24.62,27.56,6.58,3.631739915312189,1992-05-22
24.1,28.3,3.19,1.8384628421511957,1992-05-23
24.54,29.13,4.24,4.018778334589498,1992-05-24
25.07,28.69,7.07,3.7237361949054537,1992-05-25
24.72,27.45,7.14,1.8406707135511862,1992-05-26
24.2,26.51,1.61,3.841051757317604,1992-05-27
23.74,29.11,3.62,4.384226351777884,1992-05-28
25.04,28.76,4.39,4.011585450942257,1992-05-29
24.53,28.84,4.32,4.36575555652051,1992-05-30
24.71,28.72,3.94,3.158460768855978,1992-05-31
25.01,28.94,5.84,3.235131323154526,1992-06-01
24.7,27.17,9.79,2.0249827751542213,1992-06-02
24.19,28.17,20.91,3.8020157099932455,1992-06-03
24.1,28.31,13.74,3.6815219831445147,1992-06-04
24.49,28.07,4.72,2.6047361673375415,1992-06-05
24.66,27.98,4.09,3.9083241448233563,1992-06-06
24.6,28.21,10.95,3.9520943722099227,1992-06-07
24.85,27.53,9.61,2.6590772888498795,1992-06-08
24.73,27.54,7.01,3.1876668429914177,1992-06-09
24.68,27.45,2.77,2.6713174964980624,1992-06-10
24.17,27.91,1.23,3.9485147540795067,1992-06-11
23.71,28.39,3.07,4.153872310537961,1992-06-12
24.23,28.4,2.11,3.216470521553474,1992-06-13
24.33,28.4,1.37,3.2082282832012603,1992-06-14
24.28,26.5,22.61,2.748758826601176,1992-06-15
24.07,27.59,17.31,3.6285030287372657,1992-06-16
24.0,28.21,5.7,3.7363767843941997,1992-06-17
23.86,27.86,4.79,3.90094867268922,1992-06-18
23.65,27.79,8.06,3.694475231813339,1992-06-19
23.57,28.02,0.13,4.033066874538718,1992-06-20
23.7,28.04,0.22,3.9191635100685556,1992-06-21
23.73,27.2,0.18,3.725921856476512,1992-06-22
23.44,27.74,0.3,4.032979951283325,1992-06-23
23.4,27.27,0.5,3.298957079797397,1992-06-24
23.36,26.87,4.21,3.5126002026875662,1992-06-25
23.2,27.09,5.34,3.118500089834518,1992-06-26
23.22,26.52,3.16,2.8234489221521866,1992-06-27
22.98,26.21,3.49,3.111274929642297,1992-06-28
22.71,27.31,0.87,3.7540046933927744,1992-06-29
23.01,27.34,0.08,3.8981902557540606,1992-06-30
23.13,27.35,0.05,3.69118238447114,1992-07-01
22.74,27.47,0.14,3.761184349546007,1992-07-02
23.48,25.53,0.44,2.8241476909967167,1992-07-03
23.11,27.16,0.31,2.6355300093125065,1992-07-04
22.71,27.28,2.21,3.978434878910719,1992-07-05
22.9,26.79,4.25,2.8493377091843786,1992-07-06
22.7,27.51,1.57,3.2648168092763497,1992-07-07
23.12,26.8,2.43,3.0610364443383475,1992-07-08
23.04,25.89,1.73,2.7302198040548236,1992-07-09
22.99,27.12,1.85,3.8475672595852957,1992-07-10
22.79,27.48,1.17,3.3816051547306936,1992-07-11
23.02,27.37,4.86,2.7945852496930415,1992-07-12
23.24,26.44,9.49,2.7285728387807593,1992-07-13
22.98,25.44,5.76,1.9968806251027436,1992-07-14
22.63,27.0,3.69,2.943863298843814,1992-07-15
22.69,27.07,3.53,2.8924126925242373,1992-07-16
22.54,26.77,1.09,3.7242206156425426,1992-07-17
22.92,25.54,2.09,3.2599290617414516,1992-07-18
22.73,26.08,5.93,2.807481758852908,1992-07-19
22.55,27.0,2.55,2.894284558191929,1992-07-20
22.46,26.01,1.32,3.2784315540503477,1992-07-21
22.4,27.52,0.34,3.8268495327366914,1992-07-22
22.85,26.85,1.09,3.3614889702291526,1992-07-23
22.48,27.06,0.76,3.3253419539698528,1992-07-24
22.73,26.07,2.85,2.8845367215197824,1992-07-25
22.55,26.89,1.73,3.318240156586609,1992-07-26
22.62,26.87,1.22,3.3784693993808474,1992-07-27
22.64,26.03,1.31,3.25826583099828,1992-07-28
22.52,27.58,2.38,4.137716949963734,1992-07-29
22.65,26.24,0.35,3.7193019150720885,1992-07-30
23.05,26.63,0.15,3.7038400939936786,1992-07-31
22.77,27.7,0.05,3.5394640814304896,1992-08-01
22.41,27.78,0.05,3.8258474040036328,1992-08-02
22.69,27.41,0.07,3.6256725140812134,1992-08-03
22.51,27.57,3.79,4.217796866662996,1992-08-04
22.32,27.09,3.38,3.5984649162025897,1992-08-05
22.57,27.11,2.23,4.039042235401235,1992-08-06
22.53,26.72,3.44,3.4581007100013665,1992-08-07
22.62,26.7,1.88,3.830343289989918,1992-08-08
22.22,27.39,0.22,4.296973650506946,1992-08-09
22.22,25.99,0.32,4.0631357077335615,1992-08-10
21.97,27.3,0.76,4.153490985177056,1992-08-11
22.0,27.54,0.58,3.3128052869751308,1992-08-12
22.1,27.49,0.67,3.1324950173955086,1992-08-13
21.94,27.03,0.27,4.000335268127193,1992-08-14
21.37,26.42,0.14,3.5930739336501945,1992-08-15
21.92,27.46,0.35,4.0668579795073025,1992-08-16
22.12,28.43,0.37,3.9823103935141595,1992-08-17
22.7,27.8,0.58,3.7487020103257933,1992-08-18
22.83,27.93,0.13,4.176901167098403,1992-08-19
22.38,27.79,0.08,3.7239287944360298,1992-08-20
22.61,26.88,0.13,3.6888571799664285,1992-08-21
22.1,27.5,0.08,3.7316769866236226,1992-08-22
22.16,28.58,0.04,4.687321102057522,1992-08-23
22.41,28.63,0.61,4.9045073351369775,1992-08-24
23.02,26.93,1.19,4.153414884748136,1992-08-25
22.4,24.79,3.1,2.5405561457404344,1992-08-26
22.07,27.92,1.21,4.363698515080266,1992-08-27
22.51,28.08,1.52,4.180724009707014,1992-08-28
23.12,28.17,0.05,5.374391707418145,1992-08-29
23.16,28.87,0.09,4.7361834969326,1992-08-30
23.02,28.51,0.04,5.320961436154742,1992-08-31
22.97,28.99,0.1,4.4255038635459005,1992-09-01
23.03,28.88,0.21,4.697107065955233,1992-09-02
22.97,28.7,1.54,4.418482604402189,1992-09-03
22.91,28.86,1.19,4.074577883609614,1992-09-04
23.24,27.72,2.53,4.026914151679916,1992-09-05
23.14,25.5,3.73,3.3939828324227177,1992-09-06
22.51,28.61,0.89,4.6167125876767034,1992-09-07
22.3,29.19,2.68,4.337421580648235,1992-09-08
22.8,26.63,4.43,3.0673825279280895,1992-09-09
22.8,27.68,7.81,3.4744149853043167,1992-09-10
22.9,27.52,2.5,3.1997291471353617,1992-09-11
22.57,28.46,3.66,4.154317906336017,1992-09-12
23.31,27.04,19.69,3.202620000095975,1992-09-13
23.21,24.99,8.82,3.1033731941860476,1992-09-14
22.83,27.76,7.76,4.280651880707421,1992-09-15
22.6,26.71,10.44,2.6378380847524436,1992-09-16
22.85,25.58,12.01,3.084442596521982,1992-09-17
22.97,27.71,4.73,3.849584859970442,1992-09-18
23.55,27.73,2.95,3.866205876597689,1992-09-19
23.29,26.67,14.12,3.3782231389139645,1992-09-20
23.54,26.76,8.94,2.6759038121932646,1992-09-21
23.38,26.44,8.67,1.9336123789706217,1992-09-22
23.39,26.85,8.64,4.583323689176224,1992-09-23
23.44,27.29,4.44,3.8786995560372985,1992-09-24
23.41,27.62,3.91,3.9308386733206064,1992-09-25
23.42,28.58,4.01,3.5415204650754672,1992-09-26
23.28,28.42,1.97,4.152097458402163,1992-09-27
23.44,28.22,6.9,3.1694204370275223,1992-09-28
23.86,27.6,12.37,3.5818646637146174,1992-09-29
23.7,27.44,13.83,3.083047432553125,1992-09-30
23.6,27.22,8.79,3.357957662192519,1992-10-01
23.49,27.92,4.13,4.1443673621407715,1992-10-02
23.61,28.38,0.16,3.807739525714201,1992-10-03
23.7,26.79,0.2,3.6037919758179013,1992-10-04
23.55,27.55,0.16,3.6622320671647133,1992-10-05
23.58,29.14,0.17,4.1480644537123315,1992-10-06
23.81,28.35,0.32,3.1027581303913805,1992-10-07
23.75,27.43,5.49,3.8113565718449713,1992-10-08
23.59,27.62,2.33,3.5433988608916858,1992-10-09
23.1,28.78,2.34,4.3676887725636355,1992-10-10
24.02,26.09,3.58,2.8837877405413774,1992-10-11
23.78,28.17,2.45,3.223402413458272,1992-10-12
23.92,28.38,1.6,4.044484344538974,1992-10-13
24.04,28.95,1.4,4.322974687460714,1992-10-14
24.4,29.33,1.03,4.5192639043686285,1992-10-15
24.47,28.46,3.91,3.8855142053089557,1992-10-16
24.55,27.48,5.02,3.6226040089819627,1992-10-17
24.07,27.5,1.76,4.008121142863116,1992-10-18
23.8,27.99,4.93,3.8564507066201617,1992-10-19
23.89,28.16,2.41,3.9584624642409,1992-10-20
23.2,28.79,1.71,3.6996111183980886,1992-10-21
23.53,28.65,3.38,4.035926468957723,1992-10-22
24.32,29.29,0.04,3.9444780963217667,1992-10-23
24.23,28.95,0.05,3.8871178019963324,1992-10-24
23.94,29.37,0.02,4.310374529784789,1992-10-25
23.79,30.22,0.03,4.39912121365971,1992-10-26
23.82,29.96,0.04,4.016729326838167,1992-10-27
24.4,28.47,1.24,3.569910958167955,1992-10-28
24.39,28.88,1.86,3.88846257524274,1992-10-29
24.02,27.55,5.78,3.9571484189903314,1992-10-30
23.76,27.07,1.54,3.152313913476173,1992-10-31
23.83,28.16,0.61,4.123257604713442,1992-11-01
23.97,28.95,0.9,4.100358154675655,1992-11-02
24.7,29.27,0.77,4.366827505337619,1992-11-03
24.66,29.6,0.89,4.250440968316328,1992-11-04
24.33,27.97,1.39,3.253444391406203,1992-11-05
24.3,28.95,0.73,2.2308764053156613,1992-11-06
24.32,27.74,1.06,3.6297886008665183,1992-11-07
23.54,26.39,2.46,3.425143701875073,1992-11-08
22.95,27.88,2.06,3.1194643244986824,1992-11-09
23.79,27.89,2.39,3.359556409077987,1992-11-10
23.56,27.41,1.93,3.498788105997459,1992-11-11
24.04,28.17,2.03,3.6646337809912097,1992-11-12
23.67,28.89,1.01,4.209189830232975,1992-11-13
23.9,29.55,1.47,3.8911755926920133,1992-11-14
23.86,30.34,1.31,3.88092855251373,1992-11-15
24.42,29.73,2.46,2.6055321952408255,1992-11-16
24.36,30.52,0.17,4.261521776912693,1992-11-17
24.45,30.79,0.28,4.09728827358539,1992-11-18
24.38,31.02,0.36,4.140655063677903,1992-11-19
24.62,30.88,0.37,3.9956795262874287,1992-11-20
24.83,30.58,0.23,4.185172859444769,1992-11-21
24.25,30.39,0.0,4.486617996157308,1992-11-22
23.85,30.88,0.0,4.514484034316377,1992-11-23
23.61,30.7,0.0,3.730106933848554,1992-11-24
23.34,30.93,0.0,4.342478597852113,1992-11-25
22.12,30.99,0.0,4.013193896430729,1992-11-26
22.14,30.77,0.0,4.0435929158669355,1992-11-27
22.5,30.63,0.0,4.92398810811371,1992-11-28
21.56,31.04,0.0,4.252763632280033,1992-11-29
21.33,31.26,0.0,4.260562897424602,1992-11-30
21.18,31.11,0.0,3.8259361813711963,1992-12-01
23.41,31.71,0.0,3.760876375460914,1992-12-02
24.04,32.15,0.0,4.058972411251326,1992-12-03
24.06,31.76,0.03,4.318075608082754,1992-12-04
24.56,31.68,0.09,4.760237031479085,1992-12-05
22.86,30.83,0.07,4.3727475997380045,1992-12-06
22.79,32.36,0.01,4.449682558534665,1992-12-07
24.64,32.49,0.01,4.666940296964596,1992-12-08
25.09,29.59,0.02,3.97093897445696,1992-12-09
24.71,31.07,0.02,4.389157204124455,1992-12-10
24.53,31.95,0.01,4.239441445339572,1992-12-11
24.61,32.41,0.58,4.290638807845437,1992-12-12
25.26,32.88,0.25,4.660894136742871,1992-12-13
24.77,32.64,0.29,4.493666735330955,1992-12-14
25.01,31.74,0.64,4.319942835241089,1992-12-15
25.15,29.27,0.37,4.058989638381443,1992-12-16
24.84,32.26,0.03,4.058136384325954,1992-12-17
25.21,29.15,0.02,3.8067588982578395,1992-12-18
24.24,31.91,0.01,4.451518898865688,1992-12-19
23.04,31.98,0.0,4.621672307110097,1992-12-20
23.55,32.01,0.0,4.908363196209917,1992-12-21
22.79,32.33,0.0,4.838904539849351,1992-12-22
23.0,32.34,0.0,4.898971498592087,1992-12-23
22.74,31.71,0.0,5.295582101059998,1992-12-24
22.62,31.84,0.0,4.6469069919976285,1992-12-25
23.01,32.0,0.0,4.196533531041938,1992-12-26
23.64,32.23,0.05,4.521966053510647,1992-12-27
24.02,32.79,0.1,4.6987222467963505,1992-12-28
25.01,31.96,0.22,4.484589117708272,1992-12-29
25.03,32.04,0.34,4.719386156929014,1992-12-30
25.22,32.59,0.18,4.4909805131409675,1992-12-31
25.07,32.47,0.3,4.336844677386868,1993-01-01
25.5,31.09,0.26,4.149690461847403,1993-01-02
25.6,32.72,0.17,4.734491165801246,1993-01-03
24.87,32.82,0.22,4.71375336977514,1993-01-04
25.26,32.91,0.42,4.71746582822852,1993-01-05
24.44,32.62,0.0,5.389341276464942,1993-01-06
20.92,31.25,0.0,5.710667710676715,1993-01-07
20.31,31.38,0.0,5.813229238237658,1993-01-08
20.16,31.62,0.0,6.262479345486201,1993-01-09
20.98,31.72,0.0,5.860816860594026,1993-01-10
21.59,31.28,0.0,4.748985428562423,1993-01-11
20.93,31.2,0.0,4.6859034359762886,1993-01-12
20.98,31.51,0.0,4.730488422352238,1993-01-13
21.47,32.04,0.0,4.49714881466848,1993-01-14
22.28,32.06,0.0,4.393335075965324,1993-01-15
22.76,32.27,0.0,4.837569290471644,1993-01-16
22.94,31.81,0.0,4.282972860770471,1993-01-17
22.85,31.48,0.0,4.140685346249399,1993-01-18
23.62,31.42,0.0,3.764680849974716,1993-01-19
23.13,32.97,0.0,4.296524161160158,1993-01-20
21.94,32.61,0.0,4.865375308577373,1993-01-21
20.73,32.37,0.0,5.1818556735389905,1993-01-22
21.38,31.71,0.0,5.025491569625569,1993-01-23
21.43,31.88,0.0,4.819198632752791,1993-01-24
20.04,32.81,0.0,4.909728851409444,1993-01-25
20.55,32.3,0.0,4.025127753508021,1993-01-26
22.72,32.52,0.0,4.428027663079802,1993-01-27
23.35,32.88,0.0,4.984350320860859,1993-01-28
24.06,33.16,0.0,4.845114319430982,1993-01-29
24.33,32.55,0.0,5.508210961961106,1993-01-30
24.79,31.86,0.45,4.958397490971473,1993-01-31
24.47,32.27,1.33,4.747721943791457,1993-02-01
24.71,31.92,2.14,4.799977253058818,1993-02-02
24.79,31.89,3.01,4.907485790984745,1993-02-03
24.76,33.09,1.07,5.202262289789271,1993-02-04
25.35,33.29,0.04,5.445568753225392,1993-02-05
25.09,32.65,0.18,4.665665826126995,1993-02-06
24.17,32.83,0.0,5.499329819715333,1993-02-07
23.64,33.34,0.0,5.19286288933573,1993-02-08
23.52,33.79,0.0,4.91288147265109,1993-02-09
23.33,33.38,0.0,5.065089353114589,1993-02-10
23.2,33.62,0.0,5.033686973333672,1993-02-11
24.28,32.9,0.0,5.224329662921447,1993-02-12
24.8,33.01,0.01,5.599859913099521,1993-02-13
25.09,32.76,0.02,4.903169079289636,1993-02-14
25.63,31.92,3.93,4.911604058926962,1993-02-15
25.82,32.88,3.79,5.730943751939717,1993-02-16
26.22,31.36,5.69,4.603123071933656,1993-02-17
25.65,30.1,5.36,4.223678465204143,1993-02-18
25.62,32.68,4.61,4.952995944722877,1993-02-19
25.58,33.19,0.02,4.810313842462101,1993-02-20
24.93,33.83,0.0,5.741608753974677,1993-02-21
25.55,30.55,0.01,4.2611352507388975,1993-02-22
25.01,30.51,0.02,3.9215823849900473,1993-02-23
25.3,31.47,0.01,4.828258761793593,1993-02-24
24.93,31.88,1.0,4.647620741623465,1993-02-25
25.81,29.48,4.11,3.9690051584424366,1993-02-26
25.39,30.97,1.24,4.5410103145229845,1993-02-27
25.58,31.4,1.95,4.848527454119002,1993-02-28
25.6,29.71,2.42,3.9075756494178373,1993-03-01
25.11,31.08,0.13,4.548649590762402,1993-03-02
25.48,29.36,0.17,4.413142057382297,1993-03-03
25.19,30.24,0.21,4.563616919170694,1993-03-04
25.3,31.06,0.16,4.5179144134878335,1993-03-05
25.47,30.69,0.26,4.716452060181322,1993-03-06
25.07,29.82,4.27,4.105228265755888,1993-03-07
25.4,29.18,3.06,4.03524810926907,1993-03-08
25.25,29.23,1.98,4.09506850299829,1993-03-09
25.09,28.97,1.81,2.7254720816848232,1993-03-10
24.73,32.02,1.44,5.460715626286584,1993-03-11
25.77,29.58,12.08,4.657028576519185,1993-03-12
25.33,30.14,10.75,4.215574399609898,1993-03-13
25.33,27.98,9.69,3.844574846417792,1993-03-14
24.62,27.99,7.36,2.036851275041955,1993-03-15
24.39,29.61,1.4,4.470983659904806,1993-03-16
25.4,31.28,0.9,5.373306859287481,1993-03-17
25.75,30.21,1.79,4.785208640800317,1993-03-18
25.48,30.16,2.0,3.6832448016106247,1993-03-19
23.03,31.05,0.05,5.073593460311417,1993-03-20
21.48,31.16,0.0,4.858381664009595,1993-03-21
21.97,32.18,0.0,5.58665789905348,1993-03-22
23.52,32.46,0.0,4.653792913540438,1993-03-23
23.89,32.1,0.0,4.385903805819619,1993-03-24
24.35,32.29,0.0,4.794975611711649,1993-03-25
25.63,31.41,0.0,4.334183607376504,1993-03-26
25.76,30.46,1.09,4.983704903341522,1993-03-27
25.77,30.89,1.16,4.900326926581588,1993-03-28
25.49,31.35,0.79,4.611148173862609,1993-03-29
25.91,30.51,1.5,5.03186938643073,1993-03-30
25.59,29.82,1.25,4.187328821402703,1993-03-31
25.6,29.65,2.51,4.325019871790428,1993-04-01
25.62,28.95,3.42,4.387436821013076,1993-04-02
25.21,29.49,2.05,4.587221345054555,1993-04-03
25.5,29.67,1.76,4.320276532578302,1993-04-04
25.36,30.51,2.43,4.7986907385146145,1993-04-05
26.04,29.38,1.7,4.319308583196825,1993-04-06
25.76,30.26,1.53,4.960918025284723,1993-04-07
25.12,32.16,0.57,5.0713217020028285,1993-04-08
26.05,30.95,2.32,5.306119917601179,1993-04-09
25.73,31.74,2.01,5.278269038512551,1993-04-10
26.3,29.99,0.95,4.043843888470071,1993-04-11
25.84,31.14,0.82,4.978372152494178,1993-04-12
26.41,30.9,0.76,4.307529173741788,1993-04-13
26.05,29.94,1.33,4.246459510278304,1993-04-14
25.82,31.08,0.66,4.674322717376784,1993-04-15
25.5,30.97,6.02,4.673713619775847,1993-04-16
25.95,29.09,14.43,3.826401809048655,1993-04-17
25.42,28.57,16.52,3.874276276882673,1993-04-18
25.89,29.64,12.16,3.942517857823234,1993-04-19
25.84,29.12,5.36,2.415321179446835,1993-04-20
25.43,30.52,2.91,4.96165373015883,1993-04-21
25.75,29.75,2.84,3.7860044674040347,1993-04-22
25.13,28.15,2.02,4.064462127463111,1993-04-23
24.92,29.44,1.55,4.721582944189063,1993-04-24
25.6,29.73,1.37,4.701383053872349,1993-04-25
25.79,29.25,5.84,3.6558611011739894,1993-04-26
25.45,28.96,8.15,3.5372915666598748,1993-04-27
25.17,30.18,2.17,5.089553266259553,1993-04-28
25.74,28.94,5.0,4.776035408491184,1993-04-29
25.46,29.49,5.4,4.755139891397841,1993-04-30
25.68,29.97,1.45,4.795249922035315,1993-05-01
25.88,29.55,2.1,4.033074681389569,1993-05-02
26.39,30.33,3.23,4.275288069396686,1993-05-03
26.12,30.08,3.2,4.174328855701266,1993-05-04
25.91,29.55,4.1,3.6390910379957786,1993-05-05
25.88,28.49,4.05,2.433793386159645,1993-05-06
25.46,28.83,3.57,4.63562803890963,1993-05-07
25.87,28.97,5.23,4.70555293430351,1993-05-08
25.77,29.62,6.67,3.691399138729359,1993-05-09
25.94,28.72,5.35,2.4372793144288787,1993-05-10
25.56,29.67,1.6,4.70510240306637,1993-05-11
26.03,29.17,3.22,4.636275951552289,1993-05-12
25.86,28.84,3.55,3.205181672057799,1993-05-13
25.38,28.3,4.82,3.9983168577785104,1993-05-14
25.21,28.96,4.42,3.0329559327574103,1993-05-15
25.4,29.36,6.13,4.648097005104402,1993-05-16
25.68,28.88,6.2,4.298963511683449,1993-05-17
25.12,30.12,7.08,4.86938553636558,1993-05-18
25.62,28.56,14.47,2.3150533354103326,1993-05-19
25.12,28.82,22.39,3.939609632928406,1993-05-20
25.47,28.27,5.11,4.3307431322395304,1993-05-21
25.37,29.33,3.83,4.243915571728387,1993-05-22
25.57,28.56,4.67,3.963599272268643,1993-05-23
25.28,27.95,5.83,3.060842018297167,1993-05-24
24.88,28.31,2.95,4.273301850072547,1993-05-25
25.09,29.23,5.53,2.9198539935067576,1993-05-26
25.09,29.59,3.1,4.280748647887017,1993-05-27
25.59,29.37,6.35,1.9873436893482732,1993-05-28
25.46,29.54,4.99,4.262441043042203,1993-05-29
25.24,29.17,8.71,4.183230701459866,1993-05-30
25.09,28.88,13.64,3.7119518219886682,1993-05-31
25.18,28.41,9.51,2.585666207412048,1993-06-01
25.06,28.36,7.96,3.630397930461344,1993-06-02
24.51,27.36,12.04,3.3447628961381763,1993-06-03
24.46,27.97,2.81,3.943644474791381,1993-06-04
24.68,28.2,3.54,3.1459321173156023,1993-06-05
24.85,28.94,3.18,2.5581764216338545,1993-06-06
24.66,28.52,3.73,3.667017031815078,1993-06-07
24.95,28.26,5.79,3.45871893738049,1993-06-08
24.61,28.59,3.79,3.313168466387637,1993-06-09
24.39,26.73,3.09,3.4523590153043613,1993-06-10
23.96,29.17,2.26,4.600043389109048,1993-06-11
24.21,29.2,2.12,4.25314589666904,1993-06-12
24.74,28.84,2.88,4.2006112389635435,1993-06-13
24.28,28.85,4.49,3.92351940258917,1993-06-14
24.29,27.53,12.09,2.6598591135210645,1993-06-15
24.07,27.17,6.88,3.037668619803432,1993-06-16
23.96,27.73,3.56,3.6818754186041165,1993-06-17
24.09,28.65,2.9,4.164350922629134,1993-06-18
24.17,28.39,3.13,4.034986686140823,1993-06-19
24.15,28.92,7.0,4.367482714702693,1993-06-20
24.06,26.29,52.6,1.638923587860214,1993-06-21
24.0,26.52,24.43,3.2306014539166505,1993-06-22
23.83,27.23,12.41,3.0191374755164233,1993-06-23
23.96,26.79,5.21,3.6709417463802527,1993-06-24
23.74,28.48,2.2,4.075047044190167,1993-06-25
24.28,27.22,3.39,3.317940728979358,1993-06-26
24.26,28.24,1.82,2.990935481184759,1993-06-27
24.14,27.81,3.33,2.6884073555838475,1993-06-28
24.03,27.96,5.54,3.7931325768504394,1993-06-29
24.03,27.58,4.96,3.561833680551754,1993-06-30
24.13,26.46,22.07,2.244031039428414,1993-07-01
24.02,28.01,13.1,3.1649817691710718,1993-07-02
23.71,26.39,6.08,3.1421449105129713,1993-07-03
23.81,26.75,14.16,2.746022369159291,1993-07-04
23.6,26.98,34.39,3.0241760837984963,1993-07-05
23.46,27.57,9.31,3.01145937216438,1993-07-06
23.89,27.79,6.49,3.492971977908743,1993-07-07
23.56,27.93,1.96,4.03154533813872,1993-07-08
23.54,27.62,14.21,3.3528353076306003,1993-07-09
23.74,27.42,0.89,3.5982453880405982,1993-07-10
23.24,27.12,0.31,2.8897662604565237,1993-07-11
23.2,27.2,0.3,3.604645680905325,1993-07-12
22.83,27.39,0.46,3.6876313474377107,1993-07-13
22.93,26.88,0.44,3.5451707964463104,1993-07-14
22.82,26.81,6.4,3.0626632390437365,1993-07-15
22.9,25.86,5.99,2.6795272603159974,1993-07-16
22.61,25.5,3.1,2.867543177255549,1993-07-17
22.25,26.25,1.68,3.722925697840274,1993-07-18
22.46,26.58,2.59,3.4391210685201545,1993-07-19
22.43,26.78,1.46,3.499807237844446,1993-07-20
22.21,26.22,1.46,3.39276243832137,1993-07-21
21.99,26.49,1.0,3.6850881494314462,1993-07-22
21.9,26.86,0.76,3.3621776096692524,1993-07-23
21.76,26.79,0.4,4.165783041130505,1993-07-24
22.6,25.08,0.78,2.9400305481071394,1993-07-25
22.32,26.64,0.77,3.4555413158424857,1993-07-26
22.19,27.11,0.45,3.8233612008338045,1993-07-27
22.14,27.29,0.41,3.9020961679477617,1993-07-28
22.31,25.05,0.72,3.7920978425912932,1993-07-29
22.15,25.46,6.47,2.464830355795163,1993-07-30
21.82,26.21,2.3,3.1955126945110677,1993-07-31
22.48,27.82,1.54,3.7544902758692715,1993-08-01
22.79,27.37,3.07,3.521719814734445,1993-08-02
22.74,26.57,3.0,3.7506466563305456,1993-08-03
22.57,26.77,2.21,3.2921163317732813,1993-08-04
22.58,26.7,1.85,3.0870943735697822,1993-08-05
22.42,26.64,1.05,3.163792160638065,1993-08-06
21.87,27.57,0.47,3.779449539929484,1993-08-07
22.56,26.91,0.32,3.8172556542763076,1993-08-08
22.21,27.35,1.09,3.1395837612882835,1993-08-09
22.45,27.42,0.39,3.2587899896996184,1993-08-10
22.38,28.15,0.19,4.044816260274072,1993-08-11
22.61,27.11,0.69,3.907379931231264,1993-08-12
23.16,26.79,1.34,4.046240022663896,1993-08-13
23.08,27.75,6.05,4.595299426040363,1993-08-14
22.79,28.0,8.26,3.8856863731423936,1993-08-15
23.27,26.35,13.26,3.1181068517486956,1993-08-16
22.98,27.72,5.54,3.8085340034711113,1993-08-17
22.98,27.32,8.92,3.54116958977586,1993-08-18
23.13,27.42,2.7,3.518038744847768,1993-08-19
23.12,27.25,3.31,3.7837838916965656,1993-08-20
23.24,27.35,1.96,3.436361545807188,1993-08-21
22.98,27.81,1.29,3.680929431539444,1993-08-22
23.21,26.77,3.08,3.515103659850129,1993-08-23
22.8,26.36,4.92,3.117355146334998,1993-08-24
22.63,27.88,4.07,3.1759957693777445,1993-08-25
23.42,26.99,4.32,3.681148543036447,1993-08-26
23.27,26.9,6.63,3.4300613636302257,1993-08-27
22.82,26.97,10.91,3.4613436284497507,1993-08-28
22.5,27.31,3.66,3.699897447972096,1993-08-29
22.92,25.9,3.76,3.352172230227935,1993-08-30
22.74,27.11,5.07,3.4898318315434063,1993-08-31
22.66,27.11,2.57,3.2185811915278584,1993-09-01
22.64,27.83,7.52,3.536577820928865,1993-09-02
23.12,25.84,2.84,3.593543836683933,1993-09-03
23.35,27.44,3.08,4.1084359647146895,1993-09-04
23.41,27.31,3.38,3.5939529263580385,1993-09-05
23.09,27.56,5.92,3.0436618046739805,1993-09-06
23.25,27.44,5.33,2.436332233622475,1993-09-07
23.41,26.07,16.43,3.602896911524465,1993-09-08
23.42,27.62,7.76,3.158546426933958,1993-09-09
23.33,26.51,5.1,3.192871293168854,1993-09-10
23.2,26.63,4.53,3.2223631522709626,1993-09-11
23.27,27.44,4.02,3.3971790154793964,1993-09-12
23.39,27.4,25.82,3.208288729845408,1993-09-13
23.57,27.22,7.93,3.5714892924268495,1993-09-14
23.45,27.27,8.34,3.963137846526751,1993-09-15
23.67,27.1,13.85,2.954606416222011,1993-09-16
23.39,27.79,3.97,4.036810801304052,1993-09-17
23.41,27.35,3.92,3.5012691373484217,1993-09-18
23.18,26.61,7.51,3.176920182885327,1993-09-19
23.19,27.2,3.79,2.6357597976773546,1993-09-20
23.44,27.02,4.76,3.0938659316125023,1993-09-21
23.21,27.82,1.69,4.173949371840404,1993-09-22
23.45,27.92,2.68,3.7401086806504256,1993-09-23
23.83,25.91,6.79,3.353113542478341,1993-09-24
23.62,27.01,13.9,3.533028420242845,1993-09-25
23.47,27.86,2.87,2.0712923431552417,1993-09-26
23.75,27.86,3.8,4.428256133991008,1993-09-27
23.56,26.41,2.97,3.1515682306956636,1993-09-28
23.35,27.44,4.19,3.8064957618668633,1993-09-29
24.09,27.47,4.04,3.168569220296196,1993-09-30
24.14,28.17,3.25,4.235625932454954,1993-10-01
24.06,27.76,1.27,4.007188107147684,1993-10-02
23.87,28.47,3.86,3.711165000526028,1993-10-03
24.41,28.41,5.01,4.017784532339261,1993-10-04
24.17,28.04,4.95,4.063256546256341,1993-10-05
24.13,28.9,2.33,3.5924841799050817,1993-10-06
24.4,27.52,8.86,2.4009159194465233,1993-10-07
23.89,26.85,10.89,2.9282828648249293,1993-10-08
23.52,26.72,18.47,3.4750547000355363,1993-10-09
23.29,27.14,5.98,2.9938888656139815,1993-10-10
23.69,28.94,6.97,3.7654934936219537,1993-10-11
23.94,29.06,7.77,4.080607871061303,1993-10-12
24.32,27.54,1.41,3.4210466734785747,1993-10-13
24.01,29.06,1.22,4.251494079714707,1993-10-14
24.54,29.15,2.0,3.699076149480758,1993-10-15
24.03,29.43,0.95,4.169156859038932,1993-10-16
24.41,28.18,1.29,3.596400591379883,1993-10-17
24.18,28.61,0.48,4.273952307588073,1993-10-18
24.31,28.73,0.72,4.050846669266697,1993-10-19
24.32,27.73,0.32,2.9757752602781524,1993-10-20
24.2,28.38,0.27,4.291248477306437,1993-10-21
24.01,29.46,0.59,4.213510177526179,1993-10-22
24.72,29.59,8.88,2.3097571633537437,1993-10-23
24.78,29.31,3.1,4.428371481208731,1993-10-24
24.95,28.27,1.55,4.383081407655055,1993-10-25
24.75,28.56,6.75,4.1902089001872085,1993-10-26
24.15,28.05,5.36,4.047872444923306,1993-10-27
25.0,28.55,0.4,4.239904779223779,1993-10-28
24.78,28.14,0.28,4.012982516524162,1993-10-29
24.72,29.17,0.48,4.2964662408878915,1993-10-30
24.17,30.02,0.49,4.326822762394802,1993-10-31
24.73,29.39,0.41,4.140371277800035,1993-11-01
24.71,28.86,3.74,2.88622638304501,1993-11-02
24.45,28.29,2.73,4.074508452971882,1993-11-03
24.38,29.58,0.6,4.255963151660671,1993-11-04
24.7,29.66,0.38,4.4045782058456915,1993-11-05
24.47,29.99,0.7,4.3293205973556415,1993-11-06
24.31,30.76,0.18,4.5768443465818285,1993-11-07
24.67,29.94,0.14,4.099533561636818,1993-11-08
24.54,29.07,0.14,4.358309095786093,1993-11-09
24.61,29.83,0.16,4.48876844930925,1993-11-10
24.57,29.95,0.26,4.236441282764185,1993-11-11
25.02,29.65,0.22,4.183302869502636,1993-11-12
24.61,30.48,0.28,4.123551532704624,1993-11-13
25.32,29.6,0.46,4.139499961502493,1993-11-14
25.2,29.96,0.38,3.192384358314877,1993-11-15
24.37,30.39,0.26,4.153481845630821,1993-11-16
24.56,30.99,1.14,4.111014865353707,1993-11-17
24.64,30.0,2.58,2.6671658448234115,1993-11-18
24.87,28.96,1.87,4.0315401125199,1993-11-19
24.87,28.39,2.4,3.8499610927150987,1993-11-20
24.38,28.46,6.0,3.6791114279933472,1993-11-21
24.14,29.76,0.85,4.0486208734935785,1993-11-22
24.7,29.75,0.75,4.2751195396591255,1993-11-23
24.47,29.96,0.5,4.0260028033306705,1993-11-24
24.5,30.49,0.84,3.8459106431711128,1993-11-25
25.11,29.41,0.87,3.700878781840244,1993-11-26
23.62,28.04,16.19,2.7894604810389874,1993-11-27
22.79,27.79,4.01,3.8050013680778156,1993-11-28
23.82,28.4,4.72,3.6631949140344737,1993-11-29
24.03,27.65,2.87,3.3902179766996574,1993-11-30
24.28,28.73,2.3,3.4700965554232375,1993-12-01
24.53,28.65,6.4,3.8715456545455176,1993-12-02
24.31,27.4,3.69,3.2266722072019527,1993-12-03
24.2,28.44,4.79,3.3973801989696213,1993-12-04
24.47,28.6,4.67,3.5550147417541638,1993-12-05
24.89,28.41,1.86,3.551517320108595,1993-12-06
25.03,30.08,0.0,3.768726502508153,1993-12-07
25.19,30.69,0.0,3.9674153666909273,1993-12-08
24.24,30.38,0.0,3.6627783621343126,1993-12-09
23.53,30.03,0.0,3.5814510890890934,1993-12-10
23.59,30.4,0.0,3.6660151657006246,1993-12-11
23.25,30.44,0.0,3.705094156786672,1993-12-12
22.63,30.36,0.0,3.3813106332093295,1993-12-13
23.12,30.62,0.0,3.3708292860379085,1993-12-14
23.35,30.72,0.0,3.4259602969830953,1993-12-15
23.88,30.77,0.0,3.2203989535672433,1993-12-16
24.01,31.44,0.01,3.4357402783926316,1993-12-17
24.84,31.54,0.09,3.4836716953327023,1993-12-18
24.88,31.6,0.56,3.514216907175337,1993-12-19
24.63,31.65,0.99,3.776516071719408,1993-12-20
25.13,30.12,0.99,3.6788231924595114,1993-12-21
24.48,31.65,1.01,4.142737271814667,1993-12-22
25.0,31.02,0.7,4.000658623460819,1993-12-23
24.21,31.38,0.01,3.902486599471029,1993-12-24
23.2,31.32,0.0,3.5355555019073255,1993-12-25
23.08,31.41,0.0,3.4759940250939323,1993-12-26
24.07,31.72,0.0,3.3943842810476976,1993-12-27
24.02,32.49,0.0,3.5866212953413825,1993-12-28
24.86,32.37,0.0,4.062659450326893,1993-12-29
24.75,32.05,0.0,4.32838883128796,1993-12-30
23.5,31.44,0.0,4.693042323774569,1993-12-31
22.52,31.14,0.0,5.212243596105087,1994-01-01
20.34,30.71,0.0,5.225863680899164,1994-01-02
20.75,31.12,0.0,4.719756628959722,1994-01-03
21.91,31.48,0.0,4.125785021122992,1994-01-04
23.15,31.94,0.0,3.904346515053433,1994-01-05
23.59,31.49,0.0,3.9328929113259643,1994-01-06
24.08,31.44,0.02,4.271789993365959,1994-01-07
24.89,29.69,0.04,3.798233015609944,1994-01-08
25.05,31.44,0.11,4.131494068700816,1994-01-09
24.92,30.91,0.11,4.172972903120498,1994-01-10
24.92,30.69,0.13,4.04586854266769,1994-01-11
24.76,31.92,0.12,3.982477058795488,1994-01-12
24.84,32.44,0.11,3.7698417990729927,1994-01-13
24.66,32.02,0.07,4.429572357224006,1994-01-14
23.84,30.94,0.01,5.070855175621298,1994-01-15
22.2,31.03,0.0,4.143168001615993,1994-01-16
22.85,31.74,0.0,4.758081174035185,1994-01-17
24.39,31.65,0.03,4.765413830961878,1994-01-18
24.93,32.1,0.02,4.554094442706036,1994-01-19
25.17,32.11,0.05,4.721927679605787,1994-01-20
25.48,32.09,0.18,4.850204723181821,1994-01-21
25.17,32.34,0.05,5.1368466535804105,1994-01-22
24.86,31.41,0.09,4.980400486554646,1994-01-23
25.27,30.69,0.12,4.572407031500019,1994-01-24
25.16,30.29,0.29,4.2925099927171635,1994-01-25
25.07,29.27,0.96,3.7096947272172143,1994-01-26
24.54,31.21,0.72,4.557478228871142,1994-01-27
24.62,31.77,0.41,4.416795170078595,1994-01-28
24.72,32.94,0.57,4.501680830383297,1994-01-29
24.83,32.47,1.2,4.49968769705354,1994-01-30
24.54,32.11,0.78,4.656974999900348,1994-01-31
24.15,31.97,0.05,4.116267616164724,1994-02-01
22.49,32.31,0.0,4.357916189741729,1994-02-02
23.21,32.05,0.1,4.3573777692099895,1994-02-03
24.5,31.31,0.85,2.9527456074542635,1994-02-04
24.76,31.12,0.08,4.121698855929354,1994-02-05
24.92,31.73,0.11,4.538842011948974,1994-02-06
24.78,32.73,0.17,4.385956315837315,1994-02-07
24.99,33.09,0.18,4.640602587464187,1994-02-08
25.05,32.89,0.21,4.80146572943803,1994-02-09
25.57,30.77,0.73,4.513684817269932,1994-02-10
25.04,31.54,0.54,4.596691383749376,1994-02-11
25.49,29.75,0.55,4.349446654975746,1994-02-12
25.39,31.31,0.44,4.497334023571389,1994-02-13
25.23,32.17,0.73,4.4917132928387025,1994-02-14
25.05,33.28,0.1,4.981538376715329,1994-02-15
25.48,33.4,0.15,5.085926401418412,1994-02-16
25.77,32.63,0.07,5.067387203184162,1994-02-17
25.9,32.39,0.06,5.38688285242177,1994-02-18
26.17,31.41,0.22,4.976754976894837,1994-02-19
25.91,31.46,1.57,4.583560473066727,1994-02-20
25.98,30.7,0.68,4.514902095248442,1994-02-21
25.59,32.97,0.65,5.004718294142379,1994-02-22
25.23,32.89,0.99,5.134004834566,1994-02-23
25.62,32.91,0.73,4.9806802221335875,1994-02-24
25.47,33.44,1.84,5.246281811688938,1994-02-25
25.59,33.0,2.19,5.011237768947209,1994-02-26
25.93,31.77,4.92,4.617435495761209,1994-02-27
25.61,30.33,6.62,4.374993054775731,1994-02-28
25.54,30.94,15.13,3.4491654510613823,1994-03-01
25.63,29.52,2.85,4.118184304469001,1994-03-02
25.61,32.29,1.2,5.421750276498416,1994-03-03
25.77,29.37,3.75,4.414988201044298,1994-03-04
25.04,31.66,3.69,4.024836537519426,1994-03-05
25.48,31.19,2.56,4.376572403641849,1994-03-06
26.02,29.58,4.93,4.6495639125316215,1994-03-07
26.02,30.93,6.62,4.414916684328913,1994-03-08
25.9,29.83,6.91,4.698788737922444,1994-03-09
25.58,28.4,6.2,3.696969443210361,1994-03-10
24.89,28.69,4.69,4.66881904404216,1994-03-11
24.54,30.08,1.16,4.54538636092354,1994-03-12
24.84,30.59,2.37,4.326950611184865,1994-03-13
25.49,29.76,2.34,3.7088705117869276,1994-03-14
25.46,30.29,1.86,4.109931320854507,1994-03-15
25.4,30.19,1.49,4.985061548066735,1994-03-16
25.78,29.15,6.03,4.0200974223170824,1994-03-17
25.27,30.9,2.86,4.950975313209546,1994-03-18
25.74,29.62,1.96,4.065105772890065,1994-03-19
25.76,28.83,1.96,4.098161000930123,1994-03-20
25.18,28.91,3.22,3.88641704558258,1994-03-21
24.87,28.38,1.19,3.372487194306804,1994-03-22
24.76,29.65,1.31,4.430339623380062,1994-03-23
25.3,30.78,2.3,4.620844398769479,1994-03-24
25.21,31.04,1.48,4.290598815238031,1994-03-25
25.36,30.93,1.92,4.972331873300286,1994-03-26
26.08,30.28,0.98,4.707141203490493,1994-03-27
25.88,31.72,0.88,5.237695159823275,1994-03-28
25.4,31.74,0.14,5.09901817109424,1994-03-29
25.84,31.65,0.6,5.236098961657556,1994-03-30
26.05,32.0,0.8,5.449777087060583,1994-03-31
26.11,31.08,13.47,4.611131809366658,1994-04-01
26.16,30.21,15.27,4.880965239030007,1994-04-02
26.01,30.18,14.18,3.2546290686875947,1994-04-03
25.82,29.68,6.44,4.078740234074393,1994-04-04
25.34,29.92,6.99,4.266645670982157,1994-04-05
25.41,31.2,6.23,4.130206050960581,1994-04-06
25.18,30.14,3.01,4.9031549578836895,1994-04-07
25.12,29.35,1.81,2.4688452862167716,1994-04-08
25.11,31.45,1.99,5.415703759456982,1994-04-09
24.96,30.72,2.41,4.7422559318404565,1994-04-10
25.62,30.24,1.93,4.587837498786231,1994-04-11
25.58,30.35,2.53,4.319109880923641,1994-04-12
25.74,29.38,3.69,3.5170991667665508,1994-04-13
25.71,30.04,1.65,3.304845671171772,1994-04-14
25.01,29.98,1.51,4.862800679995784,1994-04-15
25.66,29.28,3.13,4.143431022734709,1994-04-16
25.53,30.02,3.51,4.183521269400059,1994-04-17
25.34,29.79,1.61,4.926026559292293,1994-04-18
25.45,29.58,2.99,3.568411124898565,1994-04-19
25.57,30.12,2.36,4.591093287294144,1994-04-20
25.82,30.03,3.27,4.388396545271528,1994-04-21
25.69,29.16,1.94,4.365194496482918,1994-04-22
25.63,29.29,3.09,2.9370392064881687,1994-04-23
25.34,29.31,5.19,3.751754963455775,1994-04-24
25.39,28.25,4.01,4.593330398544616,1994-04-25
25.28,29.97,1.81,3.80133235103538,1994-04-26
25.71,29.59,2.47,4.972851358926945,1994-04-27
25.28,28.73,5.66,3.9867435245522582,1994-04-28
25.48,29.14,1.87,3.364790310594501,1994-04-29
24.94,28.85,3.56,4.238163410247436,1994-04-30
24.89,29.93,3.63,3.5501747017005902,1994-05-01
25.14,28.86,4.36,1.9996696227051844,1994-05-02
24.9,28.13,3.87,4.160867901438885,1994-05-03
24.78,28.54,1.69,4.150497152355817,1994-05-04
24.66,28.44,1.82,3.6146804471705964,1994-05-05
24.57,29.18,2.75,4.60286039799999,1994-05-06
24.84,29.98,2.1,4.615000022770533,1994-05-07
25.19,30.31,1.67,4.429380794985766,1994-05-08
25.48,28.66,3.99,2.4556252372217813,1994-05-09
25.18,29.14,2.39,3.681933613516405,1994-05-10
25.09,28.98,3.27,3.653048687192229,1994-05-11
25.08,28.53,5.04,3.2370423679733853,1994-05-12
24.8,28.0,15.46,3.9557435669655767,1994-05-13
24.85,29.02,2.6,2.7249133612072254,1994-05-14
24.81,29.54,3.83,4.774463949773491,1994-05-15
24.92,29.83,0.77,3.400537027546067,1994-05-16
24.69,28.7,0.49,4.600265221507291,1994-05-17
25.28,29.75,1.33,3.7492009908051975,1994-05-18
25.1,28.83,0.79,4.584055343685705,1994-05-19
25.53,29.3,1.43,4.155636960711836,1994-05-20
24.99,28.0,5.38,3.836880899849167,1994-05-21
24.84,28.85,5.97,3.292627634971968,1994-05-22
24.92,28.64,11.31,4.217919098520179,1994-05-23
24.69,28.19,5.67,4.421310063053452,1994-05-24
25.49,28.5,5.03,3.203668978420603,1994-05-25
24.81,28.19,10.89,3.356805232111809,1994-05-26
24.25,27.47,2.18,3.296869816163541,1994-05-27
24.5,29.0,6.84,4.16481054198402,1994-05-28
25.15,28.13,8.23,3.057628398910516,1994-05-29
24.89,27.84,11.34,3.603675477288836,1994-05-30
25.03,29.29,1.77,4.32197673700125,1994-05-31
25.62,28.26,2.95,2.975239749144481,1994-06-01
25.17,28.59,3.38,3.9634362883958647,1994-06-02
24.64,28.23,1.55,4.28363158104658,1994-06-03
24.4,28.47,2.53,3.421058916691509,1994-06-04
25.16,28.02,17.16,1.9185745286779112,1994-06-05
24.76,26.9,14.4,2.857733408287517,1994-06-06
24.17,28.06,3.08,3.0525238948369373,1994-06-07
24.49,28.28,9.14,3.8623769137805515,1994-06-08
24.17,27.6,2.84,2.2717653037754153,1994-06-09
23.95,26.93,3.84,3.5003853406516874,1994-06-10
23.72,27.04,4.41,3.319036935299489,1994-06-11
23.94,28.61,1.55,3.298362576008472,1994-06-12
23.49,28.75,1.71,4.5237196768507495,1994-06-13
24.18,28.46,2.04,4.299547473018611,1994-06-14
24.2,27.71,3.42,3.1231578985605246,1994-06-15
23.74,28.32,1.92,4.050615520863446,1994-06-16
24.42,27.8,8.4,2.7130992386629145,1994-06-17
23.91,26.67,7.65,2.2498588323281123,1994-06-18
23.39,28.15,1.63,2.8279395650854453,1994-06-19
23.99,28.33,1.08,4.020756294895122,1994-06-20
23.85,28.24,0.97,4.120491067031792,1994-06-21
23.58,27.97,1.27,2.9241997301599945,1994-06-22
23.67,27.19,1.5,3.712405298342651,1994-06-23
23.6,27.62,4.04,3.4882078920958492,1994-06-24
23.65,27.16,13.3,2.551232357269504,1994-06-25
23.52,27.58,5.12,3.5120060349481594,1994-06-26
24.23,26.75,10.64,2.9423000993286896,1994-06-27
23.71,26.93,13.2,2.9455032566816417,1994-06-28
23.79,28.33,1.52,4.020003450103941,1994-06-29
24.01,28.19,2.37,4.206019594030912,1994-06-30
23.85,27.91,2.66,3.87902117343818,1994-07-01
23.45,27.87,5.47,3.719529022277997,1994-07-02
23.17,27.21,1.18,3.954888580237387,1994-07-03
23.37,25.86,11.17,3.2138927066635357,1994-07-04
23.04,26.42,4.64,3.081927061373149,1994-07-05
22.64,27.59,1.59,3.596358040691588,1994-07-06
22.89,28.05,1.73,4.088094744331298,1994-07-07
23.34,27.1,1.11,3.542403569733889,1994-07-08
23.38,26.47,5.2,2.993192686422936,1994-07-09
23.16,27.71,0.64,4.363294179090893,1994-07-10
23.29,27.55,2.46,3.6206960861687127,1994-07-11
23.42,27.34,7.43,3.215428560045907,1994-07-12
23.16,26.29,11.97,3.2917209538272165,1994-07-13
23.0,27.4,4.9,3.5500846580588923,1994-07-14
23.22,27.41,2.85,3.7627771216965202,1994-07-15
23.52,27.11,3.49,3.5635851481422924,1994-07-16
23.24,27.23,4.41,3.2592497419430515,1994-07-17
23.0,27.22,12.05,2.9272471170032364,1994-07-18
22.81,27.04,10.5,2.7741402989614516,1994-07-19
22.84,27.15,2.18,3.1617874126208996,1994-07-20
22.98,26.66,3.81,3.0116097587843664,1994-07-21
22.85,26.61,3.62,2.97870921940581,1994-07-22
22.9,27.12,3.43,4.0897393883010205,1994-07-23
22.48,27.58,0.99,3.5520918718484418,1994-07-24
22.95,26.24,1.38,3.722707896632769,1994-07-25
22.64,26.82,0.82,3.4897938571160543,1994-07-26
22.69,27.64,0.55,3.8069108130157674,1994-07-27
22.32,27.69,0.91,4.121574015454094,1994-07-28
22.86,28.17,1.67,3.7886774915595707,1994-07-29
23.55,27.64,0.11,3.842035496723058,1994-07-30
23.46,27.97,0.18,3.9143776499509624,1994-07-31
23.79,28.12,0.09,4.2086183911188915,1994-08-01
23.2,27.73,0.4,4.291598728075119,1994-08-02
23.18,27.49,0.21,4.018260163436151,1994-08-03
22.87,28.38,0.37,4.206326886162523,1994-08-04
22.82,28.16,0.65,4.337738527685184,1994-08-05
23.16,27.84,0.71,4.685876392172492,1994-08-06
23.39,27.8,0.24,4.4294084453877325,1994-08-07
23.7,27.48,0.86,3.955611027246031,1994-08-08
23.61,27.61,0.78,3.529689476972217,1994-08-09
23.51,26.86,1.59,3.542715645474315,1994-08-10
23.38,28.46,0.88,4.4050646275017975,1994-08-11
23.66,26.88,0.7,3.6006242313584225,1994-08-12
23.32,27.61,1.79,3.5687037351551494,1994-08-13
23.04,27.91,2.92,4.146814346505543,1994-08-14
22.97,28.25,2.37,4.251763604135191,1994-08-15
23.1,24.97,3.36,2.2175032509335995,1994-08-16
22.83,27.42,1.32,3.048190140655881,1994-08-17
23.02,28.37,0.93,4.054997092499196,1994-08-18
23.2,27.09,6.21,2.9891729180183164,1994-08-19
23.19,28.04,6.79,4.150563957225262,1994-08-20
23.21,27.95,3.83,4.195730206280735,1994-08-21
22.88,27.43,9.02,4.113210035137496,1994-08-22
22.87,25.54,7.05,3.2930310417581423,1994-08-23
22.98,27.25,6.11,4.08371961939593,1994-08-24
22.84,28.2,1.18,4.223641220417348,1994-08-25
23.15,26.56,5.45,3.7313392667532783,1994-08-26
23.14,25.62,10.75,2.6374273339312304,1994-08-27
22.91,27.35,9.14,3.9826628247532834,1994-08-28
23.08,26.78,2.03,3.33461577479283,1994-08-29
22.99,27.39,4.72,3.46111845285676,1994-08-30
22.92,27.86,1.91,4.015856240299486,1994-08-31
23.03,25.06,2.1,3.582307744816696,1994-09-01
23.25,27.22,4.2,3.745771491753968,1994-09-02
23.08,25.76,7.71,3.6369831616605035,1994-09-03
22.77,25.99,6.41,3.0082645973756987,1994-09-04
22.65,26.81,5.2,3.5478733838242933,1994-09-05
22.8,27.46,5.87,3.346049355019397,1994-09-06
22.84,26.63,4.51,3.7907973190543967,1994-09-07
22.77,26.17,2.98,3.7281159516110627,1994-09-08
22.9,27.16,1.09,3.755774784157441,1994-09-09
23.04,27.73,1.67,3.8353670324888003,1994-09-10
22.71,28.11,1.14,4.289228902128448,1994-09-11
22.92,27.89,1.32,4.102114585734073,1994-09-12
23.1,28.21,2.29,3.7595650698541285,1994-09-13
23.57,25.83,11.88,2.930803931496202,1994-09-14
23.3,27.47,3.35,3.6851708772835727,1994-09-15
23.28,28.35,3.93,3.5879196655490313,1994-09-16
23.46,28.34,3.61,3.7335345055542914,1994-09-17
23.34,28.25,2.06,3.7839229208083225,1994-09-18
23.62,28.24,5.01,3.779857955915113,1994-09-19
23.68,25.81,7.92,3.1487683321970246,1994-09-20
23.55,28.21,3.8,3.894887277547214,1994-09-21
23.75,27.33,4.39,2.9232008163846053,1994-09-22
23.8,27.36,12.94,2.432402585948059,1994-09-23
23.67,28.01,11.22,4.073307880438957,1994-09-24
23.49,28.84,8.9,4.547542816610929,1994-09-25
24.09,28.2,8.73,3.9431911980288588,1994-09-26
24.13,28.1,6.33,4.285347712721686,1994-09-27
24.07,28.33,1.72,4.014305113928585,1994-09-28
23.91,27.76,5.57,3.3278601939950447,1994-09-29
23.88,27.55,5.72,4.179322497338797,1994-09-30
23.77,26.71,1.47,3.435590706048328,1994-10-01
23.59,26.43,1.77,2.7032323719595595,1994-10-02
23.65,27.28,9.06,3.0675598082974482,1994-10-03
23.8,27.25,4.82,3.7048937431449986,1994-10-04
23.64,27.1,5.81,3.863175170366351,1994-10-05
23.6,28.29,5.46,3.9476577182148627,1994-10-06
24.24,27.75,5.43,3.50844419643651,1994-10-07
24.19,26.94,8.09,3.378511838024807,1994-10-08
23.83,28.33,8.55,4.0755711148941565,1994-10-09
23.9,28.14,5.12,4.416694289507503,1994-10-10
24.48,26.67,11.85,3.7805194111432976,1994-10-11
24.1,26.29,5.36,3.583238504249285,1994-10-12
23.57,26.68,5.54,4.052627415629166,1994-10-13
23.18,26.94,14.45,3.610176743666852,1994-10-14
23.36,27.33,20.02,2.952850349813801,1994-10-15
23.77,26.9,18.0,3.8001220842320165,1994-10-16
23.16,27.96,13.95,3.2377753624111425,1994-10-17
24.04,26.16,9.5,3.2197939952171626,1994-10-18
23.82,28.24,6.09,3.1744521376858517,1994-10-19
23.9,27.15,0.97,3.4516437074884725,1994-10-20
23.15,28.44,1.22,3.880977964824433,1994-10-21
23.87,28.55,0.78,4.117363770051965,1994-10-22
24.2,29.2,2.91,4.288837811352021,1994-10-23
24.85,28.64,9.1,4.1796139566113,1994-10-24
24.53,26.66,15.19,3.732952490117964,1994-10-25
24.35,27.41,7.8,2.593391516195497,1994-10-26
24.03,28.31,7.32,4.162004891498602,1994-10-27
24.05,27.99,7.44,3.6070218262707536,1994-10-28
24.12,27.81,16.62,2.462246243393392,1994-10-29
24.07,28.17,4.0,4.360996879626297,1994-10-30
24.15,28.81,3.91,2.811935639668724,1994-10-31
24.13,28.75,4.4,4.275375224870389,1994-11-01
24.2,27.68,1.49,3.630457241034567,1994-11-02
24.26,26.67,3.49,3.0183772765319374,1994-11-03
23.91,28.53,3.05,3.6798604188946475,1994-11-04
24.47,27.81,6.98,3.566124783651167,1994-11-05
24.29,27.32,3.54,3.9332227426498263,1994-11-06
24.11,28.53,1.25,4.1081284924160855,1994-11-07
24.2,28.95,0.85,3.9222212134674357,1994-11-08
23.99,29.43,1.01,4.111809205406698,1994-11-09
23.51,29.73,0.55,4.126949032315195,1994-11-10
24.19,29.81,0.57,4.103664254456701,1994-11-11
24.06,29.46,0.44,4.145978262596942,1994-11-12
23.75,28.16,1.65,3.638364365526871,1994-11-13
23.93,30.03,1.19,4.262948951588125,1994-11-14
24.84,28.89,0.52,3.9624836063263866,1994-11-15
24.21,30.06,1.16,4.187564304867341,1994-11-16
24.85,29.23,1.14,3.562728170571312,1994-11-17
25.24,30.24,0.55,3.906369663697071,1994-11-18
24.69,28.72,0.88,3.3811344658908884,1994-11-19
24.08,29.75,0.32,3.991310377840251,1994-11-20
22.74,30.01,0.26,4.100474275989759,1994-11-21
24.27,30.09,0.07,3.996585294687827,1994-11-22
24.72,29.91,0.04,4.022272252375292,1994-11-23
25.03,29.9,0.07,3.678904366870649,1994-11-24
24.66,29.9,0.03,3.7743702327700652,1994-11-25
23.39,30.2,0.01,3.4518396702862324,1994-11-26
23.48,30.29,0.0,3.689508613951711,1994-11-27
23.72,30.57,0.0,3.466737438658049,1994-11-28
24.17,30.63,0.0,3.5673742714518464,1994-11-29
23.88,31.07,0.0,3.6317105937347653,1994-11-30
24.98,30.76,0.0,3.9742948579284905,1994-12-01
23.36,30.97,0.0,4.03387748890189,1994-12-02
23.1,30.86,0.0,4.153354493603118,1994-12-03
23.6,31.18,0.0,4.437988357289665,1994-12-04
22.77,30.84,0.0,4.4455366701684325,1994-12-05
21.89,30.21,0.0,5.063592035677825,1994-12-06
20.82,30.04,0.0,4.660721932521273,1994-12-07
20.69,30.37,0.0,4.409729403521484,1994-12-08
20.64,30.44,0.0,4.026236631476516,1994-12-09
20.35,30.34,0.0,4.243207196486381,1994-12-10
21.08,30.31,0.0,3.9453307556082766,1994-12-11
21.3,30.72,0.0,3.880244603160534,1994-12-12
21.38,31.1,0.0,3.9838071712079177,1994-12-13
20.79,30.92,0.0,3.9051290871187185,1994-12-14
21.67,30.81,0.0,4.102587665064289,1994-12-15
21.22,31.01,0.0,4.351688865767358,1994-12-16
20.3,30.3,0.0,4.675280011214881,1994-12-17
20.09,30.53,0.0,5.124869166404505,1994-12-18
21.22,30.75,0.0,4.6304276668959234,1994-12-19
22.15,31.42,0.0,4.849908196717812,1994-12-20
21.54,31.79,0.0,4.350388512342532,1994-12-21
22.68,32.12,0.0,4.279372619515725,1994-12-22
23.27,32.11,0.0,4.6830091182741915,1994-12-23
23.97,32.18,0.0,4.62628264951608,1994-12-24
24.37,32.76,0.0,4.4855616621380285,1994-12-25
23.29,32.82,0.0,4.0296552419364975,1994-12-26
24.43,32.87,0.0,4.177777194323728,1994-12-27
24.78,32.84,0.0,4.249635546751367,1994-12-28
24.93,32.81,0.0,4.0726678139819485,1994-12-29
25.37,30.02,0.0,3.3247244385576185,1994-12-30
24.59,31.64,0.0,3.995180739040483,1994-12-31
24.52,31.32,3.84,4.252449614533337,1995-01-01
24.96,30.41,12.29,3.874883215910241,1995-01-02
24.52,30.55,6.21,3.804081748763857,1995-01-03
24.13,31.19,2.76,3.7650104550320447,1995-01-04
24.31,30.99,5.91,4.23580862749483,1995-01-05
24.45,31.16,0.0,4.215161676793966,1995-01-06
24.71,31.26,0.0,4.362075327260715,1995-01-07
24.61,32.2,0.0,4.367923949589951,1995-01-08
24.37,31.88,0.0,4.714570086567843,1995-01-09
24.72,31.9,0.0,4.593409429919701,1995-01-10
21.97,31.79,0.0,5.997881879049208,1995-01-11
20.33,31.34,0.0,5.340804058549331,1995-01-12
22.01,30.79,0.0,4.609211180496254,1995-01-13
24.04,31.04,0.0,4.6786036853713995,1995-01-14
24.79,30.97,0.0,4.565361875500887,1995-01-15
25.02,30.08,0.0,4.394426523758922,1995-01-16
24.37,30.97,0.0,4.31715551505026,1995-01-17
23.01,31.45,0.0,4.20111184128123,1995-01-18
24.11,31.65,0.0,4.230963761313719,1995-01-19
23.83,31.4,0.0,4.355221093752151,1995-01-20
23.09,32.25,0.0,4.067104589636441,1995-01-21
23.18,32.99,0.0,4.351287327261795,1995-01-22
23.03,31.87,0.0,3.9349651303058484,1995-01-23
24.34,32.12,0.0,3.6886264022282327,1995-01-24
23.59,32.25,0.0,3.6864992844854956,1995-01-25
23.5,31.94,0.0,4.153155245601735,1995-01-26
23.11,32.08,0.0,3.7138458290200225,1995-01-27
23.79,32.34,0.0,3.995649488918987,1995-01-28
24.55,32.18,0.0,4.152833558887661,1995-01-29
24.39,31.88,0.0,4.297350169322174,1995-01-30
24.77,31.99,0.05,4.5316204490487415,1995-01-31
25.27,31.6,0.06,3.794972373726823,1995-02-01
26.0,31.41,0.05,4.597204550934304,1995-02-02
25.74,30.06,0.04,3.8583228025892686,1995-02-03
25.65,31.06,0.02,4.7299132765553145,1995-02-04
25.15,32.84,0.0,4.898207707332707,1995-02-05
22.81,30.21,0.0,4.548421862815811,1995-02-06
23.61,32.38,0.0,4.720600588121294,1995-02-07
25.21,31.64,0.0,4.327394994382792,1995-02-08
24.87,31.3,0.0,4.7302123313856335,1995-02-09
25.72,29.03,4.17,4.058627032991678,1995-02-10
25.2,30.12,4.79,4.2344788128501625,1995-02-11
25.69,29.3,3.29,3.5084832253028684,1995-02-12
24.93,30.87,3.65,2.9162669860871255,1995-02-13
25.7,29.19,4.75,4.179750290535295,1995-02-14
25.44,29.9,0.0,4.4546884322859785,1995-02-15
24.49,32.48,0.0,4.735020112296579,1995-02-16
24.96,30.93,0.0,4.268321741133438,1995-02-17
25.33,31.58,0.0,4.169249489063334,1995-02-18
25.25,32.87,0.0,4.572496334257242,1995-02-19
26.0,33.38,0.07,4.731681433562976,1995-02-20
26.02,32.59,0.16,5.0405090287368095,1995-02-21
25.17,33.64,0.1,5.375179767363488,1995-02-22
25.84,33.28,0.06,5.3355969373152865,1995-02-23
25.55,29.91,0.13,4.615396038837458,1995-02-24
25.22,31.38,0.8,4.706156263942687,1995-02-25
25.75,29.37,1.61,3.910847414478013,1995-02-26
25.46,29.76,1.65,4.045923355330455,1995-02-27
25.38,31.33,2.41,5.054838935155442,1995-02-28
25.7,30.01,1.85,3.985195911515267,1995-03-01
25.42,30.38,3.63,4.331469794219433,1995-03-02
25.84,29.6,2.94,4.317743943857385,1995-03-03
25.58,29.27,4.75,3.8579116836076714,1995-03-04
25.07,29.91,3.34,4.167759875725066,1995-03-05
25.51,30.34,1.13,3.5124884369691536,1995-03-06
25.6,31.11,8.01,4.122158985747047,1995-03-07
25.8,31.41,12.3,4.327860753624004,1995-03-08
26.2,29.74,9.59,4.188144701574328,1995-03-09
25.73,29.63,9.54,4.19049674682891,1995-03-10
26.04,29.63,8.01,4.025449658676669,1995-03-11
25.66,29.99,2.87,4.511940297547719,1995-03-12
25.71,29.74,1.43,4.233458043206331,1995-03-13
25.95,29.17,2.38,3.7157203984403364,1995-03-14
26.08,29.74,1.68,3.261322921821814,1995-03-15
25.6,30.64,2.81,4.6926806092853885,1995-03-16
26.32,29.77,10.36,3.6610154355736313,1995-03-17
25.81,29.12,11.78,2.5269743368131405,1995-03-18
25.12,29.69,3.7,4.124813019461479,1995-03-19
25.43,28.46,10.91,4.26207136092919,1995-03-20
25.14,28.1,9.18,1.6832844522122798,1995-03-21
24.65,29.57,6.68,4.035289118438721,1995-03-22
23.98,28.98,5.48,4.248162130818712,1995-03-23
24.95,30.49,7.93,3.3025921544689933,1995-03-24
25.39,31.58,7.46,4.735524880810783,1995-03-25
26.34,30.02,5.31,3.794401565470751,1995-03-26
25.91,29.01,1.48,3.4677216332106857,1995-03-27
25.56,28.37,1.18,2.508233467004239,1995-03-28
25.2,28.71,1.33,3.9971599065152557,1995-03-29
24.79,30.49,1.99,4.492196406566071,1995-03-30
25.59,30.29,1.85,4.435091164731853,1995-03-31
26.08,30.1,2.68,4.358999989749772,1995-04-01
26.35,29.55,2.89,4.463760351627848,1995-04-02
26.27,29.43,4.91,3.4834768386015784,1995-04-03
26.06,29.51,1.03,4.376601795136627,1995-04-04
25.46,30.52,1.66,4.194369737852097,1995-04-05
25.85,29.56,1.08,4.193873274034854,1995-04-06
26.14,30.4,0.88,4.32684377531973,1995-04-07
25.46,31.25,0.69,4.758778339644612,1995-04-08
26.11,28.86,1.79,4.639558511686963,1995-04-09
25.66,29.78,1.98,4.38355142557806,1995-04-10
25.92,30.51,1.16,4.385367935212785,1995-04-11
26.01,29.93,1.3,4.319314733981766,1995-04-12
26.39,29.98,1.34,4.593329561193579,1995-04-13
25.95,30.26,0.99,3.8623668337212953,1995-04-14
25.8,29.61,1.3,3.567538405913963,1995-04-15
25.89,30.26,20.63,3.8307936871072794,1995-04-16
25.1,29.4,1.22,4.127787863971712,1995-04-17
25.49,31.29,4.06,5.006085946169257,1995-04-18
26.24,28.52,20.98,3.778781076464457,1995-04-19
26.04,29.7,9.02,2.8758654004782316,1995-04-20
25.7,28.32,22.11,1.7927280709169464,1995-04-21
25.23,28.92,11.07,4.548204707883255,1995-04-22
25.44,29.1,28.3,2.639633166083031,1995-04-23
25.25,29.45,5.55,2.731552104366745,1995-04-24
24.99,29.64,5.19,4.096192144785206,1995-04-25
25.56,29.09,7.26,4.091454227381798,1995-04-26
25.73,28.27,6.33,4.400236585393454,1995-04-27
25.49,29.23,5.25,4.360041251829413,1995-04-28
25.74,29.06,1.95,3.550275374212076,1995-04-29
25.92,28.89,6.96,4.673207694562324,1995-04-30
25.66,28.46,7.74,3.390130311331311,1995-05-01
25.26,28.07,7.5,1.5555617836647673,1995-05-02
24.9,29.39,1.05,3.3059369979736686,1995-05-03
25.45,29.64,4.01,3.777825626357122,1995-05-04
25.24,28.91,2.33,4.5648224564581446,1995-05-05
24.68,29.54,0.64,4.695327451375912,1995-05-06
25.51,28.31,0.91,3.7227055795704533,1995-05-07
25.22,28.17,1.0,4.001528746903385,1995-05-08
25.1,27.77,0.47,2.965241482709278,1995-05-09
25.0,28.75,1.26,4.710302235132408,1995-05-10
25.06,28.58,3.03,3.4001767069203854,1995-05-11
25.06,28.49,1.96,4.7486443790525685,1995-05-12
24.93,29.43,2.25,4.665461851602772,1995-05-13
25.75,29.36,2.73,3.575051658748472,1995-05-14
25.62,29.31,3.03,4.7967631489572184,1995-05-15
25.79,29.36,3.14,4.613591368769704,1995-05-16
25.72,28.57,2.64,4.1316176190461285,1995-05-17
25.48,28.76,2.05,3.6310835779701787,1995-05-18
24.84,28.21,2.75,3.991060956060683,1995-05-19
25.15,29.81,1.17,4.847358476478506,1995-05-20
25.94,29.11,13.65,3.9247034612621996,1995-05-21
25.42,28.35,12.62,3.6147076023458555,1995-05-22
25.1,28.86,12.11,3.8535018585746403,1995-05-23
25.11,28.55,13.09,1.9907139562804768,1995-05-24
24.74,29.3,5.67,4.32548685027043,1995-05-25
24.91,29.02,5.02,4.170087703662662,1995-05-26
25.04,28.87,3.51,4.60744896242802,1995-05-27
25.12,29.14,6.71,4.5278338021325615,1995-05-28
25.1,28.08,9.09,3.346638272182814,1995-05-29
24.68,27.6,2.59,3.923748480662055,1995-05-30
24.58,29.04,2.13,4.241007844856144,1995-05-31
24.87,29.09,3.65,3.4663432321418894,1995-06-01
25.34,28.94,7.12,4.2898955550622135,1995-06-02
25.52,28.31,7.44,3.298298252074547,1995-06-03
25.09,29.49,3.92,4.253887306019759,1995-06-04
25.19,28.01,5.72,3.6673788301277037,1995-06-05
24.82,27.83,6.18,3.2067444315828784,1995-06-06
24.63,27.12,6.01,3.0027883663236583,1995-06-07
24.88,27.84,8.9,2.559112078097464,1995-06-08
24.54,27.07,2.14,2.9099090731041857,1995-06-09
24.07,28.7,2.1,4.032915658103805,1995-06-10
24.96,29.23,3.39,3.948910411549831,1995-06-11
25.67,28.82,4.7,2.827379551672853,1995-06-12
25.16,27.49,9.12,1.53023961577619,1995-06-13
24.71,27.5,8.93,3.55650954715473,1995-06-14
24.57,27.91,3.25,3.8788260031676236,1995-06-15
24.72,27.97,2.51,3.1492174643642485,1995-06-16
24.67,28.48,2.22,2.633688995800175,1995-06-17
24.97,29.0,1.85,4.3940334398888306,1995-06-18
25.26,27.89,4.75,2.884079709644234,1995-06-19
25.1,27.24,15.66,2.0242113469447145,1995-06-20
24.82,28.74,4.8,4.1085242020221875,1995-06-21
24.2,29.43,1.36,4.15764651809007,1995-06-22
24.82,28.56,6.77,4.018535690143903,1995-06-23
24.65,27.8,14.15,2.168661292121919,1995-06-24
24.62,27.68,14.86,2.8897406497243203,1995-06-25
24.32,27.81,8.61,2.854277465411782,1995-06-26
24.0,27.69,7.27,2.4367539109159155,1995-06-27
23.55,28.44,6.31,4.432995157614206,1995-06-28
24.48,27.54,16.96,3.4740589398446056,1995-06-29
24.53,26.54,18.34,1.676400105494395,1995-06-30
24.16,26.35,9.36,3.137380983931109,1995-07-01
23.86,27.96,5.14,3.797106848267319,1995-07-02
24.34,27.15,17.09,2.6195928435787836,1995-07-03
23.85,26.03,52.02,2.382238982293551,1995-07-04
23.66,27.43,2.79,3.906902742130683,1995-07-05
23.63,28.77,2.63,3.2516111860782244,1995-07-06
24.22,26.5,18.12,2.396421456547168,1995-07-07
23.89,26.5,4.1,2.7620864779467382,1995-07-08
23.58,27.18,6.61,2.6958547058843245,1995-07-09
23.18,26.24,1.46,3.7298156407310596,1995-07-10
22.92,27.75,1.86,2.482678650404217,1995-07-11
23.29,27.58,1.96,3.778729779078245,1995-07-12
23.28,27.74,3.78,3.7963041482791553,1995-07-13
23.3,26.3,5.41,3.2653805751799974,1995-07-14
22.9,27.2,1.41,3.5867601032457253,1995-07-15
23.21,27.45,0.87,3.620490530235645,1995-07-16
23.41,27.24,2.3,3.311942062262239,1995-07-17
23.22,26.2,0.3,3.608162453982531,1995-07-18
23.01,27.37,3.38,3.122261598438979,1995-07-19
23.38,27.17,12.81,2.9019300695381074,1995-07-20
23.46,25.19,19.17,1.6688517504271463,1995-07-21
23.1,26.46,6.58,3.0344030609874837,1995-07-22
23.02,24.88,7.26,2.9633616713215742,1995-07-23
22.75,26.39,2.4,3.5479763886454005,1995-07-24
22.53,26.98,2.07,3.1328868289387906,1995-07-25
23.03,26.21,7.36,3.1544667547394103,1995-07-26
23.05,26.51,8.66,3.4057816083370342,1995-07-27
22.96,27.4,1.86,3.9450110389742474,1995-07-28
23.33,27.09,4.44,3.515984710929383,1995-07-29
23.56,25.32,2.21,2.1499660097607025,1995-07-30
23.6,26.01,3.78,2.776060416294228,1995-07-31
23.34,28.1,1.61,3.766225029715995,1995-08-01
23.44,27.56,0.76,3.6153617253710353,1995-08-02
23.29,27.58,1.32,3.682515909371011,1995-08-03
23.65,26.11,6.81,2.7106538728015153,1995-08-04
23.22,26.91,7.5,2.5984331703868704,1995-08-05
22.97,26.44,2.82,3.059258209507699,1995-08-06
23.01,26.43,8.02,3.1194966603633367,1995-08-07
23.22,26.21,3.97,2.452597830923485,1995-08-08
23.0,27.35,5.8,3.9582862210967584,1995-08-09
22.76,26.97,11.08,3.677052326427477,1995-08-10
23.15,27.32,10.14,2.927669066823459,1995-08-11
23.41,27.18,3.65,3.4446137045842455,1995-08-12
23.13,27.12,7.57,3.1002830104237216,1995-08-13
23.29,25.95,4.83,2.656274250111041,1995-08-14
23.32,27.45,2.72,3.615523072038934,1995-08-15
23.47,27.73,3.31,3.3909704365118025,1995-08-16
23.66,28.14,10.6,3.2384435615727742,1995-08-17
23.64,26.87,1.74,3.712417685901002,1995-08-18
23.7,26.62,5.21,2.9831531739568016,1995-08-19
23.53,26.02,14.49,1.5350393327879577,1995-08-20
23.37,26.45,5.59,3.374721671758406,1995-08-21
23.58,27.76,6.39,3.576424516844168,1995-08-22
23.47,26.24,6.87,2.6265579730537567,1995-08-23
23.44,26.16,9.5,3.178939565354503,1995-08-24
23.17,27.23,11.18,3.214444023167718,1995-08-25
23.68,26.18,11.02,2.440974526097256,1995-08-26
23.29,26.79,10.02,3.4035178345348815,1995-08-27
23.41,28.33,2.32,3.9755202855043787,1995-08-28
23.73,27.1,4.08,3.2712241932873485,1995-08-29
23.84,27.59,3.82,3.898750055846791,1995-08-30
23.67,27.55,3.61,3.7763752176243868,1995-08-31
23.55,27.49,16.97,2.8093057424570773,1995-09-01
23.86,26.58,11.89,2.8836711862156177,1995-09-02
23.47,28.16,0.41,3.672084281759859,1995-09-03
23.39,28.05,1.18,3.721861911348899,1995-09-04
23.57,27.95,3.46,3.4188082399984827,1995-09-05
23.67,27.95,2.87,3.8424035389878095,1995-09-06
23.45,27.76,4.3,3.9597781300553234,1995-09-07
23.4,28.18,5.88,3.2616080275983887,1995-09-08
23.72,27.76,1.13,3.5373299547598323,1995-09-09
23.49,27.87,1.12,3.3340384437984683,1995-09-10
23.44,26.76,1.17,3.880038610203462,1995-09-11
23.4,26.69,3.6,2.9692758191733137,1995-09-12
22.99,27.09,21.85,3.320274351417212,1995-09-13
22.6,27.84,6.81,3.750591907432702,1995-09-14
23.04,27.51,12.7,3.2676085547676283,1995-09-15
23.39,24.92,17.0,1.8127222170729216,1995-09-16
23.14,27.7,5.35,3.633587159418602,1995-09-17
23.04,27.14,3.21,3.0508897385810725,1995-09-18
23.48,28.0,5.06,4.1995173170019315,1995-09-19
24.08,26.97,3.75,2.9678407038041588,1995-09-20
23.68,26.94,4.61,2.547292289819257,1995-09-21
23.29,27.29,5.28,3.6293505534218182,1995-09-22
23.52,26.76,6.39,3.2477852647714203,1995-09-23
23.51,27.53,5.07,2.879570368060903,1995-09-24
23.21,25.82,3.61,3.577664664070528,1995-09-25
22.95,27.72,2.91,4.28273300064751,1995-09-26
23.47,27.96,7.42,4.0155860903646206,1995-09-27
23.59,27.5,2.13,3.0589686015918125,1995-09-28
23.03,27.79,5.84,3.5418723448383616,1995-09-29
23.18,27.52,5.76,3.706952902397954,1995-09-30
22.79,27.67,1.34,4.07166679994022,1995-10-01
23.12,27.51,1.47,3.901929949423186,1995-10-02
23.5,26.31,3.22,2.8212693623220684,1995-10-03
23.28,27.66,3.12,3.9865301325748237,1995-10-04
23.42,27.97,5.0,3.782242690885362,1995-10-05
23.31,26.7,6.91,3.0631384092682135,1995-10-06
23.19,27.32,18.99,3.651406092413673,1995-10-07
23.55,27.71,1.13,3.7912946127861655,1995-10-08
23.61,28.73,2.29,4.078257648183745,1995-10-09
24.01,28.21,3.13,3.536664688425899,1995-10-10
24.13,27.46,1.31,3.8564107166064154,1995-10-11
23.74,27.7,3.77,3.93740966454289,1995-10-12
24.02,27.57,0.74,3.7026731637041475,1995-10-13
23.98,28.49,0.45,4.224297479104407,1995-10-14
23.95,28.19,1.69,3.790744760220703,1995-10-15
24.1,27.12,0.85,3.5994239277466114,1995-10-16
23.51,28.81,0.52,4.085229953814564,1995-10-17
24.18,28.81,1.39,3.8287242943288438,1995-10-18
24.34,27.96,7.2,3.231698319288159,1995-10-19
23.85,27.1,8.38,3.0414188472544783,1995-10-20
24.0,27.28,1.48,3.540973332272553,1995-10-21
24.08,27.25,2.78,3.9972660182708055,1995-10-22
24.34,27.58,5.19,3.595812282716675,1995-10-23
24.39,27.12,4.69,3.7573034291761243,1995-10-24
24.49,27.6,6.51,3.9007301939004195,1995-10-25
24.15,27.89,4.52,3.920131488498122,1995-10-26
23.78,28.41,6.49,4.070689468455242,1995-10-27
23.69,28.88,1.52,4.154034672641823,1995-10-28
24.33,28.3,1.95,2.6693447470785165,1995-10-29
23.97,28.07,1.81,3.9209555624609336,1995-10-30
24.15,28.38,2.55,3.9299323321993223,1995-10-31
24.3,27.28,3.66,3.1069616974985643,1995-11-01
23.7,27.45,3.77,3.3277546838809773,1995-11-02
23.92,27.52,2.42,3.95554297854111,1995-11-03
24.11,28.69,3.44,3.581637427492821,1995-11-04
24.28,29.54,4.86,3.095421990575359,1995-11-05
24.78,29.12,2.22,4.21425218706332,1995-11-06
24.8,29.17,2.54,4.1804231385898465,1995-11-07
24.83,29.55,0.69,4.007750715586495,1995-11-08
24.57,29.47,0.92,4.027177858685771,1995-11-09
24.88,29.74,1.62,4.246137378232293,1995-11-10
24.93,30.22,1.66,4.088693476835918,1995-11-11
25.17,29.97,0.0,3.927242558419965,1995-11-12
25.04,29.9,0.0,4.097273383210362,1995-11-13
24.73,28.86,0.0,3.6889942693992146,1995-11-14
24.86,29.92,0.0,4.091512170525495,1995-11-15
24.37,30.49,0.0,4.519842042876972,1995-11-16
23.52,30.96,0.0,4.690284510345905,1995-11-17
23.14,30.32,0.0,3.6332885179039223,1995-11-18
24.65,29.37,0.0,4.34533775956606,1995-11-19
22.37,28.56,0.0,4.048808591285891,1995-11-20
22.66,30.21,0.0,4.282112946661405,1995-11-21
23.17,30.24,0.0,4.333771679169052,1995-11-22
24.14,29.72,0.0,4.08061837431106,1995-11-23
23.73,30.21,0.0,4.140395120765293,1995-11-24
24.26,30.5,0.0,4.050717253830801,1995-11-25
23.55,30.59,0.0,4.100273244169948,1995-11-26
23.85,30.77,0.0,4.244729559379662,1995-11-27
24.07,31.07,0.01,4.151180650495142,1995-11-28
25.29,31.11,0.03,4.544153728085793,1995-11-29
24.17,30.98,0.01,4.048017343471963,1995-11-30
24.57,30.43,0.01,4.249010591038342,1995-12-01
25.16,30.42,0.61,3.873729128976974,1995-12-02
25.08,29.15,1.61,2.596672462641605,1995-12-03
24.58,31.33,0.29,4.545362866077731,1995-12-04
25.31,28.61,0.7,3.53473605924175,1995-12-05
24.71,28.66,0.56,3.8466863579751616,1995-12-06
24.63,28.19,0.37,3.331305052830327,1995-12-07
24.57,30.77,0.41,3.7982575312986864,1995-12-08
24.87,29.36,0.34,3.641406219461706,1995-12-09
25.2,28.17,0.54,3.474951069044706,1995-12-10
24.57,28.98,0.36,3.837652084243617,1995-12-11
24.45,30.24,0.21,4.0727487838581045,1995-12-12
24.69,30.62,0.24,3.820721665924468,1995-12-13
25.03,30.6,0.18,4.161333619500526,1995-12-14
25.12,31.06,0.12,3.817148741746736,1995-12-15
25.4,31.14,0.12,4.017959492609082,1995-12-16
25.55,30.7,0.0,4.2361153629715185,1995-12-17
24.91,30.44,0.0,4.26423809334647,1995-12-18
25.09,30.2,0.0,3.9252191508435073,1995-12-19
25.06,28.39,0.0,3.646404253352119,1995-12-20
24.93,29.93,0.0,4.042916725769959,1995-12-21
24.24,30.24,1.46,3.986534116212774,1995-12-22
24.83,29.4,2.13,3.8172886052975965,1995-12-23
24.12,29.61,0.21,4.127955093073665,1995-12-24
21.12,29.41,0.0,4.256946027843877,1995-12-25
20.24,29.19,0.0,4.04615389461324,1995-12-26
21.94,29.81,0.0,4.061188917662907,1995-12-27
22.34,30.11,0.0,4.356528078270238,1995-12-28
22.76,30.19,0.0,3.9864693872465757,1995-12-29
23.09,30.48,0.0,4.154065709099505,1995-12-30
24.05,30.65,0.0,3.852236702716324,1995-12-31
23.72,31.09,0.0,4.146578397505999,1996-01-01
23.68,31.05,0.0,3.9463006770267897,1996-01-02
23.96,30.99,0.0,4.228430999229057,1996-01-03
23.76,30.58,0.0,4.279012524541571,1996-01-04
24.11,30.81,0.0,4.1357656437230474,1996-01-05
24.76,29.94,0.06,4.110485478557936,1996-01-06
24.37,30.51,0.09,3.9959949821217835,1996-01-07
23.95,30.15,0.08,3.98138705752632,1996-01-08
23.76,31.06,0.1,4.122403505851925,1996-01-09
24.39,30.78,0.14,4.4406051933873245,1996-01-10
24.43,30.09,0.0,4.15304193153543,1996-01-11
24.42,31.07,0.0,4.375559564383957,1996-01-12
24.91,29.77,0.0,3.7873814424965215,1996-01-13
24.79,30.47,0.0,3.978233192088496,1996-01-14
24.45,30.69,0.0,4.0749679114740545,1996-01-15
25.2,29.65,0.05,4.52514834684283,1996-01-16
24.66,30.41,0.03,4.318571359577541,1996-01-17
24.3,30.1,0.04,4.212683116180171,1996-01-18
24.46,29.98,0.07,4.42557198844271,1996-01-19
25.07,29.36,0.16,4.1691648789212685,1996-01-20
25.09,28.77,0.0,2.3974852405359983,1996-01-21
24.78,28.95,0.0,3.602294115371481,1996-01-22
24.87,30.08,0.0,4.351267268695081,1996-01-23
24.79,30.44,0.0,4.226855074283508,1996-01-24
24.65,29.61,0.0,4.127928152764602,1996-01-25
24.56,30.5,0.08,4.268258232046522,1996-01-26
24.88,30.39,0.08,3.9787197275543513,1996-01-27
25.09,31.61,0.05,4.219444993979806,1996-01-28
24.96,31.56,0.04,4.356774735091432,1996-01-29
24.51,32.27,0.05,4.49431327945963,1996-01-30
24.89,31.9,0.0,4.489530453634137,1996-01-31
25.35,31.05,0.0,4.476781218978607,1996-02-01
25.28,31.19,0.0,4.387765408945169,1996-02-02
25.55,29.9,0.0,4.187876142959901,1996-02-03
25.48,30.17,0.0,4.321762478368465,1996-02-04
25.11,30.75,0.0,4.256099087741025,1996-02-05
25.47,29.47,0.0,4.015677798608257,1996-02-06
25.38,30.12,0.0,4.447449730370033,1996-02-07
25.08,31.24,0.0,3.6515091208535595,1996-02-08
25.66,30.57,0.0,4.529503760694533,1996-02-09
25.27,30.12,2.68,4.555816789129778,1996-02-10
25.15,29.6,4.83,3.4973139515116753,1996-02-11
25.1,29.85,2.6,4.125217609718546,1996-02-12
25.18,28.71,2.69,3.760967963320937,1996-02-13
24.68,29.64,3.75,4.2582472267567795,1996-02-14
24.6,30.06,4.73,4.227397688007433,1996-02-15
24.81,28.99,4.94,4.213898108300245,1996-02-16
24.69,30.17,2.37,4.054592455767569,1996-02-17
24.82,29.89,2.45,4.007245541460831,1996-02-18
24.66,30.48,2.04,4.249731320114153,1996-02-19
24.94,31.73,0.0,3.06659854256828,1996-02-20
24.05,31.62,0.0,4.511661582619578,1996-02-21
24.78,32.05,0.0,4.157695260165288,1996-02-22
24.76,32.12,0.0,4.819534726694568,1996-02-23
24.6,31.95,0.0,4.722249734011362,1996-02-24
25.23,30.96,3.71,4.287613795658788,1996-02-25
25.57,29.88,4.93,4.04022874150691,1996-02-26
25.77,29.72,4.72,4.026752049273149,1996-02-27
25.45,28.94,6.72,4.1134239380346305,1996-02-28
24.9,30.43,3.63,4.338481278483668,1996-02-29
25.11,29.14,1.79,3.7576017766195364,1996-03-01
25.04,30.41,5.55,4.376987833958434,1996-03-02
25.65,28.66,5.85,4.027835806821167,1996-03-03
25.26,30.99,3.05,4.35666428468845,1996-03-04
25.28,30.25,5.94,4.592962922057539,1996-03-05
25.68,30.73,5.33,4.3877684031195505,1996-03-06
25.97,30.73,2.38,4.776415703256081,1996-03-07
26.16,29.47,2.13,3.9437953124300384,1996-03-08
25.92,30.78,2.26,4.360439333305518,1996-03-09
25.77,29.85,4.08,3.8451153544538372,1996-03-10
25.75,29.7,2.64,3.4397111428512437,1996-03-11
25.85,29.82,10.0,4.3766874637341875,1996-03-12
25.62,29.33,8.79,3.9841442996555374,1996-03-13
25.25,30.72,18.18,3.675046306956444,1996-03-14
25.13,28.92,6.92,3.9427063256111987,1996-03-15
24.96,29.7,6.69,4.129150833801749,1996-03-16
25.38,29.49,1.18,3.816069152874688,1996-03-17
25.57,29.66,0.53,3.661180718045955,1996-03-18
25.59,30.05,0.92,4.357341598601964,1996-03-19
25.87,29.23,1.47,3.947687950487987,1996-03-20
25.51,28.89,1.05,4.036712842000569,1996-03-21
24.98,29.74,3.28,4.947217428785903,1996-03-22
25.37,29.46,5.63,4.131515633582593,1996-03-23
25.05,29.06,3.01,4.006866735921575,1996-03-24
25.66,30.11,0.9,4.708806750129051,1996-03-25
25.03,30.15,4.98,4.171449135816116,1996-03-26
25.39,29.06,1.39,4.202550386560982,1996-03-27
25.16,29.7,1.37,4.118123574802529,1996-03-28
25.46,28.52,1.78,3.7857089251979343,1996-03-29
25.15,28.64,2.94,3.5109787289312613,1996-03-30
25.2,28.65,1.3,4.638102852830598,1996-03-31
25.82,30.27,5.16,4.280958308194753,1996-04-01
25.93,30.33,4.99,4.79960951734751,1996-04-02
25.79,29.48,4.03,4.252832594384909,1996-04-03
25.73,29.69,4.4,2.868190261615452,1996-04-04
25.35,29.86,4.49,4.852036504835929,1996-04-05
25.22,28.71,2.82,3.4038704224102907,1996-04-06
25.19,29.45,2.42,4.458831563052339,1996-04-07
25.6,30.43,3.06,5.117505585199698,1996-04-08
26.36,30.56,2.2,4.153614708065898,1996-04-09
26.58,29.88,3.08,4.241987368118235,1996-04-10
25.87,28.91,4.88,3.2736203927441347,1996-04-11
25.18,29.21,2.48,2.695945155375641,1996-04-12
25.06,30.18,1.63,4.504813858099569,1996-04-13
25.65,29.57,3.71,4.110651492238731,1996-04-14
25.45,29.72,2.05,4.031090061577991,1996-04-15
25.38,29.2,6.11,3.726524724842874,1996-04-16
25.6,29.83,1.94,3.3284121640329993,1996-04-17
25.46,29.09,2.95,4.469214922677357,1996-04-18
25.52,29.88,4.56,3.253267481645469,1996-04-19
25.5,29.18,2.3,3.5837012368131673,1996-04-20
25.29,29.31,1.61,4.167322173112211,1996-04-21
25.77,29.26,1.88,3.159355150619911,1996-04-22
25.43,30.66,1.09,3.8342003319289026,1996-04-23
26.09,30.36,1.09,3.6483293826973546,1996-04-24
25.77,30.68,0.93,4.79161967541196,1996-04-25
26.1,29.89,1.61,4.520706521285057,1996-04-26
26.02,28.98,3.35,2.277373912775609,1996-04-27
25.67,29.43,2.1,4.573363158759163,1996-04-28
25.85,30.14,1.1,4.05568260576119,1996-04-29
26.11,29.83,0.9,4.387891613394836,1996-04-30
25.43,29.56,1.48,4.844876291205602,1996-05-01
25.85,30.54,2.22,3.5812641698042214,1996-05-02
25.99,30.26,2.06,4.8063412377016625,1996-05-03
26.3,29.74,3.82,4.2060841879210145,1996-05-04
25.94,29.93,3.68,2.2975161626444707,1996-05-05
25.86,29.08,7.27,3.290961362365963,1996-05-06
25.79,28.52,16.4,3.948700948181892,1996-05-07
25.52,30.06,6.89,3.6764887909576625,1996-05-08
25.79,29.12,6.93,4.112310107878726,1996-05-09
25.63,28.63,6.91,2.9693403914839145,1996-05-10
25.05,28.85,3.56,4.553946744061448,1996-05-11
25.71,30.06,3.03,4.608410275507758,1996-05-12
25.93,30.14,3.55,4.394201481794193,1996-05-13
26.14,29.21,5.93,3.491127214088426,1996-05-14
25.8,28.54,9.43,2.2538487774636478,1996-05-15
25.27,29.41,1.25,4.602268592891513,1996-05-16
25.77,29.02,1.63,3.692063464592482,1996-05-17
25.63,30.25,1.99,2.9552992720741873,1996-05-18
25.24,29.93,2.46,4.75634803626079,1996-05-19
25.47,29.87,1.71,3.396975694817716,1996-05-20
25.61,29.68,8.7,4.185081178964831,1996-05-21
25.06,28.92,6.0,3.65320235454102,1996-05-22
24.96,28.45,4.96,3.2190121310652207,1996-05-23
24.95,27.75,7.71,2.9427609560447126,1996-05-24
24.96,28.62,9.14,3.221108622915572,1996-05-25
25.13,29.3,6.46,3.440999594336356,1996-05-26
24.62,26.95,18.65,1.8407957406251356,1996-05-27
24.51,27.19,4.0,3.6275589928908385,1996-05-28
24.35,27.88,4.37,2.1119338394873313,1996-05-29
24.15,26.71,5.94,2.4140207706071295,1996-05-30
23.41,28.22,1.27,2.728501283471915,1996-05-31
24.1,28.51,1.92,4.213641464392011,1996-06-01
24.74,28.17,6.85,2.9500964200754867,1996-06-02
25.02,26.9,10.88,2.9095805093700045,1996-06-03
24.59,27.29,3.69,3.9921067861693316,1996-06-04
24.58,28.98,2.36,4.095541280676697,1996-06-05
24.97,27.82,5.02,3.659349487296409,1996-06-06
24.46,28.14,8.82,2.6007073521817525,1996-06-07
23.82,28.48,11.03,3.922344889269505,1996-06-08
24.57,28.15,9.18,3.447744335659702,1996-06-09
24.51,28.26,12.38,2.1633923775441803,1996-06-10
24.37,27.9,27.08,2.7319937340109757,1996-06-11
24.09,27.8,17.86,1.9771336395824375,1996-06-12
24.43,28.22,16.51,3.9431278588287286,1996-06-13
24.44,28.42,9.06,3.639873290155714,1996-06-14
24.64,28.66,20.54,2.702595990510875,1996-06-15
24.74,28.26,14.19,3.37540790282407,1996-06-16
24.29,28.4,4.76,3.8148285783905305,1996-06-17
23.88,28.72,3.27,3.9895376534464635,1996-06-18
24.68,28.56,5.19,3.703399079951306,1996-06-19
24.29,29.11,1.12,4.063493045556913,1996-06-20
24.52,28.7,1.58,3.6959247320904924,1996-06-21
24.65,27.2,5.66,3.26295124393131,1996-06-22
24.09,27.88,9.65,2.1990333298283358,1996-06-23
24.59,28.11,4.63,4.156222522492362,1996-06-24
24.33,28.58,5.96,3.8770829894404946,1996-06-25
24.53,28.29,11.85,3.4578413104622228,1996-06-26
24.16,27.09,15.24,3.0394742682524294,1996-06-27
23.95,27.62,8.39,3.380099721925275,1996-06-28
24.25,27.2,9.93,3.4474183359593633,1996-06-29
24.17,26.89,8.68,3.072028616061877,1996-06-30
23.53,26.0,21.93,2.162365764882701,1996-07-01
23.13,25.93,8.31,2.8479448577814224,1996-07-02
23.19,26.62,10.04,3.539231580893503,1996-07-03
22.81,26.17,4.09,3.4620120737899627,1996-07-04
23.13,26.67,2.83,3.3071196286643705,1996-07-05
23.26,27.53,4.49,3.224442704161094,1996-07-06
23.76,26.31,3.63,3.5445738332342893,1996-07-07
23.47,28.09,5.66,3.7048756775483587,1996-07-08
23.76,26.12,2.45,3.034602901394994,1996-07-09
23.57,27.54,17.15,3.8878525282663654,1996-07-10
23.81,27.2,25.43,2.1514735536652876,1996-07-11
23.65,27.82,9.91,3.615739584489021,1996-07-12
23.78,26.87,16.85,3.2748900796431015,1996-07-13
23.63,26.14,11.62,2.9000591338369244,1996-07-14
23.55,27.44,4.1,2.738518957162177,1996-07-15
23.29,27.21,4.29,3.5909230722552725,1996-07-16
23.41,26.85,8.12,2.67696488524616,1996-07-17
23.19,27.04,7.65,3.4266053618225856,1996-07-18
23.28,27.29,1.92,3.196700296060719,1996-07-19
23.04,27.18,1.15,3.8506735430057453,1996-07-20
23.15,28.1,1.13,4.159105644812826,1996-07-21
22.29,27.66,1.02,4.324565726257545,1996-07-22
22.7,27.05,2.85,4.051141767895739,1996-07-23
22.83,26.41,3.62,3.537737149165505,1996-07-24
23.03,27.31,1.16,3.2722850394055243,1996-07-25
23.15,27.32,1.69,4.059426711180753,1996-07-26
23.06,27.64,0.35,4.055977091963158,1996-07-27
22.89,27.47,0.87,4.035044187686456,1996-07-28
22.98,27.66,2.1,3.830919733269316,1996-07-29
22.95,27.29,2.16,3.8754911551525404,1996-07-30
23.28,26.37,0.88,3.190012040513872,1996-07-31
23.23,27.44,0.3,3.5427548830606423,1996-08-01
22.79,27.56,1.13,3.9261074694917215,1996-08-02
22.88,26.97,2.06,3.0855970935468537,1996-08-03
23.0,25.25,15.32,1.6751067483590982,1996-08-04
22.62,27.25,4.81,3.340449310550924,1996-08-05
22.52,27.73,4.67,3.9463579549841508,1996-08-06
22.82,26.57,2.74,3.586108579503736,1996-08-07
22.78,27.28,1.68,3.5313076948316477,1996-08-08
22.76,27.24,0.26,3.774753686377492,1996-08-09
22.38,27.78,0.82,3.7941502238644937,1996-08-10
23.04,28.13,0.82,4.163544245025554,1996-08-11
22.97,28.03,0.43,3.501668724615803,1996-08-12
23.28,27.24,1.74,2.8914148631670566,1996-08-13
23.27,27.32,2.12,3.83429071314977,1996-08-14
22.94,26.72,0.59,3.6421750400496102,1996-08-15
23.36,26.39,3.05,2.8574470021375324,1996-08-16
23.58,26.31,5.44,3.3650986751402376,1996-08-17
23.16,27.25,3.42,3.9594371277906104,1996-08-18
22.5,27.26,1.16,3.4880529438810512,1996-08-19
23.33,26.36,5.07,2.2997137243147945,1996-08-20
22.74,26.29,5.71,3.5296023724870293,1996-08-21
22.49,27.46,1.37,3.761406769808536,1996-08-22
23.19,26.66,1.69,3.1773550754645528,1996-08-23
23.17,25.96,7.08,2.832417678295841,1996-08-24
23.24,27.01,3.87,2.9279663475877187,1996-08-25
23.07,27.86,3.76,3.8355209680286695,1996-08-26
23.01,28.27,3.33,3.6111849833464023,1996-08-27
23.31,27.66,2.43,3.8083027855457874,1996-08-28
22.79,27.82,1.46,3.5239835503637975,1996-08-29
23.04,26.48,2.54,3.7788059474323554,1996-08-30
22.59,25.63,1.51,2.706624363371615,1996-08-31
22.35,27.51,1.64,3.682556732729601,1996-09-01
22.96,26.78,3.54,3.2304928550315006,1996-09-02
23.16,27.41,1.28,3.233154598538063,1996-09-03
23.17,27.78,1.1,3.7065650519782314,1996-09-04
22.98,27.19,1.41,3.392097336626039,1996-09-05
22.63,27.82,0.75,3.3818219145855792,1996-09-06
22.45,28.32,1.12,4.155711249731907,1996-09-07
23.34,27.23,4.05,3.473121374638599,1996-09-08
23.02,27.92,4.04,3.6934680231724415,1996-09-09
22.85,27.88,1.63,3.2841595594237147,1996-09-10
22.92,26.63,24.85,1.8597891789185113,1996-09-11
22.84,27.39,6.56,3.4253782903204817,1996-09-12
22.56,27.87,0.13,4.073912830113313,1996-09-13
22.52,27.56,0.1,3.7885006844207076,1996-09-14
22.97,27.72,0.12,3.7287629931902933,1996-09-15
22.67,27.64,0.15,3.677433819924736,1996-09-16
22.95,27.6,0.18,3.862509783533605,1996-09-17
22.77,27.49,2.03,3.597285096799537,1996-09-18
22.66,27.74,1.49,4.094847770304372,1996-09-19
22.28,27.89,0.82,3.4067362320445675,1996-09-20
23.0,26.99,2.61,2.758893776528812,1996-09-21
22.65,27.89,1.58,3.788892465916615,1996-09-22
22.75,27.75,0.78,4.021098230657553,1996-09-23
22.67,28.18,3.61,3.6082362036437017,1996-09-24
22.89,27.21,2.08,2.783295878325305,1996-09-25
23.05,27.7,1.2,3.675899166885501,1996-09-26
22.87,27.19,1.03,3.7964640220005585,1996-09-27
23.14,27.96,0.16,3.9868972404143546,1996-09-28
23.31,28.04,0.22,3.7730433602736686,1996-09-29
23.2,28.57,0.25,4.161472211226772,1996-09-30
22.94,28.98,0.31,3.9477773346668292,1996-10-01
22.96,28.59,0.42,3.9600856264339246,1996-10-02
22.89,24.45,8.92,2.4297216801160233,1996-10-03
22.12,27.27,1.76,3.5957482344111393,1996-10-04
23.0,27.58,2.83,3.5038991395568573,1996-10-05
23.17,27.0,2.85,3.4616803126428284,1996-10-06
23.05,28.24,1.81,3.82651802964365,1996-10-07
23.33,27.94,0.43,3.9178606516128163,1996-10-08
23.29,28.19,0.3,3.8562512617250273,1996-10-09
23.04,28.17,0.32,4.102507282502704,1996-10-10
23.0,28.77,0.44,4.315793888776165,1996-10-11
23.34,28.19,0.68,3.8700876610839643,1996-10-12
23.26,25.69,21.22,1.793324416287653,1996-10-13
22.67,28.39,5.96,4.027136998061446,1996-10-14
23.35,28.39,6.53,3.742972123869205,1996-10-15
23.54,27.88,18.36,3.603502119933568,1996-10-16
23.52,27.74,6.68,2.9889732889098317,1996-10-17
23.29,28.19,2.22,4.34921718004596,1996-10-18
22.98,28.33,1.1,3.4870159297873577,1996-10-19
23.67,28.36,1.58,4.173737053730409,1996-10-20
24.03,27.0,3.5,3.5947480497125124,1996-10-21
23.46,28.83,0.67,4.401980493561397,1996-10-22
23.7,28.8,0.0,4.235480653003308,1996-10-23
23.83,28.42,0.0,4.510149099686219,1996-10-24
24.03,28.77,0.0,3.551305189491584,1996-10-25
23.76,27.55,0.0,3.128705250160476,1996-10-26
23.89,27.61,0.0,4.05004391949506,1996-10-27
23.74,28.23,0.72,3.968375571961937,1996-10-28
24.03,29.43,1.54,4.259683652028605,1996-10-29
24.01,29.79,2.03,4.1308545281879425,1996-10-30
23.32,30.12,2.03,4.515067352275664,1996-10-31
24.37,30.04,0.89,4.407947360978923,1996-11-01
23.49,29.87,0.01,3.8884530218221136,1996-11-02
23.81,30.0,0.01,4.144522045198683,1996-11-03
24.28,29.85,0.01,4.307055335053313,1996-11-04
23.97,28.5,0.0,4.085873923553941,1996-11-05
22.2,30.06,0.01,4.52601614578841,1996-11-06
23.11,30.56,0.0,4.646187386051036,1996-11-07
21.52,30.63,0.0,4.4091826378250545,1996-11-08
23.06,30.43,0.0,4.476188566879255,1996-11-09
22.96,30.44,0.0,4.499906577026763,1996-11-10
23.19,30.63,0.0,4.437869954523253,1996-11-11
24.32,30.52,0.04,4.193217155585294,1996-11-12
24.06,30.54,0.04,4.410607002181001,1996-11-13
24.74,30.73,0.07,4.428281432360663,1996-11-14
23.43,30.64,0.03,4.412619793274248,1996-11-15
23.71,30.38,0.04,4.103664209871161,1996-11-16
23.63,30.16,0.04,3.811422383968087,1996-11-17
23.76,30.01,0.03,4.207007399686863,1996-11-18
24.08,30.85,0.02,4.305062431625521,1996-11-19
24.46,31.28,0.03,4.137841915969153,1996-11-20
24.33,30.81,0.02,4.293154531119351,1996-11-21
24.65,29.86,0.05,4.184652199956431,1996-11-22
24.77,30.98,0.04,4.408920585367777,1996-11-23
24.75,31.65,0.03,4.138133917306807,1996-11-24
24.45,31.36,0.05,4.7920236687339655,1996-11-25
24.45,30.34,0.07,4.109974367661241,1996-11-26
24.44,30.18,2.34,3.1142024774209265,1996-11-27
24.37,29.6,3.22,4.092503632682886,1996-11-28
24.73,29.54,6.06,1.93766399955204,1996-11-29
24.29,30.3,2.25,3.969014093832562,1996-11-30
24.31,29.9,2.95,3.9542911496526423,1996-12-01
24.77,28.62,0.12,3.5806538968653165,1996-12-02
24.14,28.23,0.11,3.7472410370545624,1996-12-03
23.8,29.93,0.07,3.908614695183497,1996-12-04
24.17,30.68,0.13,3.8236144828284586,1996-12-05
24.42,29.43,0.12,3.651110743756931,1996-12-06
24.23,30.19,0.18,4.095262723498543,1996-12-07
24.21,29.59,0.34,3.8789760430456415,1996-12-08
24.26,30.03,0.71,3.6306790443311745,1996-12-09
24.11,30.94,0.45,3.6467907531707895,1996-12-10
24.23,30.33,0.27,3.7895020118903586,1996-12-11
24.02,31.06,0.0,3.8126755947951736,1996-12-12
24.11,31.35,0.0,4.100559821622202,1996-12-13
24.73,31.04,0.0,3.6711171302453054,1996-12-14
23.53,31.05,0.0,3.9959122917296,1996-12-15
23.83,31.4,0.0,4.1526302816988006,1996-12-16
23.84,31.6,0.65,4.276751199551006,1996-12-17
24.23,31.41,0.61,4.207446721947997,1996-12-18
24.06,31.37,0.45,3.891250697609359,1996-12-19
24.72,30.49,0.99,4.182726545195172,1996-12-20
24.4,30.72,1.54,4.307101339994155,1996-12-21
24.53,30.05,0.0,3.9429527980714316,1996-12-22
24.15,30.65,0.0,4.293454917892906,1996-12-23
23.74,31.07,0.0,4.180693937814772,1996-12-24
23.47,30.92,0.0,4.079941303032899,1996-12-25
24.0,31.61,0.0,4.258140100691402,1996-12-26
24.03,31.28,0.0,4.082284387046476,1996-12-27
24.17,31.17,0.0,4.091267821455347,1996-12-28
24.39,31.56,0.01,4.128681865845465,1996-12-29
24.7,31.51,0.01,4.402674323408277,1996-12-30
24.67,30.46,0.0,4.006412759310024,1996-12-31
24.49,31.55,0.05,4.3415280833281615,1997-01-01
24.27,31.69,0.14,4.484305926922175,1997-01-02
23.94,32.02,0.04,4.418598836631424,1997-01-03
24.25,32.37,0.09,4.1675055184974275,1997-01-04
24.61,31.95,0.11,4.540372896415938,1997-01-05
24.78,31.05,0.0,4.316700867382563,1997-01-06
24.9,31.3,0.0,4.344040892380208,1997-01-07
25.07,30.25,0.0,4.0021039934595555,1997-01-08
24.94,30.94,0.0,4.3346966622743315,1997-01-09
25.08,28.53,0.0,3.974727992720168,1997-01-10
24.64,29.26,0.17,4.020157574512496,1997-01-11
24.42,29.82,0.26,3.818015110296338,1997-01-12
24.9,28.6,0.46,3.9784557685721973,1997-01-13
24.47,28.87,0.39,3.857032413110256,1997-01-14
24.65,28.28,1.05,3.826563961436936,1997-01-15
24.41,29.85,0.01,4.099447848501373,1997-01-16
24.48,31.6,0.01,4.537902180917624,1997-01-17
24.44,31.47,0.0,4.390871923086771,1997-01-18
24.34,31.45,0.01,4.3395154012649275,1997-01-19
24.58,31.22,0.01,4.039995280566043,1997-01-20
24.85,31.49,0.16,4.3229143801800465,1997-01-21
24.24,31.22,0.01,4.228387065603425,1997-01-22
24.45,31.38,0.01,4.193644037960914,1997-01-23
24.03,31.06,0.09,4.077297686856393,1997-01-24
23.12,30.27,2.23,4.028721906902701,1997-01-25
23.67,30.23,3.39,3.990092534982269,1997-01-26
23.81,31.19,2.08,4.251804342129396,1997-01-27
24.08,30.22,8.96,4.3867794618011455,1997-01-28
24.12,31.02,5.11,4.044555244502303,1997-01-29
21.61,30.56,1.46,4.360042559064638,1997-01-30
22.52,30.83,0.0,4.4725873164900305,1997-01-31
21.38,30.31,0.0,4.687830445092491,1997-02-01
20.94,30.67,0.0,4.5907798717553145,1997-02-02
21.68,30.91,0.0,4.578501094811857,1997-02-03
23.03,31.23,0.0,4.181701577860429,1997-02-04
23.38,32.0,0.0,3.9851799108960275,1997-02-05
23.53,31.61,0.0,3.990502255471526,1997-02-06
23.52,31.79,0.0,4.179951053990171,1997-02-07
23.33,31.88,0.0,4.050763059119057,1997-02-08
23.02,31.88,0.0,4.718694814877226,1997-02-09
23.61,32.24,0.0,4.550991625063879,1997-02-10
23.55,32.02,0.0,4.907787637479961,1997-02-11
23.41,31.91,0.0,4.4955839781280105,1997-02-12
22.7,32.0,0.0,4.722856370103845,1997-02-13
20.87,32.26,0.0,5.389540824454833,1997-02-14
22.22,32.24,0.0,4.3655114111667475,1997-02-15
22.68,33.09,0.0,4.983139554212166,1997-02-16
24.12,32.46,0.0,4.684399219223462,1997-02-17
24.07,32.1,0.0,5.130053322370604,1997-02-18
25.06,33.66,0.0,4.9915870925438215,1997-02-19
25.1,33.44,0.0,5.159965499727997,1997-02-20
24.96,33.23,0.0,4.960913767063213,1997-02-21
25.24,33.27,0.0,4.4700528810779785,1997-02-22
25.17,33.3,0.0,4.254783651154112,1997-02-23
25.07,33.2,0.0,5.103897285729951,1997-02-24
25.31,32.68,1.26,4.802637558242513,1997-02-25
25.15,31.61,1.18,4.778744258824584,1997-02-26
25.91,31.88,1.5,5.028139428071382,1997-02-27
25.95,31.89,1.99,4.837029900198246,1997-02-28
25.83,29.53,1.97,3.5723263037566615,1997-03-01
24.64,32.41,10.91,4.072451900460087,1997-03-02
24.77,32.36,0.98,4.810735760078331,1997-03-03
23.26,32.06,0.01,4.244841175066277,1997-03-04
24.13,33.21,0.0,4.434266226389493,1997-03-05
24.5,33.19,1.43,4.618828048957599,1997-03-06
24.81,32.62,0.0,5.291911919076236,1997-03-07
25.48,32.02,0.0,5.134454210135423,1997-03-08
26.29,31.34,0.0,4.705976998324521,1997-03-09
26.43,30.16,0.0,4.763512713894551,1997-03-10
26.22,30.77,0.0,5.004511966827582,1997-03-11
25.98,30.92,4.43,4.377220515390236,1997-03-12
25.68,30.36,4.99,3.9369314033337304,1997-03-13
25.36,28.25,5.42,2.5881705590267603,1997-03-14
24.77,31.82,1.33,5.33683490954354,1997-03-15
25.75,32.02,5.83,4.503916570607263,1997-03-16
25.94,31.65,2.64,4.679724045722485,1997-03-17
26.19,31.64,2.1,5.008113286660115,1997-03-18
25.99,31.74,1.89,4.522966399503123,1997-03-19
25.92,32.07,1.84,4.585731714081771,1997-03-20
26.21,29.66,6.33,4.622702470268345,1997-03-21
26.31,29.52,17.03,4.0953302515366525,1997-03-22
25.67,29.46,25.91,2.748603608410706,1997-03-23
25.21,29.3,7.33,4.8587093624105915,1997-03-24
24.94,27.98,14.0,3.5443331895316,1997-03-25
24.41,28.22,16.53,2.5445749732550476,1997-03-26
24.51,30.09,1.0,4.947110864352027,1997-03-27
25.09,29.0,1.66,3.5360174590708717,1997-03-28
25.37,30.12,2.41,4.730842305694994,1997-03-29
25.36,28.75,2.84,2.914722281621523,1997-03-30
24.76,28.47,1.27,4.2541730497073,1997-03-31
24.84,29.2,4.05,2.9648314288099513,1997-04-01
24.71,27.78,4.07,3.1833941881032786,1997-04-02
24.48,28.66,6.26,3.3309771272697564,1997-04-03
24.75,28.07,6.96,1.9538573334135099,1997-04-04
23.92,31.18,1.0,5.344522054785912,1997-04-05
24.95,29.81,1.04,4.700111089526647,1997-04-06
24.22,27.75,3.35,3.871061764046149,1997-04-07
23.06,29.0,1.37,4.836616831267618,1997-04-08
24.81,30.25,1.26,4.845370833096123,1997-04-09
24.67,31.02,1.1,4.816130650774562,1997-04-10
25.65,30.7,6.48,4.727955391325956,1997-04-11
25.17,27.73,6.86,2.9041687240740934,1997-04-12
24.51,30.31,2.38,5.124526729345479,1997-04-13
24.84,30.05,2.58,4.213788485566569,1997-04-14
25.45,29.13,4.05,3.34087320743754,1997-04-15
25.27,28.89,5.3,3.7841737543367517,1997-04-16
24.79,27.65,7.19,3.5819937391253758,1997-04-17
24.78,28.29,3.14,4.313145304784135,1997-04-18
24.96,28.45,2.44,3.3006797650031507,1997-04-19
25.02,27.8,5.78,4.094956479868774,1997-04-20
24.44,28.07,9.46,3.8620078074169735,1997-04-21
24.09,27.52,6.74,2.3241358407845416,1997-04-22
24.36,27.38,6.45,3.1204419491166986,1997-04-23
24.16,27.86,6.35,4.328853368533472,1997-04-24
24.57,28.91,5.06,4.1993649529292085,1997-04-25
24.96,28.23,11.83,4.0670455197460225,1997-04-26
25.09,28.14,5.1,3.3579182568102546,1997-04-27
24.71,28.6,5.31,3.4021522390488936,1997-04-28
25.23,28.55,13.93,3.8213043804653153,1997-04-29
25.04,27.77,10.74,3.318060173714375,1997-04-30
24.71,28.42,8.28,3.9744273461230577,1997-05-01
25.22,27.72,13.83,3.224534094956816,1997-05-02
24.78,28.75,6.22,3.669544232652241,1997-05-03
25.0,28.09,11.21,2.874037575455117,1997-05-04
25.04,27.79,9.47,3.5824916974115144,1997-05-05
24.91,29.11,5.1,3.876051218289816,1997-05-06
25.14,28.82,5.06,2.9936307356460627,1997-05-07
24.85,29.59,5.36,4.666430863172561,1997-05-08
25.4,29.36,3.49,2.9213781122942986,1997-05-09
25.04,29.27,5.31,4.722240309105659,1997-05-10
24.5,29.92,2.15,4.758190941440818,1997-05-11
25.3,28.35,1.66,2.5638692406553933,1997-05-12
25.22,29.51,1.34,4.589084904281878,1997-05-13
24.51,29.4,1.32,4.481505334294416,1997-05-14
24.73,28.3,1.31,4.326855335337019,1997-05-15
24.97,28.07,3.4,3.418886635592072,1997-05-16
25.14,28.66,6.62,4.431423266201005,1997-05-17
25.33,28.49,4.39,2.510195491236004,1997-05-18
25.63,29.47,7.06,4.619743348040851,1997-05-19
25.02,29.29,7.05,2.357049106732296,1997-05-20
25.16,30.04,6.26,4.890210459065297,1997-05-21
24.95,28.02,11.54,1.9954587547133926,1997-05-22
24.5,27.37,7.36,3.760650296595297,1997-05-23
24.15,27.16,10.36,3.5800531104323277,1997-05-24
24.31,27.69,5.81,4.125890072997728,1997-05-25
24.9,28.4,9.3,2.947403038527126,1997-05-26
25.0,28.32,8.01,2.896043057103231,1997-05-27
24.45,28.84,9.54,3.8148614748390384,1997-05-28
24.89,29.17,4.38,3.788066842451406,1997-05-29
25.11,29.52,4.67,3.7732118023203975,1997-05-30
25.2,28.74,9.78,3.5278144966546137,1997-05-31
25.18,28.45,11.91,3.3498404347563726,1997-06-01
24.9,28.76,7.69,2.57168403768871,1997-06-02
24.8,28.53,10.89,2.468774910104896,1997-06-03
24.94,28.52,17.84,2.965047101761682,1997-06-04
24.57,28.25,5.83,3.1726056388519766,1997-06-05
23.99,28.81,4.39,3.65300645469859,1997-06-06
24.51,28.85,3.48,4.139522169297036,1997-06-07
24.5,28.4,5.02,3.8523488468523266,1997-06-08
24.96,28.4,13.08,2.335600908997763,1997-06-09
24.91,29.15,8.49,4.242209154279029,1997-06-10
25.32,27.85,12.15,1.6576762538080763,1997-06-11
25.01,27.09,15.99,2.6648723892644264,1997-06-12
24.57,26.56,7.23,2.3320648938381083,1997-06-13
24.79,27.52,20.1,2.8832468694501907,1997-06-14
24.49,26.68,5.2,3.004157902575131,1997-06-15
24.2,26.25,17.63,2.2350731482652573,1997-06-16
24.22,27.91,7.62,4.080702661362203,1997-06-17
24.14,28.58,15.75,3.665496205871402,1997-06-18
24.37,27.47,41.23,2.2712290097452694,1997-06-19
24.12,27.4,12.56,3.1130656408853215,1997-06-20
23.93,28.38,10.18,3.3135248339086525,1997-06-21
24.31,27.96,15.72,2.6848506093379605,1997-06-22
24.09,26.28,22.24,1.9049409742724117,1997-06-23
24.04,27.17,12.53,3.0087538284067095,1997-06-24
23.66,28.17,1.53,3.6403370666893244,1997-06-25
23.82,26.57,5.25,3.1257834198798284,1997-06-26
23.72,28.05,3.64,3.4588628408018662,1997-06-27
23.96,27.67,5.68,3.2040291088138044,1997-06-28
23.54,26.19,2.5,3.4520227754112107,1997-06-29
23.39,27.7,5.21,3.832214230819796,1997-06-30
23.67,27.54,8.28,3.5898815927530494,1997-07-01
23.72,27.25,11.67,2.7565337971432484,1997-07-02
23.25,27.61,3.54,3.7500996503856197,1997-07-03
22.75,27.38,0.38,4.3267297100971716,1997-07-04
22.91,27.43,0.06,3.876659327191955,1997-07-05
22.99,27.51,0.03,4.1048729521450324,1997-07-06
22.73,27.88,0.02,4.1522831363972195,1997-07-07
23.0,27.32,0.05,3.8457240352855564,1997-07-08
22.81,27.14,0.07,3.5518455714299555,1997-07-09
23.32,27.63,1.39,3.703515345490258,1997-07-10
23.0,27.66,2.96,3.959356460031067,1997-07-11
23.66,27.96,9.63,3.437141395988076,1997-07-12
23.48,28.17,1.6,3.8426178505902144,1997-07-13
23.41,27.39,7.12,2.991518103866499,1997-07-14
23.82,27.4,9.77,2.010759298718956,1997-07-15
23.51,25.75,2.48,2.7580942133253257,1997-07-16
23.22,26.47,0.3,3.8857714572152062,1997-07-17
22.75,27.19,4.61,3.4205898860559993,1997-07-18
22.8,25.08,3.82,2.9473843147463223,1997-07-19
22.61,26.01,2.98,2.998359282985641,1997-07-20
22.34,26.72,1.18,2.9003936404214303,1997-07-21
21.85,25.66,0.93,3.531252133747329,1997-07-22
22.08,26.33,2.0,3.610674995129399,1997-07-23
22.31,26.17,2.64,3.1197096230101686,1997-07-24
21.92,26.78,0.43,3.6157923525707476,1997-07-25
22.11,26.98,0.2,3.8171884876070883,1997-07-26
22.1,26.45,0.26,3.736968061381847,1997-07-27
22.08,26.69,0.22,3.425876786350378,1997-07-28
22.31,25.8,0.42,2.6178446251241616,1997-07-29
22.26,25.23,20.36,1.8579000796493979,1997-07-30
22.09,25.56,10.01,2.149583105638635,1997-07-31
21.68,24.95,21.23,2.0303320934359004,1997-08-01
22.02,24.93,9.64,2.134814819274854,1997-08-02
22.16,26.87,2.75,3.0275126654784392,1997-08-03
22.0,26.74,0.21,3.7804122640607956,1997-08-04
21.69,26.34,0.16,3.7154097688685845,1997-08-05
21.28,25.6,0.11,3.6585312228477433,1997-08-06
20.59,26.94,0.06,4.010507643273666,1997-08-07
22.22,26.55,0.06,3.840208879663802,1997-08-08
22.05,25.76,0.05,2.354604825174863,1997-08-09
21.76,26.69,0.06,3.6250489703970166,1997-08-10
21.98,27.07,0.08,4.0755907373947124,1997-08-11
22.05,26.77,0.23,3.7118194721984006,1997-08-12
22.57,26.5,0.78,2.876397616737691,1997-08-13
22.2,26.82,0.85,3.6039979445479204,1997-08-14
22.15,25.83,0.99,2.8497939459755535,1997-08-15
22.38,27.16,0.6,2.859961039099743,1997-08-16
22.26,27.44,1.39,1.8480595770427963,1997-08-17
22.5,27.91,1.77,3.222234547648004,1997-08-18
22.77,27.11,0.63,3.9347311100231837,1997-08-19
22.48,27.97,0.38,3.4917734319023825,1997-08-20
22.99,28.46,0.3,3.8069877050106493,1997-08-21
23.15,27.27,0.32,3.6659354261463544,1997-08-22
22.74,28.63,0.34,4.112897956408966,1997-08-23
23.1,28.01,9.08,2.6352067538570063,1997-08-24
23.18,27.2,9.67,2.728626599109832,1997-08-25
23.01,27.56,2.9,3.6079337890886785,1997-08-26
23.27,27.19,4.96,3.932551249347656,1997-08-27
23.4,26.46,9.06,3.6360917563175916,1997-08-28
23.09,27.1,4.44,2.9072488396528557,1997-08-29
22.68,27.28,7.34,2.807629463807887,1997-08-30
22.43,27.68,3.51,3.7570784852838517,1997-08-31
22.79,27.88,2.38,3.8397170444919353,1997-09-01
22.77,27.52,2.35,3.675600448619706,1997-09-02
23.08,27.85,2.26,3.8358620614427754,1997-09-03
23.08,28.18,3.49,3.4401406430773793,1997-09-04
23.46,28.03,1.94,4.097889769273762,1997-09-05
23.24,27.94,1.45,4.026863646472948,1997-09-06
23.39,28.28,3.19,3.3637151350740995,1997-09-07
23.62,28.33,3.12,3.705079462551384,1997-09-08
23.27,28.31,3.96,3.667249352167311,1997-09-09
23.7,27.15,3.03,3.4697202354912937,1997-09-10
23.93,28.11,3.79,2.990132092552267,1997-09-11
23.69,27.75,3.25,3.4832182807971983,1997-09-12
23.71,27.17,3.32,3.0279832530278386,1997-09-13
23.55,27.65,1.65,3.6161920155081306,1997-09-14
23.33,28.65,1.66,4.202053232836007,1997-09-15
23.64,28.26,1.77,3.667537327695632,1997-09-16
23.32,28.18,3.01,3.9585836223514006,1997-09-17
23.75,26.66,3.89,2.7945001904782667,1997-09-18
23.38,28.57,2.18,3.3416676017666913,1997-09-19
23.64,29.05,3.06,3.7656885853998068,1997-09-20
23.77,29.14,1.45,3.718100556756024,1997-09-21
24.02,29.17,3.02,4.523808456235337,1997-09-22
24.19,28.88,3.81,3.2484186412914635,1997-09-23
23.9,28.28,7.15,2.765103251459583,1997-09-24
24.08,27.04,7.84,2.4999087985350865,1997-09-25
24.1,28.84,0.98,4.370155975015463,1997-09-26
24.3,28.74,1.37,3.545259668130772,1997-09-27
24.23,29.16,1.16,4.516620564743098,1997-09-28
24.46,29.01,1.82,4.008540899649417,1997-09-29
24.49,27.92,1.59,2.840580198384098,1997-09-30
24.55,28.95,1.03,4.221158778689051,1997-10-01
24.82,28.0,0.93,3.2199433685240857,1997-10-02
24.45,28.42,5.72,3.826615500457448,1997-10-03
24.45,28.32,11.29,3.290274597814789,1997-10-04
24.39,26.64,7.85,3.1278896420102593,1997-10-05
24.43,28.4,3.13,3.1212591552325635,1997-10-06
23.72,29.21,4.62,3.94918324706031,1997-10-07
24.69,28.4,4.06,3.712777231964641,1997-10-08
25.0,29.44,5.22,4.372501862285619,1997-10-09
25.04,27.79,10.31,2.8932963412170363,1997-10-10
24.5,29.09,6.26,3.8416360936003886,1997-10-11
24.83,28.9,4.41,4.189625526391941,1997-10-12
24.39,29.3,2.08,4.143273810530737,1997-10-13
24.49,29.15,3.67,2.96587430243443,1997-10-14
24.44,28.62,4.88,3.457174845844287,1997-10-15
25.05,29.58,2.93,4.10434752685121,1997-10-16
25.24,28.85,4.3,3.4615635667121487,1997-10-17
25.2,27.78,8.15,3.9689896461069707,1997-10-18
25.05,29.03,7.25,3.115167382481194,1997-10-19
25.21,28.52,2.38,3.9286152459214687,1997-10-20
24.94,28.56,2.83,4.275644227379243,1997-10-21
24.59,28.82,3.78,3.224027710881466,1997-10-22
24.13,28.83,2.26,4.240981860973812,1997-10-23
24.34,28.88,4.23,3.5680823939783046,1997-10-24
24.58,29.4,2.03,4.157993686529762,1997-10-25
25.05,28.16,4.73,3.6746892911640385,1997-10-26
24.81,28.32,2.35,3.9674850812037485,1997-10-27
24.9,28.91,5.48,3.8423030251797377,1997-10-28
24.88,27.65,7.05,2.4619469044074913,1997-10-29
24.3,28.65,3.09,4.156902546653357,1997-10-30
24.94,28.18,8.16,3.964612283671717,1997-10-31
25.08,27.7,12.91,1.7967896222528401,1997-11-01
24.39,29.5,0.0,4.247565824913838,1997-11-02
24.81,29.79,0.0,4.301249612994833,1997-11-03
25.09,30.08,0.0,4.278430291236681,1997-11-04
25.12,30.58,0.0,4.418876650083771,1997-11-05
25.31,30.31,0.0,4.27979354553338,1997-11-06
25.53,29.32,1.73,4.227646697254826,1997-11-07
25.32,29.99,1.03,3.5630154843862947,1997-11-08
25.12,29.89,0.6,3.478393374373807,1997-11-09
24.88,30.53,0.3,4.372105522744022,1997-11-10
24.87,31.04,0.52,4.331108590455735,1997-11-11
25.27,30.92,0.01,3.8539309388020486,1997-11-12
25.32,30.16,0.01,3.8861160482702597,1997-11-13
24.93,30.36,0.01,3.965336670746794,1997-11-14
25.09,30.59,0.01,3.9938662942249907,1997-11-15
24.73,31.15,0.0,4.060150107860493,1997-11-16
25.27,30.6,0.28,3.903626593356947,1997-11-17
25.1,29.51,0.28,3.5350979285881134,1997-11-18
25.0,29.16,0.06,1.666121998824724,1997-11-19
24.64,30.76,0.02,4.4314169037440845,1997-11-20
25.27,30.28,0.21,3.9872516473980792,1997-11-21
25.13,30.41,0.0,3.5776817731394757,1997-11-22
25.11,30.9,0.0,3.903045073215807,1997-11-23
24.96,31.31,0.0,4.181055794580936,1997-11-24
25.5,30.43,0.0,3.8951963166291788,1997-11-25
25.56,30.0,0.0,4.014391460791634,1997-11-26
25.48,29.67,0.16,3.9150104929020593,1997-11-27
24.94,28.52,0.16,3.8674798286115215,1997-11-28
24.6,29.79,0.11,4.126152327746968,1997-11-29
24.9,28.33,0.04,3.617192941955314,1997-11-30
24.92,30.38,0.22,3.642501242430141,1997-12-01
25.41,30.88,4.51,3.8372558877441807,1997-12-02
25.02,30.77,3.59,3.7029384430470276,1997-12-03
25.49,30.64,2.35,3.841852539835639,1997-12-04
25.85,28.9,7.23,3.603477095035605,1997-12-05
25.44,29.35,6.48,3.513129651863354,1997-12-06
25.89,29.08,4.43,3.613319876983039,1997-12-07
25.37,28.1,6.68,3.365791481725475,1997-12-08
24.93,29.49,3.07,3.7792251334615092,1997-12-09
25.25,28.79,6.3,3.6023087400840472,1997-12-10
24.8,29.15,8.77,3.4839493596001843,1997-12-11
24.47,29.25,3.61,3.5024648150721576,1997-12-12
22.05,26.2,7.93,3.0576075906619407,1997-12-13
23.33,28.36,0.01,3.3176345687804965,1997-12-14
23.28,29.68,0.0,3.0492233058754676,1997-12-15
24.14,30.47,0.0,3.751457854906884,1997-12-16
25.06,30.84,0.0,3.8512201017513226,1997-12-17
24.82,30.85,0.0,3.6518702340873843,1997-12-18
24.72,30.99,0.0,3.8789549595146973,1997-12-19
24.7,30.96,0.0,3.966348053890503,1997-12-20
24.55,31.37,0.0,3.8655818715049515,1997-12-21
24.92,31.57,0.13,4.075089692580683,1997-12-22
25.38,30.77,0.22,3.7886163551513556,1997-12-23
25.36,30.31,0.16,3.776264372759071,1997-12-24
25.65,31.16,0.21,3.9657236934470244,1997-12-25
24.66,30.98,0.09,4.080993921892748,1997-12-26
21.48,30.16,0.0,4.632634635792168,1997-12-27
24.08,29.99,0.0,4.34513247130785,1997-12-28
23.22,30.04,0.0,4.386375026481239,1997-12-29
23.99,30.53,0.0,4.039045190211786,1997-12-30
25.22,31.26,0.0,3.7735645382092744,1997-12-31
24.78,29.86,0.36,3.480070163049435,1998-01-01
24.93,31.2,2.91,3.8362058182352587,1998-01-02
24.94,31.84,2.4,3.7034847055526683,1998-01-03
24.82,31.77,1.4,3.7882421766722842,1998-01-04
25.2,31.07,1.92,3.211440617447057,1998-01-05
20.85,30.25,0.0,4.956634294425669,1998-01-06
19.7,30.0,0.0,4.159759365678652,1998-01-07
20.53,30.66,0.0,4.4303040453645295,1998-01-08
22.47,31.03,0.0,3.9787263412836187,1998-01-09
22.18,31.02,0.0,3.715426302086981,1998-01-10
22.6,30.8,0.0,3.3146525856895854,1998-01-11
21.95,31.07,0.0,3.9840524667863884,1998-01-12
21.8,30.66,0.0,4.3179782390306745,1998-01-13
22.04,30.37,0.0,4.3164853868738176,1998-01-14
21.11,30.64,0.0,4.24833353591203,1998-01-15
20.17,30.62,0.0,3.7839655288310112,1998-01-16
21.47,31.43,0.0,4.209072028839987,1998-01-17
20.6,31.1,0.0,3.993738426571481,1998-01-18
19.98,30.93,0.0,4.474914980122368,1998-01-19
20.07,30.38,0.0,4.213723626412639,1998-01-20
20.13,30.57,0.0,4.199345058523711,1998-01-21
21.74,31.24,0.0,4.509889610379977,1998-01-22
22.67,31.78,0.0,4.724030857809885,1998-01-23
23.53,32.8,0.0,4.517286908426371,1998-01-24
24.71,32.58,0.0,4.6524987423126545,1998-01-25
25.79,32.62,0.01,4.612388129704644,1998-01-26
25.68,33.06,0.01,4.928115345981117,1998-01-27
26.23,32.4,0.02,4.509545073183729,1998-01-28
26.47,31.61,0.01,4.444574560755755,1998-01-29
26.78,31.37,0.01,4.579301618035593,1998-01-30
26.22,32.56,2.19,4.570997820604819,1998-01-31
26.05,31.77,1.22,4.66035816788679,1998-02-01
25.91,33.09,2.4,4.5473819742906505,1998-02-02
26.46,32.28,1.84,4.353802586912408,1998-02-03
26.39,33.6,1.79,4.739278705012366,1998-02-04
26.34,33.77,0.01,4.71391926799316,1998-02-05
26.35,33.7,0.01,4.837194967736237,1998-02-06
26.45,34.59,0.01,5.154379069522961,1998-02-07
26.46,33.51,0.01,5.068187571395561,1998-02-08
26.85,33.42,0.02,5.154875519265427,1998-02-09
26.62,32.78,5.46,4.938676121486643,1998-02-10
26.52,32.02,8.11,3.250811864778365,1998-02-11
26.36,31.66,5.47,3.4139737901251817,1998-02-12
25.45,32.41,2.16,4.88946818059866,1998-02-13
23.85,31.56,4.08,4.312806990452818,1998-02-14
23.51,32.74,0.0,4.18212203171403,1998-02-15
24.12,32.4,0.0,4.7125455224701405,1998-02-16
24.83,33.06,0.0,3.971519325387525,1998-02-17
24.83,33.09,0.0,4.21323216719385,1998-02-18
25.39,32.32,0.0,4.78670280713721,1998-02-19
25.39,33.44,0.48,4.992078915449639,1998-02-20
25.72,32.61,0.64,4.830764532608532,1998-02-21
25.65,33.26,0.08,4.619206333837298,1998-02-22
23.81,33.51,0.01,5.521998815067823,1998-02-23
23.52,33.15,0.0,4.615674530982396,1998-02-24
24.72,33.58,0.0,4.439103164203584,1998-02-25
25.52,33.84,0.0,4.727090398119706,1998-02-26
25.74,32.41,0.0,4.470925795504496,1998-02-27
25.7,33.12,0.0,4.6833837242805965,1998-02-28
26.42,31.63,0.0,4.52903420577697,1998-03-01
26.22,33.83,1.61,4.818871172320039,1998-03-02
26.4,32.2,2.12,4.603552208223497,1998-03-03
25.18,30.65,0.2,4.927213556939951,1998-03-04
24.58,32.43,0.06,4.562408540720622,1998-03-05
25.06,32.74,0.02,4.446788340780051,1998-03-06
25.24,31.41,0.0,4.279713613274514,1998-03-07
24.79,33.45,0.0,4.5465583743641185,1998-03-08
24.79,34.27,0.0,4.924244569363727,1998-03-09
25.5,33.98,0.0,5.488498692092689,1998-03-10
26.22,34.21,0.0,5.267171075827942,1998-03-11
26.59,34.47,0.24,5.952689295918744,1998-03-12
26.62,30.84,0.59,4.126574522007149,1998-03-13
25.57,32.03,0.24,5.289611713486222,1998-03-14
26.52,32.23,0.88,3.166100376637021,1998-03-15
26.34,33.39,0.4,5.771420719900844,1998-03-16
26.8,35.13,0.04,6.274944561052484,1998-03-17
26.45,34.99,0.04,5.387151602274523,1998-03-18
27.16,34.39,0.08,5.514648392312882,1998-03-19
27.35,33.29,0.05,4.941920353503074,1998-03-20
27.28,32.61,0.08,4.466356578142449,1998-03-21
27.07,32.56,0.21,5.325017008050515,1998-03-22
26.64,33.58,0.17,5.055902805463183,1998-03-23
26.78,31.73,0.19,4.237479819919156,1998-03-24
26.96,31.6,0.24,5.000152262169794,1998-03-25
27.05,32.78,0.29,4.553122527532941,1998-03-26
26.99,31.34,0.21,4.317244656068897,1998-03-27
27.08,32.64,0.29,5.065356537108306,1998-03-28
27.54,31.59,0.2,4.989983165371622,1998-03-29
27.48,31.72,0.23,4.069377050359704,1998-03-30
27.06,32.29,0.18,5.05795929265497,1998-03-31
26.63,31.68,1.48,4.629285152322966,1998-04-01
27.08,31.45,2.16,4.468659774358835,1998-04-02
27.2,32.61,2.25,4.426644798170161,1998-04-03
27.29,31.07,1.98,4.701720013632375,1998-04-04
27.05,30.5,3.21,3.8613920004826725,1998-04-05
27.01,31.29,0.52,3.220992268481244,1998-04-06
26.39,32.75,0.56,4.943412281918563,1998-04-07
27.15,32.35,1.02,4.935721772733278,1998-04-08
26.85,30.86,0.77,5.03239101298209,1998-04-09
27.28,32.36,1.25,4.893103478945274,1998-04-10
27.2,31.28,2.32,4.190870191964811,1998-04-11
26.92,30.78,4.72,4.602288714686967,1998-04-12
26.77,31.44,1.48,4.621953698643103,1998-04-13
26.78,32.57,2.09,4.554195080820892,1998-04-14
26.76,32.25,1.91,4.498957804850983,1998-04-15
27.13,31.56,4.09,4.729577887876737,1998-04-16
27.08,30.3,7.59,4.287892691225984,1998-04-17
26.85,30.29,10.45,3.7549825057916264,1998-04-18
26.51,30.03,9.37,3.40570038022929,1998-04-19
25.89,30.59,1.25,4.411073683462966,1998-04-20
26.69,31.71,1.61,3.4410536749765774,1998-04-21
27.02,30.2,4.69,4.346493810932736,1998-04-22
26.64,30.89,17.57,4.72546714633986,1998-04-23
26.45,30.0,2.1,3.661951672890137,1998-04-24
26.05,31.18,0.83,4.880643371071147,1998-04-25
26.27,30.73,4.4,4.87799783908967,1998-04-26
26.62,30.51,10.06,4.27927146758313,1998-04-27
26.5,29.79,3.1,4.849028154495664,1998-04-28
26.48,31.12,6.49,4.221331573486655,1998-04-29
26.64,30.34,7.05,3.821711022063126,1998-04-30
26.26,29.07,5.06,4.558492596046548,1998-05-01
25.59,30.27,3.33,3.8365855290930804,1998-05-02
26.61,30.64,3.29,4.39326290233049,1998-05-03
26.8,30.4,4.02,4.07560429972632,1998-05-04
26.15,30.86,3.83,3.9781915771685967,1998-05-05
26.28,30.16,4.68,4.656865932944163,1998-05-06
26.48,29.08,9.12,3.5554779174383686,1998-05-07
26.17,29.18,7.67,3.62109541163988,1998-05-08
25.87,29.73,12.59,3.9073328023187495,1998-05-09
25.96,28.71,13.27,3.4867101864565075,1998-05-10
25.27,29.62,2.91,4.1709453981098,1998-05-11
25.7,30.17,8.68,4.804610456510468,1998-05-12
25.54,29.58,14.72,4.147495685098054,1998-05-13
25.36,29.01,2.71,4.052020836047333,1998-05-14
25.8,28.65,4.2,3.7372922062670733,1998-05-15
25.94,29.72,5.59,3.9919711144873786,1998-05-16
25.69,30.57,4.1,4.758367058102139,1998-05-17
25.95,31.07,3.25,4.316633176930809,1998-05-18
26.73,29.83,6.6,4.157083613278279,1998-05-19
26.35,29.03,8.75,3.900398497886934,1998-05-20
25.92,30.21,2.58,4.723616268250436,1998-05-21
25.98,29.89,4.23,4.613734441414179,1998-05-22
25.74,28.63,12.59,3.483295118930444,1998-05-23
25.34,29.26,3.23,4.273656541704197,1998-05-24
25.37,29.95,2.29,4.592481738429718,1998-05-25
25.99,30.46,2.12,4.789404335825274,1998-05-26
26.35,30.23,3.89,4.442553690921592,1998-05-27
26.36,30.17,2.46,4.095017828374023,1998-05-28
25.82,30.19,3.08,4.345087575524117,1998-05-29
25.84,29.45,3.75,3.9146125975440813,1998-05-30
25.18,29.31,5.27,4.068429786396673,1998-05-31
25.19,28.37,7.32,4.255220585718339,1998-06-01
24.57,28.05,18.45,3.4224434930504652,1998-06-02
24.56,27.54,7.11,2.581808062668636,1998-06-03
24.49,27.65,14.36,3.965885865789865,1998-06-04
24.21,27.64,4.58,3.159159674166745,1998-06-05
24.41,28.69,4.61,4.079624808567151,1998-06-06
24.44,28.96,2.49,3.989297306245647,1998-06-07
25.06,28.11,1.76,2.6941062496031907,1998-06-08
24.65,29.57,0.22,4.4746189264986675,1998-06-09
25.01,29.52,0.63,4.466579776286718,1998-06-10
25.3,29.15,1.04,4.546625322239673,1998-06-11
25.34,28.99,0.49,2.47952173413757,1998-06-12
25.38,28.93,1.72,4.295937573567246,1998-06-13
25.01,28.65,4.06,3.2663503940041414,1998-06-14
24.4,27.87,10.72,3.177678011259479,1998-06-15
24.1,29.27,1.41,3.9509364993162737,1998-06-16
24.66,28.89,3.42,4.082431310223831,1998-06-17
25.02,27.65,6.66,1.9496299502804082,1998-06-18
24.67,28.0,1.87,3.89409929169582,1998-06-19
24.98,28.49,7.98,3.1205692779402217,1998-06-20
25.06,27.88,9.56,3.6671589860323315,1998-06-21
24.77,27.95,1.86,2.541798017164164,1998-06-22
24.54,28.99,0.42,4.0014060118708965,1998-06-23
24.35,29.05,0.49,4.235027070080047,1998-06-24
24.75,28.71,1.17,4.230717127847596,1998-06-25
24.63,27.77,3.25,2.7785778551477573,1998-06-26
24.1,27.71,6.19,3.061170784618995,1998-06-27
24.05,28.43,1.87,3.7937869052103106,1998-06-28
24.5,27.1,6.64,3.8889808747661085,1998-06-29
24.1,26.56,3.87,3.522820904388398,1998-06-30
23.75,26.73,5.63,3.2194234227255776,1998-07-01
23.92,27.94,4.24,3.393809792496578,1998-07-02
23.74,27.68,2.83,3.7576503477539167,1998-07-03
23.83,27.77,1.78,3.6487338309108535,1998-07-04
23.71,28.48,3.06,4.108340523347541,1998-07-05
23.55,27.81,3.86,3.1525142887722666,1998-07-06
23.68,28.04,2.63,3.17666815792925,1998-07-07
23.56,26.96,3.3,2.834330204287777,1998-07-08
24.12,28.23,5.59,3.9529483753136665,1998-07-09
23.89,27.16,1.61,3.2008303880318985,1998-07-10
23.96,27.77,2.2,3.432999343503117,1998-07-11
23.7,25.69,6.77,2.4064143214284894,1998-07-12
23.61,27.49,4.31,3.1427992225150008,1998-07-13
23.33,27.28,4.03,3.6825652749823026,1998-07-14
23.3,27.59,1.7,3.3206235348976945,1998-07-15
23.44,27.61,1.23,3.1135725348778,1998-07-16
22.81,27.19,0.26,3.5496431234951022,1998-07-17
22.82,27.39,0.89,3.642473110575214,1998-07-18
23.35,27.21,2.86,3.550096162009329,1998-07-19
23.11,26.53,5.89,2.612776187193933,1998-07-20
23.13,26.04,5.34,3.0420081842013285,1998-07-21
23.09,26.82,0.33,4.145158628355993,1998-07-22
22.78,27.6,0.53,3.940649162207154,1998-07-23
22.87,27.88,1.12,3.084537443124809,1998-07-24
22.88,28.15,0.47,3.6494520106269923,1998-07-25
23.38,28.12,0.16,3.856229804150694,1998-07-26
22.76,28.64,0.2,4.170760189566435,1998-07-27
23.3,27.8,0.86,2.7721545208797016,1998-07-28
23.16,25.49,2.33,2.318830869797596,1998-07-29
22.8,27.44,0.71,3.8173513319117576,1998-07-30
22.64,27.44,0.28,3.553249384093715,1998-07-31
22.84,27.8,0.43,3.861936959279396,1998-08-01
22.61,28.03,0.13,4.457832865847713,1998-08-02
22.38,27.62,0.43,4.0860543066411035,1998-08-03
22.58,26.94,3.83,3.1726029331923677,1998-08-04
22.82,26.47,1.75,2.7278616833550244,1998-08-05
22.09,27.87,0.4,3.841901411219112,1998-08-06
22.88,28.61,0.57,4.290437214998275,1998-08-07
22.99,26.92,0.6,3.516771448256806,1998-08-08
22.43,28.99,2.59,4.275252748492872,1998-08-09
23.07,27.6,5.43,3.9836434386735036,1998-08-10
23.15,27.38,6.85,4.024387192273625,1998-08-11
22.97,27.26,10.01,3.2550532156935477,1998-08-12
22.92,26.27,16.18,2.77287338247911,1998-08-13
22.69,25.51,27.06,2.3790461610172557,1998-08-14
22.27,26.11,5.34,2.858226479302149,1998-08-15
21.86,27.06,1.96,3.6484269155092552,1998-08-16
21.73,25.96,7.0,3.53549243866037,1998-08-17
22.29,26.15,6.25,2.9517561025252848,1998-08-18
22.12,25.64,0.51,2.743052599665622,1998-08-19
21.67,27.64,0.15,3.4971162424291267,1998-08-20
22.05,27.72,0.27,4.39444749640345,1998-08-21
22.48,26.56,0.33,3.4451578107843037,1998-08-22
22.64,26.89,0.59,3.1702817890312462,1998-08-23
22.55,27.27,0.02,3.3076314776203133,1998-08-24
22.4,27.34,0.02,3.405720032833691,1998-08-25
22.21,27.82,0.0,3.923564677619313,1998-08-26
21.88,29.88,0.0,4.706420171886995,1998-08-27
23.25,27.86,0.06,3.81628409136285,1998-08-28
23.44,26.4,0.88,3.1617909997204023,1998-08-29
22.99,27.1,0.46,3.8232497125318545,1998-08-30
22.63,25.84,2.9,2.8955610772785505,1998-08-31
22.96,27.71,2.28,3.387046966518953,1998-09-01
23.27,25.66,3.49,2.727851187422995,1998-09-02
23.18,27.86,0.01,3.9833775719462303,1998-09-03
22.78,28.57,0.01,4.227161286535119,1998-09-04
22.5,28.86,0.01,4.274588864266706,1998-09-05
22.97,28.4,0.01,3.879515500754644,1998-09-06
23.3,27.37,0.01,4.190310085981383,1998-09-07
23.09,29.08,0.63,4.561205570460408,1998-09-08
23.41,29.29,1.1,3.89122623050455,1998-09-09
24.07,28.63,1.24,3.7586201546867755,1998-09-10
23.93,27.42,3.02,3.0282376962491835,1998-09-11
23.52,27.99,2.24,3.890246547872474,1998-09-12
23.47,28.77,5.35,3.5942524920323753,1998-09-13
23.5,26.13,10.76,2.1443075817216517,1998-09-14
23.43,27.21,3.45,3.234485397058131,1998-09-15
23.67,28.46,5.95,3.7015413498864755,1998-09-16
23.87,28.81,3.04,3.7847432531893994,1998-09-17
24.03,27.89,8.92,2.6997508951952605,1998-09-18
23.68,27.67,6.97,3.5825141753229883,1998-09-19
23.62,28.46,3.87,3.748645920424133,1998-09-20
23.58,28.74,3.89,3.9954363185640642,1998-09-21
24.01,28.07,6.14,2.934108659593996,1998-09-22
23.78,27.37,5.81,2.655279851591879,1998-09-23
23.75,27.07,3.75,3.4026093962477533,1998-09-24
23.22,29.47,2.21,4.1354477074273595,1998-09-25
24.16,28.15,7.77,2.853039151170398,1998-09-26
24.11,28.08,1.8,3.4310819064704834,1998-09-27
24.0,29.04,1.11,4.134693221874114,1998-09-28
24.39,28.63,4.87,3.8999138912116464,1998-09-29
24.14,27.89,3.69,3.106202838273743,1998-09-30
24.04,27.55,2.65,2.1794569112628905,1998-10-01
23.53,29.4,0.79,4.377496554927842,1998-10-02
24.04,29.02,6.05,3.9868683438686587,1998-10-03
24.03,27.81,8.29,3.9350112056916564,1998-10-04
23.95,27.69,8.25,3.2350684934737926,1998-10-05
23.86,28.63,3.1,3.984349900653859,1998-10-06
24.34,27.02,9.18,2.9487829585920333,1998-10-07
24.24,27.3,11.22,3.146385453036625,1998-10-08
23.98,28.06,10.9,3.9994432599244565,1998-10-09
23.49,28.49,1.64,4.069919796229004,1998-10-10
24.52,27.29,11.94,2.0571795457106297,1998-10-11
24.5,26.09,20.69,2.9649869703817844,1998-10-12
24.01,28.48,2.48,3.912289357324636,1998-10-13
23.68,28.56,2.87,4.204497985802541,1998-10-14
23.91,29.19,6.41,3.754683154981941,1998-10-15
24.46,28.98,4.33,4.254229951906729,1998-10-16
24.33,28.93,6.44,3.7343224649513833,1998-10-17
24.56,27.45,13.29,2.7182644405016223,1998-10-18
24.4,27.47,15.69,3.672538018598956,1998-10-19
23.8,28.43,5.21,3.5881932128307916,1998-10-20
24.32,28.59,1.73,4.1594831303939905,1998-10-21
24.17,29.2,5.29,3.793047507636297,1998-10-22
24.17,27.32,6.44,2.062995842498643,1998-10-23
24.12,28.19,3.94,4.301313793237633,1998-10-24
23.99,28.7,1.92,4.074959508859887,1998-10-25
24.2,29.62,2.67,4.272344482570296,1998-10-26
24.69,28.14,2.96,3.9639226849230673,1998-10-27
24.09,30.05,1.31,4.121040585840189,1998-10-28
24.26,29.69,2.68,4.210370517960175,1998-10-29
24.26,29.36,2.12,3.6310089072355822,1998-10-30
24.96,29.04,2.77,4.107930229186079,1998-10-31
24.99,29.06,2.25,3.711117333760729,1998-11-01
25.05,28.81,0.32,3.9503779863457997,1998-11-02
24.59,30.25,0.36,4.052304469523779,1998-11-03
24.58,29.38,0.36,4.095905837865067,1998-11-04
24.68,30.33,0.5,4.250763243255538,1998-11-05
25.02,29.76,0.61,3.9365416092261127,1998-11-06
25.79,30.22,3.95,4.1175133118497005,1998-11-07
25.41,29.08,3.99,4.340552099654899,1998-11-08
25.45,28.97,4.64,3.5132606357413136,1998-11-09
25.27,28.43,2.85,3.4387716417583665,1998-11-10
24.36,30.24,1.7,4.191934974868169,1998-11-11
24.56,30.8,2.01,4.250818773897616,1998-11-12
24.57,30.91,3.14,4.105516341144942,1998-11-13
25.58,30.21,3.16,4.136639168051369,1998-11-14
25.44,29.65,5.56,4.0587304756974705,1998-11-15
24.07,31.39,1.39,4.346848429789582,1998-11-16
24.85,30.97,0.0,4.049042567263906,1998-11-17
25.02,30.58,0.0,4.316625543182548,1998-11-18
25.5,29.32,0.0,4.185021999823802,1998-11-19
25.42,29.99,0.0,4.288301888076147,1998-11-20
25.46,29.99,0.0,4.104894644214262,1998-11-21
25.29,29.41,0.72,3.7178522144472237,1998-11-22
25.33,30.49,0.56,3.915062084126232,1998-11-23
25.4,30.64,0.71,4.020738743811291,1998-11-24
25.42,31.88,0.84,4.2268243122484,1998-11-25
25.32,31.27,1.21,4.267660950328217,1998-11-26
25.78,29.06,1.96,3.8739887165895697,1998-11-27
25.58,29.82,1.14,3.742607446698854,1998-11-28
24.9,30.72,1.04,3.8837447118370028,1998-11-29
25.11,30.33,1.42,3.9036561789544786,1998-11-30
25.1,29.84,1.26,4.140699399436991,1998-12-01
25.39,30.28,0.0,4.20745961323104,1998-12-02
25.26,30.56,0.0,4.213086664031342,1998-12-03
25.4,30.22,0.0,3.9353288849332055,1998-12-04
25.71,30.87,0.0,4.142427816218313,1998-12-05
25.44,30.5,0.0,3.9556225119287003,1998-12-06
25.67,29.25,0.09,3.5163695976811673,1998-12-07
25.37,28.96,0.18,3.828341351346077,1998-12-08
25.5,29.97,0.13,3.742005396164879,1998-12-09
24.98,29.25,0.09,3.7233331637639666,1998-12-10
25.32,29.21,0.17,3.686452858278257,1998-12-11
25.51,29.19,0.03,3.2517680120969183,1998-12-12
24.4,31.18,0.01,4.016587145447904,1998-12-13
22.08,30.2,0.0,4.047242065807993,1998-12-14
21.53,31.19,0.0,4.773682376621632,1998-12-15
20.95,30.94,0.0,4.114170151961163,1998-12-16
20.28,30.59,0.0,4.204172343449174,1998-12-17
21.08,31.09,0.02,4.230120309502666,1998-12-18
21.3,31.15,0.0,4.5275893496685065,1998-12-19
20.55,31.17,0.0,4.341939757925397,1998-12-20
22.26,31.21,0.0,3.9370503159704464,1998-12-21
22.77,31.43,0.0,4.289408836356566,1998-12-22
23.28,31.86,0.0,4.266318952056647,1998-12-23
24.14,31.58,0.0,4.19587211989075,1998-12-24
23.93,31.8,0.0,3.929157402497086,1998-12-25
24.28,32.37,0.0,4.173327631097035,1998-12-26
24.45,32.34,0.11,4.490927611575972,1998-12-27
24.71,32.46,0.14,4.33995442044329,1998-12-28
25.01,30.09,0.14,3.2021641369952527,1998-12-29
25.22,30.11,0.12,4.026249630634874,1998-12-30
25.02,29.1,0.18,3.820180734311285,1998-12-31
24.98,29.3,1.93,3.5935966914644895,1999-01-01
24.81,31.47,1.92,3.9788016146025242,1999-01-02
25.75,32.19,1.85,3.9315236162638687,1999-01-03
25.68,30.31,4.78,3.948023817921826,1999-01-04
25.24,31.13,4.07,3.298112532790864,1999-01-05
24.63,29.52,0.0,3.690424516672908,1999-01-06
24.09,30.7,0.0,4.282827429270535,1999-01-07
23.28,31.03,0.0,4.084900624258555,1999-01-08
20.21,30.59,0.0,4.215891407885636,1999-01-09
23.87,31.49,0.0,3.9470672096189303,1999-01-10
24.68,31.26,0.02,3.795507456806022,1999-01-11
24.28,31.3,0.05,3.933074192149583,1999-01-12
24.68,31.76,0.35,4.226796674207553,1999-01-13
25.02,31.65,0.53,4.328093537459247,1999-01-14
25.24,31.43,0.47,4.488680519660191,1999-01-15
25.33,30.19,3.91,4.0975879588388455,1999-01-16
25.36,30.24,4.58,3.916260775006165,1999-01-17
25.18,28.65,5.19,2.6158518374870643,1999-01-18
25.09,28.22,3.07,3.019489782882718,1999-01-19
25.01,27.64,4.2,2.9321681588722157,1999-01-20
24.34,29.18,0.08,4.136507622977156,1999-01-21
24.7,27.21,0.09,3.6636450218081977,1999-01-22
24.63,28.37,0.08,3.818501534172971,1999-01-23
24.33,30.95,0.03,3.9617085296458834,1999-01-24
24.79,31.69,0.04,4.330407983804473,1999-01-25
24.43,32.27,0.09,4.339954712644374,1999-01-26
24.72,33.13,0.16,4.546382067698644,1999-01-27
24.79,32.46,0.06,4.708864282298513,1999-01-28
25.5,29.43,0.16,2.9148486846161896,1999-01-29
24.68,31.12,0.28,4.129465563307313,1999-01-30
24.79,30.54,0.24,4.155461670066708,1999-01-31
25.04,30.19,0.35,4.115720943350003,1999-02-01
25.3,29.5,0.4,4.3004740122670935,1999-02-02
24.27,30.68,0.07,4.1119862767230195,1999-02-03
25.15,30.31,0.08,4.618546193529587,1999-02-04
25.16,32.7,0.24,4.669678072718637,1999-02-05
24.71,31.73,0.01,5.664701067810582,1999-02-06
21.56,31.49,0.0,5.54306710168581,1999-02-07
24.99,32.15,0.0,4.993879970118164,1999-02-08
25.05,31.69,0.04,4.90688880055879,1999-02-09
24.92,31.18,0.58,4.767875844117653,1999-02-10
25.08,30.23,1.16,4.142261614552352,1999-02-11
24.92,30.1,1.19,4.095621253369124,1999-02-12
25.15,31.36,1.61,4.403246222683876,1999-02-13
25.41,29.57,2.29,4.10141715008007,1999-02-14
25.9,28.88,6.88,4.100524994240212,1999-02-15
25.13,29.64,8.94,2.881637357145226,1999-02-16
24.85,30.1,4.94,3.442506724805359,1999-02-17
25.15,29.55,0.95,4.289591972498119,1999-02-18
25.67,30.3,1.34,4.571797754860231,1999-02-19
25.1,31.54,0.05,4.780899828014247,1999-02-20
25.18,31.14,0.01,4.831077384293782,1999-02-21
25.75,30.41,0.12,4.641575467955292,1999-02-22
25.6,29.9,0.35,4.4107488780457125,1999-02-23
25.72,31.0,0.25,4.888297949279506,1999-02-24
25.83,30.04,1.49,4.212105017994569,1999-02-25
25.36,29.86,2.14,3.7309501901132776,1999-02-26
25.5,30.36,2.36,4.171120843372159,1999-02-27
25.75,29.51,3.43,3.869024253432104,1999-02-28
25.17,29.62,2.02,3.9288862831570155,1999-03-01
25.24,29.79,0.77,4.755049557164982,1999-03-02
25.69,31.49,1.25,4.639567806046402,1999-03-03
26.16,30.23,1.39,4.507692456619618,1999-03-04
25.71,30.76,0.77,4.061644328942176,1999-03-05
25.54,30.91,0.89,4.833554562387938,1999-03-06
25.31,29.52,2.79,4.43244710242155,1999-03-07
25.21,29.74,2.78,3.863542446653723,1999-03-08
25.55,30.79,2.53,3.7435901534757505,1999-03-09
25.79,30.11,3.3,3.935898890889447,1999-03-10
25.46,29.95,2.53,3.973488134102218,1999-03-11
25.63,30.23,1.47,4.346566723928333,1999-03-12
25.65,29.64,1.53,2.488262790684785,1999-03-13
25.1,29.95,0.34,3.759076222617968,1999-03-14
25.59,30.6,1.66,4.4671282141744415,1999-03-15
25.6,31.13,2.01,4.653016795480354,1999-03-16
26.08,30.69,1.02,4.795194105617281,1999-03-17
25.93,30.86,1.26,4.316471728047648,1999-03-18
25.89,29.41,1.63,4.080961799201115,1999-03-19
25.23,29.79,1.66,4.434575032837912,1999-03-20
26.06,29.96,1.37,4.161106489230776,1999-03-21
25.72,30.11,3.06,3.9409570280605326,1999-03-22
25.77,30.73,2.56,4.355606756337438,1999-03-23
25.75,30.55,3.26,4.676351669538226,1999-03-24
26.05,31.31,1.79,4.41461783708966,1999-03-25
26.43,30.77,2.06,4.5154766697820525,1999-03-26
26.16,30.73,0.88,4.77787021450676,1999-03-27
26.04,30.05,1.11,4.598164145054689,1999-03-28
25.84,29.57,1.17,4.399708014241596,1999-03-29
26.07,31.46,0.53,5.00350845697874,1999-03-30
26.38,30.17,0.56,4.689093257517422,1999-03-31
26.15,29.8,6.65,4.255960484432637,1999-04-01
25.61,30.25,3.44,3.6423355051897746,1999-04-02
25.66,31.58,0.94,4.667658116335719,1999-04-03
26.18,29.61,5.37,2.949491865792846,1999-04-04
26.02,30.38,0.57,3.812373669029733,1999-04-05
25.74,30.42,12.22,2.8535472905977097,1999-04-06
25.55,29.66,2.0,4.154051250795986,1999-04-07
25.34,29.06,2.56,4.175148092298366,1999-04-08
25.32,30.09,7.85,4.575089853244809,1999-04-09
25.28,30.41,7.9,4.3198925427800745,1999-04-10
25.24,29.2,0.2,4.041713202728369,1999-04-11
25.7,29.37,0.56,4.408726004839299,1999-04-12
25.99,29.94,0.67,4.192335921383996,1999-04-13
26.19,29.43,0.97,4.502548215819056,1999-04-14
25.45,28.89,0.88,3.193915153388817,1999-04-15
25.13,31.39,1.22,4.227881296808844,1999-04-16
26.21,29.08,1.5,2.8446147131357353,1999-04-17
25.63,31.24,0.13,4.556377830772633,1999-04-18
25.88,30.83,0.34,4.9182310053814415,1999-04-19
26.0,30.67,1.39,4.6724887684777645,1999-04-20
26.18,29.53,7.41,3.8956134929360937,1999-04-21
25.84,30.13,6.29,3.399623240715119,1999-04-22
25.69,30.5,4.42,4.2740474264550254,1999-04-23
25.74,29.51,6.58,4.024792484645612,1999-04-24
25.35,28.94,3.7,4.341283321288968,1999-04-25
25.76,28.52,15.22,3.9352073094651687,1999-04-26
25.47,28.57,11.91,2.4384913387838556,1999-04-27
24.65,28.33,5.44,2.344433463532558,1999-04-28
24.64,29.54,7.07,4.933115989322478,1999-04-29
25.21,28.51,9.16,2.8730496469676976,1999-04-30
24.76,30.19,0.09,4.5113416813425555,1999-05-01
25.19,30.6,0.09,3.8891380203594292,1999-05-02
25.53,30.47,0.14,4.567719122022039,1999-05-03
25.44,29.46,0.09,4.793597529707016,1999-05-04
25.44,30.07,0.09,4.76453648964595,1999-05-05
25.42,29.13,1.8,4.699140872335559,1999-05-06
26.12,29.56,1.81,3.7246727920103972,1999-05-07
25.63,29.25,0.9,4.743857740652436,1999-05-08
25.41,29.14,1.67,3.7977928313309137,1999-05-09
25.58,28.96,1.49,3.2661159514898714,1999-05-10
24.92,28.98,1.0,2.8918069037799348,1999-05-11
24.89,29.43,0.68,4.706670996442333,1999-05-12
24.48,29.68,1.37,4.340615943583594,1999-05-13
24.97,30.09,1.69,4.4718429215323425,1999-05-14
24.9,27.94,1.29,3.2850384418101126,1999-05-15
24.59,28.13,1.97,3.56829643823188,1999-05-16
24.64,30.03,1.47,4.783264028115262,1999-05-17
24.8,29.81,3.29,4.4810700860378105,1999-05-18
25.42,28.35,5.09,3.470281664854257,1999-05-19
24.85,27.81,9.19,2.572695225805461,1999-05-20
24.7,28.42,3.39,3.8375906775236395,1999-05-21
25.18,29.89,0.86,4.88799954653269,1999-05-22
25.1,29.7,1.67,4.399381646546238,1999-05-23
25.39,28.43,1.56,2.5904579455409853,1999-05-24
24.87,28.79,2.76,3.351269022121782,1999-05-25
25.01,29.36,8.76,4.064363832168238,1999-05-26
25.1,28.57,6.04,3.585055284027842,1999-05-27
25.14,28.64,8.74,3.1007010587497548,1999-05-28
25.22,29.18,6.18,4.131442988726479,1999-05-29
25.2,28.53,4.56,2.744002026893903,1999-05-30
24.62,28.75,3.92,3.919585253349385,1999-05-31
24.88,29.55,3.62,4.266356009769519,1999-06-01
25.17,29.09,9.49,3.8789349476965036,1999-06-02
25.27,27.24,16.49,2.3344994178099165,1999-06-03
24.68,27.81,13.4,2.8105019373603914,1999-06-04
24.09,29.28,3.49,3.3253877600104476,1999-06-05
25.0,29.66,3.98,3.8983457224933,1999-06-06
25.13,29.35,4.56,4.187142227937353,1999-06-07
24.93,29.34,8.97,3.919546211017951,1999-06-08
25.18,28.22,11.8,2.44407492906689,1999-06-09
24.44,28.93,2.27,4.511246516853391,1999-06-10
24.53,28.13,2.03,3.1605509353489607,1999-06-11
24.49,27.97,2.05,4.164864892517672,1999-06-12
24.96,29.49,2.54,4.448658771902912,1999-06-13
25.53,28.63,4.11,3.7986286120458317,1999-06-14
25.4,29.22,1.98,2.5595616920455786,1999-06-15
24.99,27.82,2.26,4.206680784974713,1999-06-16
24.53,27.13,8.67,3.404762656218849,1999-06-17
24.1,27.17,3.68,2.4852656241516593,1999-06-18
24.02,26.1,2.96,2.649863943728951,1999-06-19
24.14,28.94,2.53,3.9751498980384827,1999-06-20
24.66,28.84,7.38,4.252856617857286,1999-06-21
24.77,27.87,6.65,3.5160646545794747,1999-06-22
25.0,28.24,11.05,3.057731449829465,1999-06-23
24.96,28.42,12.45,2.2787883451917934,1999-06-24
24.5,27.03,61.49,2.951146584801305,1999-06-25
24.15,27.55,9.8,2.798327195056566,1999-06-26
24.45,27.71,13.49,3.0498612238792884,1999-06-27
24.23,27.19,17.44,1.9576481035827575,1999-06-28
23.81,27.1,18.19,3.1527048898416914,1999-06-29
24.05,26.46,6.5,2.2065704220701035,1999-06-30
24.01,26.21,14.48,2.8537728601898764,1999-07-01
23.5,25.54,11.52,2.1370232352347758,1999-07-02
23.14,28.13,1.54,4.363964480647403,1999-07-03
23.68,27.37,6.22,3.3898379169155732,1999-07-04
24.2,27.49,3.56,2.4110458850682446,1999-07-05
23.92,26.77,2.82,2.877699485063955,1999-07-06
24.14,26.84,12.53,3.445346147713711,1999-07-07
23.44,26.08,16.48,2.870263005353819,1999-07-08
22.75,27.45,10.27,3.3918584147743003,1999-07-09
23.39,26.36,2.19,3.1884963211596045,1999-07-10
23.43,26.68,4.57,2.8386585073764423,1999-07-11
23.45,27.02,5.75,2.944995696606904,1999-07-12
23.35,25.97,10.0,2.9895896463449363,1999-07-13
23.24,27.05,4.71,3.213591640538865,1999-07-14
23.34,27.65,5.44,3.0893182591874724,1999-07-15
23.42,27.01,11.31,2.12296063023558,1999-07-16
23.55,27.23,12.61,2.2994624518669564,1999-07-17
23.35,27.48,2.68,3.6082185844726924,1999-07-18
23.51,26.37,9.61,2.6241493429632943,1999-07-19
23.43,26.77,7.03,3.7055114077689044,1999-07-20
22.96,27.51,8.99,3.2540727806620673,1999-07-21
23.63,26.97,16.66,3.613876166234389,1999-07-22
23.54,26.39,11.03,3.2159452450238883,1999-07-23
23.74,26.07,23.25,1.8268709656005289,1999-07-24
23.46,26.53,3.43,3.5420638954536687,1999-07-25
23.3,27.18,0.61,3.9840661044702284,1999-07-26
23.0,27.47,1.51,3.656321378201884,1999-07-27
23.31,27.16,2.97,3.7128184668852877,1999-07-28
23.66,27.47,7.69,2.9621347971269496,1999-07-29
23.37,26.8,6.84,2.9936884770460637,1999-07-30
23.37,26.37,2.27,3.246333513229947,1999-07-31
23.44,27.96,0.52,3.85512538275723,1999-08-01
23.22,27.87,0.46,4.151063666010556,1999-08-02
22.98,27.56,0.17,4.295900827854978,1999-08-03
21.82,27.82,0.01,3.9871345579460202,1999-08-04
22.41,28.02,0.01,4.495294954166182,1999-08-05
22.51,27.44,0.02,4.309476526649823,1999-08-06
22.66,27.66,0.02,4.135492619010771,1999-08-07
23.3,27.81,0.02,4.28261186141046,1999-08-08
22.64,27.81,0.41,4.230927886361496,1999-08-09
23.23,27.93,4.01,4.388203698692721,1999-08-10
23.33,27.68,2.48,4.0353368725833905,1999-08-11
23.16,26.73,0.77,3.9278379026955133,1999-08-12
23.01,27.23,0.35,3.0818142185603703,1999-08-13
22.61,27.15,0.94,3.935618351720597,1999-08-14
22.3,28.43,0.02,3.528839788224499,1999-08-15
23.09,25.68,0.5,3.152857003234106,1999-08-16
23.1,26.02,1.75,1.866625742118445,1999-08-17
23.06,25.14,11.24,2.6155887350662597,1999-08-18
22.85,26.96,8.25,3.059408146025124,1999-08-19
22.81,25.54,8.82,2.6730846578600858,1999-08-20
22.53,26.47,4.83,3.2797565746012345,1999-08-21
22.12,26.56,5.2,2.5802277175240884,1999-08-22
22.47,27.42,5.25,3.382578630794701,1999-08-23
22.56,28.35,8.11,3.9723661011234452,1999-08-24
23.13,26.09,16.06,2.571976950506831,1999-08-25
23.15,24.75,31.92,1.593029212846923,1999-08-26
23.07,26.55,16.11,3.371422794846214,1999-08-27
22.56,26.98,6.99,3.538135797019979,1999-08-28
22.75,27.41,0.89,3.7636837831147183,1999-08-29
22.93,26.28,1.5,3.8652369925852574,1999-08-30
23.1,26.54,1.26,3.9352660845844,1999-08-31
22.71,27.48,2.12,3.8354529826731674,1999-09-01
22.82,26.67,5.58,3.357020879376219,1999-09-02
22.88,25.49,7.71,2.934796081111693,1999-09-03
22.53,27.49,0.78,3.8241372945493164,1999-09-04
22.6,27.68,0.69,3.336003524620605,1999-09-05
22.77,27.0,2.97,2.546175161398445,1999-09-06
22.91,26.45,7.56,3.145941956218477,1999-09-07
22.85,27.7,0.89,3.3637955472664265,1999-09-08
22.75,27.37,1.6,3.2970771427265424,1999-09-09
23.0,27.02,4.43,2.624958704087163,1999-09-10
22.56,27.52,0.5,3.3298422218773593,1999-09-11
23.08,28.55,0.15,4.627103775168531,1999-09-12
23.09,27.48,0.79,3.4229238743292107,1999-09-13
23.1,25.13,4.96,2.967897209397329,1999-09-14
22.88,27.41,3.25,3.223115051743698,1999-09-15
23.28,28.22,3.14,3.917926759595827,1999-09-16
23.39,26.39,3.82,1.9653146216845798,1999-09-17
23.06,27.92,4.69,3.3957975064322907,1999-09-18
22.69,28.47,2.04,3.709284864947408,1999-09-19
23.61,26.88,2.38,3.772638426657624,1999-09-20
23.42,28.01,1.85,3.523916372745615,1999-09-21
23.21,28.46,4.01,3.3547105205818606,1999-09-22
23.82,27.6,2.81,3.4391479009705948,1999-09-23
23.43,28.39,3.8,4.075706083656907,1999-09-24
23.56,28.14,3.55,3.7987072965922484,1999-09-25
23.37,28.09,2.74,3.518846183220909,1999-09-26
23.53,27.65,2.62,3.8221201206894144,1999-09-27
23.49,28.0,2.19,3.652643107402883,1999-09-28
23.73,25.57,5.02,2.696804945960374,1999-09-29
23.09,27.33,0.95,3.4942569300903004,1999-09-30
23.3,27.95,1.26,3.4016671500235836,1999-10-01
23.58,26.97,1.35,2.3514383311772367,1999-10-02
23.53,27.31,1.28,3.3214270100482657,1999-10-03
23.65,26.67,3.12,3.3244880206910414,1999-10-04
23.76,27.0,4.72,2.5016816442083987,1999-10-05
23.42,27.39,5.71,3.0924862717923447,1999-10-06
23.33,27.69,2.42,3.4757789000469597,1999-10-07
22.89,27.83,3.07,3.2105081090278507,1999-10-08
23.49,27.91,7.12,2.8024973835641385,1999-10-09
23.6,26.88,8.62,3.230191308831177,1999-10-10
23.14,28.01,5.14,3.551663299946787,1999-10-11
23.65,27.13,4.42,3.714198388342796,1999-10-12
23.3,28.11,7.16,3.950998050366047,1999-10-13
23.66,25.86,13.05,2.775365853411703,1999-10-14
23.37,27.58,8.66,4.010675111671814,1999-10-15
23.11,27.91,4.1,3.8966720567199116,1999-10-16
23.52,28.29,10.12,3.739337139854528,1999-10-17
23.64,28.04,2.11,2.5742108806631125,1999-10-18
23.71,26.92,1.46,3.8033767796722557,1999-10-19
24.03,28.15,1.15,4.043010267029435,1999-10-20
24.02,27.2,1.14,3.9203513545342172,1999-10-21
23.78,28.36,1.78,4.066489086698401,1999-10-22
23.88,27.74,4.44,2.453634028276965,1999-10-23
23.79,27.85,5.14,3.5369230082770073,1999-10-24
24.24,26.82,12.62,3.313386384455052,1999-10-25
23.79,26.81,10.93,3.015551988614387,1999-10-26
23.7,28.44,4.04,4.124807575115435,1999-10-27
24.23,28.48,0.89,3.7549098102569842,1999-10-28
24.1,28.63,2.31,3.6474369003333456,1999-10-29
24.16,28.18,1.42,3.656527281036332,1999-10-30
24.16,28.21,0.76,3.874015797577972,1999-10-31
24.25,28.61,2.28,3.851594036913751,1999-11-01
24.35,29.43,4.43,3.7329289028850074,1999-11-02
24.37,28.5,3.29,3.1899850821177442,1999-11-03
24.27,29.41,2.09,3.870635927278822,1999-11-04
24.64,28.26,1.85,3.966795194207444,1999-11-05
24.41,29.51,0.92,3.8220258820645903,1999-11-06
24.5,28.75,0.71,3.6815740955877607,1999-11-07
24.99,29.35,0.73,3.879492874039079,1999-11-08
24.55,29.34,0.76,3.7148487544599407,1999-11-09
24.5,28.29,0.77,2.2786222989814395,1999-11-10
23.92,27.76,0.62,3.552585791478697,1999-11-11
24.26,29.14,1.44,4.0823690212558255,1999-11-12
24.82,29.34,2.6,3.8147676485731337,1999-11-13
24.67,29.16,1.48,3.6915389452603815,1999-11-14
23.89,28.82,2.37,3.8295252993567876,1999-11-15
24.62,27.39,2.7,3.8086979164845163,1999-11-16
24.52,29.09,0.0,3.694362127464729,1999-11-17
24.54,29.17,0.0,3.9679996523140093,1999-11-18
24.83,28.92,0.0,3.945987884854382,1999-11-19
25.02,28.27,0.0,3.7975534457591364,1999-11-20
24.51,29.21,0.0,4.015413486894914,1999-11-21
24.51,30.21,0.49,4.309871053131085,1999-11-22
24.81,29.0,1.35,3.8025277432811415,1999-11-23
24.4,29.08,0.52,3.9570950439350425,1999-11-24
23.74,27.05,0.55,3.285525011789672,1999-11-25
23.61,28.35,0.8,3.7088417604720636,1999-11-26
23.78,26.45,2.04,2.719010365630193,1999-11-27
23.49,27.89,1.93,3.4929368165158747,1999-11-28
23.59,30.05,0.67,4.087241993031564,1999-11-29
24.74,28.49,1.74,3.498530420242287,1999-11-30
24.46,29.06,0.82,3.5953792077087257,1999-12-01
24.43,30.8,0.01,3.5379523891961377,1999-12-02
24.87,30.2,0.0,3.5358288928154904,1999-12-03
24.66,29.75,0.01,3.9345392837883346,1999-12-04
24.1,31.26,0.01,3.966350724935921,1999-12-05
24.44,30.31,0.01,3.802087835872711,1999-12-06
24.76,30.72,0.03,4.3524334265686,1999-12-07
24.43,29.75,0.05,3.9201496839339875,1999-12-08
23.71,31.41,0.07,3.637756456678322,1999-12-09
24.1,30.8,0.05,4.084572962815955,1999-12-10
23.92,30.86,0.03,3.7155572889188426,1999-12-11
23.65,30.82,0.0,3.435144925367469,1999-12-12
23.74,30.6,0.0,4.033649957053913,1999-12-13
23.45,31.05,0.0,4.076115092857099,1999-12-14
23.58,31.16,0.0,4.1980450151685815,1999-12-15
24.22,31.21,0.0,4.093553845170704,1999-12-16
24.61,31.29,0.32,4.224743372942707,1999-12-17
24.79,31.61,0.95,4.445923770923364,1999-12-18
24.75,31.05,1.89,4.222839109605305,1999-12-19
24.89,30.61,2.34,4.120354111712392,1999-12-20
24.26,30.42,1.7,3.7622667206325473,1999-12-21
25.17,31.58,0.0,3.8560151485069247,1999-12-22
24.14,31.53,0.0,3.9995758551861487,1999-12-23
23.82,31.24,0.0,4.159897732753235,1999-12-24
23.69,31.35,0.0,4.255127014910035,1999-12-25
23.87,30.56,0.0,4.040916037377742,1999-12-26
21.23,30.5,0.0,4.2985158038059454,1999-12-27
22.71,30.78,0.0,4.469757730295528,1999-12-28
23.39,30.91,0.0,4.553412565463963,1999-12-29
24.11,30.7,0.0,4.314186063497784,1999-12-30
24.1,30.25,0.0,4.256405583242991,1999-12-31
24.08,30.17,0.01,3.7351376154601468,2000-01-01
24.93,29.55,0.03,4.029597647960686,2000-01-02
24.54,31.38,0.01,3.7241387136480366,2000-01-03
24.82,31.09,0.02,4.0536106007661035,2000-01-04
24.68,30.26,0.01,3.9014108907569813,2000-01-05
24.04,30.7,0.48,3.918035767719115,2000-01-06
24.06,31.17,0.21,4.128900987750798,2000-01-07
24.74,30.97,0.19,4.066266710312959,2000-01-08
24.87,31.13,0.06,3.890259824587261,2000-01-09
24.8,31.0,0.07,4.230861782182317,2000-01-10
24.35,31.45,0.27,3.9887706497731212,2000-01-11
24.55,31.69,0.22,4.064924315997336,2000-01-12
24.53,31.61,0.32,4.412534530471701,2000-01-13
25.19,31.13,0.8,4.438345386455135,2000-01-14
24.97,30.91,0.75,4.230373538431678,2000-01-15
24.8,31.51,2.45,4.417011277063458,2000-01-16
25.12,30.09,1.41,4.116727289026163,2000-01-17
25.17,29.07,2.7,3.7426528100043437,2000-01-18
24.51,29.12,2.75,3.906019008417309,2000-01-19
24.62,29.68,2.07,4.004283831391683,2000-01-20
24.64,30.59,0.02,4.247635736555061,2000-01-21
25.08,29.62,0.02,4.247385828391356,2000-01-22
25.32,28.75,0.04,3.7736263571588156,2000-01-23
24.96,29.75,0.02,4.232056812791297,2000-01-24
24.77,29.14,0.03,3.8755213983102728,2000-01-25
24.68,30.3,0.0,3.5813650768410854,2000-01-26
24.7,31.35,0.0,4.34146386581235,2000-01-27
24.64,32.17,0.0,4.326607539111301,2000-01-28
24.47,32.12,0.0,4.297037148879754,2000-01-29
23.62,31.07,0.0,4.818671222838745,2000-01-30
21.79,31.0,0.0,4.289878252153256,2000-01-31
20.3,29.41,0.0,4.430958033157352,2000-02-01
19.82,29.66,0.0,5.135004790890157,2000-02-02
19.16,30.47,0.0,5.307026331256506,2000-02-03
21.0,31.11,0.0,4.187403998101339,2000-02-04
21.81,31.19,0.0,4.13031938853592,2000-02-05
22.55,31.64,0.0,4.289349352054612,2000-02-06
21.8,31.69,0.0,5.392294792056208,2000-02-07
21.79,31.37,0.0,4.349212695359182,2000-02-08
21.99,31.0,0.0,5.225195243234597,2000-02-09
21.55,31.28,0.0,4.9294832923933924,2000-02-10
22.33,31.44,0.0,4.9528772589596155,2000-02-11
21.08,31.32,0.0,5.582747649698409,2000-02-12
21.48,32.01,0.0,5.604421651042263,2000-02-13
22.03,32.44,0.0,5.22145298856348,2000-02-14
22.7,32.5,0.0,4.628223390991666,2000-02-15
23.51,31.88,0.0,4.119245109745726,2000-02-16
24.51,31.58,0.0,4.215300697454109,2000-02-17
24.66,31.43,0.0,4.4114603030175505,2000-02-18
25.41,31.93,0.0,4.420715734150198,2000-02-19
24.87,32.23,0.24,4.5280513294324125,2000-02-20
25.15,31.21,0.28,4.367679769378014,2000-02-21
25.42,30.41,0.48,4.543028206380012,2000-02-22
25.81,30.44,0.49,4.456165328590273,2000-02-23
25.75,30.97,0.5,4.659050411867077,2000-02-24
25.74,31.54,0.0,4.766704877203019,2000-02-25
25.3,32.02,0.0,4.58684757819932,2000-02-26
25.48,32.51,0.0,4.933928867530619,2000-02-27
23.82,32.66,0.0,5.3738067207064475,2000-02-28
24.88,31.68,0.0,4.279417813305183,2000-02-29
25.34,30.81,0.0,4.47111542352778,2000-03-01
24.85,32.81,0.0,4.360667538675316,2000-03-02
24.98,31.95,0.0,4.9045126216572275,2000-03-03
25.46,32.96,0.0,4.625885628681383,2000-03-04
25.9,32.54,0.0,4.930831417388515,2000-03-05
25.85,32.85,0.0,5.243879240389698,2000-03-06
25.72,33.61,0.0,5.462687698983773,2000-03-07
26.37,31.75,0.0,5.050082168911889,2000-03-08
25.99,31.5,0.0,4.377676713893411,2000-03-09
25.19,31.02,0.0,4.435340310084522,2000-03-10
25.63,32.29,0.0,4.9576216124698975,2000-03-11
25.11,32.42,0.24,4.853036741165177,2000-03-12
25.6,32.31,0.07,5.252227865041819,2000-03-13
25.99,32.91,0.27,5.556731941468604,2000-03-14
26.05,31.17,0.49,5.12629553883076,2000-03-15
26.52,29.92,0.36,4.275447990519491,2000-03-16
25.85,29.69,12.85,4.2140812112959,2000-03-17
26.21,29.88,4.99,4.250106500485837,2000-03-18
25.65,29.82,5.74,4.233921951637187,2000-03-19
25.94,29.68,5.42,2.841732863738283,2000-03-20
25.27,31.42,2.4,5.3940838928240655,2000-03-21
26.29,29.93,3.88,4.954005805931738,2000-03-22
26.01,29.63,1.98,4.099564745376701,2000-03-23
25.64,31.36,1.49,5.24438621259175,2000-03-24
26.42,29.4,2.56,4.475071012791458,2000-03-25
25.87,29.4,4.57,4.376258242185488,2000-03-26
25.43,29.01,0.14,3.6246183974234727,2000-03-27
25.31,29.52,0.24,3.8331664107483814,2000-03-28
25.29,29.4,0.19,4.404366014272067,2000-03-29
25.77,30.94,0.18,4.485072681579355,2000-03-30
25.71,31.71,0.21,4.966044118485911,2000-03-31
25.92,30.88,1.03,4.195963966000741,2000-04-01
26.1,30.6,1.34,4.5174233544802895,2000-04-02
25.94,30.84,2.76,4.897628104092003,2000-04-03
26.15,29.47,4.14,3.845080617485829,2000-04-04
25.66,29.62,1.53,4.620778458435653,2000-04-05
25.89,29.16,1.69,4.4810087357207555,2000-04-06
25.55,29.3,1.69,4.084446864953869,2000-04-07
25.38,29.51,1.59,4.475820679871328,2000-04-08
25.14,28.98,1.08,4.061361988614576,2000-04-09
25.55,29.23,1.9,4.221705028293776,2000-04-10
25.76,29.25,2.31,3.4866999024463907,2000-04-11
25.22,30.38,1.18,4.106645839459115,2000-04-12
25.24,31.56,1.05,5.036715901063818,2000-04-13
26.23,31.18,1.84,4.587646865183566,2000-04-14
26.24,30.67,1.31,3.634121581142747,2000-04-15
25.69,30.16,5.51,4.410268363860322,2000-04-16
25.62,29.71,4.07,4.033470836072164,2000-04-17
25.69,30.55,2.89,4.4960690354297,2000-04-18
25.62,29.17,4.82,4.244504598836857,2000-04-19
25.6,29.52,4.64,3.113600701114961,2000-04-20
25.68,29.18,5.22,4.015008204647745,2000-04-21
25.38,28.48,2.39,2.521701910584252,2000-04-22
25.01,29.95,1.1,4.858586741725464,2000-04-23
25.72,29.81,1.88,3.4386317245974287,2000-04-24
25.26,30.14,3.27,4.157651788186185,2000-04-25
25.33,29.72,1.91,4.308797316002074,2000-04-26
25.49,30.05,1.63,4.6344848814684525,2000-04-27
25.54,30.29,2.06,4.163433301388071,2000-04-28
25.6,28.95,1.94,3.72467760616775,2000-04-29
25.51,29.27,2.84,3.9631825816434816,2000-04-30
25.71,29.21,2.23,2.6079589286175975,2000-05-01
25.16,30.1,1.85,5.045834398331686,2000-05-02
25.39,30.64,1.23,5.018906728753978,2000-05-03
26.2,30.45,2.08,4.045326929716869,2000-05-04
26.12,30.14,2.86,4.419253277016995,2000-05-05
25.87,31.06,1.1,4.665189078040883,2000-05-06
26.37,30.99,1.71,4.642548494159616,2000-05-07
26.48,30.89,1.61,4.494493965249353,2000-05-08
26.32,30.09,3.37,4.277111816093622,2000-05-09
26.0,29.71,0.91,3.749364477851488,2000-05-10
25.71,30.93,1.2,4.269450280485141,2000-05-11
26.3,29.85,1.35,4.473343253098995,2000-05-12
26.13,30.2,1.02,4.373190051584363,2000-05-13
26.61,29.78,1.42,4.326499797084877,2000-05-14
26.29,29.62,0.75,3.46699580253344,2000-05-15
26.05,29.47,7.15,3.670944481363515,2000-05-16
25.85,28.33,12.19,1.8035549875194132,2000-05-17
25.49,30.75,3.76,5.063236540803727,2000-05-18
26.06,29.2,7.37,4.005374268355457,2000-05-19
25.93,29.56,6.08,3.917272424446708,2000-05-20
25.56,29.31,4.59,3.6557385052910694,2000-05-21
25.27,28.59,1.67,3.968164981613924,2000-05-22
24.74,29.53,4.25,3.3902349782497847,2000-05-23
24.85,28.11,4.17,4.131005107668686,2000-05-24
24.52,28.13,5.04,3.627275672299835,2000-05-25
24.71,28.41,6.97,2.782630058715093,2000-05-26
24.48,28.23,4.7,4.220874736016769,2000-05-27
24.59,28.03,3.52,3.527889017669133,2000-05-28
25.31,29.3,0.97,4.33980833898557,2000-05-29
25.21,29.35,3.93,4.265041249522526,2000-05-30
25.48,27.5,14.97,3.341077961327758,2000-05-31
24.68,27.31,15.46,1.9108537447637868,2000-06-01
24.11,26.85,7.61,3.479716951155909,2000-06-02
24.6,27.19,5.03,2.459523182793645,2000-06-03
23.74,28.4,5.34,3.7868759155268354,2000-06-04
24.63,27.56,9.56,3.1734742184725495,2000-06-05
23.94,26.55,9.34,1.7746178846532858,2000-06-06
23.82,28.25,1.68,4.353734871489077,2000-06-07
24.07,28.59,1.38,3.9408085920432563,2000-06-08
24.37,28.22,3.88,3.253375447606512,2000-06-09
24.8,28.46,2.66,4.075996284912739,2000-06-10
24.58,27.82,3.43,2.8004870104929047,2000-06-11
24.33,28.44,1.52,3.657638489481098,2000-06-12
24.62,27.34,4.66,4.145584687376928,2000-06-13
24.8,27.57,1.02,3.1326245398956907,2000-06-14
24.56,27.88,5.86,3.63008063473661,2000-06-15
24.51,28.27,12.02,2.028084005329079,2000-06-16
24.16,26.95,9.21,2.0440669244499863,2000-06-17
23.78,27.06,13.01,2.8838626716133695,2000-06-18
23.97,27.27,19.12,2.496952546587162,2000-06-19
23.8,27.46,5.9,3.473705472348824,2000-06-20
24.03,27.4,2.5,2.897271535494769,2000-06-21
23.55,25.87,2.39,2.1465598467421043,2000-06-22
23.2,27.29,1.15,2.5793288205133686,2000-06-23
23.26,27.49,2.58,3.1198697098639814,2000-06-24
23.32,27.35,4.08,3.3160597759948134,2000-06-25
23.74,25.4,3.61,2.8397174658861175,2000-06-26
23.48,27.6,0.78,3.8346678354909782,2000-06-27
23.91,27.47,0.94,3.7993557561685387,2000-06-28
23.85,27.96,1.12,3.8948702769990584,2000-06-29
23.86,27.75,2.99,3.3405217506959826,2000-06-30
23.54,26.58,8.01,3.3264205140653367,2000-07-01
22.95,26.59,11.56,3.6996578291311444,2000-07-02
23.4,26.99,3.27,3.0692185305956583,2000-07-03
23.27,25.81,5.07,3.075982671759403,2000-07-04
22.97,27.46,7.82,3.5523427776359413,2000-07-05
23.29,27.26,10.13,3.0208325356738617,2000-07-06
23.54,27.59,9.42,3.8069345538634556,2000-07-07
23.55,27.3,6.32,3.6972846612474783,2000-07-08
23.56,26.61,5.42,3.372051357775048,2000-07-09
23.18,27.75,4.0,3.466219206431406,2000-07-10
23.61,26.69,5.93,3.323869410242974,2000-07-11
23.47,28.03,0.92,3.5449754463649694,2000-07-12
24.0,26.95,2.82,3.229807952927282,2000-07-13
23.65,27.46,2.22,3.1186349034970298,2000-07-14
23.18,27.55,0.43,3.6851828293787126,2000-07-15
23.1,27.7,0.12,4.4071896943942725,2000-07-16
23.08,27.77,0.22,3.9494579682309445,2000-07-17
22.98,26.98,0.49,3.7955382497831303,2000-07-18
23.24,27.58,1.24,3.2978797811309146,2000-07-19
23.2,26.41,5.06,3.7909555452754997,2000-07-20
22.83,27.52,4.38,4.01827048028315,2000-07-21
22.56,27.74,0.56,4.473803130118548,2000-07-22
22.86,27.54,1.55,3.866428955333232,2000-07-23
22.41,27.12,2.2,3.6886710665534017,2000-07-24
22.8,27.55,9.77,3.5658861397067816,2000-07-25
22.52,27.83,5.65,3.79035003105979,2000-07-26
22.91,27.43,2.78,3.6050448812498077,2000-07-27
23.07,26.84,6.52,3.834076425566044,2000-07-28
23.04,24.82,19.36,1.450145209665113,2000-07-29
22.79,27.07,2.57,3.7135802530873705,2000-07-30
22.63,27.2,1.72,3.834225138962961,2000-07-31
23.38,26.57,5.93,3.3633134366730637,2000-08-01
23.05,25.97,3.62,2.425355218954269,2000-08-02
22.85,25.67,3.49,2.22403273654492,2000-08-03
22.82,26.08,5.82,2.3421465404675548,2000-08-04
22.4,27.7,0.52,3.6362696071972893,2000-08-05
22.8,27.35,2.43,3.4667924400561185,2000-08-06
22.68,27.51,2.2,3.628835271727646,2000-08-07
22.96,26.64,3.37,3.342011077012434,2000-08-08
22.89,24.63,4.17,2.957519905018436,2000-08-09
22.52,27.34,1.79,3.7822906340952813,2000-08-10
22.96,27.58,1.2,3.7426059283778828,2000-08-11
22.59,27.47,1.29,3.518344091315705,2000-08-12
22.88,27.51,1.62,2.84068212893441,2000-08-13
22.76,26.39,1.81,2.3851192469989355,2000-08-14
22.31,26.9,1.27,3.6603191051001613,2000-08-15
22.58,27.21,0.88,2.4769462912606395,2000-08-16
22.3,27.19,1.31,3.4010949792366394,2000-08-17
22.83,26.87,1.27,2.971224622315824,2000-08-18
22.34,27.18,0.21,4.038868447453999,2000-08-19
21.49,27.69,0.43,3.900816753786368,2000-08-20
22.46,27.54,1.7,3.0515191657907406,2000-08-21
22.9,25.23,3.57,3.207173473112695,2000-08-22
22.75,25.39,4.97,2.378199646103521,2000-08-23
22.57,27.36,1.93,2.755518823766991,2000-08-24
22.76,27.71,1.2,4.016261562652081,2000-08-25
22.87,25.93,0.86,2.880729916350094,2000-08-26
22.73,27.69,1.06,2.8734937917885963,2000-08-27
22.88,27.34,0.79,3.412082724275542,2000-08-28
23.17,27.64,0.79,3.548779300503234,2000-08-29
23.31,27.51,0.78,3.6114625972414562,2000-08-30
23.39,28.15,1.47,2.9310750977945883,2000-08-31
23.27,28.5,0.71,3.8951609974715122,2000-09-01
23.68,28.18,1.06,4.070576692663433,2000-09-02
23.51,27.96,2.04,4.006019309051049,2000-09-03
23.61,28.26,0.98,4.265563534441888,2000-09-04
23.49,27.32,5.57,3.4466374988242254,2000-09-05
23.22,27.98,4.22,3.5995297862652884,2000-09-06
23.53,25.78,8.58,1.5454948044980812,2000-09-07
23.45,27.09,6.04,3.8224170120170853,2000-09-08
23.06,28.22,3.07,3.827094754065168,2000-09-09
23.48,26.46,9.64,2.1174400010255656,2000-09-10
23.13,25.99,9.03,2.375671229038897,2000-09-11
22.88,26.82,5.81,2.2082214767024477,2000-09-12
22.76,26.59,2.24,2.327608958095436,2000-09-13
22.73,27.92,7.8,3.92646780684867,2000-09-14
23.1,25.24,8.02,1.7975475160903216,2000-09-15
22.59,26.26,8.1,2.8893711724446156,2000-09-16
22.84,27.38,6.34,3.465870338902126,2000-09-17
23.04,26.99,1.99,3.3368117399889035,2000-09-18
22.93,27.71,2.36,3.8320769525112177,2000-09-19
23.29,27.42,2.21,1.9797811667110008,2000-09-20
23.35,27.9,2.31,3.085317187000538,2000-09-21
23.53,27.43,1.81,3.564312472959947,2000-09-22
23.58,26.62,2.43,3.365644786982628,2000-09-23
23.37,26.23,5.16,2.815409515063339,2000-09-24
22.95,26.97,2.6,2.712423843743701,2000-09-25
22.99,28.13,1.93,3.595100801852183,2000-09-26
23.05,27.64,1.48,3.151513202734104,2000-09-27
23.62,27.02,3.2,3.0520086485462286,2000-09-28
23.52,27.93,1.19,3.8215506680577884,2000-09-29
23.68,27.79,2.08,3.8464318766564407,2000-09-30
23.76,25.6,4.0,2.6201488760271237,2000-10-01
23.55,26.71,3.31,3.525736341402812,2000-10-02
23.28,28.37,3.58,3.984570163429951,2000-10-03
23.61,28.3,4.88,4.023282920358917,2000-10-04
23.67,27.98,3.56,3.475757102796825,2000-10-05
23.67,28.5,2.74,3.8368760995441993,2000-10-06
24.17,28.04,4.78,3.209285888695558,2000-10-07
23.98,27.01,7.73,3.3786920539093854,2000-10-08
23.47,26.4,7.57,2.726198230913717,2000-10-09
23.25,27.81,3.79,3.818765387918589,2000-10-10
22.99,28.5,1.9,3.9476817516380542,2000-10-11
23.7,28.16,2.94,3.4348327538726022,2000-10-12
23.69,28.75,0.53,3.435041823920028,2000-10-13
24.0,28.62,0.53,3.8082253874238106,2000-10-14
24.28,28.1,0.31,3.9566259788190288,2000-10-15
24.08,29.93,0.21,4.235740590924817,2000-10-16
24.33,28.17,0.65,3.3106832713010212,2000-10-17
23.92,27.11,3.69,3.272274953349536,2000-10-18
23.63,27.63,2.6,3.740017959138921,2000-10-19
23.91,28.91,0.63,4.218154683831637,2000-10-20
23.84,29.07,1.7,3.610587924650837,2000-10-21
24.37,26.96,1.06,3.3134135426832683,2000-10-22
23.88,28.0,1.37,3.6031203214613825,2000-10-23
24.29,28.94,2.41,3.4137642069068765,2000-10-24
24.27,29.93,1.43,4.282224107870053,2000-10-25
24.03,30.37,1.78,4.186142492164618,2000-10-26
24.72,29.16,2.43,2.797610216674568,2000-10-27
24.57,27.13,10.94,2.5191648415901806,2000-10-28
24.17,27.09,5.59,2.910931284396145,2000-10-29
24.24,29.18,8.7,4.478686967890072,2000-10-30
24.36,29.34,8.86,3.613629188930728,2000-10-31
24.35,29.22,10.99,3.6115526683741295,2000-11-01
24.19,29.6,2.38,3.904697336283857,2000-11-02
24.31,29.27,2.09,4.1592150056568835,2000-11-03
24.87,29.89,3.6,3.8017712406445208,2000-11-04
25.38,28.59,1.95,3.898880937363012,2000-11-05
25.13,29.64,0.86,3.8999451397126665,2000-11-06
24.88,29.18,0.63,3.8265789119565032,2000-11-07
24.64,29.73,1.28,3.600514630019667,2000-11-08
24.87,30.09,1.99,4.099885804923154,2000-11-09
24.93,30.81,1.55,4.151650321189728,2000-11-10
24.67,29.52,1.29,3.660495665759927,2000-11-11
24.88,30.07,1.95,4.270696919850976,2000-11-12
24.99,30.9,1.27,4.210594998003881,2000-11-13
24.48,30.53,2.32,3.910105792512388,2000-11-14
25.15,28.33,0.97,1.6183399853300076,2000-11-15
24.21,30.75,0.03,4.583552615822892,2000-11-16
25.36,30.23,0.52,4.145339199557183,2000-11-17
25.05,29.51,0.78,3.942718272223931,2000-11-18
24.96,28.14,0.8,4.092543096717224,2000-11-19
24.7,30.42,0.64,4.1754937664869045,2000-11-20
25.14,30.15,1.4,4.237423229295002,2000-11-21
24.85,30.34,0.04,4.138602457974794,2000-11-22
24.37,30.73,0.04,4.120157489949496,2000-11-23
24.7,29.6,0.05,3.829733422321212,2000-11-24
24.91,29.02,0.04,4.004173825870067,2000-11-25
24.85,28.94,0.03,4.000051450855751,2000-11-26
25.02,29.38,0.0,3.7935926572497447,2000-11-27
24.92,31.1,0.0,3.8794974172928645,2000-11-28
24.99,29.64,0.0,3.9966911206136952,2000-11-29
24.7,29.29,0.0,3.4330611199649037,2000-11-30
24.71,29.3,0.0,4.006007557139504,2000-12-01
23.79,31.12,0.0,3.8388704628635377,2000-12-02
23.12,31.71,0.0,4.058762840206935,2000-12-03
24.15,31.64,0.0,3.8456693954062984,2000-12-04
23.35,31.43,0.0,4.430243196205931,2000-12-05
24.34,31.54,0.0,4.523659210370888,2000-12-06
24.59,31.73,0.0,4.083163838126762,2000-12-07
23.51,30.46,0.01,3.735665786737058,2000-12-08
23.09,29.43,0.32,3.740611889683586,2000-12-09
23.71,27.87,0.18,3.7200146344748855,2000-12-10
25.06,29.44,0.07,3.9483565172690915,2000-12-11
23.47,28.89,0.0,3.88994035082436,2000-12-12
24.02,31.3,0.0,3.605581172481129,2000-12-13
23.05,31.05,0.0,3.532019637604178,2000-12-14
24.04,30.78,0.0,4.212015775507901,2000-12-15
22.98,31.59,0.0,4.661925352060179,2000-12-16
20.33,31.15,0.0,3.919024033803374,2000-12-17
21.89,32.12,0.0,3.7731849394935693,2000-12-18
23.71,31.81,1.32,3.776504569032437,2000-12-19
25.24,29.29,2.39,3.774490701490437,2000-12-20
25.03,28.95,2.05,3.1919172013438364,2000-12-21
24.14,31.22,0.2,4.432734746229615,2000-12-22
25.21,28.94,0.23,4.0156188553851155,2000-12-23
25.08,29.63,0.23,3.9270244885001273,2000-12-24
25.01,31.0,0.24,4.2316310414843725,2000-12-25
24.48,31.56,0.15,4.121166114836167,2000-12-26
24.42,31.84,0.03,4.499502069842154,2000-12-27
24.56,32.1,0.03,4.520061006966947,2000-12-28
24.52,32.74,0.04,4.5789926857053365,2000-12-29
24.24,32.64,0.02,4.3723994356735245,2000-12-30
24.97,28.33,0.05,2.673978359588699,2000-12-31
23.96,31.39,0.0,4.527469309457362,2001-01-01
24.31,32.33,0.0,4.415446334383237,2001-01-02
24.33,32.25,0.0,4.19693069729265,2001-01-03
23.44,32.61,0.0,4.485969935694599,2001-01-04
23.72,32.26,0.0,4.1552488463613155,2001-01-05
24.56,30.25,0.0,3.7643026644015616,2001-01-06
24.3,29.47,0.0,3.763362891579638,2001-01-07
23.09,31.19,0.0,4.362482077341381,2001-01-08
23.69,31.48,0.0,4.1891122535878305,2001-01-09
23.94,32.48,0.0,4.370119563419036,2001-01-10
23.96,32.39,0.0,4.285491859449172,2001-01-11
24.01,32.73,0.0,4.650867973422704,2001-01-12
24.5,32.26,0.0,4.5983785311074845,2001-01-13
24.74,32.4,0.0,4.668757438863337,2001-01-14
25.49,30.84,0.0,2.7437266925763226,2001-01-15
25.29,31.54,0.08,4.172988760061671,2001-01-16
25.62,31.53,0.07,4.415771983548318,2001-01-17
25.32,30.61,0.08,4.179822524824126,2001-01-18
25.56,30.26,0.08,3.297727289602269,2001-01-19
24.33,28.93,0.06,3.934155749094424,2001-01-20
22.82,30.37,0.0,4.298997868326717,2001-01-21
23.55,30.56,0.0,3.8460504786160437,2001-01-22
24.32,30.93,0.0,4.047733636642141,2001-01-23
24.16,31.2,0.0,4.442127266949399,2001-01-24
23.21,31.27,0.0,4.542515505848633,2001-01-25
23.12,30.93,0.0,3.894009689455719,2001-01-26
24.31,31.45,0.0,4.09880652018884,2001-01-27
24.2,30.23,0.0,4.098135041723127,2001-01-28
24.56,30.99,0.0,4.07762023847202,2001-01-29
24.64,31.51,0.0,4.329260607885572,2001-01-30
25.08,31.26,0.37,3.6756023108755205,2001-01-31
25.58,30.22,0.3,4.349448335766537,2001-02-01
25.61,30.4,0.18,4.017766120907162,2001-02-02
25.4,30.97,0.3,3.7889921658746912,2001-02-03
25.56,30.12,0.26,4.282548692816653,2001-02-04
25.02,32.67,0.08,4.970085240756185,2001-02-05
25.44,30.93,0.05,4.260628314788021,2001-02-06
25.17,31.31,0.08,3.7564637504831104,2001-02-07
24.29,30.96,0.03,3.8929345823598815,2001-02-08
24.08,32.13,0.06,4.268378542097859,2001-02-09
24.14,32.19,0.0,4.251765250284233,2001-02-10
24.05,29.68,0.0,3.83848707305062,2001-02-11
23.13,31.98,0.0,5.011417482879193,2001-02-12
21.57,32.32,0.0,6.038971824679094,2001-02-13
18.34,32.1,0.0,6.660720056210739,2001-02-14
21.07,32.7,0.0,5.607089919549447,2001-02-15
21.72,33.3,0.0,5.191973251271689,2001-02-16
24.23,33.03,0.0,4.77469454213232,2001-02-17
24.71,33.14,0.0,4.657323457034644,2001-02-18
25.24,31.94,0.0,4.536986157625267,2001-02-19
25.57,31.29,0.31,4.28141794707079,2001-02-20
26.52,29.4,0.37,3.065918343788859,2001-02-21
25.94,31.97,0.35,4.715299156142343,2001-02-22
25.85,31.84,0.32,4.658579225735546,2001-02-23
25.92,31.11,0.56,4.114728282574652,2001-02-24
26.18,30.67,5.21,3.861008745452559,2001-02-25
26.06,30.71,4.53,4.233459621432098,2001-02-26
25.87,30.22,4.75,4.17453997141359,2001-02-27
26.11,29.82,4.79,3.646264090713228,2001-02-28
26.0,30.21,3.47,3.9350340046006824,2001-03-01
25.97,30.65,0.91,4.110281966491582,2001-03-02
25.6,31.96,0.87,4.932912052636193,2001-03-03
26.34,31.15,1.13,4.409106808819934,2001-03-04
26.54,29.97,1.28,2.8420482400030713,2001-03-05
25.75,30.47,0.89,4.272872668635027,2001-03-06
25.93,30.35,1.08,4.638581482218639,2001-03-07
25.88,29.98,1.06,4.293648585089857,2001-03-08
25.34,32.77,0.63,5.861621296501848,2001-03-09
26.49,30.59,1.09,4.797398836335447,2001-03-10
26.09,30.14,1.36,4.4645827615543805,2001-03-11
25.93,30.06,0.86,4.470540361785316,2001-03-12
25.96,30.13,1.02,4.441251753038713,2001-03-13
26.59,29.88,1.05,4.402660526103018,2001-03-14
26.11,30.61,0.96,4.931735150248545,2001-03-15
26.24,30.43,1.97,4.547091427447334,2001-03-16
26.16,30.68,0.43,4.884942196947332,2001-03-17
26.25,31.33,0.12,5.028037415422694,2001-03-18
26.3,29.9,0.29,3.7213817369435356,2001-03-19
26.24,30.2,0.47,4.509663364196465,2001-03-20
26.59,30.17,0.45,4.504990469065207,2001-03-21
26.57,31.27,0.1,5.177090607138411,2001-03-22
26.29,30.69,0.1,4.852840842425763,2001-03-23
25.77,30.88,0.07,4.8231742854394275,2001-03-24
25.64,30.8,0.1,4.756295341312673,2001-03-25
26.0,30.7,0.16,4.313374522698323,2001-03-26
26.11,30.67,7.62,4.838268830675319,2001-03-27
25.96,30.22,3.43,4.579304900055768,2001-03-28
25.21,31.07,1.73,4.976784785949182,2001-03-29
25.87,30.24,2.87,4.687683982340279,2001-03-30
25.79,29.89,2.86,4.41805998522785,2001-03-31
26.24,30.1,13.92,4.453851463936804,2001-04-01
25.97,30.17,11.17,4.555700185963828,2001-04-02
25.81,29.81,9.32,2.536508511180951,2001-04-03
25.13,29.83,7.24,5.0776124846812,2001-04-04
25.8,28.56,14.5,3.9436044588694865,2001-04-05
25.53,29.43,1.47,4.264510304919868,2001-04-06
25.67,29.96,1.34,4.68164912788827,2001-04-07
26.11,29.7,1.74,4.328931938421974,2001-04-08
26.09,29.91,1.39,4.31603397260562,2001-04-09
26.34,29.5,2.08,3.921078903818607,2001-04-10
26.41,29.61,1.39,4.187779199255062,2001-04-11
25.83,29.8,0.91,4.826426975936216,2001-04-12
25.88,29.63,1.55,4.2780370653572195,2001-04-13
25.42,30.58,0.94,4.534362360015066,2001-04-14
25.99,30.28,1.12,4.634241854689191,2001-04-15
26.62,29.51,7.37,2.76646360056833,2001-04-16
25.95,30.55,2.94,5.24595196579871,2001-04-17
25.18,28.36,10.1,2.235166746782245,2001-04-18
24.67,29.65,6.74,3.8848842717902783,2001-04-19
25.12,28.63,7.38,4.1007370265202185,2001-04-20
25.62,28.16,8.63,3.186727633628296,2001-04-21
25.43,29.14,10.71,4.386839490412879,2001-04-22
25.34,28.41,9.05,4.3244939644132225,2001-04-23
25.36,28.94,10.56,4.391586773097624,2001-04-24
25.87,28.63,25.01,4.104320808408011,2001-04-25
26.09,30.31,14.33,2.886046438415348,2001-04-26
25.41,30.08,2.69,4.951057829380524,2001-04-27
26.17,29.16,13.57,4.205548909192688,2001-04-28
25.69,28.23,10.24,2.3582757044184537,2001-04-29
25.61,28.35,8.73,4.0865295159998665,2001-04-30
25.36,28.14,4.12,4.536449365570905,2001-05-01
25.44,29.7,5.94,4.053388206295887,2001-05-02
26.31,28.72,13.82,3.5465660087482984,2001-05-03
25.71,28.86,1.7,4.086499741621393,2001-05-04
25.55,29.3,1.82,4.263548260036559,2001-05-05
25.54,29.31,4.54,3.6059453135923363,2001-05-06
26.1,28.36,3.54,4.150654216976639,2001-05-07
26.11,28.95,6.13,4.149230587307246,2001-05-08
26.02,28.9,4.79,2.2602075491684497,2001-05-09
26.31,29.62,6.14,4.332821261375756,2001-05-10
26.15,28.97,8.82,4.52609342410718,2001-05-11
25.85,28.32,24.27,3.9991859784990473,2001-05-12
25.14,28.98,5.15,3.219206291377252,2001-05-13
25.61,28.16,15.55,3.8050790777226196,2001-05-14
25.84,28.17,14.24,2.0750968063780273,2001-05-15
25.44,29.59,0.81,3.9727648243052918,2001-05-16
25.8,30.16,0.54,3.540677579646711,2001-05-17
26.13,28.91,3.03,4.415566299169862,2001-05-18
25.83,28.5,6.52,3.5616547738651483,2001-05-19
24.84,27.99,8.79,3.222031149079212,2001-05-20
24.66,28.91,3.25,2.876433218642066,2001-05-21
24.77,28.38,0.33,3.6690347332250273,2001-05-22
25.85,29.44,1.27,4.091076888457726,2001-05-23
25.4,27.99,2.58,3.895774705577525,2001-05-24
25.56,27.87,1.58,4.221159461329177,2001-05-25
24.8,27.46,36.87,3.739556749727572,2001-05-26
24.72,27.89,9.22,4.267590688400927,2001-05-27
25.3,27.93,13.14,3.963798780411524,2001-05-28
25.03,27.56,16.16,2.727054065395806,2001-05-29
24.84,27.3,12.72,2.6118697241510067,2001-05-30
24.31,28.06,2.97,3.9797247666343907,2001-05-31
24.95,27.65,2.27,2.2195244143696344,2001-06-01
24.64,28.75,0.81,4.042533534813098,2001-06-02
24.71,27.4,1.36,3.2843293450439157,2001-06-03
24.51,29.04,1.67,4.469194644466051,2001-06-04
25.19,27.73,10.08,2.2197461735244683,2001-06-05
24.67,27.84,5.22,3.609173633478759,2001-06-06
24.83,28.0,2.98,2.990075438455714,2001-06-07
24.24,29.0,3.43,4.365965643414244,2001-06-08
24.65,28.22,4.13,4.0324877801873695,2001-06-09
24.1,27.94,7.14,3.6905537931749546,2001-06-10
24.02,27.57,8.11,1.9275040110049615,2001-06-11
24.13,27.88,9.63,2.6091802500938726,2001-06-12
24.37,27.15,11.01,2.7708456207271244,2001-06-13
24.07,26.95,4.14,3.4965554956027614,2001-06-14
24.37,27.17,4.31,2.670709180962179,2001-06-15
24.12,28.68,3.28,4.343990599899978,2001-06-16
24.42,28.5,18.97,3.747737219821658,2001-06-17
24.46,26.58,11.57,2.9381939629529468,2001-06-18
24.4,26.69,11.65,2.7705210067317156,2001-06-19
24.34,28.27,3.72,4.249338856208398,2001-06-20
24.38,26.8,4.33,3.718349143981464,2001-06-21
24.49,27.25,17.09,2.315095935277556,2001-06-22
23.6,27.2,7.28,2.4182951795626506,2001-06-23
23.22,26.54,4.39,2.6180153995610382,2001-06-24
23.49,27.49,3.76,3.458953889327484,2001-06-25
24.03,26.9,3.7,3.2549566459846804,2001-06-26
24.18,26.4,7.05,2.4817660153746366,2001-06-27
23.65,26.55,5.69,2.5821020365630254,2001-06-28
23.29,26.08,10.7,2.854438563435629,2001-06-29
23.19,27.47,4.28,3.3387742356328,2001-06-30
23.57,26.69,1.72,2.9704723337119785,2001-07-01
23.51,28.1,0.88,3.7653268742013037,2001-07-02
24.22,26.18,2.57,2.909663959115545,2001-07-03
23.96,26.14,3.99,2.1137499413126117,2001-07-04
23.67,26.83,1.44,3.1562209220388184,2001-07-05
23.28,27.36,0.62,3.454301366447014,2001-07-06
23.26,27.72,0.29,3.272559299195735,2001-07-07
23.37,28.62,0.25,3.7171648871970637,2001-07-08
24.06,27.42,0.66,3.3479697546940916,2001-07-09
23.8,27.82,10.14,3.3566452007533787,2001-07-10
23.62,26.36,12.88,3.1452084790334176,2001-07-11
23.53,27.34,4.89,3.0487366804144576,2001-07-12
23.54,27.72,4.31,3.8961364790562185,2001-07-13
23.74,28.01,4.17,3.6526386707198752,2001-07-14
23.75,26.84,5.49,3.1147574992322196,2001-07-15
23.78,27.15,4.92,3.2564223070119276,2001-07-16
23.49,27.93,1.08,3.88700266456783,2001-07-17
23.48,27.61,0.93,3.913821136293137,2001-07-18
23.63,26.82,3.08,3.3654785488862986,2001-07-19
23.19,27.08,0.92,3.604645394982459,2001-07-20
23.2,25.95,3.21,2.9760703219760267,2001-07-21
22.89,27.04,3.39,3.232083561820369,2001-07-22
22.89,27.45,0.99,3.5479981598375407,2001-07-23
23.06,26.24,1.04,3.327446103256729,2001-07-24
22.33,26.82,0.55,3.901346392721752,2001-07-25
22.32,27.24,0.16,3.8570189495720655,2001-07-26
22.25,27.97,0.17,4.395400307026475,2001-07-27
22.9,26.88,1.64,3.1804462433805365,2001-07-28
23.11,24.63,3.29,2.295296638431437,2001-07-29
22.57,26.62,3.23,2.71152359657626,2001-07-30
22.13,25.98,1.81,3.4093797356600106,2001-07-31
22.32,25.41,2.08,3.0313950621859,2001-08-01
22.46,26.16,1.44,3.4242947450049352,2001-08-02
21.82,26.59,0.8,3.521279995596634,2001-08-03
21.81,26.39,1.12,3.055247432122145,2001-08-04
21.86,27.04,3.12,2.857649034171291,2001-08-05
22.32,26.88,1.05,3.3166255617710547,2001-08-06
22.65,26.72,2.04,3.5161844898273706,2001-08-07
22.12,26.35,2.38,3.3643801856238156,2001-08-08
21.71,27.17,3.42,3.2829420464924306,2001-08-09
21.84,27.07,1.63,3.4350129272113823,2001-08-10
22.12,25.37,1.24,3.081662366987956,2001-08-11
22.19,25.1,2.03,2.8498275567027824,2001-08-12
21.74,27.07,2.49,3.5300819493389004,2001-08-13
22.16,26.21,1.69,2.7096394667438797,2001-08-14
21.9,27.01,1.23,2.518329149814404,2001-08-15
22.59,26.75,0.56,2.7422842725915326,2001-08-16
22.55,27.07,0.41,3.0429788332602556,2001-08-17
22.66,27.56,0.33,3.06596546770378,2001-08-18
22.71,27.46,0.72,2.879549007034286,2001-08-19
22.83,26.92,0.72,3.0766056588244464,2001-08-20
22.98,26.06,1.16,2.534784425714015,2001-08-21
22.63,27.94,0.43,3.392889605677086,2001-08-22
22.43,28.51,0.46,3.4958588910304402,2001-08-23
23.06,27.33,1.86,2.97662794289024,2001-08-24
22.69,28.07,0.56,4.019590157731196,2001-08-25
22.31,28.39,0.83,3.492333510248432,2001-08-26
22.83,27.87,1.55,2.83046171335097,2001-08-27
22.94,27.57,0.58,3.42852309567521,2001-08-28
22.8,27.54,1.54,3.3921898308577343,2001-08-29
23.25,27.36,1.76,3.642113831620702,2001-08-30
22.8,27.83,2.59,3.6742438004220284,2001-08-31
22.82,27.89,0.99,4.276404291655983,2001-09-01
22.82,27.89,2.9,3.7635920928541697,2001-09-02
23.21,26.02,1.81,3.321763940113155,2001-09-03
22.74,27.26,1.19,3.808080758344213,2001-09-04
22.21,27.11,1.11,2.9852811397027845,2001-09-05
22.87,26.79,1.39,3.32832940329052,2001-09-06
22.19,28.77,0.16,4.64507878544748,2001-09-07
22.56,29.41,3.63,4.854559749921009,2001-09-08
23.21,27.23,2.87,3.2283693448440465,2001-09-09
23.2,28.1,2.35,3.5341936678010515,2001-09-10
23.69,27.69,9.05,3.5553732243663663,2001-09-11
23.46,27.11,6.02,3.320756398955636,2001-09-12
23.18,27.51,12.65,3.376237058103346,2001-09-13
23.06,27.83,9.35,3.6547132749684046,2001-09-14
23.46,27.23,8.73,3.058902676828868,2001-09-15
23.17,26.99,2.78,3.2920158237309773,2001-09-16
23.57,26.74,6.23,3.1246747940307458,2001-09-17
23.32,27.84,6.77,3.3324546152016152,2001-09-18
23.29,26.61,11.15,3.171578119221115,2001-09-19
23.13,27.72,2.28,3.2717962425597493,2001-09-20
23.35,28.1,7.87,4.022433862717413,2001-09-21
23.66,27.69,5.25,3.445041208479411,2001-09-22
23.52,27.9,1.98,3.8412060427470465,2001-09-23
23.22,27.74,8.33,3.4259345780491066,2001-09-24
23.68,25.66,9.3,2.935021940626626,2001-09-25
23.25,27.0,3.41,3.787023411240062,2001-09-26
23.04,27.82,4.29,3.3069135984633595,2001-09-27
23.42,27.64,2.83,3.893339549061599,2001-09-28
23.51,28.39,3.82,3.266113091992972,2001-09-29
23.37,28.06,6.15,3.506949454669005,2001-09-30
23.88,27.27,2.08,2.7730930755945624,2001-10-01
23.6,28.76,1.32,3.981991624151447,2001-10-02
23.78,28.36,0.34,4.223041493321354,2001-10-03
23.32,28.47,0.63,4.12232811661425,2001-10-04
23.89,27.79,1.25,3.7393011223469186,2001-10-05
23.59,28.04,0.84,2.9286999524862125,2001-10-06
23.79,27.48,0.58,3.4845664655608957,2001-10-07
24.01,27.61,0.44,4.226636212227147,2001-10-08
23.75,29.39,0.48,4.248921206084878,2001-10-09
23.94,29.67,0.4,4.004349264665338,2001-10-10
24.29,29.49,0.45,3.5622410471582593,2001-10-11
24.3,28.96,0.57,4.223121406050268,2001-10-12
24.32,28.07,6.59,3.6532117471776915,2001-10-13
24.42,27.9,4.32,3.6388050794309925,2001-10-14
24.27,28.0,5.03,3.089422688648854,2001-10-15
24.44,28.6,6.19,3.5971945883724548,2001-10-16
24.44,28.89,5.77,3.418220484906707,2001-10-17
24.49,28.79,0.74,4.099540982842801,2001-10-18
24.27,29.24,0.69,4.165226457460839,2001-10-19
24.51,30.27,1.22,4.2577929239467425,2001-10-20
24.75,30.56,1.34,4.475616478216197,2001-10-21
25.01,29.97,2.27,4.179064872309269,2001-10-22
24.65,29.06,6.56,3.644529204412546,2001-10-23
24.47,29.09,6.5,3.239606521575141,2001-10-24
24.5,28.93,2.58,3.9173316404463954,2001-10-25
24.49,29.31,4.06,3.4610708443096,2001-10-26
24.2,28.38,3.13,2.967878861308509,2001-10-27
24.29,30.2,3.87,4.0511393252075525,2001-10-28
24.34,29.26,4.47,3.5897236507451096,2001-10-29
24.37,28.88,3.84,3.7590086723145566,2001-10-30
24.17,28.7,3.38,3.668910116661207,2001-10-31
23.83,29.03,1.62,3.6946476798317835,2001-11-01
24.53,30.22,0.28,4.026124733382902,2001-11-02
24.59,29.91,0.38,3.9219717887082868,2001-11-03
24.38,30.43,0.27,4.248186669127789,2001-11-04
24.52,30.54,0.24,4.2638374454176455,2001-11-05
25.2,30.25,0.43,4.10673696808285,2001-11-06
25.16,29.83,0.65,4.229756682840436,2001-11-07
25.27,30.24,1.14,4.3322708755346975,2001-11-08
25.13,29.46,1.17,4.114259152594544,2001-11-09
24.9,28.6,1.09,3.611202158151732,2001-11-10
24.79,27.62,1.2,3.1471470885283708,2001-11-11
24.57,29.6,4.41,3.857088801781307,2001-11-12
24.73,28.3,7.7,3.8501557859625843,2001-11-13
24.55,29.17,5.44,3.9596444698591426,2001-11-14
24.79,29.12,4.0,3.872223521787982,2001-11-15
24.33,29.53,6.41,3.8147100441782724,2001-11-16
24.97,30.13,1.71,3.6455127889081296,2001-11-17
25.09,29.45,1.08,3.8446466274550692,2001-11-18
24.91,30.15,1.09,3.3831132006323053,2001-11-19
24.67,30.01,0.63,4.070448706617119,2001-11-20
24.49,30.26,1.03,3.8535111320927444,2001-11-21
24.92,28.12,1.03,3.094114425966468,2001-11-22
24.52,28.36,0.36,3.485437935749407,2001-11-23
24.84,28.46,0.46,3.1017532641461,2001-11-24
24.48,30.43,0.61,4.08782531744635,2001-11-25
24.5,30.45,0.7,3.995216363880427,2001-11-26
25.01,28.62,0.0,3.4054990616897314,2001-11-27
24.71,31.15,0.0,4.294287986100787,2001-11-28
24.72,31.5,0.0,4.189241548139268,2001-11-29
25.17,30.4,0.0,4.322535439659188,2001-11-30
25.51,30.71,0.0,4.1046390875494465,2001-12-01
25.66,30.65,10.46,2.988650943719631,2001-12-02
24.88,30.42,2.56,4.039581944173342,2001-12-03
25.06,30.11,5.35,3.7762803654269312,2001-12-04
24.61,31.15,2.91,4.220400662381395,2001-12-05
24.16,30.64,4.41,4.185529783352665,2001-12-06
23.32,30.52,0.0,4.122266965049717,2001-12-07
23.23,30.89,0.0,4.573431791388743,2001-12-08
23.27,30.73,0.0,4.286057392226028,2001-12-09
25.3,31.31,0.0,4.163003100214646,2001-12-10
25.1,31.81,0.0,4.142197674626731,2001-12-11
24.84,31.81,0.19,4.149157640656399,2001-12-12
25.08,31.29,0.19,4.3461345002067775,2001-12-13
25.17,31.3,0.12,3.1068357963457345,2001-12-14
25.07,31.63,0.11,4.163597537975124,2001-12-15
25.29,31.85,0.14,3.593489526011694,2001-12-16
25.31,31.76,0.0,3.705031062371368,2001-12-17
25.19,31.61,0.0,4.308993084606742,2001-12-18
25.38,30.71,0.0,3.975202110879816,2001-12-19
25.13,32.41,0.0,4.267638198669049,2001-12-20
25.72,31.61,0.0,4.193371559474545,2001-12-21
25.55,32.53,0.08,4.027626135527225,2001-12-22
25.89,30.68,0.13,3.7834057783647053,2001-12-23
25.53,29.94,0.05,3.7496835166907374,2001-12-24
25.37,31.91,0.07,3.9543950599194972,2001-12-25
25.21,32.25,0.07,4.199235242993073,2001-12-26
25.36,32.6,0.01,4.330445309918988,2001-12-27
25.26,32.49,0.01,4.385839030049686,2001-12-28
25.41,32.6,0.02,4.416537413431592,2001-12-29
25.74,32.13,0.03,4.469471149235518,2001-12-30
25.7,31.99,0.01,4.245616476595942,2001-12-31
25.76,31.6,4.67,4.049795954509672,2002-01-01
25.42,31.45,2.6,4.101997294891402,2002-01-02
25.23,31.36,2.78,4.186772913549241,2002-01-03
25.38,30.7,3.89,3.9532060391919615,2002-01-04
25.67,29.58,6.92,3.777185355896092,2002-01-05
25.32,28.54,3.27,2.8986561555411408,2002-01-06
24.46,29.47,1.15,4.216251733024603,2002-01-07
24.66,29.33,3.04,3.204297706946347,2002-01-08
24.16,30.72,0.1,4.014081231013726,2002-01-09
21.73,30.0,0.0,3.848871618234551,2002-01-10
21.41,29.77,0.0,3.8904484907824743,2002-01-11
19.5,28.04,0.0,4.860966910599554,2002-01-12
19.72,28.13,0.0,4.158731759592033,2002-01-13
20.15,28.95,0.0,4.074029162201269,2002-01-14
20.38,29.86,0.0,4.064492192331926,2002-01-15
21.35,30.28,0.0,4.021033570186947,2002-01-16
22.6,31.13,0.0,4.296846248025108,2002-01-17
23.04,32.19,0.0,4.076853870261907,2002-01-18
23.53,31.81,0.0,3.9693944311169145,2002-01-19
24.4,31.44,0.0,4.28424704709572,2002-01-20
24.81,30.23,0.0,3.623807486402194,2002-01-21
25.02,29.8,0.0,3.498999184282397,2002-01-22
24.65,31.45,0.0,3.690993287633961,2002-01-23
24.32,31.77,0.0,3.8824959358268867,2002-01-24
24.76,31.63,0.0,3.7727109653664352,2002-01-25
24.54,31.48,0.0,3.871785182618929,2002-01-26
24.59,30.84,0.0,3.4881336998505557,2002-01-27
23.63,32.07,0.0,4.629871798327761,2002-01-28
22.43,30.48,0.0,5.261272576217219,2002-01-29
22.32,31.72,0.0,4.449858229577254,2002-01-30
22.88,31.54,0.0,4.275250455332277,2002-01-31
21.46,31.65,0.0,5.248162126377487,2002-02-01
21.6,32.21,0.0,4.939917640779878,2002-02-02
23.29,33.74,0.0,5.02250224394784,2002-02-03
22.81,32.75,0.0,4.1694643481728075,2002-02-04
24.26,33.06,0.02,4.439210151325461,2002-02-05
24.76,32.37,0.04,4.357637891985078,2002-02-06
25.15,31.92,0.08,3.954222518131717,2002-02-07
25.15,32.06,0.09,4.016624893533428,2002-02-08
25.68,31.35,0.1,4.071630546787783,2002-02-09
24.48,32.98,0.02,4.81270943160484,2002-02-10
25.04,31.89,0.01,4.382887830765781,2002-02-11
25.71,32.84,0.02,4.810261352811681,2002-02-12
25.48,33.1,0.01,4.744850172641263,2002-02-13
25.3,33.12,0.01,4.706561514068802,2002-02-14
25.59,33.14,0.0,4.653349322092637,2002-02-15
25.8,33.49,0.0,5.050799684094331,2002-02-16
26.05,31.65,0.0,3.9109062534601837,2002-02-17
25.75,32.54,0.0,4.688917879764984,2002-02-18
25.62,33.69,0.0,5.077686757816689,2002-02-19
26.03,32.56,0.87,4.77022934982714,2002-02-20
26.33,32.05,0.8,4.768765877616936,2002-02-21
26.42,32.6,1.0,5.010033841136502,2002-02-22
26.73,32.87,1.35,4.9045308351083525,2002-02-23
26.86,31.86,1.01,4.709495116294839,2002-02-24
26.77,32.96,0.44,5.965577157411874,2002-02-25
26.71,32.15,1.01,5.307328188598393,2002-02-26
26.42,29.59,0.58,2.5900060439749963,2002-02-27
25.21,33.03,0.61,4.941624934634016,2002-02-28
26.08,30.07,0.68,4.2758424384290725,2002-03-01
25.89,31.78,1.51,4.432536455527225,2002-03-02
25.77,32.47,0.94,4.620227153263046,2002-03-03
25.94,33.33,1.07,5.108061429074311,2002-03-04
26.21,32.85,1.17,4.613767645304766,2002-03-05
26.79,32.03,1.72,4.624131013045772,2002-03-06
26.29,31.77,7.87,4.9763467746687455,2002-03-07
26.24,30.66,9.87,4.436467518025451,2002-03-08
26.41,30.29,3.88,4.477797497740062,2002-03-09
26.12,29.49,9.11,3.8673282822656256,2002-03-10
25.75,29.93,10.07,4.366140650858285,2002-03-11
25.85,32.35,0.15,5.303729192326917,2002-03-12
26.14,31.69,0.5,4.968045219616941,2002-03-13
25.96,31.87,0.75,4.614794885581151,2002-03-14
26.45,30.52,0.8,4.46273155539922,2002-03-15
26.24,31.25,0.72,3.7487071981066777,2002-03-16
25.79,28.98,9.37,4.164203614005114,2002-03-17
25.24,30.33,1.5,4.871956155761579,2002-03-18
25.66,31.18,2.6,5.088790874914654,2002-03-19
25.96,29.38,1.88,3.8172444840990374,2002-03-20
25.59,32.08,1.49,4.825676702492916,2002-03-21
26.21,29.52,0.23,4.059486709097601,2002-03-22
25.65,29.16,0.37,3.2480719517154486,2002-03-23
25.46,30.61,0.15,3.9827149285089347,2002-03-24
25.79,29.57,0.31,4.273479342395279,2002-03-25
25.48,30.57,0.18,4.745542898979172,2002-03-26
25.82,29.2,1.19,4.458110912886819,2002-03-27
25.76,30.37,0.55,4.484862745617598,2002-03-28
25.97,30.34,0.47,3.758786585127825,2002-03-29
25.29,32.36,0.3,4.691795115556529,2002-03-30
26.1,31.7,0.38,5.146331570487239,2002-03-31
26.01,30.94,0.51,5.122757538594877,2002-04-01
26.2,31.04,0.83,4.631104202240409,2002-04-02
26.22,30.8,1.11,4.145619047432832,2002-04-03
26.04,30.78,0.92,4.448610674884589,2002-04-04
26.04,29.97,0.91,4.141483889518091,2002-04-05
25.68,30.6,11.96,3.603403649513017,2002-04-06
25.83,29.03,11.16,3.45839283342524,2002-04-07
25.04,30.93,2.78,3.912567556815112,2002-04-08
25.96,30.45,2.54,5.242466272396185,2002-04-09
26.08,29.85,15.73,3.940682907317619,2002-04-10
26.24,29.93,5.16,4.348126970767121,2002-04-11
25.68,29.81,4.97,4.663323269717395,2002-04-12
26.13,29.58,6.08,1.9520200674650028,2002-04-13
25.72,30.41,4.28,5.027965911622392,2002-04-14
25.83,30.67,9.82,3.9287714857363274,2002-04-15
25.61,28.92,9.27,4.304392065634454,2002-04-16
25.34,29.15,7.2,3.6698774771973475,2002-04-17
25.45,28.88,11.95,3.937643217374099,2002-04-18
25.12,28.89,2.01,3.332450505121256,2002-04-19
25.42,29.99,7.0,4.94406674194402,2002-04-20
25.42,28.94,1.2,2.9211840295262173,2002-04-21
25.73,29.26,1.02,5.008366643930145,2002-04-22
25.72,29.32,1.16,4.5017865058294655,2002-04-23
25.91,30.49,0.4,3.4944967145104506,2002-04-24
25.72,31.14,0.66,5.068615188480587,2002-04-25
25.99,30.18,0.41,4.025706115675086,2002-04-26
26.43,30.13,0.39,4.013968584755831,2002-04-27
26.24,30.4,0.54,3.8532228359245937,2002-04-28
26.48,30.57,0.27,4.139315090399808,2002-04-29
26.38,29.92,0.33,4.111776145841933,2002-04-30
26.53,29.6,7.66,4.043700946439906,2002-05-01
26.35,29.19,4.12,3.349338585851859,2002-05-02
26.18,29.43,1.96,4.614847124495455,2002-05-03
25.33,29.81,4.28,3.793878325915937,2002-05-04
25.41,30.48,2.86,4.9686788549147956,2002-05-05
25.73,29.27,1.62,3.6138239363395708,2002-05-06
25.38,30.72,0.54,5.067398244509042,2002-05-07
25.92,30.08,3.21,4.512120005521348,2002-05-08
26.5,29.32,4.93,3.967341428485494,2002-05-09
26.19,29.65,3.31,4.529586544402243,2002-05-10
26.03,28.85,10.86,2.629299670136105,2002-05-11
25.68,29.82,3.27,4.715778492363278,2002-05-12
25.53,30.15,9.05,4.26572599771416,2002-05-13
25.68,28.88,4.12,4.071111092138194,2002-05-14
25.18,30.24,7.44,4.652354500028539,2002-05-15
25.57,30.16,2.85,4.248445817044038,2002-05-16
25.92,30.18,6.51,3.1605444971371757,2002-05-17
25.97,30.4,5.91,4.409621346526522,2002-05-18
26.13,29.38,12.17,3.570986556223633,2002-05-19
25.95,28.87,8.01,4.181699446704371,2002-05-20
25.66,28.89,2.55,3.9296607117290363,2002-05-21
25.8,28.9,2.08,2.858647501035982,2002-05-22
25.96,29.61,1.42,4.654119952951974,2002-05-23
25.5,28.93,2.35,4.483913071432259,2002-05-24
26.16,29.29,1.81,3.9354138451931027,2002-05-25
25.93,29.99,2.65,4.386449784020977,2002-05-26
26.45,29.42,4.38,3.8677342100407106,2002-05-27
25.89,28.8,3.87,3.0653765549952925,2002-05-28
25.35,27.82,1.55,3.002625270289556,2002-05-29
24.59,29.93,0.94,4.0150551622469495,2002-05-30
25.51,28.83,5.27,3.971176334515076,2002-05-31
26.2,28.66,3.8,3.490399620475077,2002-06-01
25.93,28.49,4.1,2.0707505726758892,2002-06-02
25.23,27.29,4.27,3.736547035460282,2002-06-03
24.58,26.89,6.98,2.8793335081173725,2002-06-04
23.98,28.89,26.18,3.8422882915667804,2002-06-05
24.24,26.68,15.08,1.8343130991908894,2002-06-06
23.77,27.7,2.17,3.343788391504675,2002-06-07
25.03,28.34,11.45,3.96622478370686,2002-06-08
24.88,27.49,33.69,2.6307939654502865,2002-06-09
24.85,26.75,15.12,2.897315582323677,2002-06-10
24.48,27.78,3.55,3.8695774535254372,2002-06-11
24.96,27.26,5.12,3.44046640848099,2002-06-12
24.85,27.68,5.14,3.7369820026681184,2002-06-13
24.74,27.21,7.2,1.6633342339680752,2002-06-14
24.06,27.79,1.51,3.329831627884958,2002-06-15
24.33,27.27,3.6,2.688505163018115,2002-06-16
23.66,28.72,1.7,4.192115626141323,2002-06-17
24.73,27.77,3.52,2.9043434277868583,2002-06-18
24.6,27.12,4.04,3.646849781633248,2002-06-19
24.01,27.43,14.74,2.935438589951692,2002-06-20
24.21,27.04,5.29,3.1140004403127706,2002-06-21
24.43,28.31,2.56,4.244420595664527,2002-06-22
24.85,28.85,8.51,3.108089754342243,2002-06-23
24.76,28.18,21.14,1.99489740707279,2002-06-24
24.44,27.92,17.01,3.713710097220119,2002-06-25
24.68,27.97,6.66,3.2944588900577076,2002-06-26
24.7,27.26,5.41,2.9918558032019504,2002-06-27
24.2,27.06,4.6,3.6376158797123543,2002-06-28
23.96,27.08,3.89,3.5503491221361285,2002-06-29
24.13,27.29,1.54,3.362729210454209,2002-06-30
24.21,26.8,1.23,3.3908923498714567,2002-07-01
24.32,26.77,2.04,3.347876916500022,2002-07-02
24.03,26.66,4.59,2.39447568687851,2002-07-03
23.81,27.77,3.16,3.2377254274494605,2002-07-04
24.23,26.69,5.98,2.156184230100028,2002-07-05
23.87,28.29,2.65,3.690990503662342,2002-07-06
24.16,28.21,0.85,4.19427989332313,2002-07-07
24.57,27.93,2.4,3.5514338171786557,2002-07-08
24.27,27.84,4.02,3.41605107735502,2002-07-09
24.26,27.23,9.81,3.5128383214497796,2002-07-10
23.97,28.16,10.93,3.5593001340602677,2002-07-11
24.28,26.76,14.96,1.961143598562371,2002-07-12
24.09,27.83,2.7,3.584775472715488,2002-07-13
24.03,28.54,2.39,3.812142355204133,2002-07-14
24.25,27.33,6.61,3.5383819934079535,2002-07-15
23.94,26.57,29.19,2.4584392295909336,2002-07-16
23.81,26.67,16.82,2.6791119590405694,2002-07-17
23.75,27.01,16.95,2.4732538034933986,2002-07-18
23.38,27.04,7.07,2.6436278442560077,2002-07-19
23.16,27.58,6.6,3.151851155427259,2002-07-20
23.34,25.48,8.64,2.630393840809099,2002-07-21
23.44,26.64,15.18,2.373415361748152,2002-07-22
23.32,26.06,8.36,1.5245049255860712,2002-07-23
23.11,26.5,8.27,3.1378533218139877,2002-07-24
23.29,26.4,0.15,2.479180709214736,2002-07-25
23.26,26.99,0.14,3.0222054132571365,2002-07-26
22.97,27.17,0.24,3.318224663852427,2002-07-27
23.02,26.8,0.84,3.002705133662285,2002-07-28
23.39,26.39,0.38,3.4842888540448773,2002-07-29
23.34,26.91,5.49,3.0399103526795033,2002-07-30
23.34,26.88,13.08,2.6459587699223164,2002-07-31
23.35,25.27,13.39,2.3587269503705754,2002-08-01
22.89,26.07,4.09,2.890110236120501,2002-08-02
22.64,25.97,4.59,3.5153743278799325,2002-08-03
22.92,26.29,2.23,2.9998887706294046,2002-08-04
22.8,25.38,6.03,2.593125271428976,2002-08-05
23.03,26.2,4.99,3.0464404817206305,2002-08-06
22.63,26.5,0.84,3.5499432364267323,2002-08-07
21.93,27.75,0.17,3.912826961086187,2002-08-08
22.64,27.94,1.13,4.119667388758144,2002-08-09
23.08,26.71,3.05,3.1715998139905177,2002-08-10
22.72,27.73,4.61,3.8938021371283575,2002-08-11
22.93,27.99,2.82,3.610725688199219,2002-08-12
23.21,27.67,5.49,3.0184337917602555,2002-08-13
23.19,26.63,2.31,2.594133033392671,2002-08-14
23.19,26.95,1.85,3.256145708933521,2002-08-15
22.81,27.03,1.55,3.0618715708962783,2002-08-16
23.22,27.49,3.36,3.1738096920890433,2002-08-17
23.34,27.33,1.36,3.395916916138047,2002-08-18
23.04,28.3,3.55,3.4953877936680984,2002-08-19
23.22,26.93,7.44,2.4533508076834707,2002-08-20
23.45,26.9,12.5,3.14268761782052,2002-08-21
23.01,27.04,5.73,3.1562317631514953,2002-08-22
22.73,27.33,5.9,4.15127847165501,2002-08-23
22.8,27.4,3.8,3.19241653658072,2002-08-24
22.8,27.71,4.18,3.4407457370690713,2002-08-25
23.1,27.06,3.6,2.6895796099331797,2002-08-26
22.91,27.82,1.32,4.338099911171466,2002-08-27
22.23,27.32,4.24,4.294458106895235,2002-08-28
22.78,26.75,2.14,2.7668373085220477,2002-08-29
23.12,27.6,0.86,3.424594739736395,2002-08-30
22.65,27.62,0.65,3.916524988934532,2002-08-31
22.71,27.83,0.69,3.7691933557889605,2002-09-01
22.6,27.87,0.49,3.4088317862633493,2002-09-02
22.82,28.28,1.66,3.8611995425341594,2002-09-03
22.86,27.53,1.81,2.804496306626866,2002-09-04
22.69,27.46,2.17,2.925436542415073,2002-09-05
22.73,26.78,3.26,2.719433668057209,2002-09-06
22.89,27.81,1.66,3.641344527629155,2002-09-07
22.29,27.77,1.73,3.903071065741912,2002-09-08
22.9,26.39,5.64,2.77745201901872,2002-09-09
22.77,27.42,1.89,3.699396768405757,2002-09-10
22.71,27.15,5.86,3.5882843283600385,2002-09-11
22.33,27.5,2.96,3.744570202702114,2002-09-12
22.57,27.34,0.49,3.3616375888252246,2002-09-13
22.37,27.32,0.36,3.5681289569625165,2002-09-14
22.91,26.67,0.28,3.6472995490390154,2002-09-15
22.61,27.83,0.19,4.00108041836063,2002-09-16
22.66,28.2,0.49,4.064717729356029,2002-09-17
23.33,27.94,3.78,2.9619090335286216,2002-09-18
23.38,25.92,11.17,2.053232286157615,2002-09-19
22.9,27.52,5.59,3.7880653745418096,2002-09-20
23.21,27.96,1.74,3.666857384087233,2002-09-21
23.5,27.5,2.54,3.85315693026831,2002-09-22
23.26,27.7,4.25,3.644316285932493,2002-09-23
23.58,25.84,4.89,3.397562753931316,2002-09-24
23.26,27.9,3.04,3.176887229159311,2002-09-25
23.88,29.08,1.47,3.867495862150835,2002-09-26
24.49,27.6,2.13,3.8602596460071577,2002-09-27
24.27,27.93,2.94,3.6803034734861084,2002-09-28
24.03,28.31,4.55,3.4657168159994156,2002-09-29
24.18,27.09,5.33,3.6430698690903958,2002-09-30
24.0,27.48,7.9,3.243978811591622,2002-10-01
23.98,26.53,11.52,3.193374566434799,2002-10-02
23.81,26.46,7.18,3.2216175857106664,2002-10-03
23.52,26.95,17.52,2.6697205159380633,2002-10-04
23.45,27.32,11.16,3.3248448723874287,2002-10-05
23.48,26.53,6.71,3.0760528468447834,2002-10-06
23.33,26.99,10.05,3.146639407967971,2002-10-07
23.45,28.81,6.12,3.821700927196961,2002-10-08
23.89,28.63,7.22,2.1670436910389594,2002-10-09
23.75,28.37,5.46,4.433901226362561,2002-10-10
24.09,27.41,10.39,3.6041499376721284,2002-10-11
24.16,28.15,11.11,2.7771960576208774,2002-10-12
24.28,27.85,5.39,3.179587912572185,2002-10-13
24.4,27.66,7.54,3.6714474170711235,2002-10-14
24.17,27.74,6.98,3.5193395998902166,2002-10-15
24.3,28.91,5.14,4.1039326858145335,2002-10-16
24.21,28.67,10.3,3.055876501967336,2002-10-17
24.36,28.66,5.74,4.219636087089345,2002-10-18
24.35,27.38,3.86,2.5708289390054597,2002-10-19
23.82,28.46,9.03,3.9115341021761263,2002-10-20
24.54,29.07,8.17,4.051344987581991,2002-10-21
24.73,27.95,5.69,3.8195167715607883,2002-10-22
24.0,28.0,3.51,3.571907736274042,2002-10-23
24.41,27.85,8.3,3.968924066237327,2002-10-24
24.55,28.07,7.42,2.9829187534763952,2002-10-25
24.08,29.76,1.73,4.324892087347352,2002-10-26
24.79,27.77,7.86,4.077439264997296,2002-10-27
24.39,28.09,1.87,3.5956160920467832,2002-10-28
24.42,28.31,2.11,2.755556260435365,2002-10-29
24.07,28.22,1.13,3.694614089476764,2002-10-30
24.14,29.06,1.36,3.8849128832977025,2002-10-31
24.57,28.6,1.66,3.856113857913961,2002-11-01
24.47,29.74,1.02,4.298973419114002,2002-11-02
24.9,28.82,2.07,3.8753473380921277,2002-11-03
24.76,27.59,4.37,2.4188746294870778,2002-11-04
24.14,27.45,4.73,2.926739707097253,2002-11-05
23.49,28.72,2.55,3.485078573506952,2002-11-06
24.22,29.41,0.82,4.1890820806162266,2002-11-07
24.93,28.77,1.24,4.149230572721094,2002-11-08
24.96,28.16,0.86,3.747896013715418,2002-11-09
24.76,28.15,1.47,2.792322313807503,2002-11-10
24.6,28.47,0.97,3.7036254990008217,2002-11-11
24.73,28.57,0.06,3.9800943637399495,2002-11-12
24.54,29.15,0.06,4.072974522481295,2002-11-13
24.81,28.17,0.12,3.5086714864238475,2002-11-14
24.73,29.46,0.07,3.9917284859056,2002-11-15
25.11,29.14,0.11,3.4769822855181918,2002-11-16
24.74,29.43,0.46,4.019246026523944,2002-11-17
24.95,30.23,0.55,4.307985917957478,2002-11-18
24.58,29.77,0.91,3.91139331777669,2002-11-19
24.46,30.82,0.88,4.302175981892164,2002-11-20
25.04,30.83,0.73,4.343404106423315,2002-11-21
24.28,30.68,0.31,4.165627564174573,2002-11-22
25.19,29.79,0.52,3.7764202464258387,2002-11-23
24.65,30.2,0.5,4.235384803968813,2002-11-24
25.1,29.93,0.39,4.164645878774921,2002-11-25
24.67,30.45,0.34,3.340499194252601,2002-11-26
24.58,31.28,0.01,4.192159135401176,2002-11-27
24.66,30.97,0.04,4.1504006475224955,2002-11-28
25.0,31.35,0.02,4.117691250512641,2002-11-29
25.15,30.74,0.06,3.6856073324381033,2002-11-30
25.27,29.88,0.04,3.596300093611654,2002-12-01
25.11,30.42,0.03,3.9089002745768444,2002-12-02
24.99,31.2,0.04,4.01124755655351,2002-12-03
25.42,29.19,0.05,3.803783681530305,2002-12-04
25.14,29.66,0.04,3.4881992043727252,2002-12-05
25.07,30.14,0.06,3.5722848218936227,2002-12-06
25.14,30.3,0.31,3.5389218993004397,2002-12-07
25.56,30.0,0.37,4.083123548544351,2002-12-08
25.35,28.87,0.27,3.515815898024247,2002-12-09
24.95,29.6,0.31,3.4962060390118825,2002-12-10
25.37,29.63,0.39,3.613808381858557,2002-12-11
24.69,30.58,0.06,3.900902842045284,2002-12-12
25.08,30.36,0.03,3.7049701423828285,2002-12-13
25.09,30.28,0.05,3.566935257033605,2002-12-14
24.72,31.56,0.02,3.9629047655522798,2002-12-15
24.5,31.61,0.03,4.233642045377206,2002-12-16
24.19,31.14,0.0,4.235649367473559,2002-12-17
24.29,30.92,0.0,4.328261275497262,2002-12-18
23.78,29.56,0.0,3.2825195673633023,2002-12-19
23.65,30.44,0.0,3.4572015936430374,2002-12-20
23.22,29.73,0.0,3.5647096468285984,2002-12-21
23.15,30.4,0.0,4.045460580575971,2002-12-22
21.66,30.86,0.0,4.595802982977553,2002-12-23
20.13,30.13,0.0,4.848121613809247,2002-12-24
20.1,29.72,0.0,5.3713317215773,2002-12-25
18.84,29.57,0.0,5.371964750361786,2002-12-26
19.11,29.8,0.0,4.751683330122755,2002-12-27
20.09,30.4,0.0,4.706771987091659,2002-12-28
21.65,30.78,0.0,4.723799368834461,2002-12-29
21.13,31.25,0.0,4.90878916239169,2002-12-30
20.52,31.33,0.0,4.698931060218021,2002-12-31
20.87,31.09,0.0,4.2092757717799465,2003-01-01
22.24,31.45,0.0,4.016551755394264,2003-01-02
21.28,31.22,0.0,4.419236040051447,2003-01-03
21.17,31.75,0.0,4.418184832934034,2003-01-04
23.43,32.06,0.0,4.277696071643257,2003-01-05
24.18,32.45,0.02,4.304188430407356,2003-01-06
24.71,32.06,0.02,4.011675730382524,2003-01-07
25.04,32.25,0.05,4.2417494110617415,2003-01-08
25.48,32.24,0.11,4.327307972215726,2003-01-09
25.28,31.18,0.1,4.029851668866696,2003-01-10
25.61,29.37,4.69,3.4600708292788003,2003-01-11
24.87,29.98,4.1,3.3832406741231416,2003-01-12
24.63,31.56,4.66,4.038735926746846,2003-01-13
25.63,29.08,4.7,3.6146471243667118,2003-01-14
25.55,30.63,2.49,3.5146570249682343,2003-01-15
25.09,31.33,2.52,4.392062583432391,2003-01-16
25.24,30.28,3.31,4.205317873527389,2003-01-17
25.39,29.4,5.3,2.4212671781580966,2003-01-18
24.99,28.53,2.82,3.306060330128851,2003-01-19
24.15,30.81,2.7,3.9896096918814856,2003-01-20
25.28,29.53,1.5,3.81220654388316,2003-01-21
25.41,28.42,2.04,2.075659944251185,2003-01-22
24.82,29.18,1.2,3.4578390725574875,2003-01-23
25.19,29.29,1.29,3.765973921228771,2003-01-24
25.09,28.27,1.27,3.653188085009595,2003-01-25
25.35,29.26,0.04,3.8383942670269846,2003-01-26
22.68,29.24,0.01,4.979899820056943,2003-01-27
20.2,31.15,0.0,5.318622758897012,2003-01-28
23.17,30.98,0.0,4.961884596722556,2003-01-29
23.97,31.68,0.0,4.830075429997274,2003-01-30
24.25,31.72,0.0,4.497324414263369,2003-01-31
25.83,32.75,0.0,4.450003845480401,2003-02-01
25.12,32.52,0.0,4.050800847801436,2003-02-02
25.54,31.06,0.0,4.420376592218998,2003-02-03
25.84,31.92,0.0,4.3694747506235085,2003-02-04
25.88,32.91,0.42,4.6796775208384345,2003-02-05
26.14,32.69,0.48,4.460712300932572,2003-02-06
25.89,33.09,0.29,4.5876837069816006,2003-02-07
25.69,32.01,0.53,4.497283473339982,2003-02-08
25.83,32.03,0.68,4.369381217080805,2003-02-09
26.15,30.94,0.08,4.46775411997666,2003-02-10
25.98,30.73,0.08,4.463424940994634,2003-02-11
26.4,32.12,0.06,5.153945375230776,2003-02-12
26.2,30.3,0.06,4.477863823530839,2003-02-13
26.26,30.09,0.08,4.021186264775716,2003-02-14
26.06,31.05,1.06,4.459850648224833,2003-02-15
26.77,31.28,1.03,4.6886224226153335,2003-02-16
26.53,31.66,1.39,4.6511410263259725,2003-02-17
26.54,32.27,0.99,4.738539804986723,2003-02-18
26.68,32.25,1.68,4.877028309379992,2003-02-19
26.39,30.3,1.68,4.027125007821493,2003-02-20
25.85,30.31,1.52,4.1703521986837195,2003-02-21
25.78,29.89,1.67,3.7542830352171643,2003-02-22
25.61,30.54,1.79,3.488120099529365,2003-02-23
25.79,30.4,1.67,4.403890687817164,2003-02-24
26.3,31.23,2.25,4.678244484692125,2003-02-25
25.99,29.48,2.85,4.0186471642475095,2003-02-26
25.22,30.41,1.58,4.231248257481365,2003-02-27
25.8,30.78,0.87,4.173544181170556,2003-02-28
25.73,30.1,2.26,4.175197340718643,2003-03-01
26.06,32.65,0.05,5.074412257522497,2003-03-02
26.38,31.15,0.05,4.232598571688694,2003-03-03
26.13,30.43,0.05,4.391234380769641,2003-03-04
25.55,31.53,0.04,4.639805967917484,2003-03-05
26.08,30.62,0.03,3.8106553285269236,2003-03-06
26.43,31.4,0.35,4.136830031285363,2003-03-07
26.1,31.7,0.5,3.593530911340143,2003-03-08
26.3,30.11,0.39,2.1005604449453124,2003-03-09
25.96,30.09,0.18,4.148112310762942,2003-03-10
25.64,31.74,0.34,4.558505878265882,2003-03-11
26.28,30.07,0.02,4.291296623976129,2003-03-12
26.21,31.66,0.03,4.372707114350901,2003-03-13
25.84,32.9,0.03,4.780961040354291,2003-03-14
26.38,32.94,0.03,4.642387629234115,2003-03-15
25.93,32.72,0.02,4.532299637607541,2003-03-16
26.86,31.36,1.42,3.5972486464348132,2003-03-17
26.76,30.82,2.25,3.8703828330084833,2003-03-18
26.91,30.79,6.89,3.7468309172523964,2003-03-19
26.49,30.38,1.03,2.6728493749913897,2003-03-20
25.89,30.43,2.27,4.582911766283645,2003-03-21
26.1,30.14,0.37,4.58228882918369,2003-03-22
25.87,31.4,0.34,4.097918057330189,2003-03-23
26.37,32.59,0.28,5.4226399558895775,2003-03-24
26.88,30.26,0.56,3.769103814785898,2003-03-25
26.2,32.26,0.18,5.307388211649307,2003-03-26
26.68,30.3,0.22,4.718773576518927,2003-03-27
26.3,30.94,0.08,4.028075587355226,2003-03-28
26.71,30.28,0.12,4.1433399428689714,2003-03-29
26.26,29.86,0.15,4.136555043413681,2003-03-30
25.93,32.71,0.15,5.009699564983646,2003-03-31
26.42,31.55,4.46,4.949519271158691,2003-04-01
26.65,31.04,7.15,4.762928016081457,2003-04-02
26.32,28.99,2.09,2.512349319381602,2003-04-03
25.99,31.62,2.78,4.212794488312383,2003-04-04
26.35,30.64,2.36,5.194055460575408,2003-04-05
26.32,30.0,10.4,4.302197113555397,2003-04-06
26.17,30.94,5.35,5.036330599846267,2003-04-07
26.51,29.5,6.4,4.972688471379493,2003-04-08
26.38,29.55,9.5,4.537840621159574,2003-04-09
26.33,29.03,10.76,3.7114561047026817,2003-04-10
26.01,28.84,21.09,2.0180812628208145,2003-04-11
26.09,28.91,16.03,1.6860024115681334,2003-04-12
25.37,30.89,7.94,4.899200112104558,2003-04-13
26.12,29.53,45.14,4.160108005642511,2003-04-14
25.83,28.2,22.63,3.8456423108099353,2003-04-15
25.64,29.95,4.62,4.671244638521709,2003-04-16
25.58,29.44,3.39,4.313804150170887,2003-04-17
25.58,29.1,12.52,3.7641369101811866,2003-04-18
24.79,27.38,14.82,2.3149447709093693,2003-04-19
24.29,28.83,3.41,3.8592335726145963,2003-04-20
25.21,28.67,1.08,4.256765418874071,2003-04-21
25.65,28.8,1.47,3.9585861483821096,2003-04-22
25.93,29.5,0.85,4.1584424912712725,2003-04-23
25.55,29.37,0.94,4.038942560278187,2003-04-24
25.58,29.7,1.04,3.9934700913028673,2003-04-25
26.17,28.55,4.34,4.085898961615842,2003-04-26
25.55,29.41,2.24,3.7663534737831035,2003-04-27
25.47,29.95,1.82,4.614713209330985,2003-04-28
25.71,29.79,3.37,3.949469470247553,2003-04-29
25.93,29.18,1.98,3.670610365109202,2003-04-30
25.54,29.06,1.32,4.236383503247345,2003-05-01
25.41,29.66,1.02,4.629898678118788,2003-05-02
25.44,30.08,0.92,4.483763027326948,2003-05-03
25.68,29.24,1.41,3.8911655614264538,2003-05-04
25.89,29.37,1.11,3.88258542595311,2003-05-05
26.09,29.42,2.95,4.44470097430997,2003-05-06
25.67,29.21,1.03,4.009329098634034,2003-05-07
25.72,30.09,1.05,4.719446793355623,2003-05-08
25.71,29.01,1.52,4.448484415596322,2003-05-09
25.83,30.4,2.88,4.273146458379931,2003-05-10
26.26,29.06,17.79,3.4150491404698435,2003-05-11
25.78,30.0,4.38,4.583686234552425,2003-05-12
25.31,28.98,5.11,4.576237169156191,2003-05-13
25.18,29.18,2.82,3.9382728105767253,2003-05-14
25.78,29.02,3.77,4.452028447614924,2003-05-15
26.29,29.2,2.58,3.8517571017285395,2003-05-16
26.26,29.06,2.69,2.6973527461021813,2003-05-17
25.61,30.36,2.6,4.045615453185518,2003-05-18
26.39,29.66,2.09,3.1486371071978305,2003-05-19
26.11,29.71,1.54,3.7775052166757206,2003-05-20
26.06,29.53,0.22,4.270492393472535,2003-05-21
25.73,29.61,0.45,4.411698137370589,2003-05-22
25.76,28.96,0.94,3.513437728894565,2003-05-23
25.82,29.53,0.32,4.114023069339152,2003-05-24
26.15,28.73,1.0,3.3712062422724873,2003-05-25
25.53,29.06,5.07,2.4494891656518902,2003-05-26
25.35,28.54,1.92,4.164311686343744,2003-05-27
25.07,27.78,6.64,2.8293054927307737,2003-05-28
24.96,27.75,10.72,2.0453428798542452,2003-05-29
24.99,27.79,10.26,2.836280829307028,2003-05-30
25.47,27.5,4.99,2.760368214998993,2003-05-31
24.91,26.88,6.14,2.332715142727123,2003-06-01
24.61,26.95,4.55,3.071825385403086,2003-06-02
24.48,26.7,2.8,3.0815407563152784,2003-06-03
24.12,27.89,1.95,2.591771713085373,2003-06-04
24.99,27.49,14.93,3.495479301698822,2003-06-05
24.88,26.71,20.38,2.376853558573396,2003-06-06
24.75,27.45,11.54,1.6855654544554928,2003-06-07
24.68,28.44,6.47,3.6966329031810203,2003-06-08
25.03,28.49,17.19,3.1787983439760588,2003-06-09
25.1,28.13,5.32,2.6883635891321433,2003-06-10
24.74,28.12,4.78,2.9367555033129094,2003-06-11
24.62,27.84,7.05,2.930106257830868,2003-06-12
24.63,27.99,10.09,2.853151899249321,2003-06-13
24.46,28.17,3.0,2.6236758965158247,2003-06-14
24.4,28.82,2.23,4.095955221911566,2003-06-15
24.76,28.08,2.8,3.704902596456596,2003-06-16
24.87,27.5,13.74,3.7370398964386573,2003-06-17
24.63,27.5,5.82,3.6339082089805674,2003-06-18
24.23,28.11,13.32,3.296876881178154,2003-06-19
24.44,27.34,4.33,3.5677689143340388,2003-06-20
24.62,27.48,10.35,3.4287719438021433,2003-06-21
23.89,26.57,22.31,2.029209777703235,2003-06-22
23.39,26.75,4.64,2.825863072892795,2003-06-23
23.76,27.25,3.62,2.6172400493954733,2003-06-24
23.8,26.58,11.29,2.423996220411574,2003-06-25
23.43,26.5,1.39,3.474399379009523,2003-06-26
22.79,27.76,1.68,3.4947479582578667,2003-06-27
22.94,27.61,4.17,3.723797327517537,2003-06-28
23.62,26.82,8.19,3.0118252037881192,2003-06-29
22.98,27.26,5.01,3.7210269757555716,2003-06-30
22.55,27.47,4.36,3.334551932644552,2003-07-01
23.24,27.01,7.01,3.4893890889740242,2003-07-02
22.47,26.61,5.84,2.445703838446246,2003-07-03
22.09,27.29,5.09,3.444000685345317,2003-07-04
22.69,27.43,1.51,4.063297298000277,2003-07-05
22.55,27.7,0.44,3.9788639166416093,2003-07-06
23.05,26.94,2.37,3.474471025763438,2003-07-07
22.84,26.5,0.7,3.6188388541021173,2003-07-08
23.09,27.24,0.53,4.090488075808171,2003-07-09
22.96,26.54,0.22,3.975924518747297,2003-07-10
22.76,27.61,0.3,3.80281748881206,2003-07-11
22.73,27.45,0.12,2.8574194308391676,2003-07-12
23.1,27.74,0.11,3.639989606941459,2003-07-13
23.21,27.46,0.49,3.4681428347004215,2003-07-14
23.36,26.8,4.17,3.5940249232676003,2003-07-15
23.3,26.86,5.85,2.6304498645187375,2003-07-16
23.34,26.34,15.88,3.1599871601963767,2003-07-17
23.38,26.74,25.1,3.57514496918979,2003-07-18
23.39,25.87,34.38,2.8408113666128023,2003-07-19
23.22,26.0,16.15,2.3022951516938885,2003-07-20
22.88,26.39,3.41,2.8453914925206845,2003-07-21
22.38,26.91,1.94,3.1354733158310917,2003-07-22
22.2,26.48,0.86,3.852193689778822,2003-07-23
22.09,27.1,1.37,3.9770700039080302,2003-07-24
22.03,27.48,0.39,3.7479559862935155,2003-07-25
22.58,27.53,1.43,4.111138158481923,2003-07-26
23.43,26.62,1.79,3.318935683786978,2003-07-27
23.09,27.64,0.29,3.901906117413953,2003-07-28
22.83,27.47,1.68,3.0672261129558493,2003-07-29
23.3,26.58,1.85,2.8699931448060934,2003-07-30
23.05,26.69,1.03,3.499178042080617,2003-07-31
23.06,27.2,0.51,3.917474680026406,2003-08-01
22.6,27.55,1.01,3.487744247686866,2003-08-02
23.05,26.83,0.98,2.9211841712028273,2003-08-03
22.98,27.06,1.2,3.8265186058984018,2003-08-04
22.63,26.73,2.38,3.458290285111109,2003-08-05
22.45,27.06,1.29,3.2387300136927117,2003-08-06
22.11,27.67,1.11,3.656955229711393,2003-08-07
22.01,27.94,1.66,3.9500391050614483,2003-08-08
22.92,28.06,1.46,4.119330714027969,2003-08-09
23.51,27.58,0.97,3.563891350406141,2003-08-10
23.38,25.79,2.97,3.2586992867767406,2003-08-11
23.28,26.88,5.05,3.2398373813302297,2003-08-12
23.38,26.48,5.57,3.0143690857842116,2003-08-13
23.36,27.23,1.25,3.442745642338423,2003-08-14
23.6,27.66,0.75,3.4620053887051925,2003-08-15
23.52,27.61,0.48,3.5451996408462634,2003-08-16
23.59,26.79,3.66,2.9443129265152,2003-08-17
23.34,25.76,6.16,3.094644396444578,2003-08-18
23.25,27.3,4.53,2.932171569593813,2003-08-19
23.27,26.08,2.83,3.1409944340051794,2003-08-20
22.35,27.46,0.48,3.983359576621435,2003-08-21
22.08,27.65,2.15,4.2434767468492565,2003-08-22
22.78,27.2,3.08,3.005144691920439,2003-08-23
22.89,27.22,0.05,3.6339129132020043,2003-08-24
23.0,27.99,0.06,3.51374900413365,2003-08-25
23.47,28.38,0.17,4.089396208549735,2003-08-26
23.6,28.22,0.09,4.539184913202798,2003-08-27
23.54,28.13,0.12,3.9716165576753637,2003-08-28
23.09,28.33,1.91,3.996241358404919,2003-08-29
23.46,27.92,5.68,3.341053391957156,2003-08-30
23.55,28.09,2.94,3.9061537667491364,2003-08-31
23.01,28.18,4.98,3.3760488945581733,2003-09-01
23.08,28.02,4.39,3.4410266780096315,2003-09-02
23.28,27.39,16.94,3.0918100039084133,2003-09-03
23.52,26.83,10.56,3.243076473916486,2003-09-04
23.66,26.79,7.72,3.056118770896838,2003-09-05
23.88,26.91,11.11,3.1418179431149142,2003-09-06
23.56,26.68,22.18,2.772190334790903,2003-09-07
23.35,26.6,12.97,2.955637140169276,2003-09-08
23.5,26.89,16.83,3.3131974035590375,2003-09-09
23.88,26.59,10.9,3.361501363020077,2003-09-10
23.7,27.25,8.49,3.4480865967684338,2003-09-11
23.79,27.31,12.38,3.4755863848524666,2003-09-12
23.85,26.79,6.6,3.359105651372238,2003-09-13
23.61,28.08,4.84,3.8649731117207935,2003-09-14
23.82,26.84,2.28,3.3285814394613285,2003-09-15
23.78,28.48,3.67,3.793117454402013,2003-09-16
23.94,28.28,4.25,3.9612453347931114,2003-09-17
24.27,28.12,3.51,3.6700535027556946,2003-09-18
24.06,27.15,5.13,3.4651260547585747,2003-09-19
23.68,27.95,2.94,4.059017281317561,2003-09-20
23.79,28.13,4.25,3.4314099648650824,2003-09-21
23.8,27.48,4.46,3.241107050416745,2003-09-22
24.09,27.83,4.17,2.4818525517716896,2003-09-23
24.19,27.1,4.83,3.655814780966489,2003-09-24
24.19,27.5,4.54,3.3102780655618984,2003-09-25
24.5,29.01,4.6,3.919792563668534,2003-09-26
24.36,27.75,4.28,3.872650796841574,2003-09-27
24.18,29.04,4.68,4.331154698324626,2003-09-28
24.21,29.67,7.9,4.1836803454761755,2003-09-29
24.76,27.64,13.79,2.74986082232554,2003-09-30
24.61,28.51,9.8,3.9212850244046034,2003-10-01
24.47,28.35,10.09,3.010859550048779,2003-10-02
25.19,27.51,3.99,3.346239185174751,2003-10-03
24.77,28.27,6.2,3.9241631830237917,2003-10-04
24.81,27.7,8.49,3.7786006279338866,2003-10-05
24.71,27.99,8.74,3.7832688840601723,2003-10-06
24.76,27.84,12.74,3.957221636935707,2003-10-07
24.7,28.0,1.73,3.9364335809579742,2003-10-08
24.79,27.89,1.51,3.596821592540491,2003-10-09
25.18,27.81,1.02,3.821934831109047,2003-10-10
24.7,28.06,0.67,3.9463190830722437,2003-10-11
24.79,28.74,0.81,3.506629718917364,2003-10-12
25.22,28.17,11.09,2.850831994980569,2003-10-13
25.02,27.53,22.11,2.449516394954633,2003-10-14
24.75,27.96,9.95,3.2481065958950923,2003-10-15
24.7,26.55,21.56,2.2435695016091683,2003-10-16
24.37,28.17,9.52,2.1279673755077204,2003-10-17
24.34,27.84,1.24,4.4187393724894015,2003-10-18
24.68,27.92,3.06,3.7648108073013598,2003-10-19
24.78,28.09,2.72,3.9791287867785776,2003-10-20
24.9,28.28,4.19,3.2828885831363914,2003-10-21
24.85,28.85,3.03,4.407779822763718,2003-10-22
24.53,29.96,1.19,4.105646053975352,2003-10-23
25.35,28.24,1.51,3.99512875595929,2003-10-24
24.82,28.84,2.08,3.530216696336949,2003-10-25
24.8,29.01,1.15,4.097865827544383,2003-10-26
25.06,27.62,1.43,3.4139001206581723,2003-10-27
24.54,29.21,2.72,3.9581036052671577,2003-10-28
25.22,28.73,4.19,3.7717137808369126,2003-10-29
25.17,28.66,3.88,3.5137151724848716,2003-10-30
24.77,29.18,2.57,3.5402777853054137,2003-10-31
25.09,28.89,0.86,2.9774654904677673,2003-11-01
24.74,28.82,3.28,3.9292037384299148,2003-11-02
25.11,28.2,4.66,3.834527736961592,2003-11-03
25.04,28.04,2.81,2.853919545387604,2003-11-04
24.29,28.31,2.06,4.03231922272295,2003-11-05
24.81,28.4,2.51,3.9500569198930395,2003-11-06
24.24,28.52,0.79,2.895058718412598,2003-11-07
24.48,28.0,1.7,3.958933040615812,2003-11-08
24.78,27.43,2.19,3.127951745261931,2003-11-09
24.71,28.48,0.89,3.762161005083168,2003-11-10
25.07,28.93,1.01,3.9142694637716446,2003-11-11
25.28,29.7,2.37,3.97840250810004,2003-11-12
24.9,29.64,3.82,4.053425828053543,2003-11-13
25.12,28.09,2.12,3.261022192477928,2003-11-14
24.82,29.5,1.22,3.949619841257873,2003-11-15
25.44,29.56,4.49,4.009905991963911,2003-11-16
25.75,29.06,1.01,3.4382495012118865,2003-11-17
25.48,28.87,0.61,3.9918958495295973,2003-11-18
25.42,29.99,0.9,4.144362206520766,2003-11-19
25.36,30.54,0.62,3.921732481656522,2003-11-20
25.33,30.65,0.61,4.40968694115852,2003-11-21
25.08,30.0,0.01,4.202291521411523,2003-11-22
23.97,30.06,0.04,3.1038702972199244,2003-11-23
25.33,28.46,0.07,3.3108545869806765,2003-11-24
25.07,29.52,0.05,4.036787402797994,2003-11-25
25.34,29.6,0.11,4.149588439058007,2003-11-26
25.01,30.12,1.71,4.030652596879728,2003-11-27
25.0,28.18,1.73,2.9985744552373363,2003-11-28
24.46,29.68,0.66,3.9231685341797267,2003-11-29
24.73,30.68,0.64,4.140923261954538,2003-11-30
25.24,29.09,0.42,3.8358807479642674,2003-12-01
25.02,28.26,0.14,3.5791335419964416,2003-12-02
24.61,28.63,0.18,3.609831413147975,2003-12-03
25.25,29.7,0.26,3.801440870334646,2003-12-04
25.43,29.49,0.2,3.839933624376376,2003-12-05
25.47,29.43,0.27,3.7947633721384744,2003-12-06
24.42,29.85,0.6,4.095036896339988,2003-12-07
21.82,29.17,0.11,4.24235697495005,2003-12-08
21.64,28.11,0.0,4.107307429688032,2003-12-09
22.3,29.86,0.0,4.218082833298357,2003-12-10
24.28,30.68,0.14,4.112276466647362,2003-12-11
24.99,29.57,0.27,3.6506320353773924,2003-12-12
25.04,29.47,0.29,3.8314902100084374,2003-12-13
25.43,28.6,0.22,3.680995135320079,2003-12-14
24.68,29.93,0.3,3.406143972910807,2003-12-15
23.82,30.45,0.1,4.10881747813707,2003-12-16
24.35,29.58,1.83,3.732859362962922,2003-12-17
25.19,29.41,1.45,3.9644377904606345,2003-12-18
23.26,29.63,0.64,4.141796263922724,2003-12-19
23.07,30.0,2.07,4.016667055419183,2003-12-20
24.35,28.81,1.89,3.284935371821338,2003-12-21
24.4,29.89,0.0,3.558110438711401,2003-12-22
23.64,30.14,0.0,3.9160469076330684,2003-12-23
24.12,30.28,0.0,3.8120113433072724,2003-12-24
24.23,29.38,0.0,3.7122188109893774,2003-12-25
23.24,29.29,0.0,4.22213212775476,2003-12-26
21.36,30.4,0.0,4.315043233918219,2003-12-27
22.57,30.53,0.0,4.659569176857983,2003-12-28
20.95,30.15,0.0,4.617361054614648,2003-12-29
22.75,30.23,0.0,4.019683332926159,2003-12-30
23.42,29.55,0.0,3.522626351374951,2003-12-31
23.51,29.26,0.0,3.8361102637325217,2004-01-01
23.75,29.89,0.0,3.7220149824908417,2004-01-02
24.41,31.5,0.0,4.007509198567567,2004-01-03
24.53,32.16,0.0,4.183397219723436,2004-01-04
25.44,31.8,0.0,4.012542950428987,2004-01-05
25.95,31.49,1.57,3.5368857032659826,2004-01-06
25.72,32.02,0.84,4.334490621272918,2004-01-07
25.84,31.25,2.13,3.8928511749889423,2004-01-08
25.93,29.35,2.03,1.9481886147890934,2004-01-09
21.96,29.44,0.14,3.776812591781521,2004-01-10
22.93,29.75,0.0,3.5886727438841564,2004-01-11
22.69,30.09,0.0,3.739538658739538,2004-01-12
23.69,31.19,0.01,3.3030346869370706,2004-01-13
23.12,30.7,0.06,3.823890751434351,2004-01-14
23.68,31.33,0.01,3.901467779515753,2004-01-15
24.8,29.6,2.51,3.49893119254622,2004-01-16
24.12,30.47,1.58,3.7234056590522453,2004-01-17
24.44,31.23,0.93,4.046203620398579,2004-01-18
25.0,29.83,5.34,3.9284573796582185,2004-01-19
24.96,27.34,9.95,3.154556969905949,2004-01-20
24.18,27.87,1.81,2.702713956773648,2004-01-21
24.32,28.72,1.16,4.113864157854908,2004-01-22
23.09,30.61,0.54,4.732310460863487,2004-01-23
22.25,30.99,0.7,4.28895874114327,2004-01-24
24.88,31.02,1.66,4.166059598627529,2004-01-25
25.39,29.79,0.0,4.249243955314241,2004-01-26
22.8,29.04,0.0,4.4156974579332955,2004-01-27
24.87,31.38,0.0,4.742948973444838,2004-01-28
23.5,31.0,0.0,4.690284515340575,2004-01-29
24.07,30.6,0.0,4.404417879407196,2004-01-30
24.79,30.75,0.2,4.102782207447211,2004-01-31
24.81,30.96,0.36,3.9862839999402775,2004-02-01
25.92,29.91,0.5,2.340737749554505,2004-02-02
24.74,29.33,0.4,4.70749557581636,2004-02-03
22.47,29.9,0.01,4.694496018905118,2004-02-04
21.64,29.43,0.0,4.2966547194239135,2004-02-05
21.36,30.47,0.0,4.525941509910125,2004-02-06
21.84,30.69,0.0,4.297510177891453,2004-02-07
22.48,31.21,0.0,4.110674564554097,2004-02-08
23.59,31.39,0.0,3.757454395631954,2004-02-09
23.52,31.27,0.0,3.6607515623144606,2004-02-10
24.34,31.11,0.0,3.92684936335515,2004-02-11
24.87,31.83,0.0,4.10472045947524,2004-02-12
25.11,29.65,0.0,3.6154455437504462,2004-02-13
25.41,29.16,0.0,3.602340189046927,2004-02-14
25.47,29.16,1.93,1.7529502086285242,2004-02-15
24.93,30.84,0.18,4.529485446232359,2004-02-16
25.0,29.89,0.76,3.8495392437223726,2004-02-17
25.44,30.4,1.14,3.9741664992475685,2004-02-18
25.69,29.12,1.43,3.6607767318245883,2004-02-19
25.42,29.84,0.0,3.8243392554531934,2004-02-20
25.93,29.78,0.0,3.802791327339307,2004-02-21
25.76,30.42,0.0,3.9160473168258676,2004-02-22
25.77,32.16,0.0,4.253515005996582,2004-02-23
25.72,32.37,0.0,4.441126114328876,2004-02-24
25.96,30.53,3.7,4.015378325237295,2004-02-25
25.83,29.91,3.27,3.8583437459454824,2004-02-26
25.86,29.57,3.04,3.901795233215066,2004-02-27
25.61,29.91,1.85,4.347007417735115,2004-02-28
25.99,29.34,3.22,4.22958072078505,2004-02-29
25.84,28.39,4.39,4.012992805927121,2004-03-01
26.09,29.43,2.15,4.101958926086987,2004-03-02
25.4,29.8,1.52,3.648971285547559,2004-03-03
25.96,30.31,0.51,5.206991548944538,2004-03-04
24.0,31.12,0.17,4.737781146623867,2004-03-05
21.18,29.58,0.0,4.885756433151965,2004-03-06
23.1,29.21,0.0,4.768433253147721,2004-03-07
24.05,30.13,0.0,3.8050372741159366,2004-03-08
25.9,29.9,0.0,3.211426462179778,2004-03-09
25.37,31.06,0.0,3.4790535664625284,2004-03-10
25.61,31.64,0.0,4.0075337646718365,2004-03-11
25.89,32.33,0.91,4.056518594792648,2004-03-12
26.0,32.52,1.61,4.6138902219526505,2004-03-13
26.16,31.31,2.9,4.114750936797914,2004-03-14
26.51,29.88,3.26,3.8117218140106903,2004-03-15
26.2,29.7,2.91,3.9218728261526845,2004-03-16
25.54,30.98,2.06,4.299450301340047,2004-03-17
26.15,31.35,3.92,4.453272583351824,2004-03-18
26.28,31.23,8.97,3.1557089406383976,2004-03-19
26.58,31.07,9.19,4.012977199177407,2004-03-20
26.43,30.69,4.96,4.410735569437111,2004-03-21
26.2,30.43,0.67,3.8748418397683193,2004-03-22
26.5,29.95,0.91,3.7879352826634536,2004-03-23
26.2,29.66,0.53,4.009303816528625,2004-03-24
26.28,29.9,0.69,4.161543623451451,2004-03-25
26.27,30.69,0.91,3.9338542154680556,2004-03-26
26.62,30.28,2.54,4.124872115376698,2004-03-27
26.69,30.41,2.23,4.190363193311881,2004-03-28
26.63,31.14,1.83,4.366875400084625,2004-03-29
27.03,31.22,3.05,4.226493572722182,2004-03-30
26.77,30.23,1.69,4.2780246639143025,2004-03-31
26.46,29.66,7.82,3.7948771977100084,2004-04-01
26.28,30.15,1.7,3.536163252199828,2004-04-02
25.87,29.79,3.4,4.27865776524189,2004-04-03
25.43,29.02,4.4,4.052830024695841,2004-04-04
25.23,29.77,6.72,4.428648456003001,2004-04-05
25.32,30.34,4.67,4.5058360674716225,2004-04-06
25.59,29.54,2.71,4.244118716973891,2004-04-07
25.03,27.88,3.07,2.404056635817156,2004-04-08
24.78,29.54,2.65,4.008463683795792,2004-04-09
25.14,29.6,3.24,3.619456667504794,2004-04-10
25.38,30.16,3.3,4.239818464030854,2004-04-11
25.55,30.31,4.53,4.482283204804686,2004-04-12
25.8,29.2,5.54,2.298717204646784,2004-04-13
25.8,30.61,8.1,4.253044982438008,2004-04-14
26.13,29.05,10.3,3.438999686615193,2004-04-15
25.82,28.96,5.92,4.118970312854623,2004-04-16
25.66,29.9,5.08,4.609980785567027,2004-04-17
25.93,28.61,8.25,4.014098510003056,2004-04-18
25.37,28.25,4.44,3.840956247522477,2004-04-19
25.3,28.44,4.35,4.211881255707152,2004-04-20
25.35,28.83,3.2,3.809535209873462,2004-04-21
25.38,29.11,2.46,2.8878469009691683,2004-04-22
25.28,29.2,2.4,4.087311334802378,2004-04-23
25.5,28.89,1.18,4.197543761067251,2004-04-24
25.54,29.55,2.34,3.9110441334327755,2004-04-25
26.05,29.26,10.76,4.241094042730276,2004-04-26
25.65,28.12,10.26,2.430739053046899,2004-04-27
24.95,28.79,7.38,3.737733474497263,2004-04-28
25.09,28.42,7.39,3.3443378579191947,2004-04-29
25.08,28.97,5.42,4.398766825597705,2004-04-30
25.81,29.34,1.29,3.997531663811622,2004-05-01
25.86,30.02,0.52,4.387374807248782,2004-05-02
25.81,30.32,0.25,4.515995567727905,2004-05-03
26.37,30.1,0.56,4.286760984178529,2004-05-04
26.34,29.3,1.23,4.235155489362396,2004-05-05
26.1,28.87,11.52,2.446708375774777,2004-05-06
25.57,29.71,1.15,4.653021571816345,2004-05-07
26.01,29.76,5.12,4.254816312577167,2004-05-08
26.2,29.07,5.3,3.5405064926838605,2004-05-09
25.89,29.98,5.07,4.8107130379296645,2004-05-10
26.13,28.98,15.31,1.954347500019928,2004-05-11
25.82,29.09,38.2,2.5360402943998723,2004-05-12
25.36,28.38,14.69,4.172239000570472,2004-05-13
25.75,27.97,23.99,2.7980098578583825,2004-05-14
25.19,27.75,42.37,2.212785486838407,2004-05-15
24.9,29.03,0.59,4.402336372931151,2004-05-16
25.29,29.69,0.86,4.289641904114821,2004-05-17
25.75,29.19,1.14,3.1916600734539484,2004-05-18
25.75,28.52,0.6,3.4849968075403512,2004-05-19
25.12,29.07,1.01,3.669481278318574,2004-05-20
25.47,28.12,8.1,3.072259924493454,2004-05-21
25.02,28.11,7.09,2.8168392737326893,2004-05-22
25.23,27.99,6.33,2.047760704548164,2004-05-23
24.81,28.64,6.69,3.7779593333971664,2004-05-24
25.05,26.79,12.21,3.147560792170772,2004-05-25
24.62,26.58,7.5,1.9872456019045588,2004-05-26
24.18,27.28,8.28,3.285008787747902,2004-05-27
24.34,28.94,3.93,3.4826931506987093,2004-05-28
24.38,28.27,4.17,3.6224854766852665,2004-05-29
24.91,28.38,5.84,3.6682709347207045,2004-05-30
24.56,27.2,14.05,1.493061336127379,2004-05-31
24.11,26.55,7.94,3.283035843440539,2004-06-01
23.82,28.23,10.9,3.6711235137397398,2004-06-02
24.82,27.55,18.76,2.4739756116965506,2004-06-03
24.57,27.27,6.3,2.07194427407085,2004-06-04
24.37,27.74,6.08,3.9683042996569364,2004-06-05
24.06,28.2,8.11,3.7542938612878953,2004-06-06
24.75,26.7,9.02,1.7036708765406223,2004-06-07
24.49,27.51,4.42,3.8630654004933707,2004-06-08
24.59,26.89,4.37,2.0463832215170417,2004-06-09
24.04,27.53,1.17,4.12904935965165,2004-06-10
24.59,27.66,1.69,2.978558785994067,2004-06-11
24.55,28.24,2.27,3.4066941220618943,2004-06-12
24.84,26.86,1.92,2.8584648900876015,2004-06-13
24.46,27.39,1.14,3.035871896128964,2004-06-14
24.53,27.22,5.75,3.2769073531838186,2004-06-15
24.82,27.78,5.33,2.189850176087584,2004-06-16
24.24,27.78,3.11,2.101078083600714,2004-06-17
24.57,28.03,3.28,2.6422298295827202,2004-06-18
24.09,28.38,3.16,3.59444505335305,2004-06-19
24.34,28.65,0.84,4.019738662915437,2004-06-20
24.4,27.8,1.5,3.364383484725169,2004-06-21
24.09,27.02,1.39,3.631237193798218,2004-06-22
24.05,28.36,0.47,3.8846956507108596,2004-06-23
24.0,28.21,0.12,3.567683116927265,2004-06-24
24.08,28.18,1.34,3.682570210948505,2004-06-25
23.58,28.47,0.32,3.867663323369585,2004-06-26
23.82,28.34,1.97,2.8964518023089254,2004-06-27
24.0,27.28,3.5,2.1094411587407973,2004-06-28
23.72,28.34,2.98,3.893171580355026,2004-06-29
24.03,26.44,8.03,2.812711948141913,2004-06-30
23.99,27.71,4.39,3.4559701455648493,2004-07-01
23.73,27.51,5.99,3.438616130119562,2004-07-02
23.47,27.66,5.51,2.745445743056476,2004-07-03
23.79,27.37,4.58,3.306510024587435,2004-07-04
23.92,26.42,3.86,3.4971523948131846,2004-07-05
23.89,26.41,2.34,3.1159517891475086,2004-07-06
23.69,26.96,5.04,3.12948247619057,2004-07-07
23.33,26.56,10.0,2.964848844933148,2004-07-08
23.39,26.37,18.95,2.5104230698277563,2004-07-09
23.13,25.91,21.7,2.2375415380489754,2004-07-10
22.81,26.27,7.49,2.724243763685796,2004-07-11
23.09,27.35,3.43,3.662173831833562,2004-07-12
23.17,26.98,1.4,3.7256611022835395,2004-07-13
23.29,26.97,2.42,3.4572936646153583,2004-07-14
22.93,26.96,4.0,3.42798108582706,2004-07-15
22.94,26.7,5.52,2.94564875015291,2004-07-16
23.01,26.32,11.36,3.3238704978995735,2004-07-17
23.02,26.39,9.85,2.592283367759125,2004-07-18
22.54,26.4,5.92,2.8280187102429566,2004-07-19
22.73,26.2,8.06,3.2212433559345026,2004-07-20
22.55,25.76,9.43,3.428069792367372,2004-07-21
21.95,26.09,0.8,3.160384088760484,2004-07-22
22.33,26.44,5.96,3.0928863504683792,2004-07-23
21.82,24.6,2.71,3.471586756587115,2004-07-24
21.45,26.41,2.51,3.8538831831366136,2004-07-25
21.35,26.18,1.56,3.06072904729358,2004-07-26
21.95,26.27,1.98,3.219168513997567,2004-07-27
22.17,25.31,1.38,2.5110277687335674,2004-07-28
22.3,26.59,2.49,3.1764590641631187,2004-07-29
22.26,26.84,2.59,3.2355537043821685,2004-07-30
22.57,26.99,2.67,3.4342675902683304,2004-07-31
22.65,27.45,1.91,4.0269939068552745,2004-08-01
22.94,27.25,2.4,3.5435290046506664,2004-08-02
23.0,27.13,2.16,3.6873308909333,2004-08-03
22.98,26.8,1.64,2.879773323788693,2004-08-04
23.01,26.34,6.2,2.680297476254463,2004-08-05
22.55,25.18,4.74,2.215398137781101,2004-08-06
22.65,27.48,0.88,3.324396765752505,2004-08-07
22.87,27.13,1.12,3.040296856410076,2004-08-08
23.09,26.59,1.73,2.7044069915382396,2004-08-09
22.66,26.28,3.44,2.5057228294228553,2004-08-10
22.43,26.76,2.04,3.746444533723297,2004-08-11
21.86,27.5,0.29,3.6971737271733414,2004-08-12
22.3,27.54,4.7,3.348567940323289,2004-08-13
22.71,26.75,0.25,2.626233868292925,2004-08-14
22.65,26.1,0.1,2.4153102976006076,2004-08-15
22.55,27.61,0.04,3.438732735676623,2004-08-16
22.51,27.37,0.01,3.777510249535626,2004-08-17
22.38,27.89,0.01,3.6186828536622038,2004-08-18
23.17,27.73,0.6,3.0208452872614133,2004-08-19
23.15,27.92,0.68,3.4725397678483088,2004-08-20
23.07,27.85,3.21,3.047995719959167,2004-08-21
23.36,26.42,5.99,2.865926434742545,2004-08-22
23.39,27.22,6.28,3.08490570124544,2004-08-23
23.13,27.62,4.64,3.4051717360490827,2004-08-24
23.26,26.27,6.14,2.5600080516762356,2004-08-25
23.37,25.17,8.8,2.4089639358823103,2004-08-26
23.22,27.51,4.28,3.951179048235144,2004-08-27
23.43,25.4,5.17,2.285459513822063,2004-08-28
23.71,27.56,5.3,3.766702151659952,2004-08-29
23.55,27.13,6.28,3.53229832554593,2004-08-30
23.53,26.97,7.46,3.3227458267134744,2004-08-31
23.51,26.8,8.17,2.3397029946264603,2004-09-01
23.78,27.22,13.69,3.3673481982517655,2004-09-02
23.62,26.64,2.82,3.3067204863868502,2004-09-03
23.76,27.08,3.22,2.8122400262909593,2004-09-04
23.64,27.35,4.24,3.896439863711187,2004-09-05
23.48,26.29,8.47,2.457584682203156,2004-09-06
23.31,27.4,2.57,4.024328896258872,2004-09-07
23.46,27.82,6.7,3.1993739255442306,2004-09-08
23.77,28.21,4.35,3.9705327314864993,2004-09-09
23.95,28.21,2.79,3.9555261518960667,2004-09-10
23.93,26.94,8.1,2.9468201889365564,2004-09-11
23.71,27.95,2.62,3.4736450847285245,2004-09-12
24.09,27.51,6.94,3.633379428253071,2004-09-13
24.08,26.49,13.71,1.7837693951992817,2004-09-14
23.79,28.24,10.32,3.784083324216998,2004-09-15
24.09,28.14,7.25,3.5844924752714564,2004-09-16
24.53,26.57,13.04,3.0647853847029896,2004-09-17
24.23,27.8,9.36,2.6460729366877533,2004-09-18
23.81,27.05,8.76,3.3438913904578293,2004-09-19
23.97,27.56,7.9,2.856351724235569,2004-09-20
23.9,27.97,11.21,2.3652635410340945,2004-09-21
24.05,27.0,6.23,2.6908585658296187,2004-09-22
23.79,27.01,2.34,3.1302632253029263,2004-09-23
24.1,26.33,2.47,2.7599484564021646,2004-09-24
23.94,27.56,1.8,4.18933461931107,2004-09-25
24.21,27.34,2.44,3.7536207521275804,2004-09-26
24.49,27.76,1.97,3.402691473906482,2004-09-27
24.37,27.81,8.41,4.104207030248229,2004-09-28
24.47,27.62,13.26,3.142660275275809,2004-09-29
24.46,27.0,10.22,2.943981420688567,2004-09-30
23.96,27.6,12.78,4.077506139588481,2004-10-01
24.21,28.42,8.09,4.072214424246516,2004-10-02
24.39,28.52,7.78,3.730449191792466,2004-10-03
24.78,27.59,15.97,2.859546967813142,2004-10-04
24.77,28.35,11.83,3.5519757138974435,2004-10-05
24.65,28.35,7.4,3.505777804788441,2004-10-06
24.9,27.49,8.25,3.645142888125439,2004-10-07
24.41,27.85,1.51,3.868351522920865,2004-10-08
24.5,27.87,5.22,3.3529013604691835,2004-10-09
24.6,27.9,5.29,3.6509620087726926,2004-10-10
24.74,27.44,6.39,3.0830182367149086,2004-10-11
24.39,28.11,5.22,3.8461012717326826,2004-10-12
24.71,27.26,6.05,3.8115891876108727,2004-10-13
24.62,28.33,6.91,4.104978680621493,2004-10-14
24.26,27.26,9.88,3.1452486580403827,2004-10-15
23.95,28.03,4.92,4.000081528776108,2004-10-16
24.38,27.23,2.91,3.5367558211688497,2004-10-17
24.43,29.08,0.47,4.2493539068911215,2004-10-18
25.16,29.14,0.67,3.8397890286375995,2004-10-19
24.96,28.76,0.37,2.6003294544862783,2004-10-20
24.39,28.16,0.57,3.4674036418825405,2004-10-21
24.29,27.47,0.53,3.0829367929941496,2004-10-22
24.13,27.57,4.06,3.5109630767280886,2004-10-23
24.28,28.12,8.22,3.5004823912639234,2004-10-24
24.42,27.1,7.9,2.0544884832240946,2004-10-25
24.09,29.35,2.19,4.312569908297796,2004-10-26
24.5,28.33,4.83,3.907398962482037,2004-10-27
24.76,27.97,1.49,3.997243362576296,2004-10-28
25.07,28.27,2.28,1.9810658218377024,2004-10-29
24.76,28.34,4.62,3.6521047744027255,2004-10-30
24.16,28.21,2.16,2.9844878575606444,2004-10-31
24.19,28.61,1.93,4.047656406062983,2004-11-01
25.38,28.08,4.03,3.895293766570917,2004-11-02
24.84,28.47,3.79,3.9664069281711183,2004-11-03
24.72,28.39,4.16,3.9256338665473045,2004-11-04
25.22,28.9,3.97,3.403866182685596,2004-11-05
24.35,29.61,2.61,3.757841869273961,2004-11-06
24.88,29.42,0.51,3.7053487315557336,2004-11-07
25.2,28.38,0.91,3.5936167866155095,2004-11-08
25.14,29.24,0.63,4.257770679640256,2004-11-09
25.14,30.02,0.92,4.358308918103355,2004-11-10
25.19,29.64,0.84,4.209603253165683,2004-11-11
25.32,28.84,1.06,4.103153895655709,2004-11-12
25.21,27.89,1.17,3.147624137395789,2004-11-13
25.14,29.44,0.67,4.067658200003578,2004-11-14
25.57,29.51,0.92,3.975908804647348,2004-11-15
25.33,27.63,0.98,3.56324976240002,2004-11-16
25.33,29.13,1.06,4.00522453282894,2004-11-17
25.5,28.4,1.44,3.544976172228645,2004-11-18
25.41,28.27,0.88,2.7207466229764363,2004-11-19
25.04,27.66,1.08,3.5122251506667883,2004-11-20
24.75,28.31,0.68,3.687080963937968,2004-11-21
25.18,28.05,2.62,3.8234113350959062,2004-11-22
24.97,28.31,3.66,3.6966518732872364,2004-11-23
24.66,28.39,2.99,2.933728777374969,2004-11-24
24.75,28.67,2.77,2.9913176945617885,2004-11-25
24.77,28.91,3.6,3.88493500802818,2004-11-26
25.07,29.29,0.03,3.73484569408137,2004-11-27
25.25,29.36,0.02,3.6740921171419623,2004-11-28
25.05,29.33,0.02,3.880053181760695,2004-11-29
25.36,29.61,0.01,3.5835037828924055,2004-11-30
25.23,29.41,0.0,3.797865255938949,2004-12-01
24.07,29.49,0.0,4.0875721563239855,2004-12-02
23.92,30.08,0.0,4.053299259754007,2004-12-03
24.05,30.08,0.01,3.834477809919389,2004-12-04
24.75,29.67,0.02,3.4329510526932348,2004-12-05
24.97,30.15,0.01,3.8065679839402655,2004-12-06
24.88,30.29,0.06,3.9144207928810197,2004-12-07
25.05,29.84,0.04,3.9611483564834864,2004-12-08
24.43,30.93,0.08,4.156527614065613,2004-12-09
24.83,30.67,0.17,4.113995382772303,2004-12-10
25.18,29.68,0.27,3.75381812012116,2004-12-11
25.57,29.52,0.91,3.7334433827813847,2004-12-12
25.72,29.87,0.61,3.811708681821513,2004-12-13
25.3,29.85,0.93,3.8145642581307575,2004-12-14
25.12,30.33,0.77,3.9566975088466787,2004-12-15
25.34,30.33,0.8,3.8611641505297305,2004-12-16
25.28,30.58,0.92,3.9177096222071977,2004-12-17
25.18,30.27,1.1,3.8227913678103,2004-12-18
25.46,29.8,1.01,3.7089432617468012,2004-12-19
25.01,29.59,0.42,3.707132356072204,2004-12-20
24.55,30.04,0.37,3.7768340714079147,2004-12-21
24.45,29.92,0.08,3.9030419831975833,2004-12-22
24.96,30.04,0.14,3.6766305089494993,2004-12-23
24.68,30.84,0.13,4.043756777701422,2004-12-24
24.81,30.6,0.15,4.067372693007939,2004-12-25
25.06,29.83,0.15,3.7675782466410954,2004-12-26
25.1,29.21,0.69,3.634762859121754,2004-12-27
25.17,29.68,0.41,3.5049790657657343,2004-12-28
25.37,28.94,0.59,3.5684721773900567,2004-12-29
24.91,29.02,0.64,3.7023360616336807,2004-12-30
25.11,29.04,0.72,3.6241192236007724,2004-12-31
24.93,29.23,3.26,3.908970360801423,2005-01-01
22.09,27.98,0.48,4.029211810404887,2005-01-02
22.08,27.12,0.0,4.184807431132966,2005-01-03
21.89,30.07,0.35,3.9315387054542423,2005-01-04
24.24,30.16,1.05,3.645167391400418,2005-01-05
22.81,28.57,0.0,4.296628623451016,2005-01-06
19.91,26.16,0.0,3.3090144100405743,2005-01-07
17.93,26.82,0.0,4.194695514719342,2005-01-08
17.19,27.07,0.0,4.6084539879601545,2005-01-09
17.72,27.94,0.0,4.589272360593162,2005-01-10
17.48,26.74,0.0,3.6098000341646683,2005-01-11
17.4,26.43,0.0,3.534326316335287,2005-01-12
17.2,27.22,0.0,3.8133829659814715,2005-01-13
19.07,27.97,0.0,3.600288870264939,2005-01-14
19.24,28.77,0.0,3.6877650079103272,2005-01-15
19.75,29.34,0.0,3.827766081781025,2005-01-16
21.5,29.74,0.0,3.7953937631792574,2005-01-17
19.11,29.26,0.0,4.647908857713602,2005-01-18
18.33,28.15,0.0,4.0423170870756975,2005-01-19
21.32,29.39,0.0,3.9422448631912728,2005-01-20
19.89,30.12,0.0,4.587477778297942,2005-01-21
20.68,30.24,0.0,3.976679784345673,2005-01-22
24.32,30.19,0.0,3.1976753782746665,2005-01-23
23.29,29.87,0.0,4.094194235721901,2005-01-24
24.63,28.6,0.0,3.803144966194567,2005-01-25
23.47,30.97,0.01,4.075338711879555,2005-01-26
25.11,29.79,0.01,3.899409216866637,2005-01-27
24.78,30.45,0.0,4.151081948851416,2005-01-28
25.05,29.9,0.01,4.132906424666252,2005-01-29
25.42,30.08,0.02,3.962368311328301,2005-01-30
25.22,28.85,0.0,3.3458409173386108,2005-01-31
22.95,32.01,0.0,4.83681938827873,2005-02-01
24.82,31.07,0.0,4.374413589576571,2005-02-02
24.87,31.78,0.0,4.317470918790188,2005-02-03
25.31,31.7,0.0,4.476721131978073,2005-02-04
25.82,29.62,2.57,3.9793252250354607,2005-02-05
25.29,28.53,3.19,1.9890965615691751,2005-02-06
24.47,29.78,0.33,3.071519337685836,2005-02-07
25.16,29.12,1.2,4.148766727584777,2005-02-08
25.4,28.55,2.41,3.1280804745565773,2005-02-09
25.35,30.66,0.13,4.397452671420948,2005-02-10
25.48,30.53,0.12,4.028071271671895,2005-02-11
25.9,31.08,0.07,3.972835095537522,2005-02-12
25.88,31.49,0.08,4.035335951601164,2005-02-13
25.56,31.92,0.09,3.9559894919246537,2005-02-14
26.05,31.71,0.01,4.125624576935484,2005-02-15
26.23,30.56,0.01,3.75330127181788,2005-02-16
26.47,30.6,0.01,3.687782089746174,2005-02-17
26.15,30.56,0.01,3.6392673748751347,2005-02-18
26.41,30.14,0.01,3.5615505939532697,2005-02-19
26.48,31.36,2.17,4.060122731321904,2005-02-20
26.51,29.34,2.2,3.3366592575455063,2005-02-21
26.19,30.31,3.93,4.301302481660257,2005-02-22
26.21,31.8,0.8,4.251014083133216,2005-02-23
26.79,30.4,4.18,3.9466604359055535,2005-02-24
26.73,30.18,5.25,3.8110889575039586,2005-02-25
25.87,29.74,4.62,3.585493831067981,2005-02-26
26.16,30.23,3.72,4.1017749275612205,2005-02-27
26.16,29.89,5.21,4.407709130661959,2005-02-28
26.16,30.31,5.26,4.212442926997766,2005-03-01
26.12,30.74,1.39,4.523412604597704,2005-03-02
26.39,30.92,1.98,3.859333534289413,2005-03-03
25.96,31.45,0.24,4.109211555543884,2005-03-04
26.11,31.11,0.9,4.378402659058497,2005-03-05
26.42,30.41,1.12,3.7727606310064683,2005-03-06
26.55,30.96,2.89,4.467757843355097,2005-03-07
26.72,29.92,5.37,4.398267868804196,2005-03-08
26.73,29.3,8.25,3.573070425752848,2005-03-09
26.42,30.29,4.25,4.277663901779128,2005-03-10
26.51,29.62,6.4,4.069413709480733,2005-03-11
26.12,29.15,8.22,4.039096466908013,2005-03-12
25.78,29.34,3.39,2.8229118430622533,2005-03-13
25.83,29.17,4.76,3.944723981501741,2005-03-14
25.68,29.99,1.63,4.026974666857565,2005-03-15
26.06,30.31,3.92,4.437554811611335,2005-03-16
26.58,29.48,3.54,3.8903813747120943,2005-03-17
26.23,29.58,2.57,3.793039836586634,2005-03-18
26.11,29.33,1.86,3.543853323572738,2005-03-19
26.33,29.55,5.77,3.315727134389221,2005-03-20
25.92,29.29,2.87,3.462166002703436,2005-03-21
25.26,29.91,1.26,4.120357908130196,2005-03-22
25.82,28.33,2.8,3.691354446668265,2005-03-23
25.3,29.5,1.69,2.874942362101736,2005-03-24
25.52,29.98,2.37,4.720435063497894,2005-03-25
26.16,30.0,2.69,3.783972485724466,2005-03-26
26.01,30.1,1.41,4.801202698341461,2005-03-27
25.77,30.0,1.07,4.869094092574032,2005-03-28
26.34,29.81,1.16,4.375887962679971,2005-03-29
25.97,29.88,1.25,4.6451236092966095,2005-03-30
26.36,29.59,1.86,4.3450006171169955,2005-03-31
26.05,29.95,0.41,4.07090334279125,2005-04-01
26.36,30.0,0.55,4.087110739699888,2005-04-02
26.22,30.35,0.35,4.631060847584353,2005-04-03
26.61,29.97,0.36,4.220579616253312,2005-04-04
26.43,29.89,0.35,3.6016429190934143,2005-04-05
26.5,30.56,0.94,4.145535674484222,2005-04-06
26.57,29.36,1.07,3.897493339433936,2005-04-07
26.56,29.81,0.95,4.173865323991104,2005-04-08
26.63,29.82,1.05,4.152617293995177,2005-04-09
26.45,30.81,1.13,4.677280680584601,2005-04-10
26.84,30.54,5.95,4.557165386792729,2005-04-11
26.73,30.16,4.51,4.140182779726613,2005-04-12
26.82,29.27,6.55,3.6186238669742954,2005-04-13
26.82,29.36,10.88,3.4292700023830793,2005-04-14
26.37,29.26,2.95,3.242035973799077,2005-04-15
25.86,29.63,0.56,4.625799626279755,2005-04-16
26.33,30.47,1.52,4.587663543145346,2005-04-17
26.86,29.18,1.72,4.162872718628446,2005-04-18
26.75,30.2,1.85,4.402450020444791,2005-04-19
26.63,29.58,1.01,2.900193721561202,2005-04-20
26.5,29.58,2.07,4.707361619345775,2005-04-21
26.61,29.73,2.78,4.42088315431888,2005-04-22
26.15,29.88,3.35,3.289197970085614,2005-04-23
25.79,29.0,3.92,3.4760041060982347,2005-04-24
25.56,28.81,4.7,2.9173830493928743,2005-04-25
25.86,28.73,5.12,3.2040617838271603,2005-04-26
25.74,29.76,2.83,2.9335914181147573,2005-04-27
26.34,28.91,3.31,3.4745278133953215,2005-04-28
26.69,28.88,7.71,2.0406300091235616,2005-04-29
25.85,28.61,5.69,3.920857826303347,2005-04-30
25.39,28.18,2.59,3.9109572076904366,2005-05-01
25.27,28.14,1.73,4.382266767671856,2005-05-02
25.47,28.07,3.0,3.6738650259868675,2005-05-03
25.48,28.03,5.12,3.3378276018078497,2005-05-04
24.77,27.1,6.83,1.949471365446139,2005-05-05
24.62,27.82,3.79,3.2260093571239414,2005-05-06
24.93,29.71,2.64,4.471407422542354,2005-05-07
25.52,29.51,2.51,3.6674807653034467,2005-05-08
25.25,29.76,2.21,3.4810635573076736,2005-05-09
25.17,29.86,1.04,3.612861839502382,2005-05-10
25.47,30.18,0.78,4.6463698122365855,2005-05-11
25.73,29.15,1.69,3.9144758871812138,2005-05-12
25.94,28.78,1.47,3.967979677323807,2005-05-13
25.31,29.27,0.94,4.387190817405349,2005-05-14
25.35,28.54,2.15,3.8064589907313406,2005-05-15
26.08,29.38,1.52,4.243970635723212,2005-05-16
25.94,28.82,2.03,3.875799336301997,2005-05-17
26.18,29.47,0.94,3.417348296067779,2005-05-18
25.88,29.18,1.36,3.9282336292066797,2005-05-19
25.91,29.76,1.5,4.175580988138284,2005-05-20
25.68,28.82,2.52,4.0615116906581505,2005-05-21
25.88,28.77,5.74,3.7823107278691714,2005-05-22
25.61,28.35,2.18,3.144876106153981,2005-05-23
25.21,29.67,2.98,4.317405025700615,2005-05-24
26.09,29.28,4.29,3.858606081698583,2005-05-25
25.75,28.36,6.56,1.7208882347134937,2005-05-26
25.08,28.47,2.95,3.1462493646750262,2005-05-27
25.09,28.95,2.52,3.973875407448419,2005-05-28
25.53,28.79,5.86,4.064840723458682,2005-05-29
25.35,28.05,9.73,2.0620537755134944,2005-05-30
24.85,26.38,6.34,2.34529006730171,2005-05-31
24.63,29.1,1.71,4.353960090659276,2005-06-01
24.75,29.45,5.97,3.585444248309464,2005-06-02
24.93,28.19,8.93,2.32467389724838,2005-06-03
25.1,28.65,18.52,2.5086327506604245,2005-06-04
24.95,28.1,8.83,3.34722838320285,2005-06-05
24.83,28.09,3.66,2.8370097753337804,2005-06-06
24.74,28.39,3.67,4.1650031587310625,2005-06-07
25.22,28.01,3.81,3.4662791950581093,2005-06-08
25.24,28.66,3.19,3.428623017087198,2005-06-09
25.19,28.01,26.94,3.470824935147395,2005-06-10
25.23,27.23,45.67,1.8396125411934834,2005-06-11
24.82,27.03,72.74,1.5938276005842453,2005-06-12
24.37,27.7,7.82,3.10154969395769,2005-06-13
24.45,28.36,15.66,3.791064850961167,2005-06-14
24.49,28.28,2.04,2.8266190455428397,2005-06-15
24.18,27.99,2.3,3.2558922241482855,2005-06-16
24.34,28.05,1.55,3.5194673428219176,2005-06-17
24.36,27.95,1.8,2.9311305585316716,2005-06-18
24.32,28.51,0.58,3.5885781719107417,2005-06-19
24.4,28.19,2.82,3.7330476545521294,2005-06-20
24.16,28.12,6.37,3.426183761960566,2005-06-21
24.49,27.65,9.62,3.746991322290435,2005-06-22
24.56,26.63,6.08,2.4170954826590023,2005-06-23
24.09,27.59,5.7,2.582645526774171,2005-06-24
23.89,27.87,1.83,2.7537993469984934,2005-06-25
23.61,26.42,0.93,1.9717875830852059,2005-06-26
23.15,27.39,0.7,3.429342183854877,2005-06-27
23.22,27.93,0.56,3.3926778528628576,2005-06-28
23.82,27.41,0.77,3.137068353993891,2005-06-29
23.94,27.39,1.63,3.138507425289433,2005-06-30
23.59,27.72,1.87,2.4444770512655207,2005-07-01
23.66,26.91,1.11,2.235035787152411,2005-07-02
23.37,27.27,1.81,2.9127890357857265,2005-07-03
23.88,26.59,0.61,2.8261587916739015,2005-07-04
23.85,26.6,4.3,2.86886264915857,2005-07-05
23.45,26.53,2.57,2.118967888618797,2005-07-06
23.15,27.48,0.46,3.1885410605993942,2005-07-07
23.58,27.41,0.43,3.3584184173236094,2005-07-08
23.65,26.31,2.91,2.770633141129405,2005-07-09
23.16,26.83,1.29,2.931736410482684,2005-07-10
22.83,28.62,0.27,3.8870456620874156,2005-07-11
23.67,28.38,0.67,3.061184177965508,2005-07-12
23.92,26.36,1.72,1.705142239680541,2005-07-13
23.63,26.71,2.01,3.0723532937475095,2005-07-14
23.51,27.86,5.92,4.165165862309246,2005-07-15
24.03,27.28,7.83,3.5709151333039095,2005-07-16
24.02,26.58,12.05,3.0151745541201183,2005-07-17
23.76,27.26,12.05,3.2543768313657697,2005-07-18
23.32,27.34,6.56,3.2082703954448935,2005-07-19
23.47,26.75,2.11,2.363245327638968,2005-07-20
23.48,27.56,1.11,3.272192237427769,2005-07-21
23.18,27.81,0.91,3.463918857272206,2005-07-22
23.35,27.23,1.39,3.3147879136635656,2005-07-23
23.61,27.88,0.74,3.5580414641349978,2005-07-24
23.81,27.47,0.25,3.0974376776923314,2005-07-25
23.52,27.14,0.31,2.7846388650447427,2005-07-26
23.12,27.06,0.41,3.288665553915609,2005-07-27
23.31,27.53,0.52,2.611134771665261,2005-07-28
23.11,27.03,0.3,3.095885149596811,2005-07-29
22.52,27.2,0.05,3.8588454336856426,2005-07-30
21.99,27.42,0.01,3.819228857433126,2005-07-31
21.93,27.61,0.03,4.06586198430569,2005-08-01
22.44,27.31,0.01,3.6932580067073344,2005-08-02
22.05,27.39,0.04,3.8029515449093596,2005-08-03
22.31,26.03,0.85,3.4377168850223447,2005-08-04
22.59,26.78,0.42,3.5069555311783343,2005-08-05
22.54,26.94,0.47,2.9613771921783427,2005-08-06
22.42,25.98,0.46,2.8950638442096186,2005-08-07
21.99,26.62,0.41,3.4859774315656153,2005-08-08
22.05,26.95,0.21,3.77533107659173,2005-08-09
22.24,27.05,0.8,3.157642675231638,2005-08-10
22.45,26.8,0.44,3.1550503340162313,2005-08-11
22.52,25.21,1.73,2.9582930849097044,2005-08-12
22.07,26.25,2.38,2.9378063938390175,2005-08-13
21.57,27.31,0.26,3.1114316341654313,2005-08-14
21.7,26.85,0.41,3.6933399986226956,2005-08-15
22.4,25.34,0.51,3.246957646575425,2005-08-16
21.99,25.77,0.37,3.0241238635696144,2005-08-17
21.55,26.93,0.15,3.457664574581595,2005-08-18
21.99,27.73,1.14,4.099870505150083,2005-08-19
22.3,27.01,0.75,3.2172155453034645,2005-08-20
22.11,27.56,0.11,4.355219751066181,2005-08-21
22.05,27.34,0.92,3.660440012512681,2005-08-22
22.52,25.64,3.83,2.7082864473806847,2005-08-23
21.99,26.2,3.83,2.362478603397508,2005-08-24
21.83,27.35,5.48,3.297065137081907,2005-08-25
23.01,27.14,8.01,3.3541989869330044,2005-08-26
22.76,27.24,3.31,3.586651367883667,2005-08-27
23.03,26.75,15.93,3.7538753404756275,2005-08-28
22.72,26.6,3.26,2.4472124795415597,2005-08-29
22.64,27.09,1.26,3.4337859093601883,2005-08-30
22.7,27.78,0.99,3.580909015548975,2005-08-31
23.27,25.69,5.94,1.4315491219580911,2005-09-01
23.09,27.61,1.57,2.9221250391965037,2005-09-02
22.54,27.86,2.67,3.4404037076972274,2005-09-03
23.12,27.6,4.12,3.663552944637904,2005-09-04
23.37,27.35,6.31,3.1050200758148945,2005-09-05
23.27,27.46,2.88,3.693066055155584,2005-09-06
22.94,27.62,2.62,3.3279213965430188,2005-09-07
23.45,27.55,0.98,3.3575390373518093,2005-09-08
23.84,28.23,0.78,3.5241013966906682,2005-09-09
23.91,28.33,1.06,3.5882674291353154,2005-09-10
23.85,28.19,1.28,3.879696517571604,2005-09-11
23.51,28.48,0.76,4.220736302997628,2005-09-12
23.26,28.95,0.64,4.147494559846929,2005-09-13
23.83,28.92,0.8,4.0517654028735155,2005-09-14
23.94,28.6,0.52,3.629904433530313,2005-09-15
23.71,29.1,0.56,3.9689054946281805,2005-09-16
23.31,29.11,0.52,4.210298112115649,2005-09-17
23.68,28.91,2.3,4.1243313819400145,2005-09-18
23.94,28.86,3.03,3.7054866263873154,2005-09-19
24.34,26.38,4.75,2.847057898473843,2005-09-20
24.29,28.3,5.69,3.880555523174719,2005-09-21
23.77,28.12,3.18,3.6154496991825735,2005-09-22
24.51,28.0,8.93,3.5873507962403233,2005-09-23
24.37,26.68,20.93,1.8087283758736885,2005-09-24
23.83,27.59,18.14,2.5034477927170182,2005-09-25
23.78,27.87,13.23,3.48737812345594,2005-09-26
24.13,25.87,14.82,2.342279333765584,2005-09-27
23.7,27.94,4.52,3.370741001059771,2005-09-28
24.06,27.18,2.98,3.4971121143809327,2005-09-29
24.19,27.69,2.27,3.5975576355000336,2005-09-30
24.17,27.99,1.52,3.8192921080866697,2005-10-01
24.06,28.13,2.58,4.342170637806011,2005-10-02
23.86,27.88,4.74,3.3429765817298587,2005-10-03
24.13,27.67,8.13,3.021114655669004,2005-10-04
24.1,27.75,3.72,2.772251362828212,2005-10-05
23.51,29.0,1.4,4.122582520457048,2005-10-06
24.27,27.07,4.89,3.78272868089772,2005-10-07
23.68,26.93,4.74,3.1764142594280966,2005-10-08
23.44,28.65,5.15,4.083670059083112,2005-10-09
24.62,26.75,8.46,2.7411455859410974,2005-10-10
24.16,27.8,1.84,2.5975274228443257,2005-10-11
23.93,28.09,1.06,3.8189869004813404,2005-10-12
24.25,27.81,0.9,4.156039256484675,2005-10-13
24.36,28.51,1.24,3.638196609265805,2005-10-14
24.42,28.86,2.0,3.9163869459463996,2005-10-15
24.6,27.96,2.11,3.7394955533471985,2005-10-16
24.35,28.55,1.8,4.073894466959187,2005-10-17
24.35,27.89,3.39,3.589463965336748,2005-10-18
24.6,27.14,8.04,2.3629080742562834,2005-10-19
23.88,26.6,5.41,2.082479549192898,2005-10-20
24.18,28.04,2.72,3.9475441103414646,2005-10-21
24.26,29.14,4.4,4.400115916437546,2005-10-22
24.63,29.1,0.24,4.147086201698288,2005-10-23
24.72,28.01,0.59,3.019125272341912,2005-10-24
25.1,27.48,0.43,3.4501416013566932,2005-10-25
24.66,28.21,0.22,3.9678716869079023,2005-10-26
24.91,29.38,0.3,4.168070237756493,2005-10-27
24.9,28.04,3.79,3.733295985593913,2005-10-28
25.0,28.56,3.48,3.8289144584182147,2005-10-29
25.17,27.85,2.33,3.6190259446947906,2005-10-30
25.1,28.3,3.34,3.3169979835651566,2005-10-31
24.66,26.99,3.12,1.5340433667569509,2005-11-01
24.21,29.45,2.69,4.439561323253906,2005-11-02
25.06,27.88,5.21,4.028484435845556,2005-11-03
24.68,27.51,8.09,3.915339181483381,2005-11-04
24.51,28.13,5.61,2.9700064713014123,2005-11-05
24.32,28.89,1.96,4.165907916620695,2005-11-06
25.04,29.48,0.42,4.270429966960463,2005-11-07
24.49,30.66,0.3,4.298461317389946,2005-11-08
24.81,30.26,0.41,4.321739466600791,2005-11-09
25.06,29.57,0.49,4.107389224067127,2005-11-10
25.29,29.95,0.28,3.346635720597257,2005-11-11
25.0,29.79,0.04,4.162849195847602,2005-11-12
25.46,30.63,0.12,4.3864168419758025,2005-11-13
24.73,30.93,0.19,4.3084724820742695,2005-11-14
25.08,31.11,0.15,4.251892321291924,2005-11-15
25.08,31.08,0.2,4.4104607301537975,2005-11-16
24.92,30.85,0.14,4.302707443782918,2005-11-17
25.13,30.75,0.1,4.299572522400297,2005-11-18
25.17,30.79,0.13,4.189820197970851,2005-11-19
25.9,30.09,0.16,4.1433553124403,2005-11-20
25.3,29.44,0.13,4.116643368543428,2005-11-21
25.19,29.86,0.99,3.8598448558911804,2005-11-22
25.23,30.0,0.59,4.0280626685774665,2005-11-23
25.42,29.09,0.75,3.96412933562302,2005-11-24
25.45,28.84,0.84,3.3833210798990145,2005-11-25
25.3,28.74,0.96,3.322056635001883,2005-11-26
25.25,28.69,0.28,3.8813509851207804,2005-11-27
24.83,29.91,0.3,3.912526398857477,2005-11-28
25.34,28.8,0.24,3.6829154828465316,2005-11-29
25.17,29.38,0.27,3.898624903452232,2005-11-30
25.47,29.07,0.26,3.554617323690221,2005-12-01
25.41,28.7,0.62,3.8121451918706386,2005-12-02
24.9,29.25,0.73,3.6165045315076676,2005-12-03
25.03,28.97,0.67,3.8759146175533896,2005-12-04
24.9,29.04,0.94,3.7151284954611747,2005-12-05
25.36,28.14,1.06,3.407256619991195,2005-12-06
24.96,29.28,0.17,3.7290573239639038,2005-12-07
24.73,29.79,0.47,3.819702556978409,2005-12-08
24.63,29.19,0.24,3.630812108170735,2005-12-09
24.85,29.4,0.34,3.819967259826184,2005-12-10
25.16,28.05,0.19,3.3705634238529383,2005-12-11
24.59,29.04,0.31,3.3916482968599113,2005-12-12
25.0,30.73,0.16,4.013709790075616,2005-12-13
25.12,31.18,0.24,4.300003957406811,2005-12-14
24.98,31.6,0.12,4.352101489078045,2005-12-15
24.92,30.62,0.14,4.1381523199160295,2005-12-16
25.52,31.02,0.0,4.232817590482822,2005-12-17
25.69,31.73,0.0,4.220546695414421,2005-12-18
25.5,31.92,0.0,4.235553484639193,2005-12-19
25.24,31.98,0.0,4.542710398316819,2005-12-20
25.23,31.97,0.0,4.359947670252055,2005-12-21
25.15,31.26,0.04,3.793679803483154,2005-12-22
25.53,30.46,0.02,3.7268277765580007,2005-12-23
25.21,28.9,0.02,3.889820643355203,2005-12-24
24.9,28.23,0.03,3.2319374913946652,2005-12-25
24.19,31.0,0.02,3.98369948477484,2005-12-26
25.27,30.47,0.0,3.8834632649991723,2005-12-27
25.1,31.0,0.0,4.116053505354513,2005-12-28
24.17,31.6,0.0,3.8987556975059756,2005-12-29
24.66,31.81,0.0,4.142161142765855,2005-12-30
25.25,31.19,0.0,3.960253339068437,2005-12-31
25.2,30.65,0.13,4.001184316031861,2006-01-01
25.27,30.45,0.27,4.124026241719338,2006-01-02
25.33,29.99,0.34,3.8736523837501977,2006-01-03
25.23,29.69,0.19,3.736586821347073,2006-01-04
25.14,29.62,0.24,3.610897881478981,2006-01-05
25.28,28.8,1.32,3.4095408458196084,2006-01-06
25.26,28.1,1.04,3.251649507597713,2006-01-07
25.2,29.24,1.17,3.393526085346312,2006-01-08
25.07,29.22,0.91,3.9508440805341003,2006-01-09
24.77,29.15,1.19,3.9084758697058377,2006-01-10
24.86,29.74,0.17,3.5331426343329086,2006-01-11
24.99,30.27,0.21,3.5130561267307043,2006-01-12
24.97,30.55,0.23,3.9601101842386672,2006-01-13
24.93,29.03,0.16,3.3566312124436015,2006-01-14
25.01,29.4,0.16,3.549373486820934,2006-01-15
25.11,30.03,0.86,3.8210017105176552,2006-01-16
25.3,28.67,0.56,3.7670424541122642,2006-01-17
24.82,30.14,0.38,4.035199881053822,2006-01-18
24.75,31.52,0.37,4.06936197299559,2006-01-19
25.24,31.58,0.42,4.106634732156726,2006-01-20
25.45,30.81,0.03,4.034746940393157,2006-01-21
25.86,30.74,0.03,4.160809596081367,2006-01-22
25.61,31.99,0.03,4.377150143631276,2006-01-23
25.67,31.44,0.02,4.486242129961526,2006-01-24
25.85,30.24,0.03,4.2966100392233075,2006-01-25
25.76,29.14,0.23,2.818174345872523,2006-01-26
25.36,29.38,0.22,3.168887998287647,2006-01-27
25.33,29.26,0.34,3.3096771391126687,2006-01-28
25.37,30.84,0.21,4.375939881481518,2006-01-29
25.97,30.69,0.15,4.392166569467308,2006-01-30
25.76,30.89,0.0,4.096780598840884,2006-01-31
25.77,31.29,0.0,3.9409114141096504,2006-02-01
25.61,29.93,0.0,3.995218299736403,2006-02-02
25.51,29.99,0.0,3.75565546283297,2006-02-03
25.52,30.51,0.0,4.153755443795199,2006-02-04
25.55,30.9,0.6,4.279546623586877,2006-02-05
25.7,30.72,1.16,3.4714056540495513,2006-02-06
25.92,31.79,1.04,4.662725826418271,2006-02-07
25.84,32.26,0.82,4.6710885250479945,2006-02-08
25.97,32.16,0.73,4.589554966605916,2006-02-09
26.14,30.22,1.62,4.161065212613539,2006-02-10
26.11,30.89,1.72,4.518437148076925,2006-02-11
26.0,29.67,1.59,3.513528621579603,2006-02-12
26.22,29.79,1.58,4.169650933896381,2006-02-13
25.87,29.87,2.31,3.7633337193766523,2006-02-14
25.98,30.4,1.95,3.88813331935983,2006-02-15
26.16,29.65,1.36,4.348935556210806,2006-02-16
25.59,30.69,1.26,4.771891887494546,2006-02-17
26.02,30.74,1.75,4.382414212919985,2006-02-18
26.54,30.63,0.21,3.9507928430628603,2006-02-19
26.43,30.17,0.46,3.965007474533875,2006-02-20
26.08,29.8,1.0,3.7674775909614295,2006-02-21
25.74,29.3,0.54,3.5674661176303784,2006-02-22
25.21,30.06,0.38,4.524489202989109,2006-02-23
25.64,30.17,0.53,4.32450963101539,2006-02-24
25.73,29.34,2.69,4.023830538795708,2006-02-25
25.63,30.14,2.83,4.2132751445457,2006-02-26
25.62,30.9,1.35,4.259896972423783,2006-02-27
25.89,29.65,1.38,4.095522080038188,2006-02-28
25.74,29.76,2.96,4.371103429810034,2006-03-01
25.68,30.14,1.29,4.6596828342763486,2006-03-02
25.57,30.4,0.9,4.164651306164898,2006-03-03
25.83,30.56,0.9,4.409783505022762,2006-03-04
26.08,31.44,0.93,5.136588644030805,2006-03-05
26.21,31.58,0.83,5.076465996549262,2006-03-06
26.21,30.38,2.85,4.458877053624526,2006-03-07
25.93,29.29,3.9,3.3962857365918446,2006-03-08
25.54,28.45,4.7,3.1623685117717435,2006-03-09
25.29,29.11,3.21,2.595362278281436,2006-03-10
25.69,28.29,3.34,3.485678417969251,2006-03-11
25.9,28.08,4.87,2.7114723987603964,2006-03-12
26.1,28.5,5.02,2.7700820374692072,2006-03-13
25.73,28.63,7.82,3.1738540704061013,2006-03-14
25.8,29.02,5.05,2.714016329833375,2006-03-15
26.27,29.52,5.69,3.87647151862762,2006-03-16
25.62,29.17,0.1,3.5527525662576056,2006-03-17
25.65,30.11,0.45,4.698427510559782,2006-03-18
25.92,29.48,0.42,4.6598003440816305,2006-03-19
25.98,29.01,0.41,4.6074142147152575,2006-03-20
25.57,29.89,0.48,4.2530558784722,2006-03-21
26.22,28.52,8.24,1.8187519616093262,2006-03-22
25.24,30.31,3.06,4.803507115792103,2006-03-23
25.57,30.57,3.16,4.896396107211048,2006-03-24
25.45,30.67,4.41,4.920011626560732,2006-03-25
25.97,29.1,9.71,4.163561444327238,2006-03-26
26.32,29.15,0.25,4.371334652233156,2006-03-27
25.77,29.9,0.17,4.666560595253182,2006-03-28
26.25,29.56,0.2,4.551138777209415,2006-03-29
26.09,30.17,0.2,4.608647316531999,2006-03-30
25.83,30.57,0.33,3.9436129101041364,2006-03-31
26.37,29.55,1.72,3.8690799359436743,2006-04-01
26.18,29.9,1.85,4.623163994417661,2006-04-02
25.92,30.2,1.66,4.416450276655529,2006-04-03
26.32,29.21,2.07,3.749360537964716,2006-04-04
26.29,28.78,2.52,3.74133965465429,2006-04-05
26.07,29.46,0.22,3.9972010932405397,2006-04-06
25.8,30.0,0.28,4.541665342896103,2006-04-07
26.26,30.24,0.3,4.512444260607551,2006-04-08
26.27,30.84,0.26,4.97361132088879,2006-04-09
26.22,30.52,0.34,4.533329435100336,2006-04-10
26.1,32.35,0.42,5.323491746562296,2006-04-11
26.93,31.64,0.44,5.122107760734329,2006-04-12
27.04,31.97,0.35,5.1704400185404,2006-04-13
26.67,31.4,0.36,5.113463861708631,2006-04-14
26.93,31.42,0.33,5.092896785193296,2006-04-15
26.64,29.04,1.92,3.8769030999183647,2006-04-16
25.98,29.97,1.7,4.66893261476133,2006-04-17
26.11,29.82,1.75,4.62789523823292,2006-04-18
26.06,28.9,1.89,3.2855943950001936,2006-04-19
25.87,28.85,2.32,3.8405537672534193,2006-04-20
26.09,28.55,3.77,3.6139202469598195,2006-04-21
25.93,30.21,1.48,4.489376863412678,2006-04-22
26.3,29.69,3.63,4.514379001075811,2006-04-23
26.28,29.83,2.47,2.9232972752326654,2006-04-24
25.48,27.81,2.66,2.275791047416728,2006-04-25
25.0,30.87,0.33,4.7610652635726876,2006-04-26
26.1,29.21,1.18,3.9477290790653266,2006-04-27
26.04,29.46,2.21,3.1504574024457153,2006-04-28
25.88,29.31,3.46,3.866855034191522,2006-04-29
25.93,28.83,1.78,3.5227541801474813,2006-04-30
25.53,29.95,1.57,3.9498811839557635,2006-05-01
26.09,30.54,1.13,4.433688780660276,2006-05-02
25.86,30.4,2.03,4.503877523402512,2006-05-03
26.76,30.36,1.65,4.646739011693779,2006-05-04
26.36,29.58,2.93,3.9498885038042983,2006-05-05
26.29,28.59,8.47,3.893977596244961,2006-05-06
25.88,28.83,11.58,3.522067581187836,2006-05-07
25.56,29.07,6.55,3.991048045244687,2006-05-08
25.57,29.1,5.84,4.199429195476499,2006-05-09
25.28,27.9,8.48,1.6050828879168615,2006-05-10
24.86,28.72,4.49,2.8471818762824728,2006-05-11
25.61,29.08,5.5,3.244972722077654,2006-05-12
25.67,28.36,7.65,1.9723331907021284,2006-05-13
25.34,28.82,2.83,4.191814733120153,2006-05-14
25.65,28.29,8.62,3.5403460613806357,2006-05-15
24.97,27.83,2.97,1.7762215134334027,2006-05-16
24.7,27.44,4.81,3.08087420604586,2006-05-17
24.54,27.81,4.86,3.374562720140854,2006-05-18
24.81,28.74,9.36,2.522714116195465,2006-05-19
24.51,27.14,19.52,1.444131719886811,2006-05-20
24.15,27.8,3.26,3.759475345455738,2006-05-21
25.08,29.06,3.73,4.1221976119995265,2006-05-22
25.0,28.19,1.82,3.8645352416706973,2006-05-23
24.42,28.04,2.88,3.8965487092528894,2006-05-24
25.12,27.47,2.63,2.7914423773936567,2006-05-25
24.46,28.99,3.85,4.58252455603123,2006-05-26
25.38,28.07,5.52,3.4720375897523,2006-05-27
25.39,28.26,3.93,1.5495241411993808,2006-05-28
24.74,28.67,6.39,4.343917047519712,2006-05-29
24.64,27.19,12.07,3.165409751608479,2006-05-30
24.41,28.88,3.46,4.42618479942154,2006-05-31
25.06,28.77,3.51,4.253324538357555,2006-06-01
25.42,29.46,5.38,4.217376149266398,2006-06-02
25.86,28.26,3.69,2.220862604138208,2006-06-03
25.2,28.93,2.81,3.999952720709526,2006-06-04
25.01,28.2,6.8,3.826649895912966,2006-06-05
25.17,28.62,4.72,4.226756946851163,2006-06-06
25.41,28.04,4.03,3.046354507585398,2006-06-07
24.93,27.34,7.02,3.7369480900116385,2006-06-08
24.47,27.45,8.51,2.438706726682518,2006-06-09
23.95,28.51,4.89,3.7711031963839026,2006-06-10
24.74,27.17,8.56,2.9196649984709953,2006-06-11
25.18,27.91,2.8,4.3238363362055185,2006-06-12
25.01,28.0,3.58,3.8315388381532443,2006-06-13
25.55,28.36,5.06,3.1460626057740297,2006-06-14
25.06,27.05,4.96,1.6941475622194457,2006-06-15
24.6,26.88,4.33,3.3741638258561912,2006-06-16
24.66,27.15,2.38,2.3721660567365372,2006-06-17
24.37,27.0,3.31,2.732945367917226,2006-06-18
24.31,26.56,3.69,2.755552522209317,2006-06-19
24.53,26.96,9.23,1.8876183898876877,2006-06-20
24.31,28.08,4.56,4.1554348484409385,2006-06-21
24.62,27.07,9.29,3.656838874332803,2006-06-22
24.39,28.33,4.05,4.085124532943555,2006-06-23
24.96,28.02,7.67,3.5812757141225737,2006-06-24
24.78,28.3,1.27,3.8992719471937973,2006-06-25
25.03,28.45,0.59,4.055375855152993,2006-06-26
24.32,28.88,0.49,4.202616398398866,2006-06-27
24.65,28.97,0.33,4.296336806039463,2006-06-28
25.08,27.94,1.4,3.2333943392973516,2006-06-29
24.8,28.1,1.8,2.4017158092163022,2006-06-30
24.66,28.85,1.48,4.305301909771371,2006-07-01
24.68,28.77,1.65,3.5279085198590274,2006-07-02
24.74,27.0,4.46,2.7204594434736835,2006-07-03
24.34,28.31,2.76,4.11900474610837,2006-07-04
24.76,27.44,7.25,3.060380860857068,2006-07-05
24.37,27.83,3.95,2.572890767347541,2006-07-06
24.05,27.88,3.49,3.0941870139865943,2006-07-07
24.37,26.88,2.13,3.889854349868211,2006-07-08
23.89,28.09,2.71,3.216380649290193,2006-07-09
23.75,28.54,2.86,4.0681477506846715,2006-07-10
23.95,28.29,4.56,3.88921734609492,2006-07-11
24.07,27.99,2.83,3.39785741318324,2006-07-12
23.84,27.76,2.42,3.129714150734364,2006-07-13
24.07,27.53,7.71,2.511414339004906,2006-07-14
23.87,26.93,6.71,2.5368456677244526,2006-07-15
23.9,27.52,5.35,3.3868789882048533,2006-07-16
23.98,27.6,5.5,3.069081794750237,2006-07-17
23.9,27.48,5.16,2.6834735456633054,2006-07-18
23.51,26.38,8.71,2.582725846171861,2006-07-19
23.45,26.66,9.04,2.7807252186069826,2006-07-20
23.41,26.39,6.23,2.348506919405993,2006-07-21
23.15,26.21,3.9,3.2926200314812593,2006-07-22
22.94,27.49,2.26,3.5339946208124253,2006-07-23
22.74,27.61,2.03,3.29899356041742,2006-07-24
23.19,27.58,5.49,3.6198314757797507,2006-07-25
23.13,27.99,0.43,4.221590799975113,2006-07-26
23.11,28.18,0.71,3.8647039855252623,2006-07-27
24.06,27.23,1.62,3.266288528583017,2006-07-28
23.97,27.89,5.26,3.2699443171350064,2006-07-29
23.62,26.92,9.48,2.585027098404191,2006-07-30
23.6,26.56,7.52,3.3385647303423798,2006-07-31
23.71,26.89,8.03,2.8445295708132567,2006-08-01
23.48,25.5,7.01,2.400303355400533,2006-08-02
23.03,26.78,14.67,2.7022929906937225,2006-08-03
22.89,26.84,0.86,3.1507349565663243,2006-08-04
22.88,27.52,0.63,3.556611360285938,2006-08-05
22.83,27.18,0.45,3.2801484427829886,2006-08-06
23.05,27.19,0.68,3.4243460159043573,2006-08-07
22.37,27.3,0.46,3.629682359295462,2006-08-08
22.41,27.27,1.41,3.758430988929022,2006-08-09
22.06,27.52,0.93,3.68259629224542,2006-08-10
22.63,26.72,18.47,3.0270131244661753,2006-08-11
23.05,27.18,4.85,3.054664818431551,2006-08-12
22.77,27.99,2.25,4.019271167196367,2006-08-13
23.05,27.65,1.17,3.8502156586984744,2006-08-14
23.21,27.37,1.56,3.404671423256021,2006-08-15
23.24,26.82,7.15,2.9684919098453086,2006-08-16
22.87,27.9,0.8,3.3390669225283083,2006-08-17
22.94,27.76,1.73,2.918983784444641,2006-08-18
23.05,27.05,5.98,2.8539038711349582,2006-08-19
22.4,27.25,5.1,3.5509495541938616,2006-08-20
22.53,27.08,2.36,3.086422681232642,2006-08-21
22.96,26.4,11.77,3.207424848177227,2006-08-22
22.94,26.12,16.08,3.234603172661694,2006-08-23
22.68,27.39,1.55,3.919632888772311,2006-08-24
22.35,27.85,0.76,3.458366597246772,2006-08-25
22.92,27.01,1.84,3.282428901084838,2006-08-26
22.96,25.91,3.14,3.385033015420634,2006-08-27
23.03,27.17,4.93,3.5619781133611066,2006-08-28
23.0,27.75,0.81,3.643680120609818,2006-08-29
22.91,27.54,1.32,2.874364169487849,2006-08-30
23.35,26.73,1.45,3.023857980499421,2006-08-31
23.23,27.71,2.12,3.2483987910359637,2006-09-01
23.56,28.13,1.18,3.9123395954815736,2006-09-02
23.25,25.58,6.5,1.5261344401223758,2006-09-03
23.23,27.58,7.81,2.4716908915119915,2006-09-04
23.49,26.68,15.47,2.3009695070557457,2006-09-05
23.4,27.63,6.18,3.1806279751426447,2006-09-06
23.41,26.77,8.68,2.5370286280347365,2006-09-07
23.63,26.69,19.85,2.693656881754703,2006-09-08
23.5,26.65,12.99,3.1517149852545394,2006-09-09
23.2,27.3,12.83,3.1692202303547665,2006-09-10
23.23,26.57,22.12,3.14166660738626,2006-09-11
23.38,26.42,18.77,3.069388423173425,2006-09-12
23.29,27.57,1.83,3.5211808600298204,2006-09-13
23.42,27.08,1.95,3.3711808625796853,2006-09-14
23.95,27.11,2.93,2.2845232465672702,2006-09-15
23.57,26.8,3.97,3.434670590011676,2006-09-16
23.72,28.59,3.13,3.869137151839159,2006-09-17
23.79,28.31,1.44,3.942391977384047,2006-09-18
23.82,27.86,4.72,3.0769457036849057,2006-09-19
24.16,26.47,5.4,3.10240079387424,2006-09-20
23.94,26.95,5.97,1.9589915213204787,2006-09-21
23.79,27.78,6.4,3.330563414900426,2006-09-22
23.87,26.91,6.28,3.426850705423516,2006-09-23
23.87,27.8,6.32,3.38737168849608,2006-09-24
24.15,27.5,5.72,1.8286957178985643,2006-09-25
23.93,28.43,4.67,3.7969314465582005,2006-09-26
24.01,28.49,6.88,2.9485699302447164,2006-09-27
23.44,28.45,2.17,4.086336270451192,2006-09-28
24.05,27.82,3.92,3.704761777320247,2006-09-29
24.19,26.85,3.96,3.053646340874307,2006-09-30
24.27,27.65,2.32,3.0396228143821005,2006-10-01
24.19,27.95,2.18,3.419899939113918,2006-10-02
23.86,29.0,3.46,3.92495415565251,2006-10-03
23.95,28.9,3.24,3.5560665820379698,2006-10-04
24.3,29.2,2.87,4.014874869427676,2006-10-05
24.28,28.51,2.88,3.933306019365033,2006-10-06
24.45,29.3,2.94,4.429644330262575,2006-10-07
24.92,28.84,5.37,3.509125017241901,2006-10-08
24.8,29.32,3.9,3.798748433902597,2006-10-09
25.15,27.75,4.62,3.126574207843466,2006-10-10
24.69,27.88,6.72,2.238198283706424,2006-10-11
24.49,28.72,1.36,3.33185551437032,2006-10-12
24.27,28.28,4.58,3.090641230369228,2006-10-13
24.3,28.62,1.53,3.5910460912703264,2006-10-14
24.4,29.06,3.01,4.0577804987888335,2006-10-15
24.87,28.8,1.7,4.080534393740924,2006-10-16
24.69,28.66,3.3,3.92312219683292,2006-10-17
25.1,28.09,6.57,3.8239807324957895,2006-10-18
24.9,28.62,7.75,2.2073763641142774,2006-10-19
24.07,29.0,2.27,3.2315434429288485,2006-10-20
24.76,29.08,2.22,3.7702389547016537,2006-10-21
25.12,28.86,6.2,3.7934439573401573,2006-10-22
24.8,28.18,2.54,2.2647711346570985,2006-10-23
24.16,27.72,1.06,3.689069998323068,2006-10-24
24.67,28.68,1.38,4.082109119376987,2006-10-25
24.73,29.32,1.44,4.117320320968087,2006-10-26
24.73,29.16,1.91,3.814170954981348,2006-10-27
24.93,28.21,2.23,3.8349621766173554,2006-10-28
25.1,27.54,3.39,3.781638551316963,2006-10-29
24.86,29.13,0.97,3.9875133395227684,2006-10-30
24.56,29.52,2.46,4.1246197486957445,2006-10-31
24.82,27.97,3.19,3.152383678142449,2006-11-01
24.6,27.84,4.14,4.09951868531419,2006-11-02
24.83,28.56,3.2,3.5600271361323608,2006-11-03
25.16,29.04,4.54,3.8091752935626317,2006-11-04
25.12,29.66,4.33,4.167517098285706,2006-11-05
25.05,29.91,2.88,4.226120314611682,2006-11-06
25.27,29.7,5.46,4.12476631025262,2006-11-07
25.39,28.09,4.36,3.4945280815392414,2006-11-08
25.11,28.94,2.84,3.221805964102829,2006-11-09
24.15,30.08,0.71,3.871843753862153,2006-11-10
25.92,29.11,3.82,3.431100692336768,2006-11-11
25.54,30.27,0.02,3.609072151604529,2006-11-12
25.52,28.66,0.03,3.9163084274514985,2006-11-13
25.46,28.18,0.02,4.121918166857697,2006-11-14
25.55,29.33,0.03,4.0262148785618725,2006-11-15
25.24,28.49,0.03,3.5773527530150475,2006-11-16
25.09,28.99,0.0,3.4298266363396013,2006-11-17
23.99,29.79,0.0,3.88315026459975,2006-11-18
23.15,30.5,0.0,4.226326367856283,2006-11-19
23.86,29.75,0.0,3.9866563766077037,2006-11-20
24.08,29.32,0.0,4.18299243289176,2006-11-21
24.26,29.78,0.01,4.035700943670437,2006-11-22
24.27,30.0,0.01,3.6766267724150214,2006-11-23
24.94,29.95,0.0,4.056173730206519,2006-11-24
24.92,29.74,0.01,3.9917004923323205,2006-11-25
25.18,29.56,0.01,4.175299588414174,2006-11-26
24.24,29.54,0.36,4.248341671848749,2006-11-27
22.57,30.2,0.23,4.403043639076279,2006-11-28
21.82,29.49,0.16,4.169468762236095,2006-11-29
23.55,29.75,0.42,4.310582600830349,2006-11-30
25.55,29.19,0.53,3.6741223065493926,2006-12-01
24.96,30.04,1.03,3.6234525471442285,2006-12-02
24.95,30.46,0.9,3.4568548326120596,2006-12-03
23.82,30.34,0.22,3.9855111296584114,2006-12-04
22.07,30.37,0.01,4.301116770209709,2006-12-05
21.95,30.18,0.02,4.333569999409516,2006-12-06
24.44,31.22,0.0,4.165229588965299,2006-12-07
24.05,30.96,0.0,4.019420406513883,2006-12-08
24.57,30.67,0.0,3.8176988024144656,2006-12-09
24.05,30.71,0.0,3.973299446664498,2006-12-10
25.25,31.22,0.0,4.111850739615979,2006-12-11
24.93,31.39,0.0,3.866510821261656,2006-12-12
24.91,31.05,0.0,3.704371140839864,2006-12-13
25.13,31.17,0.0,3.7054098596189027,2006-12-14
24.79,30.79,0.0,3.4802480994088607,2006-12-15
24.92,30.51,0.0,3.595780503964842,2006-12-16
24.86,31.13,0.0,4.152262882909554,2006-12-17
24.4,31.04,0.0,3.8407479672438787,2006-12-18
24.97,30.17,0.0,3.7399593082919647,2006-12-19
24.89,31.12,0.0,3.9193571305126653,2006-12-20
24.77,30.81,0.0,3.916877317675037,2006-12-21
25.23,30.53,0.0,3.958302036220698,2006-12-22
25.1,30.99,0.0,4.129610626530828,2006-12-23
24.65,30.86,0.0,4.048334871671887,2006-12-24
23.66,30.77,0.0,4.10048148835608,2006-12-25
24.3,31.6,0.0,4.385633603686828,2006-12-26
23.52,30.56,0.0,4.350105738599542,2006-12-27
24.41,31.11,0.0,4.347671616604163,2006-12-28
23.25,30.66,0.0,4.336976097642324,2006-12-29
22.97,30.31,0.0,3.96314080607624,2006-12-30
22.07,29.91,0.0,4.025405859781323,2006-12-31
20.63,28.79,0.0,4.313349545604695,2007-01-01
20.98,27.99,0.0,4.490202128771266,2007-01-02
18.33,27.22,0.0,3.8972956469931317,2007-01-03
18.77,28.89,0.0,4.549186905082712,2007-01-04
18.88,30.36,0.0,4.512280917894835,2007-01-05
19.41,30.56,0.0,4.846041854269553,2007-01-06
21.25,30.0,0.0,3.961911774465597,2007-01-07
21.56,30.07,0.0,3.8612250275203843,2007-01-08
21.15,29.75,0.0,3.736767349795952,2007-01-09
20.5,29.88,0.0,4.125086023540522,2007-01-10
21.21,29.87,0.0,4.417119889717034,2007-01-11
18.79,29.06,0.0,4.811617501808907,2007-01-12
18.09,28.72,0.0,4.716747589241765,2007-01-13
18.02,27.83,0.0,4.416147317665966,2007-01-14
17.94,28.93,0.0,4.616161857319332,2007-01-15
18.91,30.11,0.0,4.6710230304462845,2007-01-16
19.75,30.59,0.0,5.014419910013416,2007-01-17
19.23,30.42,0.0,4.654616739770003,2007-01-18
19.59,30.05,0.0,4.6939748678651165,2007-01-19
20.17,30.59,0.0,4.099969582827274,2007-01-20
20.12,29.94,0.0,4.267534545068652,2007-01-21
20.64,31.19,0.0,4.334820280298971,2007-01-22
21.88,30.42,0.0,3.7477984459694333,2007-01-23
23.09,31.5,0.0,3.8508906981215367,2007-01-24
23.96,31.68,0.0,4.231814956610024,2007-01-25
24.46,31.12,0.08,4.2015265445714585,2007-01-26
24.88,30.28,0.14,3.9974255836999424,2007-01-27
25.08,30.81,0.26,3.8267744313044902,2007-01-28
25.6,31.0,0.24,4.148027962696583,2007-01-29
25.62,30.15,0.21,3.8517369728474318,2007-01-30
25.51,32.11,0.0,4.533400727155323,2007-01-31
25.59,32.06,0.0,4.2821655985688265,2007-02-01
25.22,32.22,0.0,4.120233027490581,2007-02-02
25.57,31.75,0.0,4.445139774251893,2007-02-03
24.86,31.79,0.0,4.278158789924093,2007-02-04
25.26,32.33,1.45,4.921497619443644,2007-02-05
25.7,31.55,2.31,4.628855125149144,2007-02-06
26.16,31.98,3.3,4.93236188802119,2007-02-07
26.25,30.66,4.01,3.8918637651560712,2007-02-08
25.93,30.73,3.51,3.6945890123226794,2007-02-09
26.19,30.49,0.01,4.204063076418243,2007-02-10
25.38,32.11,0.01,5.186849430295688,2007-02-11
25.59,30.87,0.02,4.309113835490544,2007-02-12
25.2,30.81,0.01,4.48316139305107,2007-02-13
21.24,30.72,0.0,5.40825510744539,2007-02-14
24.58,32.01,0.0,4.626019947434991,2007-02-15
25.05,32.34,0.0,4.721339274767038,2007-02-16
25.33,32.11,0.0,4.804096286341208,2007-02-17
25.59,30.71,0.0,4.281318098800687,2007-02-18
26.06,30.64,0.0,4.3514324208705695,2007-02-19
26.23,29.99,0.35,4.465948352122906,2007-02-20
26.15,29.65,0.34,3.768912474290277,2007-02-21
26.24,30.44,0.38,3.888494339252851,2007-02-22
26.28,29.17,0.49,2.5028139338835924,2007-02-23
25.39,30.22,0.12,3.598194891001107,2007-02-24
25.33,30.95,0.04,4.52605792468229,2007-02-25
25.95,29.55,0.04,3.8277485892432153,2007-02-26
25.81,30.26,0.07,4.267313592252297,2007-02-27
25.68,31.04,0.06,4.166456404777056,2007-02-28
25.62,31.14,0.07,4.16295777307156,2007-03-01
25.52,32.64,0.0,4.964690253436761,2007-03-02
25.17,32.41,0.0,4.22370466711617,2007-03-03
26.15,32.3,0.0,4.4825261858419205,2007-03-04
25.91,33.08,0.0,4.798519831171241,2007-03-05
25.88,32.95,0.0,5.039788071313151,2007-03-06
26.75,32.41,1.61,4.0696229058854,2007-03-07
24.55,32.72,1.13,4.954580835051767,2007-03-08
26.29,29.7,1.26,4.462353213610927,2007-03-09
25.98,29.95,1.04,3.969968046644918,2007-03-10
25.86,30.32,1.17,4.605149448291135,2007-03-11
26.69,30.91,0.76,4.654998189763031,2007-03-12
26.55,30.48,0.44,4.873479778613673,2007-03-13
26.18,29.77,0.9,4.397790790657672,2007-03-14
26.32,31.03,1.46,4.684259202775191,2007-03-15
26.34,30.47,1.23,4.382238835041,2007-03-16
26.14,29.55,0.28,3.842824769055622,2007-03-17
26.22,29.92,0.24,3.608966276261429,2007-03-18
25.8,31.24,0.37,3.907229623417362,2007-03-19
26.39,31.19,0.3,5.076428741119361,2007-03-20
26.46,31.49,0.26,4.871486148626534,2007-03-21
26.63,30.36,5.48,4.2689379709675315,2007-03-22
26.57,30.32,8.3,4.509130981132088,2007-03-23
26.51,30.03,8.41,3.908437589489164,2007-03-24
26.41,30.11,5.64,4.267805480535598,2007-03-25
26.26,29.88,2.71,3.2269381898283416,2007-03-26
25.72,30.03,1.33,4.664424776422315,2007-03-27
25.86,31.11,0.93,4.692658240038952,2007-03-28
26.06,29.96,0.97,4.6302819471244465,2007-03-29
26.25,29.89,0.59,2.8354962040428653,2007-03-30
26.05,31.3,1.36,5.337922945086294,2007-03-31
26.66,30.69,7.32,4.426738128050554,2007-04-01
26.07,29.47,6.89,4.3130435462898635,2007-04-02
26.18,30.62,4.96,5.133045172347878,2007-04-03
26.24,29.45,6.49,3.8379606321571718,2007-04-04
26.4,29.47,4.75,3.203797753416308,2007-04-05
25.82,30.19,5.49,4.619985629386554,2007-04-06
25.74,28.74,3.74,1.7719572679284257,2007-04-07
25.52,29.57,3.38,4.2022780385608645,2007-04-08
26.28,29.28,4.35,4.60779800932309,2007-04-09
26.33,29.4,3.8,4.552048434290157,2007-04-10
25.82,30.5,0.57,4.3327619196318965,2007-04-11
26.22,30.63,0.49,4.49095458614157,2007-04-12
26.34,29.85,0.47,3.682400688355013,2007-04-13
26.48,29.77,0.89,4.387504612309084,2007-04-14
26.44,30.1,1.08,4.086488088820373,2007-04-15
26.39,29.29,4.15,3.8833393243941807,2007-04-16
25.92,29.73,3.86,4.203134715013809,2007-04-17
25.57,30.16,1.12,4.754307007190827,2007-04-18
25.49,30.14,0.49,4.938702154341453,2007-04-19
25.74,29.5,0.97,4.42311176716015,2007-04-20
25.96,29.57,1.41,4.776591805458887,2007-04-21
26.09,29.16,2.74,3.637460997028152,2007-04-22
25.83,29.39,1.2,2.5631186702838225,2007-04-23
25.78,28.96,1.62,4.377908913309679,2007-04-24
26.31,29.42,2.69,4.580274271755133,2007-04-25
25.94,29.24,11.7,3.5962288634060458,2007-04-26
25.33,28.85,7.11,2.46697725226019,2007-04-27
25.24,29.51,3.9,4.621191878141983,2007-04-28
25.44,28.88,5.14,3.631991488192489,2007-04-29
25.4,28.6,5.51,4.594930142409637,2007-04-30
25.56,28.67,9.04,3.9116940016337693,2007-05-01
25.16,29.5,6.96,4.539600213284814,2007-05-02
25.53,30.28,3.7,4.598087464382387,2007-05-03
26.12,29.13,9.45,3.9624662551704843,2007-05-04
25.97,28.97,6.09,3.3642095806716656,2007-05-05
25.36,28.46,12.84,4.010323307512244,2007-05-06
25.67,29.83,7.86,4.400497326956734,2007-05-07
26.14,29.44,7.01,2.9759745373430264,2007-05-08
26.04,29.88,6.66,4.365436873872208,2007-05-09
26.26,30.52,5.16,4.7201981907337975,2007-05-10
26.22,28.42,4.54,1.4938108610776721,2007-05-11
25.76,28.49,10.25,2.9919204390789074,2007-05-12
25.61,28.21,23.33,2.556454204586972,2007-05-13
25.11,28.57,22.1,2.6996186292688074,2007-05-14
24.95,29.17,4.03,3.0901323418414632,2007-05-15
25.3,27.42,8.71,3.1585041770732234,2007-05-16
25.27,29.22,4.99,3.234102586652168,2007-05-17
26.08,29.22,5.46,4.0746732819377725,2007-05-18
25.89,29.75,3.4,4.039568113920081,2007-05-19
25.96,30.12,4.75,4.241405326123381,2007-05-20
26.14,28.52,3.19,2.3877560926749415,2007-05-21
25.69,28.82,4.72,2.965578046024715,2007-05-22
24.9,29.26,2.71,3.8963748635155437,2007-05-23
25.64,28.78,6.41,4.108595699036754,2007-05-24
25.83,28.99,2.17,3.5884900147485737,2007-05-25
25.32,29.75,2.68,4.212944435089568,2007-05-26
25.26,29.28,5.64,2.100591335040694,2007-05-27
24.97,29.07,5.21,4.010361353241953,2007-05-28
25.73,28.1,6.81,4.179280542061684,2007-05-29
25.37,27.45,3.61,3.654520487258316,2007-05-30
25.02,29.3,5.04,4.54576585283828,2007-05-31
25.33,28.78,13.78,4.632708520787544,2007-06-01
25.29,27.15,15.35,1.4336468395985664,2007-06-02
25.25,27.64,17.33,2.959229383420031,2007-06-03
24.72,28.22,11.29,2.799479565225427,2007-06-04
24.51,27.04,3.46,2.3728689726284364,2007-06-05
24.77,26.22,10.48,2.320642910763912,2007-06-06
23.82,26.09,11.01,1.4734045265204618,2007-06-07
23.58,28.0,2.71,3.9693141301350887,2007-06-08
24.6,27.74,1.33,3.819143390217621,2007-06-09
24.62,27.23,9.57,1.6790186189189762,2007-06-10
24.1,26.73,7.9,3.090740309433548,2007-06-11
24.04,27.51,9.79,3.4952895933824495,2007-06-12
24.38,27.3,4.64,2.0801683548564114,2007-06-13
24.01,27.69,2.1,3.9843304604229535,2007-06-14
24.41,28.34,2.66,3.6829811956663283,2007-06-15
24.78,27.68,4.03,3.088849582334543,2007-06-16
24.44,28.47,2.0,3.397901691813963,2007-06-17
24.5,28.23,2.52,3.733898982668438,2007-06-18
24.82,28.56,2.52,4.293161170401228,2007-06-19
24.37,27.41,6.14,1.8625261056127298,2007-06-20
24.01,28.01,3.72,4.0448735724164875,2007-06-21
24.36,27.46,6.36,3.767372546312739,2007-06-22
24.64,28.15,9.87,3.376397222825178,2007-06-23
24.66,27.0,8.9,1.7654715193240074,2007-06-24
24.1,26.36,19.3,2.7359148707451406,2007-06-25
24.7,28.0,16.32,2.9027826905492513,2007-06-26
24.57,28.05,19.38,3.608700494558788,2007-06-27
24.69,26.04,15.15,1.589551480322201,2007-06-28
24.5,26.95,19.04,2.5333472588475083,2007-06-29
24.43,28.03,0.84,3.490607523120108,2007-06-30
24.23,28.17,0.42,3.4728754563051605,2007-07-01
24.25,26.18,1.95,2.875469617498056,2007-07-02
23.89,27.04,2.81,3.4395576333372535,2007-07-03
24.05,27.14,7.38,3.441129668827984,2007-07-04
23.5,26.8,9.84,2.4995786103627973,2007-07-05
23.34,26.81,2.56,3.3234782831863128,2007-07-06
23.57,27.9,2.24,2.927196407325379,2007-07-07
23.6,27.3,0.5,3.6800611924089837,2007-07-08
23.45,27.76,0.37,3.9190839799903445,2007-07-09
23.4,28.1,0.26,3.3743607657175585,2007-07-10
23.37,28.17,0.15,4.025905375395199,2007-07-11
23.78,28.29,1.97,3.5873304205807863,2007-07-12
24.02,27.6,2.4,3.6273530764821156,2007-07-13
23.85,27.67,3.1,3.49536042730785,2007-07-14
24.08,26.71,9.66,3.316821358713262,2007-07-15
23.74,27.71,4.86,3.4321023569545703,2007-07-16
23.87,28.09,3.72,3.7250810640082066,2007-07-17
23.94,27.66,5.39,3.377026172011699,2007-07-18
23.84,27.68,6.57,3.4201947307987384,2007-07-19
24.0,26.49,12.62,2.530227113474885,2007-07-20
23.58,26.09,14.43,2.999496886405766,2007-07-21
23.15,26.9,10.64,2.8788921356766637,2007-07-22
23.73,26.92,9.4,3.615056204302158,2007-07-23
23.55,27.11,2.97,3.2150225289594436,2007-07-24
23.85,26.89,41.8,1.8154009768971016,2007-07-25
23.56,25.33,46.37,1.9430775932820699,2007-07-26
23.72,27.02,23.63,2.590881212994492,2007-07-27
23.38,27.2,4.82,3.6655173659713647,2007-07-28
23.04,27.56,4.44,3.666637787846517,2007-07-29
23.29,27.68,0.02,3.7074246578881596,2007-07-30
23.05,27.14,0.01,3.6175571580640975,2007-07-31
22.62,27.67,0.01,3.5593749088452658,2007-08-01
23.41,26.47,0.11,3.204363344125444,2007-08-02
23.61,27.05,0.12,2.5539195008634468,2007-08-03
23.31,27.0,2.48,2.685298084217418,2007-08-04
23.14,26.76,1.74,3.2337123810892323,2007-08-05
22.54,27.36,0.23,4.204129653891414,2007-08-06
22.62,27.2,0.5,3.9075204331718116,2007-08-07
22.74,24.98,6.68,2.6712848728867447,2007-08-08
22.95,26.02,7.66,2.650166424227122,2007-08-09
23.2,26.1,3.8,3.2952929779864912,2007-08-10
23.18,27.36,3.74,3.532280362891634,2007-08-11
23.18,25.86,4.51,3.0797728776149103,2007-08-12
23.44,26.19,16.68,2.8396870737779083,2007-08-13
23.51,26.01,4.55,2.661074113037265,2007-08-14
23.35,26.49,2.13,3.228635803309734,2007-08-15
23.27,26.72,2.22,2.7461555287719124,2007-08-16
23.12,26.0,3.65,2.7438601157931335,2007-08-17
23.03,27.71,1.51,3.4737504977219977,2007-08-18
23.47,27.35,6.61,3.3209386347322147,2007-08-19
23.86,25.92,15.21,2.140313934365238,2007-08-20
23.46,26.84,9.3,3.3193310755486456,2007-08-21
23.25,27.53,3.21,3.6302510964063166,2007-08-22
23.51,27.01,5.16,3.4036391306318436,2007-08-23
23.91,26.68,4.43,3.368458754979911,2007-08-24
23.62,27.12,4.42,3.593920078189918,2007-08-25
23.74,26.1,3.71,3.1680488218657854,2007-08-26
23.56,26.03,5.35,3.1148226584578427,2007-08-27
23.58,27.21,3.75,3.5982947403619,2007-08-28
23.43,26.95,5.75,3.6456602824252147,2007-08-29
24.15,27.41,13.55,3.2711494633288507,2007-08-30
24.14,26.29,17.82,2.2711424946381533,2007-08-31
23.79,26.0,18.26,1.74532648048038,2007-09-01
23.33,27.19,5.96,3.636404039254013,2007-09-02
23.35,27.12,9.88,2.9555898988052056,2007-09-03
23.98,26.02,17.48,2.2274783217250316,2007-09-04
23.54,26.86,13.54,2.2821957131712254,2007-09-05
23.46,26.82,7.33,3.230829532581717,2007-09-06
23.11,28.0,2.71,3.480795616473456,2007-09-07
23.56,27.63,3.8,4.040107133839198,2007-09-08
23.33,27.47,4.05,2.9348313328977134,2007-09-09
23.27,27.33,4.15,3.593432404541724,2007-09-10
23.54,26.81,5.61,3.506646686572204,2007-09-11
23.43,28.89,4.16,4.403948158346055,2007-09-12
23.93,27.06,12.49,3.8861498533931904,2007-09-13
23.65,27.79,10.27,4.056603105157636,2007-09-14
23.84,28.3,14.51,3.8165227892864437,2007-09-15
24.08,26.32,31.97,3.091554080190495,2007-09-16
23.65,28.39,27.43,2.9383459894668307,2007-09-17
24.32,26.61,20.25,2.889058868043858,2007-09-18
24.1,26.86,7.76,2.8263464874954543,2007-09-19
23.91,27.49,15.19,2.315505763992131,2007-09-20
23.42,28.66,3.21,3.6642937214237503,2007-09-21
23.87,27.58,4.14,3.707107796532496,2007-09-22
24.16,26.8,8.53,3.699342389248782,2007-09-23
24.09,26.96,10.54,3.4138675246628583,2007-09-24
24.11,27.68,10.3,2.682521042791563,2007-09-25
23.5,29.03,4.47,4.104872451252951,2007-09-26
24.46,28.94,7.05,4.137931686057995,2007-09-27
24.74,27.47,2.01,3.2158135894200197,2007-09-28
24.21,26.57,5.45,3.661182679663705,2007-09-29
24.31,28.87,4.18,4.15359832093411,2007-09-30
24.64,27.42,2.53,3.582068032118384,2007-10-01
24.15,27.68,3.31,2.045159667571173,2007-10-02
23.86,27.8,4.22,3.9277069148068513,2007-10-03
24.14,28.05,5.41,3.957916515435829,2007-10-04
24.32,27.24,10.5,3.325158944550277,2007-10-05
24.25,26.09,16.97,3.280180867184921,2007-10-06
23.81,26.55,11.09,2.8455649118913415,2007-10-07
23.85,26.54,22.9,3.0810804170848836,2007-10-08
23.73,27.43,18.35,2.4423535480966887,2007-10-09
24.0,28.16,5.46,3.776892771412456,2007-10-10
24.21,28.55,9.58,3.702283009232074,2007-10-11
24.6,28.09,8.48,3.742801211390787,2007-10-12
24.5,26.56,2.23,1.8104883293363698,2007-10-13
24.23,27.14,0.8,3.5807761360689834,2007-10-14
24.06,28.75,0.58,4.047816795169543,2007-10-15
24.54,28.58,0.69,4.053334437151514,2007-10-16
24.54,28.2,1.06,3.989955364594518,2007-10-17
24.35,26.64,11.26,2.8470444823153445,2007-10-18
24.01,27.84,9.79,2.112835847462485,2007-10-19
23.7,27.95,7.18,3.7119935012908236,2007-10-20
24.28,28.54,5.83,3.972492157153061,2007-10-21
24.51,27.36,7.07,3.997509107129309,2007-10-22
24.42,26.83,7.05,3.3723894729094823,2007-10-23
24.1,26.5,10.16,3.0427320947145606,2007-10-24
24.13,27.17,9.81,2.672788798177043,2007-10-25
23.9,28.43,5.67,4.121895505037477,2007-10-26
24.22,26.35,9.89,1.7171723246418376,2007-10-27
23.75,27.25,1.33,3.682801148423228,2007-10-28
24.12,27.81,2.32,3.644476998831749,2007-10-29
24.4,28.24,1.45,3.863140410032159,2007-10-30
24.36,27.7,0.75,3.972001435401516,2007-10-31
24.81,29.13,0.63,3.526540992096102,2007-11-01
24.56,27.58,2.71,3.59199855641835,2007-11-02
24.56,28.33,3.15,3.606345742488195,2007-11-03
24.63,28.18,3.28,4.040982431064694,2007-11-04
24.55,28.11,6.6,4.009409126895903,2007-11-05
24.68,28.4,3.04,4.117439057562579,2007-11-06
24.53,28.39,0.65,3.9456723234242563,2007-11-07
24.75,29.11,1.06,4.282662853501973,2007-11-08
24.32,28.94,0.99,3.707199538330027,2007-11-09
24.78,28.35,1.2,3.2860825468094523,2007-11-10
24.53,28.52,2.16,3.5416456100246942,2007-11-11
25.17,28.56,1.36,3.3661922100428265,2007-11-12
24.83,27.86,1.22,3.529505409200007,2007-11-13
25.12,28.0,0.96,3.5277879649533856,2007-11-14
25.1,27.74,1.39,3.0387878109784476,2007-11-15
24.74,27.76,0.54,3.3608534158644345,2007-11-16
25.0,28.63,0.9,3.7722360806538964,2007-11-17
25.03,28.16,0.79,3.8142147628813667,2007-11-18
25.15,28.72,1.92,3.668644977754573,2007-11-19
25.33,28.41,1.68,3.8692452348877735,2007-11-20
25.3,29.42,2.44,3.429470525180067,2007-11-21
24.85,29.41,0.0,3.869884797791477,2007-11-22
25.1,28.45,0.0,3.743320944204971,2007-11-23
25.58,28.79,0.0,3.856707144105583,2007-11-24
24.89,29.91,0.0,3.9322533553912105,2007-11-25
25.29,29.47,0.0,3.541068655472364,2007-11-26
25.57,29.9,0.0,3.727820277900114,2007-11-27
24.78,30.58,0.0,4.181149885024783,2007-11-28
25.05,30.94,0.0,4.12604432376577,2007-11-29
25.31,30.39,0.0,3.9391190155971505,2007-11-30
25.16,30.32,0.0,3.982612838333073,2007-12-01
25.8,28.68,1.97,3.822610600912987,2007-12-02
25.57,28.11,2.43,3.6542495546950984,2007-12-03
24.12,27.12,2.75,2.539838269430106,2007-12-04
23.66,30.12,0.65,3.735903358801543,2007-12-05
24.22,27.73,2.97,3.2964711726406333,2007-12-06
24.91,27.79,8.32,2.7959086067259484,2007-12-07
24.45,27.78,10.11,3.37004910587294,2007-12-08
24.85,28.8,5.76,2.5160232309101342,2007-12-09
23.93,29.39,2.56,3.7779183723081955,2007-12-10
24.18,28.07,3.43,3.881992866890914,2007-12-11
21.8,30.01,0.01,3.753876526692409,2007-12-12
24.33,30.38,0.04,3.9584103812100855,2007-12-13
24.21,30.61,0.1,4.0087317056936795,2007-12-14
24.96,30.48,0.17,4.023207187651782,2007-12-15
25.17,30.19,0.19,3.6018240664031365,2007-12-16
25.14,29.66,0.06,3.891886393398391,2007-12-17
25.4,28.69,0.06,3.4378860626273933,2007-12-18
24.89,29.5,0.02,3.473886672560596,2007-12-19
24.68,30.3,0.02,3.997629669825389,2007-12-20
21.39,29.18,0.0,4.102799339057306,2007-12-21
20.66,29.02,0.0,3.922699519159757,2007-12-22
21.15,28.94,0.0,3.6259747416857135,2007-12-23
21.26,28.6,0.0,3.3554581994720745,2007-12-24
21.35,28.43,0.0,3.4028049610574835,2007-12-25
21.96,29.56,0.0,3.6999330130155483,2007-12-26
21.9,29.41,0.0,3.606166752130064,2007-12-27
22.05,29.62,0.0,3.632222660976819,2007-12-28
22.28,29.48,0.0,3.5541213773336575,2007-12-29
23.78,29.81,0.0,3.5642786207087194,2007-12-30
24.36,30.18,0.0,3.38043646681436,2007-12-31
24.82,28.87,0.95,3.214025745796732,2008-01-01
23.24,28.54,0.36,4.104045209010995,2008-01-02
22.11,29.26,0.11,3.9293077910209195,2008-01-03
23.61,29.21,0.08,3.8520865341735617,2008-01-04
24.39,29.48,0.33,3.463120143482641,2008-01-05
25.3,26.94,0.0,2.4917720593046155,2008-01-06
24.04,27.67,0.0,3.7765940273714076,2008-01-07
20.03,26.59,0.0,4.530380569466484,2008-01-08
21.3,28.29,0.0,4.497912903203377,2008-01-09
21.73,29.43,0.0,4.174851759324623,2008-01-10
21.52,29.45,0.0,3.9830873749770683,2008-01-11
23.59,28.89,0.09,3.882350137933268,2008-01-12
23.96,29.54,0.28,3.9855996533002056,2008-01-13
24.51,28.48,0.29,3.6466858021993382,2008-01-14
24.43,29.11,0.28,3.6865776567145843,2008-01-15
24.51,27.91,10.93,2.725678612880567,2008-01-16
21.63,28.76,2.94,3.940065029404858,2008-01-17
19.4,28.42,3.0,3.873503359457552,2008-01-18
22.5,29.91,2.15,4.194360617221589,2008-01-19
21.75,27.96,1.56,4.143002812483692,2008-01-20
18.59,26.64,0.0,4.394753088556817,2008-01-21
17.26,27.89,0.0,4.74359524381244,2008-01-22
17.15,27.86,0.0,4.740108616104915,2008-01-23
18.56,28.17,0.0,4.644114882442889,2008-01-24
19.0,27.83,0.0,4.220705743643349,2008-01-25
17.98,27.51,0.0,4.410689675765684,2008-01-26
17.81,27.95,0.0,4.71115523309489,2008-01-27
17.25,27.7,0.0,4.627085378901459,2008-01-28
17.5,26.76,0.0,4.318582117522827,2008-01-29
17.72,27.74,0.0,4.235200276780695,2008-01-30
17.94,28.49,0.0,4.663469715641789,2008-01-31
19.98,30.13,0.0,4.11212850476191,2008-02-01
20.92,30.04,0.0,3.846498948592937,2008-02-02
23.11,29.83,0.0,3.392781713431557,2008-02-03
23.67,30.15,0.0,3.561763468911065,2008-02-04
24.07,29.91,0.06,3.5407692859426168,2008-02-05
24.56,30.85,0.06,4.028162268114163,2008-02-06
24.62,30.56,0.25,3.948200993067645,2008-02-07
24.51,30.82,0.27,4.294661401793338,2008-02-08
24.47,29.34,0.2,3.742991653017525,2008-02-09
24.53,30.65,0.0,4.353008264282122,2008-02-10
25.13,29.66,0.0,3.737620830523174,2008-02-11
24.94,29.45,0.0,4.302577033586874,2008-02-12
24.59,31.12,0.0,4.378776773900526,2008-02-13
25.28,31.52,0.0,4.3821415636500864,2008-02-14
25.25,31.29,0.0,4.340817252192319,2008-02-15
24.12,30.73,0.0,3.903888274530635,2008-02-16
22.71,29.79,0.0,4.319347951026558,2008-02-17
21.79,29.91,0.0,4.3815133967557705,2008-02-18
24.38,30.79,0.0,4.482285622403595,2008-02-19
24.05,30.96,0.0,4.5878790343254074,2008-02-20
22.6,28.78,0.0,3.468649546767419,2008-02-21
21.91,29.46,0.0,3.7197726220465364,2008-02-22
22.57,28.89,0.0,3.421736230689019,2008-02-23
24.64,28.54,0.0,3.0402216813081844,2008-02-24
25.08,28.6,2.01,2.9583584587366736,2008-02-25
25.16,28.46,1.82,3.614420810952332,2008-02-26
25.17,28.41,1.66,3.689264538165183,2008-02-27
24.91,28.86,2.83,3.502878321139902,2008-02-28
25.06,28.93,1.96,3.763547800274773,2008-02-29
25.17,29.09,1.57,3.5743107290012284,2008-03-01
24.83,29.11,0.3,3.8820789796844113,2008-03-02
24.95,29.14,0.32,4.114534572921099,2008-03-03
24.95,29.46,0.33,4.044415851355365,2008-03-04
25.63,29.31,0.27,3.7405685412646217,2008-03-05
25.74,29.96,0.39,4.3120599935738255,2008-03-06
26.17,29.15,0.57,4.029649201800223,2008-03-07
25.74,29.79,0.4,3.906377490636502,2008-03-08
25.81,29.29,0.85,3.5281099562528486,2008-03-09
25.95,29.17,0.98,3.7780426686189954,2008-03-10
25.47,29.57,0.49,4.560628400330301,2008-03-11
25.67,28.63,0.42,3.7658355591221513,2008-03-12
24.56,28.75,0.06,3.515256550064208,2008-03-13
25.06,30.59,0.16,4.155181140396679,2008-03-14
25.8,29.95,0.35,3.9129533630136337,2008-03-15
25.78,28.85,0.29,3.518272148991139,2008-03-16
25.76,28.71,3.06,3.474589862212207,2008-03-17
25.73,28.96,1.73,3.8768266596941188,2008-03-18
25.27,28.9,2.2,3.4412219168596443,2008-03-19
25.17,28.77,1.61,3.9517390386370406,2008-03-20
25.13,29.71,1.72,4.279776983036295,2008-03-21
25.56,29.22,1.53,3.6873041538980673,2008-03-22
25.75,29.17,1.05,4.3113960240086335,2008-03-23
25.67,29.21,1.3,2.346625939274531,2008-03-24
25.68,28.36,1.63,3.767844309894251,2008-03-25
25.2,29.71,0.87,4.684004696238967,2008-03-26
25.72,29.3,4.29,4.403903528435338,2008-03-27
26.16,29.02,4.45,4.305849201974739,2008-03-28
25.71,28.69,3.06,4.230855004159327,2008-03-29
25.94,29.01,3.87,4.5536080489851845,2008-03-30
26.2,29.48,4.21,3.625420145486263,2008-03-31
26.02,29.77,0.94,4.191490244919007,2008-04-01
25.94,29.75,1.09,3.034250075298265,2008-04-02
25.28,30.03,1.56,3.586750398386365,2008-04-03
25.56,28.09,1.57,3.395571216148593,2008-04-04
25.34,27.8,0.84,2.0550648642175564,2008-04-05
25.15,30.16,0.06,3.694806686622095,2008-04-06
25.12,29.37,0.06,3.599891365529353,2008-04-07
25.32,29.98,0.04,3.9571315334167068,2008-04-08
25.51,30.87,0.1,4.218754606268438,2008-04-09
25.81,29.54,0.11,3.931316381126549,2008-04-10
26.36,29.02,0.12,3.658592759175107,2008-04-11
25.85,29.08,0.08,3.8756060523234974,2008-04-12
26.31,29.37,0.08,4.028926870997303,2008-04-13
25.93,29.73,0.08,4.182643012565644,2008-04-14
25.75,28.78,0.1,3.908451229600196,2008-04-15
25.92,28.6,4.22,4.095565962284722,2008-04-16
25.96,29.23,3.61,1.9797253479730874,2008-04-17
25.68,29.53,3.36,3.2367055371032114,2008-04-18
25.55,29.52,1.04,4.541478801348485,2008-04-19
25.45,29.22,1.07,4.378339311267819,2008-04-20
25.26,30.28,2.97,4.840157245459657,2008-04-21
26.21,30.35,9.99,4.554651475298668,2008-04-22
26.23,28.91,13.31,3.3990387046633224,2008-04-23
25.68,29.38,6.06,4.787781855373801,2008-04-24
25.58,29.18,2.13,3.3866325489620115,2008-04-25
25.61,29.08,1.81,4.42323787153204,2008-04-26
25.49,28.6,2.63,2.186094686202373,2008-04-27
25.04,28.82,1.66,3.8868805157442687,2008-04-28
25.56,28.23,0.98,3.637906570032801,2008-04-29
24.93,29.61,0.61,4.497943923382894,2008-04-30
26.08,30.09,0.55,3.512769330083035,2008-05-01
26.24,30.44,0.54,4.401790830130242,2008-05-02
26.14,29.54,0.59,3.425817274008418,2008-05-03
26.18,29.44,0.86,4.49742533151649,2008-05-04
26.1,28.98,0.53,3.6534278530731217,2008-05-05
25.66,28.63,5.48,3.5723099597064696,2008-05-06
25.06,31.41,1.11,4.662926571417007,2008-05-07
25.98,29.62,2.63,4.31248323929767,2008-05-08
25.71,28.72,4.04,4.6200269223544765,2008-05-09
25.68,28.51,6.88,4.0376228937557554,2008-05-10
25.6,29.67,5.44,1.9937697646205286,2008-05-11
25.63,28.84,8.08,4.350989872778697,2008-05-12
25.7,28.45,8.22,2.5455387437287023,2008-05-13
25.2,28.52,8.11,3.8487673849976853,2008-05-14
25.79,29.48,7.84,4.234480801397148,2008-05-15
25.47,28.58,7.79,1.9226317994820599,2008-05-16
24.97,28.99,2.22,3.7872982056104196,2008-05-17
25.78,28.6,5.44,2.5818620672444,2008-05-18
25.37,29.13,3.33,2.5991405243044867,2008-05-19
25.12,29.27,4.64,4.431824273273055,2008-05-20
25.75,28.42,5.01,3.5822964827558774,2008-05-21
25.55,28.74,3.75,4.537004040516653,2008-05-22
25.8,29.06,4.8,4.249483110739096,2008-05-23
25.68,28.04,5.84,2.472244669956173,2008-05-24
25.02,27.5,4.77,3.265361058536333,2008-05-25
24.84,28.22,0.04,3.312660649543308,2008-05-26
24.77,28.58,0.11,4.148085002205329,2008-05-27
25.32,27.81,0.14,3.05432520248557,2008-05-28
24.77,28.27,0.14,4.179114666046142,2008-05-29
24.71,27.55,0.15,3.708884537813793,2008-05-30
24.71,28.0,3.88,3.1367666667931315,2008-05-31
24.61,28.11,2.14,3.9911947088736093,2008-06-01
24.76,27.68,7.52,3.6574370336711977,2008-06-02
25.14,26.91,14.18,1.978380257624752,2008-06-03
24.19,27.26,10.55,2.670961425735775,2008-06-04
24.5,28.09,5.26,4.296630330762945,2008-06-05
25.38,27.71,7.13,1.7965479572039944,2008-06-06
25.15,27.45,10.6,2.7882368397068755,2008-06-07
24.59,27.2,20.54,2.989411985157044,2008-06-08
24.37,28.06,22.6,3.6234329652247186,2008-06-09
24.76,27.27,10.75,3.5961564305408835,2008-06-10
25.07,28.83,3.1,4.080076690628332,2008-06-11
25.32,28.58,12.98,3.8544067722397477,2008-06-12
25.14,27.63,18.2,2.6832746097304363,2008-06-13
24.33,26.72,23.26,1.4527830628377467,2008-06-14
23.82,28.52,6.21,4.111026674375535,2008-06-15
24.87,28.04,3.23,3.044092928080912,2008-06-16
24.42,27.48,10.57,3.265631404699065,2008-06-17
24.36,26.47,6.82,2.5917172883919473,2008-06-18
23.86,27.43,5.46,2.89316877026733,2008-06-19
23.77,28.12,2.29,4.386439423815695,2008-06-20
24.65,28.84,6.76,3.721080356584392,2008-06-21
24.97,28.56,8.01,2.3784980197261727,2008-06-22
24.85,28.21,16.49,2.7508408477825386,2008-06-23
24.75,26.81,16.79,2.31682371500584,2008-06-24
24.51,27.32,19.8,2.5314855412751416,2008-06-25
24.29,28.01,11.2,2.5439464283835953,2008-06-26
24.39,27.5,5.67,3.7344592580862157,2008-06-27
24.57,27.41,4.25,2.909427241908489,2008-06-28
24.27,28.55,5.6,3.9617273336255665,2008-06-29
24.59,26.34,4.72,2.143423143281816,2008-06-30
24.05,27.71,3.2,3.5239962043045256,2008-07-01
24.13,27.64,5.46,3.8857528262761365,2008-07-02
24.15,26.86,3.14,3.4735876897039693,2008-07-03
23.87,27.6,2.64,3.5824031638167657,2008-07-04
23.72,27.32,5.01,2.816028133465484,2008-07-05
24.06,27.68,6.72,2.9470776218603243,2008-07-06
23.94,25.72,10.45,2.488948683036399,2008-07-07
23.29,27.02,4.28,2.85465775237704,2008-07-08
22.88,27.62,2.26,2.7937141653138,2008-07-09
23.07,27.83,1.44,3.63866969212299,2008-07-10
23.59,27.92,2.47,3.7769518988643354,2008-07-11
23.85,27.78,2.25,3.6056886599846294,2008-07-12
23.72,28.15,2.31,3.456461380276658,2008-07-13
24.07,26.98,8.64,3.0911964542308037,2008-07-14
23.47,26.24,31.14,1.7231456532158866,2008-07-15
23.45,26.72,9.58,3.2355730176262383,2008-07-16
23.08,27.82,10.2,3.098020773175214,2008-07-17
23.81,25.57,34.23,1.5171550184810276,2008-07-18
23.56,26.21,9.46,2.353479302246789,2008-07-19
23.54,27.3,6.31,3.3408667079777623,2008-07-20
23.67,27.57,12.32,3.517818537951062,2008-07-21
23.01,25.53,21.83,2.6464470546193066,2008-07-22
22.96,26.63,9.94,2.653962995374647,2008-07-23
23.61,27.65,5.78,3.067765376140875,2008-07-24
23.23,28.29,10.06,3.4720134302980177,2008-07-25
24.53,25.82,38.87,1.9326039316083008,2008-07-26
24.18,26.3,21.18,2.847525565865586,2008-07-27
23.63,27.83,9.12,3.335598409446845,2008-07-28
23.52,27.33,25.15,2.989519341566898,2008-07-29
23.81,26.2,9.27,2.070210825378605,2008-07-30
23.54,26.88,5.68,2.754750226389272,2008-07-31
23.16,27.53,3.72,2.8539959664750882,2008-08-01
23.61,27.28,4.42,3.483274898925018,2008-08-02
23.43,27.18,4.35,2.8454679119761694,2008-08-03
23.53,27.53,0.84,3.702560889166238,2008-08-04
23.49,27.25,3.78,3.347840621950326,2008-08-05
23.82,26.55,5.74,2.7606874842223905,2008-08-06
23.81,26.48,7.95,2.9895773147204125,2008-08-07
23.58,26.11,32.13,1.7882564193185806,2008-08-08
23.08,27.24,0.83,3.468297668752734,2008-08-09
22.84,27.91,0.31,4.309594508888566,2008-08-10
22.99,27.45,0.61,4.080109816337237,2008-08-11
23.67,26.07,4.06,3.150877553840451,2008-08-12
23.26,25.8,8.58,2.7953045116710187,2008-08-13
23.0,26.54,3.35,2.8279967913692614,2008-08-14
23.1,27.03,3.85,2.7896086343923114,2008-08-15
23.16,25.46,3.86,2.5619029467216197,2008-08-16
22.8,26.37,1.39,3.307010556405946,2008-08-17
22.48,26.98,0.45,3.69184456988902,2008-08-18
22.55,26.16,1.48,3.5221847855914454,2008-08-19
22.43,27.73,0.46,3.5422968042547236,2008-08-20
22.77,27.8,0.91,3.6598401689618236,2008-08-21
23.48,27.4,1.93,2.774509432602889,2008-08-22
22.95,27.45,1.58,3.7820055528285716,2008-08-23
23.14,27.81,1.57,3.39988847034676,2008-08-24
23.6,26.79,3.45,3.599775388999421,2008-08-25
23.53,26.9,0.25,3.659009820114448,2008-08-26
23.6,27.16,1.53,3.4870947159016095,2008-08-27
23.79,25.86,7.07,2.810291761616541,2008-08-28
23.37,27.19,4.47,3.5229776775383743,2008-08-29
23.49,27.38,3.89,3.032649545031413,2008-08-30
23.64,26.52,2.58,2.655055914180666,2008-08-31
23.28,26.85,2.51,3.533089047182583,2008-09-01
23.51,27.7,4.29,2.666847187239644,2008-09-02
23.34,27.39,6.04,2.988687166773079,2008-09-03
23.74,25.9,16.39,1.542987033511102,2008-09-04
23.4,27.43,5.88,2.4110814116297137,2008-09-05
23.35,27.85,3.92,3.1847609067585916,2008-09-06
23.79,28.44,2.74,3.458855271163032,2008-09-07
24.02,26.67,1.22,3.6008215742839917,2008-09-08
23.62,27.14,2.04,3.8680058634495187,2008-09-09
23.9,26.74,3.51,3.181331706246072,2008-09-10
24.24,27.18,4.47,2.9765831726205123,2008-09-11
23.89,28.09,1.67,3.813557836738185,2008-09-12
23.82,28.38,4.75,3.391463329502338,2008-09-13
23.65,26.8,2.71,3.1745721475668827,2008-09-14
23.85,26.41,10.88,3.3436143955094715,2008-09-15
23.33,27.95,4.52,3.2126944674659548,2008-09-16
23.84,28.02,16.31,4.066478566884676,2008-09-17
24.23,27.9,4.6,2.0873577845058873,2008-09-18
24.36,26.63,6.17,2.587482864797983,2008-09-19
23.72,28.76,3.52,3.993395481080372,2008-09-20
24.54,27.42,7.69,3.8727536028514904,2008-09-21
23.91,28.1,10.1,2.527980534559461,2008-09-22
23.63,27.88,11.62,3.490511884221003,2008-09-23
23.9,28.01,7.35,3.4384072444686526,2008-09-24
23.93,28.96,6.27,3.5700476365217493,2008-09-25
24.29,27.86,9.24,3.1017964471013633,2008-09-26
24.47,27.97,20.83,4.075161910799333,2008-09-27
24.19,27.56,10.69,2.532281219797767,2008-09-28
24.14,27.07,4.78,3.631274814780359,2008-09-29
23.82,28.32,6.03,3.3209709006698067,2008-09-30
24.16,27.47,4.37,3.6621997477412114,2008-10-01
23.77,28.85,4.03,3.811858954185612,2008-10-02
24.42,26.92,12.01,2.5470105440026964,2008-10-03
24.05,27.31,7.01,3.4689648578211125,2008-10-04
24.23,28.12,7.16,3.6293456523873595,2008-10-05
24.6,27.75,8.19,1.570827630756816,2008-10-06
24.04,28.11,9.83,3.9107323320920395,2008-10-07
23.95,28.86,2.27,2.506804579066792,2008-10-08
24.2,28.33,4.28,3.2508956638394504,2008-10-09
24.45,28.4,4.81,3.951994224092717,2008-10-10
24.3,26.93,5.52,2.020513259347537,2008-10-11
24.14,27.24,5.65,3.6082968952609504,2008-10-12
23.97,28.76,4.01,3.8855803393100024,2008-10-13
24.75,27.48,5.46,3.3870624372176947,2008-10-14
24.45,28.65,5.67,3.63358921927554,2008-10-15
24.39,28.59,6.59,4.250166127269261,2008-10-16
24.7,27.36,7.28,3.628890621595629,2008-10-17
24.2,28.26,1.43,3.4069989090134825,2008-10-18
24.16,27.31,1.9,2.8144706135537727,2008-10-19
24.51,28.21,2.51,4.049755101434788,2008-10-20
24.7,28.71,2.38,4.053494665320996,2008-10-21
24.4,27.48,1.85,3.034953683972364,2008-10-22
24.21,29.01,0.67,4.089814448304483,2008-10-23
24.26,29.9,0.41,4.1329994723175645,2008-10-24
24.72,29.29,0.83,4.132518060555727,2008-10-25
24.37,29.58,0.98,3.8932863701238447,2008-10-26
25.09,26.91,0.89,2.618632641906686,2008-10-27
24.66,28.44,0.63,3.912640550892522,2008-10-28
25.16,27.58,1.22,3.10553985176575,2008-10-29
24.78,28.42,0.76,3.884822365176327,2008-10-30
25.1,28.82,1.22,3.8161426001614696,2008-10-31
25.12,27.87,0.91,3.484250951914285,2008-11-01
25.02,28.54,2.93,3.8290566254914054,2008-11-02
25.03,28.4,3.18,2.3292036523301025,2008-11-03
25.11,28.08,3.35,4.072326035983952,2008-11-04
24.96,29.6,2.03,4.265120331174494,2008-11-05
24.33,30.1,2.37,4.2590880625969305,2008-11-06
24.46,28.29,0.99,3.946912397840671,2008-11-07
24.17,29.03,2.0,3.339588733456007,2008-11-08
24.63,28.4,1.83,3.9350598481455505,2008-11-09
24.41,27.29,2.59,2.898221726007507,2008-11-10
23.57,29.65,1.63,4.261788781427331,2008-11-11
24.89,28.46,0.15,3.872432232333227,2008-11-12
24.4,28.42,0.21,2.9537741953391805,2008-11-13
24.5,29.44,0.07,3.8434591130650846,2008-11-14
23.76,29.73,0.11,4.2934824036425265,2008-11-15
23.27,29.79,0.14,3.300477992873949,2008-11-16
24.37,30.15,0.05,4.124743721882391,2008-11-17
25.04,29.89,0.07,3.791528698642353,2008-11-18
25.05,28.54,0.1,3.4385290974433076,2008-11-19
24.63,28.78,0.08,3.421664745016434,2008-11-20
25.39,29.48,0.06,3.4954535447888,2008-11-21
25.17,30.03,0.35,3.8801703688552127,2008-11-22
24.94,28.86,0.25,3.554285580993295,2008-11-23
25.03,30.71,0.21,4.031633669010853,2008-11-24
25.16,29.29,0.29,3.6232333066850364,2008-11-25
25.4,28.4,0.32,3.3177567341094267,2008-11-26
24.95,30.0,0.06,3.8759861273166227,2008-11-27
25.39,29.09,0.04,3.818384125411743,2008-11-28
25.84,30.42,0.06,3.775687002313545,2008-11-29
25.52,30.11,0.06,3.64607923473218,2008-11-30
25.31,30.0,0.05,3.85456788777207,2008-12-01
25.73,29.1,12.96,3.6004426490991412,2008-12-02
25.52,28.67,7.27,2.972176178766695,2008-12-03
25.23,28.54,5.22,3.7027042305557796,2008-12-04
24.9,27.63,13.34,2.464435386089661,2008-12-05
24.24,28.24,1.86,2.746437500996271,2008-12-06
23.71,29.31,0.02,2.9330264294061843,2008-12-07
24.23,28.75,0.02,3.7923477663004164,2008-12-08
24.2,29.33,0.01,3.723583913065841,2008-12-09
24.42,29.14,0.01,3.8410896017639278,2008-12-10
25.19,28.48,0.02,3.544763719660017,2008-12-11
25.05,28.22,0.12,3.592793362242047,2008-12-12
24.84,28.12,0.1,3.030913190435406,2008-12-13
24.63,28.59,0.09,3.56354585622594,2008-12-14
24.63,29.73,0.07,3.644226526966714,2008-12-15
24.78,30.0,0.17,3.5985485711562677,2008-12-16
25.21,28.74,0.0,3.548842026281492,2008-12-17
24.99,30.31,0.0,3.7399819741073377,2008-12-18
25.24,29.3,0.0,3.5533418633751968,2008-12-19
25.25,29.43,0.0,3.474773850377962,2008-12-20
24.92,30.66,0.0,3.875975381357759,2008-12-21
24.62,29.87,0.0,4.162892637246239,2008-12-22
20.69,29.31,0.0,4.3470237574422255,2008-12-23
22.59,29.17,0.0,4.115917976344377,2008-12-24
22.27,28.64,0.0,4.047594758961176,2008-12-25
22.0,29.23,0.0,4.083762713898952,2008-12-26
21.79,29.53,0.0,3.9275298250073503,2008-12-27
21.68,29.8,0.0,3.742815467778303,2008-12-28
21.72,29.99,0.0,3.80365400110971,2008-12-29
23.49,30.6,0.0,3.678195510914959,2008-12-30
24.51,30.69,0.0,3.7371696039776494,2008-12-31
24.19,29.67,0.12,3.602839162485334,2009-01-01
24.8,29.17,0.05,3.5885554110868707,2009-01-02
24.99,29.64,0.03,3.851043569416812,2009-01-03
23.88,29.53,0.04,3.889429082555162,2009-01-04
24.43,29.22,0.09,3.739719434797243,2009-01-05
24.54,29.74,4.76,3.719381391783669,2009-01-06
24.58,29.66,5.11,3.5403375720341197,2009-01-07
24.79,30.22,4.59,3.7561698545268762,2009-01-08
24.95,28.27,4.5,3.3900625809331313,2009-01-09
24.66,28.69,8.24,3.610362934716453,2009-01-10
25.26,28.39,0.0,3.6794583139766552,2009-01-11
25.0,27.94,0.0,3.050702217830778,2009-01-12
24.5,29.48,0.0,3.4582413152705467,2009-01-13
24.21,30.79,0.0,4.286442294261334,2009-01-14
23.31,30.23,0.0,4.345339900737504,2009-01-15
25.01,29.8,0.0,4.115835157160402,2009-01-16
25.16,29.69,0.0,4.164350265161634,2009-01-17
25.36,28.2,0.0,3.787079442385283,2009-01-18
24.77,27.77,0.0,4.102379227416571,2009-01-19
24.18,28.67,0.0,4.451976259519067,2009-01-20
20.72,29.71,0.0,4.841196745368119,2009-01-21
20.58,28.55,0.0,4.646158566299052,2009-01-22
19.64,28.16,0.0,4.48954986166601,2009-01-23
19.99,26.01,0.0,3.8896498875682766,2009-01-24
21.85,27.94,0.0,3.7610384047818464,2009-01-25
23.88,29.37,0.0,3.871982836498374,2009-01-26
23.46,29.86,0.07,3.868977655830409,2009-01-27
24.09,29.01,0.16,3.745082754106035,2009-01-28
24.7,28.55,0.16,3.6110969110226434,2009-01-29
25.24,28.44,0.18,3.31734448583745,2009-01-30
24.75,28.89,0.0,3.8703377556506102,2009-01-31
24.58,29.63,0.0,3.651184541243124,2009-02-01
24.78,29.85,0.0,3.6126145984895834,2009-02-02
25.15,29.07,0.0,3.3177549901153873,2009-02-03
25.13,29.24,0.0,3.7243987750796856,2009-02-04
25.28,29.93,1.98,3.9852650308245936,2009-02-05
25.24,29.61,1.75,4.004742289669165,2009-02-06
25.65,28.9,1.97,3.987177951555154,2009-02-07
25.92,28.88,2.44,3.90344873664267,2009-02-08
25.66,28.49,1.7,3.473168729594656,2009-02-09
25.48,28.79,2.47,4.052617971324859,2009-02-10
25.02,29.15,2.6,3.6601202077090846,2009-02-11
24.78,29.64,0.98,3.931485473295867,2009-02-12
25.2,28.54,1.83,3.384316906001516,2009-02-13
25.65,28.45,2.79,3.3877462764360384,2009-02-14
24.68,29.43,0.45,3.039255984071428,2009-02-15
25.52,27.92,0.78,3.5996649630020223,2009-02-16
25.3,27.66,0.99,3.491121886852337,2009-02-17
24.93,29.06,0.74,3.930215070847763,2009-02-18
25.39,28.16,0.81,3.5383602493040156,2009-02-19
25.21,29.31,0.13,3.903940122908186,2009-02-20
25.38,28.82,0.19,3.5870717230023086,2009-02-21
25.36,28.89,0.18,3.44683540707036,2009-02-22
25.23,30.19,0.11,4.401700012134518,2009-02-23
25.3,28.86,0.26,3.7013281367284456,2009-02-24
25.12,29.47,3.01,3.6295303874671108,2009-02-25
25.53,28.98,0.9,4.073046682293652,2009-02-26
25.62,28.9,1.52,3.4174348345793124,2009-02-27
25.86,29.55,1.66,4.122976008643712,2009-02-28
25.72,30.05,2.29,3.6882202373305186,2009-03-01
25.75,29.0,0.26,2.0594371441542845,2009-03-02
25.63,29.57,0.18,3.284144299062652,2009-03-03
26.0,29.73,0.18,3.5717722908057055,2009-03-04
26.24,29.83,0.24,3.6826385538757025,2009-03-05
25.83,29.52,0.25,3.5011834355884988,2009-03-06
25.98,29.22,4.55,3.7116658865576544,2009-03-07
26.12,30.06,5.25,3.25827184357354,2009-03-08
26.02,29.25,4.63,3.9492791069899784,2009-03-09
25.92,29.37,6.53,3.695373182382943,2009-03-10
26.05,30.52,6.39,4.002194319834525,2009-03-11
24.75,29.2,2.45,3.5614637462693826,2009-03-12
26.21,28.85,2.95,2.118422711655805,2009-03-13
25.83,29.84,3.1,3.9929232927698743,2009-03-14
26.15,29.87,1.98,4.05487788115832,2009-03-15
26.07,29.34,1.46,3.0646172705211323,2009-03-16
26.18,29.51,1.23,4.007959371392321,2009-03-17
25.65,30.39,1.84,4.658543618327771,2009-03-18
25.53,29.24,1.4,3.920460859517022,2009-03-19
25.29,29.01,1.49,4.397997725894345,2009-03-20
25.39,29.22,1.77,4.351478395382349,2009-03-21
25.9,28.92,0.46,4.213073356590059,2009-03-22
25.91,29.46,0.47,4.134229356382524,2009-03-23
25.86,29.94,0.38,4.061089594858203,2009-03-24
25.55,29.57,0.54,3.830493668036564,2009-03-25
25.78,29.38,0.75,3.457324660463802,2009-03-26
25.77,30.22,5.11,3.9542960398857483,2009-03-27
25.8,29.64,6.23,3.85739739069283,2009-03-28
25.85,29.75,6.66,3.5933287735351334,2009-03-29
25.71,28.2,6.85,3.7228343525595964,2009-03-30
25.76,29.23,6.7,3.9228482000433162,2009-03-31
25.84,28.84,2.46,3.9093112043346445,2009-04-01
25.8,29.22,1.76,4.210045566279543,2009-04-02
25.65,29.34,1.52,4.483900866518136,2009-04-03
25.56,28.71,2.66,4.598814567327701,2009-04-04
25.41,28.63,0.69,3.135050688591882,2009-04-05
25.3,29.09,4.19,4.657609730527719,2009-04-06
25.4,28.99,10.1,4.257928482554866,2009-04-07
25.36,28.21,10.57,2.678913352696689,2009-04-08
25.13,29.01,4.5,4.5421845988721286,2009-04-09
25.4,28.62,3.79,4.559945234682087,2009-04-10
25.4,29.13,7.04,4.498808901625654,2009-04-11
25.41,28.21,21.78,3.468307472459776,2009-04-12
24.84,28.04,23.14,1.6073564032637095,2009-04-13
24.46,29.26,2.32,4.581843583031446,2009-04-14
25.06,28.48,11.5,4.210936280526316,2009-04-15
25.59,29.04,6.99,2.8451486630836653,2009-04-16
25.3,29.35,2.39,4.866988563749774,2009-04-17
25.15,29.75,7.49,4.322279653149615,2009-04-18
24.88,29.61,3.83,4.4408901193976,2009-04-19
25.2,29.83,4.62,4.797930784312867,2009-04-20
25.56,28.96,10.35,4.019375867100026,2009-04-21
25.64,29.82,3.86,3.2109416254879997,2009-04-22
25.56,29.22,2.2,4.800755610545309,2009-04-23
25.41,30.19,6.85,2.949785386100617,2009-04-24
24.97,30.18,6.78,4.167513126401655,2009-04-25
25.65,29.46,3.63,3.1867639345342744,2009-04-26
24.71,28.95,4.46,3.523763747833681,2009-04-27
25.7,28.76,2.52,3.6263079821258573,2009-04-28
25.99,29.41,3.24,4.108904534016803,2009-04-29
26.07,28.67,4.04,3.847172424698363,2009-04-30
26.12,28.65,4.32,3.9674224369833695,2009-05-01
26.06,29.36,8.58,4.198131379359192,2009-05-02
25.41,28.26,5.22,3.615683934198065,2009-05-03
25.01,29.66,6.05,4.121538885010704,2009-05-04
25.56,29.02,12.41,2.713027370544181,2009-05-05
25.06,28.49,14.4,2.3640367298380935,2009-05-06
24.5,29.5,5.94,4.049347697461132,2009-05-07
25.1,28.31,9.95,3.6941959926312795,2009-05-08
25.04,27.54,15.18,2.4989157859431996,2009-05-09
24.56,26.82,4.18,2.115159574618011,2009-05-10
24.9,29.39,1.64,4.212954843091434,2009-05-11
25.62,29.1,1.18,4.6129212151507355,2009-05-12
25.29,28.58,1.49,4.577429918404801,2009-05-13
24.97,28.37,3.78,3.35162937510364,2009-05-14
24.94,28.5,2.56,3.235946443978135,2009-05-15
24.69,29.26,0.86,4.316089473780681,2009-05-16
25.01,29.37,0.67,4.631329720218765,2009-05-17
25.41,29.81,1.45,4.3574055771273805,2009-05-18
25.76,28.79,2.93,3.0429402352991968,2009-05-19
25.74,28.48,2.23,3.2872547296972368,2009-05-20
25.5,27.89,2.34,3.9067938188976017,2009-05-21
25.53,29.09,3.63,4.021065247437529,2009-05-22
25.76,29.64,3.15,4.259144561483294,2009-05-23
25.18,29.53,6.51,4.330816581130549,2009-05-24
25.52,28.04,7.38,1.99229884681006,2009-05-25
25.57,29.29,1.53,4.086412337299558,2009-05-26
25.26,29.75,2.73,4.573840154447004,2009-05-27
25.84,28.99,4.57,3.857046837648789,2009-05-28
26.25,29.31,6.95,3.6426482516470067,2009-05-29
24.91,28.94,4.85,3.252500687761242,2009-05-30
24.52,29.44,1.53,4.33250475556063,2009-05-31
25.42,28.87,4.2,4.07770529207552,2009-06-01
26.04,29.2,3.18,4.031829301380725,2009-06-02
26.01,28.93,3.58,4.0775691109661585,2009-06-03
26.06,28.42,4.22,3.09472951640348,2009-06-04
25.06,28.12,7.79,3.3571655010579784,2009-06-05
24.21,29.1,4.87,4.294288413255712,2009-06-06
25.1,28.85,4.93,4.020869878247743,2009-06-07
25.46,29.02,2.15,3.9592874926621753,2009-06-08
25.99,28.47,4.72,3.633214119316145,2009-06-09
25.63,28.1,9.07,3.7536285798450435,2009-06-10
24.67,27.65,10.98,1.5448970092775376,2009-06-11
24.08,27.74,17.62,3.6262998814231255,2009-06-12
24.22,29.1,7.98,3.2089363103584403,2009-06-13
24.7,27.99,4.86,3.747711642906027,2009-06-14
24.78,27.52,21.49,3.538991445512411,2009-06-15
24.26,27.34,19.83,2.563027335860876,2009-06-16
24.69,27.39,14.19,2.0429007620446296,2009-06-17
24.1,28.56,9.37,3.671293099776471,2009-06-18
24.87,27.75,9.22,3.0726542220745015,2009-06-19
25.15,28.3,3.06,3.4992705231864387,2009-06-20
23.99,26.63,2.99,2.5234423831593475,2009-06-21
23.06,28.12,1.84,3.8476353306238296,2009-06-22
24.48,28.69,2.37,4.061264400805798,2009-06-23
24.99,27.9,2.2,3.3464274342858293,2009-06-24
24.99,28.55,10.21,2.8506491638716125,2009-06-25
24.44,26.89,31.76,1.1620094197809632,2009-06-26
23.82,27.52,8.33,2.875506275088011,2009-06-27
24.14,26.66,11.57,1.6967177561901683,2009-06-28
23.52,27.24,13.51,3.3763348609902986,2009-06-29
23.62,26.57,10.45,2.332742006585907,2009-06-30
23.11,27.7,4.17,3.1235104960028366,2009-07-01
23.69,28.28,3.73,3.5534516426525773,2009-07-02
24.31,28.77,6.69,3.7855048911573133,2009-07-03
24.71,27.97,2.57,3.2696180387864997,2009-07-04
24.55,27.42,4.86,3.2588473285359174,2009-07-05
24.63,27.05,6.62,2.082522543485361,2009-07-06
24.28,26.96,11.36,2.4411396604388598,2009-07-07
24.36,26.54,10.62,2.341734977818089,2009-07-08
23.84,26.97,6.83,3.164778497196064,2009-07-09
23.96,26.11,61.18,1.9397693653272448,2009-07-10
23.59,26.82,7.75,2.3108438471318475,2009-07-11
23.08,27.62,4.96,2.5479358434377697,2009-07-12
23.56,27.67,5.05,3.767985474700273,2009-07-13
23.75,26.69,10.93,2.9843051534528215,2009-07-14
23.6,28.02,2.57,3.818033878180727,2009-07-15
23.64,27.85,6.86,3.781108569796333,2009-07-16
24.08,26.93,6.71,2.579999578271257,2009-07-17
23.89,27.12,5.35,3.3572094129320598,2009-07-18
23.7,27.36,3.1,3.478415099809815,2009-07-19
23.41,27.66,2.69,3.160090242342299,2009-07-20
23.95,27.12,9.46,2.517682161994203,2009-07-21
23.8,27.53,8.13,3.2300646652887948,2009-07-22
23.61,27.96,4.82,3.0546396846730524,2009-07-23
23.59,27.27,7.4,3.2125453569467517,2009-07-24
23.78,26.53,1.7,2.863220103966717,2009-07-25
23.26,27.07,0.41,2.9877146009388666,2009-07-26
23.34,25.45,1.31,2.2798147781253917,2009-07-27
22.75,26.61,1.12,2.676814893494667,2009-07-28
22.01,27.26,0.92,3.684569762096669,2009-07-29
22.77,26.75,3.36,3.507812368640149,2009-07-30
22.8,26.18,14.94,2.385818462196806,2009-07-31
22.84,26.19,1.73,3.3061787352921,2009-08-01
22.38,27.08,1.59,3.2137066443502196,2009-08-02
22.68,26.75,4.81,2.9516704786738255,2009-08-03
22.74,27.04,0.55,2.801797336016324,2009-08-04
22.31,26.68,0.41,2.4740959857505413,2009-08-05
22.66,26.21,0.41,2.932367595429985,2009-08-06
22.34,27.44,0.24,3.02515639998096,2009-08-07
22.85,27.89,0.46,3.447885187341729,2009-08-08
23.12,27.22,1.08,2.6535266975244944,2009-08-09
22.95,26.94,0.93,2.6844056215210075,2009-08-10
22.47,27.38,1.16,3.036181406631234,2009-08-11
22.74,26.84,4.83,2.814083567739757,2009-08-12
23.0,26.66,3.25,2.5869156441883456,2009-08-13
22.87,26.83,3.35,2.558339510526121,2009-08-14
22.6,27.19,1.52,3.2646516851399525,2009-08-15
22.63,27.22,15.47,3.2150968864681846,2009-08-16
22.93,24.7,27.8,2.0427158921957846,2009-08-17
22.73,26.25,2.54,2.602586801910242,2009-08-18
22.49,27.09,1.69,3.473713516666519,2009-08-19
22.96,25.79,3.0,2.840019836627728,2009-08-20
22.75,27.24,0.97,3.1979233115444057,2009-08-21
22.69,27.26,0.75,3.0936348080959037,2009-08-22
22.99,27.34,0.88,3.1653491314362627,2009-08-23
23.3,27.41,1.78,3.007443194136052,2009-08-24
23.47,26.69,2.07,3.4135246686974505,2009-08-25
23.3,26.91,2.41,3.4827125295651875,2009-08-26
22.96,27.92,1.46,3.7433567360717155,2009-08-27
23.42,27.03,2.41,2.4627053989450567,2009-08-28
23.52,26.8,2.41,2.706486260551529,2009-08-29
23.03,27.68,1.95,3.6446155967910276,2009-08-30
23.15,26.22,4.61,2.59298741705662,2009-08-31
22.9,25.94,2.62,2.478344162799639,2009-09-01
23.01,27.16,1.25,2.7456750731274173,2009-09-02
23.2,27.7,4.93,2.9326189403429517,2009-09-03
23.35,27.88,4.5,3.0408893009776583,2009-09-04
23.85,26.81,11.69,2.667171950465991,2009-09-05
23.73,26.12,7.67,2.9633881165385363,2009-09-06
23.35,27.4,5.58,3.468291102961131,2009-09-07
23.57,27.25,2.87,3.7999332488377413,2009-09-08
23.62,27.67,4.84,3.5411138515292824,2009-09-09
23.67,27.2,2.36,2.9013401254786437,2009-09-10
23.52,27.38,3.37,3.4461605902548107,2009-09-11
23.94,25.99,7.63,2.5404324396662106,2009-09-12
23.86,27.39,4.52,3.149053201389088,2009-09-13
23.61,26.85,3.7,3.2130917943797743,2009-09-14
23.67,26.38,10.7,2.210070506273527,2009-09-15
23.19,26.37,6.02,2.7598552776410568,2009-09-16
22.86,28.21,1.53,3.876275073064638,2009-09-17
23.38,28.18,0.42,3.533667878024815,2009-09-18
23.66,27.96,1.4,3.5809079213640334,2009-09-19
23.46,27.6,1.61,3.0934829831737245,2009-09-20
23.41,27.91,1.22,2.904740773864469,2009-09-21
23.41,28.03,1.07,3.7525073498900494,2009-09-22
23.44,28.05,0.95,3.9745407736389615,2009-09-23
23.84,28.17,1.57,3.724679703258787,2009-09-24
23.93,28.5,1.71,2.683039948032025,2009-09-25
23.67,28.02,2.35,4.0463373641207925,2009-09-26
24.05,27.09,4.21,3.054922862576411,2009-09-27
23.73,28.76,2.09,4.016516209868848,2009-09-28
24.14,28.38,1.67,3.860657122671466,2009-09-29
24.16,27.69,2.11,3.2473027571956488,2009-09-30
23.78,27.2,1.57,3.314348639102553,2009-10-01
23.96,27.82,2.38,3.587901249987533,2009-10-02
24.37,28.24,4.15,3.5669319473182797,2009-10-03
24.21,28.12,5.01,2.51786907186812,2009-10-04
24.39,26.85,8.8,2.4037223275794477,2009-10-05
24.15,27.62,6.01,2.8820792268054407,2009-10-06
24.05,27.77,9.22,3.251821602877682,2009-10-07
24.36,27.23,10.32,2.8190474940462105,2009-10-08
24.12,28.12,3.18,3.89254488558357,2009-10-09
24.12,28.94,1.96,4.111047133617665,2009-10-10
24.27,28.79,2.75,4.0540071303554175,2009-10-11
24.35,28.97,4.16,4.038090176683676,2009-10-12
24.55,28.13,8.01,3.4367839303113223,2009-10-13
24.19,26.7,9.1,2.642579010608826,2009-10-14
24.01,27.09,7.52,3.3126208115641655,2009-10-15
23.69,28.39,1.0,3.9284874473142066,2009-10-16
24.18,28.52,2.28,3.913417295181653,2009-10-17
24.1,29.11,2.49,3.9760083739367262,2009-10-18
24.29,28.67,3.8,3.9815671389436758,2009-10-19
24.51,27.14,9.72,3.336727044970373,2009-10-20
23.96,27.54,10.53,2.7327720643320843,2009-10-21
23.86,27.9,16.55,3.4208695444975006,2009-10-22
24.0,27.24,8.98,3.448891666286279,2009-10-23
24.5,27.71,16.29,2.7567593425834445,2009-10-24
24.18,28.09,5.69,3.0638387038109385,2009-10-25
24.27,27.77,6.24,3.688798690629907,2009-10-26
24.3,28.03,14.3,3.780515963741035,2009-10-27
24.28,27.73,5.58,3.4709817732875687,2009-10-28
24.21,27.4,5.51,2.81115405014168,2009-10-29
23.98,28.32,2.53,3.9644690556503144,2009-10-30
24.07,29.98,5.28,4.338276653950981,2009-10-31
24.9,29.22,8.05,3.4709790550173003,2009-11-01
24.99,27.71,1.4,2.9673259309737943,2009-11-02
25.0,28.32,1.97,3.566435310003587,2009-11-03
25.04,27.66,1.73,2.8864933696528845,2009-11-04
24.49,27.11,1.8,3.250900239713678,2009-11-05
24.26,27.67,1.05,3.4238454675065984,2009-11-06
24.88,28.21,2.15,3.719746530024123,2009-11-07
24.7,27.4,3.6,3.1407618948634934,2009-11-08
24.34,27.28,9.54,3.1867367672571367,2009-11-09
23.99,28.53,0.98,3.77673730018599,2009-11-10
24.08,28.83,3.33,3.795263954548617,2009-11-11
24.61,28.9,2.7,3.9475433832168383,2009-11-12
24.64,29.14,3.03,3.7877028576198133,2009-11-13
24.99,28.28,4.18,3.7121218026559277,2009-11-14
24.65,28.22,4.61,3.4417864925711257,2009-11-15
24.4,29.04,2.38,3.9008367071310452,2009-11-16
23.81,29.84,0.0,3.9138442646611566,2009-11-17
23.88,29.74,0.0,3.802263707867061,2009-11-18
23.22,29.19,0.0,4.028883948475946,2009-11-19
23.37,29.32,0.0,3.8621470816498915,2009-11-20
23.01,29.59,0.0,4.1975209332515675,2009-11-21
24.07,30.03,0.0,4.143503988450222,2009-11-22
24.64,29.48,0.0,4.074795711213584,2009-11-23
24.72,29.96,0.0,2.8205467768935426,2009-11-24
24.38,30.43,0.0,4.386078819604021,2009-11-25
24.31,30.42,0.0,4.362779443478057,2009-11-26
24.03,30.33,0.0,3.9310608852952775,2009-11-27
24.62,29.33,0.0,3.4543599836744567,2009-11-28
24.32,30.11,0.0,4.177230855997353,2009-11-29
23.59,29.85,0.0,4.169980283675111,2009-11-30
22.81,29.95,0.0,4.355172883705706,2009-12-01
23.16,29.94,0.0,4.100240903328912,2009-12-02
24.27,29.97,0.0,3.552394042234279,2009-12-03
25.1,29.43,0.0,3.8397095771339007,2009-12-04
24.41,29.88,0.0,4.014670062019152,2009-12-05
24.65,30.91,0.0,4.130186218760336,2009-12-06
24.7,30.56,0.0,4.151953653921457,2009-12-07
24.58,30.78,0.0,4.192375659271351,2009-12-08
24.85,28.64,0.0,3.697334959288761,2009-12-09
25.29,29.36,0.0,3.6030848970054015,2009-12-10
25.07,29.39,0.0,3.758338193463234,2009-12-11
24.79,28.85,0.19,2.8129503887802163,2009-12-12
24.77,28.81,0.24,3.628944020013016,2009-12-13
25.08,29.14,0.23,3.654704604932621,2009-12-14
25.03,30.13,0.16,3.9294118821820896,2009-12-15
25.0,30.57,0.21,3.9206918006660447,2009-12-16
25.23,30.87,0.0,3.779752961436165,2009-12-17
25.08,31.18,0.0,4.054428662213114,2009-12-18
25.34,30.56,0.0,4.061642805907192,2009-12-19
25.28,30.12,0.0,3.9780802761270335,2009-12-20
25.7,30.21,0.0,3.7984999337670247,2009-12-21
25.34,31.03,0.11,4.035448347971838,2009-12-22
25.44,30.9,0.09,4.3418932462935,2009-12-23
25.21,30.55,0.15,4.111068373499724,2009-12-24
24.95,30.93,0.17,4.055550658676254,2009-12-25
24.89,29.69,0.13,3.9014703846855636,2009-12-26
24.3,30.06,0.0,4.142170551306952,2009-12-27
23.68,30.23,0.0,4.143848301809768,2009-12-28
24.25,30.78,0.0,4.137427422691195,2009-12-29
24.51,30.68,0.0,4.012126660859747,2009-12-30
24.27,30.19,0.0,3.8826423487347013,2009-12-31
24.81,30.37,0.55,3.675106820006107,2010-01-01
25.22,30.04,0.8,3.7411431520846525,2010-01-02
24.91,30.4,1.06,3.7864249792439097,2010-01-03
25.01,29.49,1.11,3.61878291923346,2010-01-04
24.91,30.11,1.28,3.5127548456144093,2010-01-05
25.29,29.37,0.18,3.2225441977353038,2010-01-06
25.18,29.69,0.15,3.3784731696219144,2010-01-07
25.32,29.49,0.15,3.485285067787989,2010-01-08
25.44,29.05,0.12,2.931741158116065,2010-01-09
25.39,30.19,0.11,3.3594076871077183,2010-01-10
25.04,31.34,0.8,4.107962877042002,2010-01-11
25.0,31.41,1.75,4.3994389891074785,2010-01-12
25.89,30.69,1.78,4.058090282355721,2010-01-13
26.01,29.76,1.39,3.793484996127663,2010-01-14
25.59,30.23,1.3,2.484125246385164,2010-01-15
25.61,30.69,0.01,4.385785382044161,2010-01-16
24.75,30.83,0.0,4.231204706776114,2010-01-17
24.91,30.47,0.01,3.8451159966466495,2010-01-18
24.98,30.72,0.01,4.321579570358459,2010-01-19
22.24,29.19,0.0,4.204794096242403,2010-01-20
24.16,29.35,0.0,3.857436748103857,2010-01-21
23.77,30.67,0.0,4.019158521710959,2010-01-22
24.79,31.58,0.0,4.4479822025058775,2010-01-23
24.45,30.73,0.0,4.111712882141378,2010-01-24
25.09,30.64,0.0,3.9881535468019327,2010-01-25
25.98,28.96,0.63,3.655069806490902,2010-01-26
25.65,30.75,0.55,3.678205889048875,2010-01-27
26.1,29.71,0.56,3.8155952811454985,2010-01-28
26.01,30.5,0.62,3.7733845061579085,2010-01-29
25.76,31.06,0.35,3.87131104784618,2010-01-30
25.75,31.53,0.0,4.08376771702081,2010-01-31
25.07,31.86,0.0,4.603258875500997,2010-02-01
25.66,31.81,0.0,4.758030951210329,2010-02-02
26.18,30.64,0.0,4.423072368601805,2010-02-03
25.98,30.19,0.0,4.199883622719659,2010-02-04
26.19,29.69,1.07,3.682100613551356,2010-02-05
25.73,32.07,0.48,4.5674928623712825,2010-02-06
24.88,30.86,0.27,4.029474914400286,2010-02-07
25.36,31.56,0.76,4.539570742057983,2010-02-08
25.06,31.08,0.58,4.305468114127537,2010-02-09
25.67,29.96,1.98,3.997692870496769,2010-02-10
25.44,28.79,5.74,3.4761318931328855,2010-02-11
25.29,29.58,5.82,3.830806003353213,2010-02-12
25.7,31.71,5.07,4.482897936517865,2010-02-13
25.89,30.02,1.17,3.7300826779595564,2010-02-14
26.4,30.46,0.07,4.673906735963014,2010-02-15
26.19,30.73,0.08,4.482244740474518,2010-02-16
26.34,30.46,0.09,4.405666312690789,2010-02-17
26.33,29.74,0.15,4.015274609055261,2010-02-18
26.22,30.89,0.11,4.278879257536987,2010-02-19
26.78,29.97,0.78,4.288606013871467,2010-02-20
26.45,30.26,0.65,4.333581650768512,2010-02-21
26.3,31.26,0.82,4.391237505028173,2010-02-22
26.1,30.62,1.04,4.3434854203836135,2010-02-23
26.55,30.07,0.87,4.528174292793199,2010-02-24
26.78,30.33,1.66,4.464826208091073,2010-02-25
26.56,30.94,1.37,4.595443527593535,2010-02-26
26.63,30.65,1.94,4.370874746116059,2010-02-27
26.69,30.22,1.82,4.026697328528647,2010-02-28
26.44,29.66,1.3,3.7713662638792873,2010-03-01
26.22,29.84,0.57,4.230059521114409,2010-03-02
26.3,30.08,0.81,4.203155438977875,2010-03-03
26.63,30.24,1.27,3.8717919914435277,2010-03-04
26.55,29.88,0.95,4.197340794608251,2010-03-05
26.51,30.6,0.69,3.8605117161339155,2010-03-06
26.76,29.97,4.03,4.290800260309198,2010-03-07
26.34,31.44,6.13,4.680846860421293,2010-03-08
26.58,30.67,12.87,3.8020707677700236,2010-03-09
26.41,29.4,6.68,4.274177351335544,2010-03-10
26.28,29.84,7.46,4.114321437015853,2010-03-11
26.47,29.49,8.58,4.1323022376799265,2010-03-12
26.3,30.58,7.95,4.231719472041352,2010-03-13
27.04,29.52,4.74,3.492939608691615,2010-03-14
26.57,29.74,10.29,4.454104014663722,2010-03-15
25.84,29.4,3.39,3.055036817050095,2010-03-16
25.68,29.71,0.52,4.40675333467313,2010-03-17
26.3,30.1,0.75,4.309270355691324,2010-03-18
26.39,29.37,1.01,3.4821955237563746,2010-03-19
26.05,29.23,2.46,2.6224337593807565,2010-03-20
26.37,29.14,0.75,2.427065805017066,2010-03-21
24.46,29.69,0.3,2.7271001836960362,2010-03-22
24.76,29.33,0.28,3.303084528411855,2010-03-23
25.7,29.46,0.03,3.0069319551203453,2010-03-24
25.79,30.08,0.34,3.1209426649394336,2010-03-25
26.24,30.44,0.37,3.7684181765645897,2010-03-26
26.04,29.12,4.13,3.8420271097077014,2010-03-27
26.22,29.92,4.32,3.374727705975375,2010-03-28
26.11,31.1,3.68,4.090084755817941,2010-03-29
26.68,30.39,4.8,3.3464552073899427,2010-03-30
26.42,30.44,2.97,4.468464472309884,2010-03-31
26.33,30.26,4.56,4.380740866581317,2010-04-01
26.5,29.78,3.96,4.246627394545256,2010-04-02
26.73,30.03,5.68,3.86813462557512,2010-04-03
26.48,29.69,3.9,4.081298982692467,2010-04-04
26.27,30.0,4.87,4.225671746566916,2010-04-05
26.59,29.83,1.83,4.677543925641124,2010-04-06
26.5,29.96,2.52,4.401172863841149,2010-04-07
26.68,31.24,1.72,4.787939105521913,2010-04-08
26.53,30.22,1.97,4.63671744835768,2010-04-09
26.12,31.17,1.29,3.430693496572761,2010-04-10
26.09,30.4,0.86,3.8458932121690865,2010-04-11
26.24,30.9,1.09,4.362209364190558,2010-04-12
26.87,29.76,1.02,3.9730731880081955,2010-04-13
26.92,29.75,1.37,3.898142093798408,2010-04-14
26.67,30.29,1.56,3.412683661489377,2010-04-15
26.91,30.02,6.43,4.166696125967599,2010-04-16
26.47,30.41,0.7,2.5548036189194585,2010-04-17
26.34,32.73,0.58,5.5092392712827785,2010-04-18
26.83,30.39,3.63,4.616998215106175,2010-04-19
27.29,30.2,5.23,4.2984324118628106,2010-04-20
27.14,29.71,7.97,3.860610743264332,2010-04-21
26.74,29.18,9.12,3.711198498730688,2010-04-22
26.75,29.75,6.7,4.20178218061273,2010-04-23
26.11,28.87,6.4,2.1121579573102545,2010-04-24
25.58,29.34,4.29,4.619935476684667,2010-04-25
26.23,29.38,3.02,4.225910810762065,2010-04-26
25.6,29.48,1.71,4.217644239983232,2010-04-27
26.1,30.09,3.18,3.0980012385017877,2010-04-28
25.73,29.92,2.31,4.128502941688368,2010-04-29
26.09,29.38,2.95,3.8348097188490766,2010-04-30
26.3,29.1,9.55,4.0587576872488995,2010-05-01
25.99,28.41,10.63,1.5401879971884158,2010-05-02
25.79,28.34,7.29,4.068225458355955,2010-05-03
25.27,30.27,6.27,4.256952336065396,2010-05-04
26.33,28.82,10.5,2.8581664451030737,2010-05-05
25.81,29.1,4.41,4.154137607890595,2010-05-06
26.12,28.07,7.78,2.542880899923074,2010-05-07
25.68,29.55,3.58,4.266784792810037,2010-05-08
26.42,29.4,4.65,3.789076186403423,2010-05-09
26.38,29.85,3.3,4.448877257496756,2010-05-10
25.62,30.24,0.96,4.633848419702133,2010-05-11
26.76,30.16,1.3,4.435862552030874,2010-05-12
26.59,29.46,3.38,3.5481051060314437,2010-05-13
26.07,29.95,2.47,4.103726609805329,2010-05-14
25.69,30.21,1.31,4.452980935320719,2010-05-15
26.57,29.54,14.85,4.256643813561478,2010-05-16
26.35,27.98,14.15,1.8461021817273113,2010-05-17
26.0,28.73,8.68,4.1576038120677365,2010-05-18
25.89,30.12,10.98,4.458121649054748,2010-05-19
26.17,30.02,8.87,3.9415515574810933,2010-05-20
25.79,28.3,1.98,2.962568677339244,2010-05-21
25.36,28.26,1.42,3.7280783854899346,2010-05-22
25.56,29.99,1.28,3.2754063742354944,2010-05-23
26.22,29.68,1.31,4.073606610983307,2010-05-24
26.65,29.89,2.11,4.071338867623407,2010-05-25
26.86,28.99,9.16,2.9896336216472266,2010-05-26
26.36,28.91,5.17,2.3709239859694855,2010-05-27
26.14,28.69,5.82,3.359529235065534,2010-05-28
25.87,28.98,3.95,3.0679908167948327,2010-05-29
26.02,28.65,7.3,2.6687274733985404,2010-05-30
25.58,27.62,19.46,2.8003994843958755,2010-05-31
25.2,27.92,11.28,3.18502586064005,2010-06-01
25.11,28.89,16.28,2.7603104014806683,2010-06-02
25.03,27.73,20.06,2.542809419653012,2010-06-03
25.3,27.49,15.06,1.4328395894226649,2010-06-04
24.87,29.08,4.25,3.870076497006685,2010-06-05
25.47,28.16,5.55,3.7324740774434586,2010-06-06
25.34,28.44,6.25,4.225560273441803,2010-06-07
25.13,29.38,6.56,3.8391621175879838,2010-06-08
25.5,28.53,7.46,2.2568636155678097,2010-06-09
25.02,27.73,8.21,3.471127912682666,2010-06-10
24.91,28.6,4.38,3.577971459750367,2010-06-11
25.64,28.44,3.63,3.2745364299284865,2010-06-12
25.96,27.75,4.48,2.479092322531536,2010-06-13
25.63,28.41,5.01,2.8762015471103646,2010-06-14
25.13,28.32,6.65,3.096311038216932,2010-06-15
24.86,27.5,5.78,2.867940378611009,2010-06-16
24.41,28.36,6.62,3.9708160482636834,2010-06-17
24.79,27.78,7.93,3.691576481652984,2010-06-18
24.97,27.66,4.04,2.645249859975308,2010-06-19
25.23,27.57,5.95,1.451633953360884,2010-06-20
24.99,28.36,11.65,1.6913123245552446,2010-06-21
25.34,28.12,9.67,3.415368767624311,2010-06-22
25.52,27.89,6.23,3.195730534356676,2010-06-23
25.12,27.94,22.91,3.4511930842243,2010-06-24
24.61,27.72,15.65,2.583556009681418,2010-06-25
24.44,27.49,5.59,3.0965419106446865,2010-06-26
24.61,27.09,3.71,2.6686450564667874,2010-06-27
24.59,27.34,1.59,2.902411084238281,2010-06-28
24.71,28.43,2.76,3.569071761058937,2010-06-29
24.76,28.08,6.43,3.7419927624696987,2010-06-30
24.76,28.03,12.02,2.793275097255526,2010-07-01
24.24,26.92,4.61,3.796981769183574,2010-07-02
24.29,27.92,6.55,3.700475626345856,2010-07-03
24.12,27.44,5.03,2.1528392780119217,2010-07-04
24.03,26.65,2.95,3.239644746354053,2010-07-05
23.65,26.55,6.81,3.0286797343867233,2010-07-06
23.86,26.73,10.43,1.5594974762487779,2010-07-07
23.73,27.26,7.02,3.5540561516596965,2010-07-08
24.0,27.41,11.2,3.299721682878025,2010-07-09
24.15,26.42,19.76,2.327610359477426,2010-07-10
23.65,26.56,1.7,3.6324001367915097,2010-07-11
22.94,28.64,3.75,3.109245684029332,2010-07-12
24.04,27.23,4.53,3.154166531762878,2010-07-13
23.96,27.09,9.26,2.9595292231852173,2010-07-14
23.8,27.34,17.42,2.272641461702995,2010-07-15
23.39,26.62,7.61,2.612473092738628,2010-07-16
23.42,27.56,1.41,3.86336216126193,2010-07-17
23.01,28.62,0.27,4.174637511006229,2010-07-18
23.51,27.29,0.53,3.5304159097868477,2010-07-19
23.81,27.37,0.55,3.3433431103359315,2010-07-20
23.07,26.98,1.11,3.6394716585327433,2010-07-21
22.66,27.87,0.52,3.9989867542481976,2010-07-22
23.47,26.31,2.38,3.0761889822736768,2010-07-23
22.98,27.58,0.14,4.195352743339983,2010-07-24
23.02,27.85,0.29,4.389544310664476,2010-07-25
23.48,27.59,1.53,3.54252648909783,2010-07-26
23.53,26.66,2.33,3.2509967194949128,2010-07-27
23.17,26.7,2.7,3.407307892855263,2010-07-28
22.84,27.84,1.41,3.625586615318648,2010-07-29
23.22,25.82,0.49,3.1003399929805244,2010-07-30
22.7,27.14,0.17,3.9328514918009736,2010-07-31
22.08,27.62,0.02,3.9624804351985166,2010-08-01
22.58,27.77,0.01,4.185262306692822,2010-08-02
22.96,27.49,0.38,3.507105566064794,2010-08-03
22.99,27.33,0.99,3.8525142524979232,2010-08-04
23.12,28.22,1.11,4.039395957106881,2010-08-05
23.78,26.66,9.93,3.0806173400477204,2010-08-06
24.03,26.42,6.21,2.153728924800072,2010-08-07
23.62,27.0,8.94,2.5662281185456015,2010-08-08
23.38,27.06,7.48,2.4054294090642436,2010-08-09
23.28,26.87,2.6,2.797435274290308,2010-08-10
23.69,26.89,4.34,2.456524304080776,2010-08-11
23.43,27.01,8.54,2.6582629192174148,2010-08-12
23.31,25.52,11.78,2.4708616383199478,2010-08-13
23.11,26.96,7.58,2.694644470997625,2010-08-14
23.45,28.42,2.87,3.4686274729798603,2010-08-15
23.98,28.03,3.57,3.9235835296489743,2010-08-16
23.84,26.9,9.27,1.9637114818358696,2010-08-17
23.58,27.78,3.12,4.016926792767553,2010-08-18
22.73,28.14,4.41,3.7035216774889506,2010-08-19
23.77,26.52,38.66,1.9920538937674843,2010-08-20
23.42,27.03,18.96,3.2078349007982268,2010-08-21
23.86,28.0,4.44,3.3654424408301433,2010-08-22
23.67,27.72,5.35,3.5683175988298874,2010-08-23
23.61,27.57,5.14,2.232217956152439,2010-08-24
23.81,26.13,3.14,2.0591643558303536,2010-08-25
23.7,27.89,3.34,3.422569345516609,2010-08-26
23.64,26.94,1.7,2.947995277141098,2010-08-27
23.63,27.36,2.34,3.195143058269701,2010-08-28
23.52,27.76,0.58,3.0330883598344984,2010-08-29
23.54,27.72,1.09,3.45835984637259,2010-08-30
23.74,26.62,1.13,3.247672652337525,2010-08-31
23.55,28.13,0.42,4.396374005331171,2010-09-01
23.03,28.74,0.1,4.327947164141719,2010-09-02
23.97,26.52,10.3,2.771186295800565,2010-09-03
23.94,27.58,9.41,2.58789923623367,2010-09-04
23.83,27.51,9.07,3.1090064578235412,2010-09-05
23.88,27.57,6.54,3.1178476851172654,2010-09-06
23.48,27.09,15.74,3.380428379033804,2010-09-07
23.25,26.72,6.97,2.589317082716948,2010-09-08
23.53,27.76,6.49,3.345747081819976,2010-09-09
23.74,26.15,13.67,2.7364962942133864,2010-09-10
23.44,26.75,12.84,2.80791523479139,2010-09-11
23.23,28.03,5.49,3.727152908770129,2010-09-12
23.25,27.73,7.45,3.697092552423385,2010-09-13
23.8,26.52,18.3,3.5117281693552345,2010-09-14
23.6,27.06,12.73,3.065023948193361,2010-09-15
23.56,28.39,4.05,3.614369453599442,2010-09-16
24.36,26.94,6.06,3.057466360482564,2010-09-17
24.35,27.02,25.51,2.30422266900704,2010-09-18
23.9,28.33,19.27,3.6662674031020424,2010-09-19
24.29,27.69,16.86,2.3987778189991977,2010-09-20
24.29,27.82,9.55,4.206401369540948,2010-09-21
24.28,27.11,24.29,3.442889807290764,2010-09-22
24.47,27.44,39.18,3.2644681405936695,2010-09-23
23.82,26.28,20.01,2.78718490227772,2010-09-24
23.57,27.16,12.11,3.439178994221607,2010-09-25
24.01,28.32,7.66,3.8250865272890846,2010-09-26
24.48,27.23,19.85,2.87163118711164,2010-09-27
24.36,26.86,4.37,3.158237563513057,2010-09-28
24.06,29.03,2.34,4.018372034117112,2010-09-29
24.55,27.8,9.15,3.9422822113345846,2010-09-30
24.42,28.35,6.76,3.7064906225228462,2010-10-01
24.15,28.49,5.89,3.6440064362835476,2010-10-02
24.63,28.09,5.98,3.802760040797946,2010-10-03
25.06,27.09,7.93,2.0404085477117113,2010-10-04
24.97,26.77,9.76,2.235871392941518,2010-10-05
24.65,27.03,6.9,2.391442425182538,2010-10-06
24.26,27.28,9.57,2.998041740846379,2010-10-07
24.03,28.73,12.01,4.130650919771377,2010-10-08
24.54,28.47,7.45,3.4277773907853404,2010-10-09
24.53,27.34,10.84,2.688343856309433,2010-10-10
23.92,27.06,6.09,3.7873561658167,2010-10-11
24.01,28.61,11.24,3.3602775571201398,2010-10-12
24.15,27.98,3.32,3.407139836220932,2010-10-13
24.39,27.46,6.02,3.325065638439816,2010-10-14
23.68,28.6,4.24,3.542481340565965,2010-10-15
24.49,28.28,2.48,4.082796193388715,2010-10-16
24.77,28.01,2.64,3.7370411764396256,2010-10-17
24.97,28.01,4.08,3.5253261672375276,2010-10-18
24.41,27.72,11.46,3.8870965017875596,2010-10-19
24.61,27.11,31.82,3.6099129197649877,2010-10-20
24.28,26.6,5.53,2.176559810839905,2010-10-21
23.83,28.14,5.73,4.214497838751279,2010-10-22
23.9,27.74,8.75,3.813294809704763,2010-10-23
23.76,27.27,6.75,3.118424357952898,2010-10-24
23.75,28.37,4.53,2.5730134279257637,2010-10-25
23.78,28.54,2.94,4.119396090269492,2010-10-26
24.4,28.72,6.23,3.427698236613316,2010-10-27
24.66,28.56,5.01,3.4243173209309554,2010-10-28
24.7,27.64,6.26,2.9457084094915356,2010-10-29
24.82,28.51,5.55,3.6575887279040895,2010-10-30
25.06,28.05,9.99,2.512569446404578,2010-10-31
24.82,27.96,7.93,3.4388860985918455,2010-11-01
24.38,27.52,5.96,2.9434232715284208,2010-11-02
24.43,29.61,3.48,4.390499915084053,2010-11-03
25.18,28.87,7.48,3.853736566031673,2010-11-04
24.51,29.01,9.06,3.7916639166137087,2010-11-05
24.82,27.84,4.81,2.683659220481213,2010-11-06
24.86,27.99,1.65,3.508595598967493,2010-11-07
24.39,28.15,1.78,3.7976200293983093,2010-11-08
24.23,29.57,1.47,3.994776742407278,2010-11-09
25.0,29.5,1.44,3.8948717504277948,2010-11-10
25.01,29.23,1.22,3.333841518718322,2010-11-11
25.56,28.33,5.75,3.5448471949825366,2010-11-12
25.35,29.11,6.67,3.8223831133745754,2010-11-13
24.99,28.73,4.05,3.6418734732588525,2010-11-14
24.85,28.93,2.41,4.149954856705287,2010-11-15
25.45,28.56,4.82,3.9698203025674546,2010-11-16
25.3,27.9,4.45,3.908834545562839,2010-11-17
24.98,27.5,4.41,3.5997713018047444,2010-11-18
24.54,28.51,3.64,3.6584257251085504,2010-11-19
24.85,29.56,3.14,4.1779377516302425,2010-11-20
25.36,27.99,3.74,3.8410845292728624,2010-11-21
25.24,27.93,0.05,3.356604567175147,2010-11-22
25.39,28.47,0.04,4.083105595859037,2010-11-23
24.93,29.73,0.03,4.196161419309424,2010-11-24
24.9,30.07,0.05,4.141927864105464,2010-11-25
25.68,29.05,0.14,3.759408299826966,2010-11-26
25.0,29.14,1.88,3.3189841633399775,2010-11-27
25.4,29.18,0.76,3.960239354523003,2010-11-28
25.23,29.5,0.95,4.0532221560623345,2010-11-29
25.01,30.24,0.93,4.208598261269506,2010-11-30
24.87,29.67,0.92,4.082749160846553,2010-12-01
25.1,29.8,2.02,3.903393187074665,2010-12-02
24.82,29.91,2.65,4.012211905356903,2010-12-03
24.77,30.13,2.6,3.9632259525059523,2010-12-04
25.06,28.56,3.1,3.479351279246249,2010-12-05
25.02,29.22,2.43,3.827565893842797,2010-12-06
24.95,28.11,4.65,3.569412246295591,2010-12-07
24.34,28.73,6.95,3.420988722039883,2010-12-08
24.39,29.59,3.52,3.8286437664482746,2010-12-09
22.72,29.59,1.37,4.015757955678904,2010-12-10
22.42,29.41,0.05,4.231255868768496,2010-12-11
21.62,29.34,0.01,4.038519411587919,2010-12-12
23.76,29.33,0.01,3.8836687679688144,2010-12-13
24.57,30.65,0.02,4.187807123583828,2010-12-14
23.58,29.99,0.12,4.099807705663797,2010-12-15
24.13,30.01,0.13,3.831626529160371,2010-12-16
24.85,29.86,0.0,4.041007947190967,2010-12-17
24.73,28.87,0.0,3.9093675617233523,2010-12-18
25.23,30.28,0.0,4.260652091629906,2010-12-19
25.09,30.01,0.0,3.712631410858209,2010-12-20
24.93,29.61,0.0,3.6160232544136828,2010-12-21
24.31,28.6,4.06,3.170267310529618,2010-12-22
25.25,30.17,3.0,3.5752557178070434,2010-12-23
25.12,28.8,3.97,3.4606244730030564,2010-12-24
24.02,29.97,2.7,3.9456321221199278,2010-12-25
24.56,29.26,3.4,3.97705276206871,2010-12-26
25.06,28.18,0.27,3.529975134549905,2010-12-27
24.57,27.8,0.23,3.128354251930964,2010-12-28
24.22,29.89,0.13,3.8548861873114504,2010-12-29
24.6,28.48,0.19,3.4668456275085133,2010-12-30
21.09,27.66,0.05,4.357001683084559,2010-12-31
19.55,28.37,0.0,4.326771341248801,2011-01-01
20.67,29.78,0.0,3.8524918942628226,2011-01-02
22.87,30.16,0.0,3.8540709363611385,2011-01-03
23.18,30.23,0.0,3.7984004612824918,2011-01-04
24.3,29.95,0.0,3.5375767154936097,2011-01-05
25.09,28.73,0.11,2.8568753624570853,2011-01-06
24.9,27.99,0.09,3.4839932329046763,2011-01-07
23.19,28.44,0.09,3.629574192689,2011-01-08
21.46,28.37,0.01,4.286757052661595,2011-01-09
21.16,29.09,0.0,4.133342105189465,2011-01-10
20.71,28.88,0.0,4.254353102948644,2011-01-11
19.65,28.33,0.0,4.160605023373019,2011-01-12
20.63,29.43,0.0,3.9718300627578755,2011-01-13
22.98,29.14,0.0,3.295522157508747,2011-01-14
23.31,29.34,0.0,3.720380555411882,2011-01-15
21.6,27.52,0.0,4.2614937277075935,2011-01-16
18.56,27.96,0.0,4.357648768201006,2011-01-17
20.26,28.84,0.0,3.870102020562017,2011-01-18
21.75,29.37,0.0,4.0946031952308095,2011-01-19
23.48,29.91,0.0,4.28641756755136,2011-01-20
23.11,30.06,0.0,3.9581180391529367,2011-01-21
23.32,30.16,0.0,3.8319961243585423,2011-01-22
24.47,30.24,0.0,4.009546535606658,2011-01-23
24.41,30.75,0.0,3.9778338804958,2011-01-24
24.74,29.92,0.0,3.8803904187743075,2011-01-25
25.32,30.03,0.0,4.146166942978055,2011-01-26
25.14,30.76,0.0,4.199731925989496,2011-01-27
24.78,31.25,0.0,3.8802199127019557,2011-01-28
24.83,30.8,0.0,4.076172813324444,2011-01-29
25.38,30.26,0.0,3.776766689811776,2011-01-30
25.28,30.04,0.76,3.581205407640351,2011-01-31
25.14,29.52,0.82,3.8433240236345165,2011-02-01
25.36,30.11,1.11,3.6789747993428645,2011-02-02
25.44,28.77,0.94,3.2898480897352185,2011-02-03
24.81,29.58,0.74,3.3111159736655233,2011-02-04
24.44,28.05,0.14,3.9036535983585603,2011-02-05
23.91,30.29,0.1,4.618759963388831,2011-02-06
24.62,29.07,0.06,4.024247489705089,2011-02-07
25.43,30.86,0.09,4.367308679076043,2011-02-08
25.35,30.01,0.16,4.176556866524348,2011-02-09
25.11,27.79,12.82,3.1520376703890687,2011-02-10
24.27,29.31,1.85,4.059619502041253,2011-02-11
25.06,29.04,6.18,3.6680425978775815,2011-02-12
25.22,29.0,5.84,4.083403440774671,2011-02-13
25.02,29.04,8.1,4.191280828089562,2011-02-14
25.48,28.2,3.64,2.810696320159536,2011-02-15
25.17,29.71,2.56,4.427859074536252,2011-02-16
25.25,30.64,5.51,4.423838238597789,2011-02-17
25.32,29.91,6.11,4.078766693132839,2011-02-18
25.22,29.09,1.86,3.7056358168240298,2011-02-19
24.81,30.58,1.29,4.743606695099296,2011-02-20
25.49,29.53,2.9,3.985887004271217,2011-02-21
25.59,28.68,4.11,3.8441688763618167,2011-02-22
25.15,29.08,2.86,2.8051018134296033,2011-02-23
24.79,30.19,0.83,4.31675597914468,2011-02-24
25.03,29.63,4.55,4.017460974404247,2011-02-25
25.14,29.12,6.81,4.123962599042836,2011-02-26
25.38,29.89,4.68,4.2615855349051825,2011-02-27
24.18,29.48,3.77,4.494257180125652,2011-02-28
25.76,28.55,9.79,4.067836616215128,2011-03-01
25.69,29.89,0.23,4.143568337335717,2011-03-02
25.06,29.96,0.47,4.3001858048353,2011-03-03
25.68,29.15,0.4,3.8112390375983867,2011-03-04
25.41,29.33,0.58,3.988646054130026,2011-03-05
25.66,29.16,0.42,3.879559862842038,2011-03-06
25.63,29.66,0.17,4.161073919785561,2011-03-07
25.67,31.34,0.19,4.423530787731251,2011-03-08
25.96,31.01,0.21,4.485193208804849,2011-03-09
25.99,30.0,0.16,4.0851986665893,2011-03-10
26.01,30.8,0.19,4.4534798394038,2011-03-11
25.95,30.42,0.5,4.588032035501432,2011-03-12
25.96,30.47,0.61,4.481040744877228,2011-03-13
26.53,29.78,1.26,4.056949016572651,2011-03-14
26.01,30.2,0.57,4.254780142543961,2011-03-15
25.93,30.52,0.5,4.428763334625311,2011-03-16
26.21,29.82,2.17,3.885438394509426,2011-03-17
25.84,30.26,1.74,4.257393316275435,2011-03-18
25.97,29.12,3.38,4.496340191145308,2011-03-19
25.64,29.7,1.86,4.5771663772243505,2011-03-20
25.2,30.12,2.15,4.87947036317725,2011-03-21
24.98,28.73,1.03,3.90118047228793,2011-03-22
25.27,28.51,1.23,3.5597882527738376,2011-03-23
24.95,29.33,0.76,4.425661677633217,2011-03-24
25.84,28.73,1.49,3.529592269310938,2011-03-25
25.45,30.03,0.54,4.656337719125753,2011-03-26
25.58,29.02,0.01,4.330908952967199,2011-03-27
25.46,29.96,0.01,4.123849310303885,2011-03-28
26.14,29.56,0.0,4.587005327239077,2011-03-29
26.1,29.52,0.01,3.937969099374532,2011-03-30
25.71,29.06,0.0,4.368593984128336,2011-03-31
25.97,29.24,7.11,4.177641412543641,2011-04-01
25.91,28.94,8.45,4.263891709140193,2011-04-02
25.52,30.52,8.81,4.629228937783962,2011-04-03
25.21,27.97,6.82,2.5911632011653696,2011-04-04
24.37,30.93,2.06,4.339626470489791,2011-04-05
25.35,30.99,2.44,4.276393898052151,2011-04-06
25.56,29.65,2.28,4.364819849057637,2011-04-07
26.02,30.43,3.59,4.391395714565532,2011-04-08
25.8,29.79,3.24,3.580754144219289,2011-04-09
24.95,29.27,0.92,3.3992833580569304,2011-04-10
25.65,29.48,0.02,4.206844617062226,2011-04-11
26.1,29.52,0.01,4.479289420243318,2011-04-12
25.76,28.99,0.02,3.524662173003069,2011-04-13
25.5,29.71,0.02,4.44085353402312,2011-04-14
25.98,29.39,0.01,3.7260005047151714,2011-04-15
26.07,29.67,3.47,4.218416395709491,2011-04-16
25.84,29.13,2.9,3.109645754870384,2011-04-17
25.81,29.37,2.71,2.511204526175281,2011-04-18
25.71,30.24,0.62,4.845865563420171,2011-04-19
26.18,30.04,1.5,4.842387066259371,2011-04-20
26.14,29.6,2.22,4.252106877286651,2011-04-21
26.09,29.46,3.27,4.238371167863072,2011-04-22
26.29,29.27,3.28,3.3795358038847114,2011-04-23
25.94,28.67,4.03,3.4932696679515685,2011-04-24
25.47,29.37,3.76,3.687533015102263,2011-04-25
25.55,29.73,12.01,4.751031933434773,2011-04-26
25.83,29.4,7.2,4.585526928377352,2011-04-27
25.71,28.61,7.23,3.9116272957948213,2011-04-28
25.65,28.56,3.32,4.0605641683868,2011-04-29
25.67,27.98,5.44,3.2962244778348304,2011-04-30
25.02,29.7,3.51,4.517019792430432,2011-05-01
26.03,28.81,5.24,3.326079158506495,2011-05-02
26.05,29.04,4.71,3.5851113916515773,2011-05-03
25.49,29.21,0.66,3.4799037280391953,2011-05-04
25.43,30.21,3.27,4.676477340980304,2011-05-05
26.35,29.18,6.63,4.422685212901648,2011-05-06
26.48,29.38,3.68,4.586499758583997,2011-05-07
26.2,29.4,7.33,2.540921950526696,2011-05-08
25.46,30.37,1.89,3.823131101112464,2011-05-09
25.17,29.38,2.82,3.585667868429098,2011-05-10
25.42,29.65,4.58,4.5576877792832535,2011-05-11
25.63,28.94,7.72,3.488527056793144,2011-05-12
26.11,29.84,4.41,4.281413851330811,2011-05-13
26.17,28.21,5.49,2.3226880726187673,2011-05-14
25.63,29.08,2.02,3.2366009750118696,2011-05-15
26.07,28.9,1.64,3.4634624761554855,2011-05-16
26.21,29.15,3.73,3.5335929080479387,2011-05-17
26.25,28.89,4.59,3.2199825822511308,2011-05-18
26.04,28.78,2.83,3.5308647399130715,2011-05-19
26.06,29.18,3.62,3.5954480374415545,2011-05-20
26.03,28.71,2.72,3.996553668551912,2011-05-21
25.68,28.1,3.09,3.2890394147347974,2011-05-22
25.24,28.66,2.5,3.708651636171462,2011-05-23
25.31,28.89,2.59,4.271015988303906,2011-05-24
25.74,28.33,3.25,3.708412653847857,2011-05-25
25.69,28.58,11.63,3.9148719452510616,2011-05-26
25.55,27.6,23.71,1.9582980685117217,2011-05-27
25.35,28.14,14.11,3.3892931211490067,2011-05-28
25.08,28.23,7.98,3.3818040858539296,2011-05-29
25.19,27.77,11.92,1.5719368283418538,2011-05-30
25.0,28.14,1.7,3.469105259604167,2011-05-31
25.25,28.1,2.04,2.6569224367378155,2011-06-01
25.1,29.61,1.77,4.140271621362446,2011-06-02
25.36,29.78,5.02,3.216668913430287,2011-06-03
25.22,27.44,8.51,2.8714590911410873,2011-06-04
24.8,27.62,2.78,3.7857099383204056,2011-06-05
25.16,29.54,3.68,4.178248180283167,2011-06-06
25.46,28.51,5.46,2.9575062384037527,2011-06-07
25.14,27.26,4.45,2.928864943268511,2011-06-08
24.54,26.72,4.31,1.9438317352103187,2011-06-09
24.17,27.66,4.23,3.950053835930764,2011-06-10
24.99,27.26,12.05,2.58910425985899,2011-06-11
24.35,26.85,10.57,2.8710072989308157,2011-06-12
24.15,28.53,3.56,3.620784497589291,2011-06-13
24.66,29.13,1.53,3.6449120633198047,2011-06-14
25.09,28.26,5.13,3.452597857254817,2011-06-15
25.19,28.2,5.16,3.4463652941905027,2011-06-16
24.87,28.59,9.5,2.002558594670445,2011-06-17
24.79,27.86,6.97,2.5549089021893185,2011-06-18
24.7,26.94,14.44,2.549728105206409,2011-06-19
24.43,28.96,6.18,3.5982305003282473,2011-06-20
25.0,27.29,12.51,2.4117239046275203,2011-06-21
24.47,27.43,6.56,1.5742362165794532,2011-06-22
24.34,28.32,5.3,2.9390925551963636,2011-06-23
23.95,26.06,9.05,1.3413777602928303,2011-06-24
23.73,28.15,4.28,2.768982664668851,2011-06-25
24.27,26.56,9.2,1.892722126706355,2011-06-26
23.94,26.76,3.9,2.9168817977245487,2011-06-27
23.96,27.48,2.46,3.1684053687153786,2011-06-28
24.33,26.86,6.3,2.4807792259132957,2011-06-29
24.14,27.02,8.08,2.645849390497746,2011-06-30
23.84,27.47,8.88,2.1650485509252855,2011-07-01
24.01,28.09,4.88,2.7654690770661325,2011-07-02
24.24,27.32,14.89,1.7519597210499411,2011-07-03
23.85,27.59,9.32,3.1843898943440374,2011-07-04
24.18,27.85,3.11,3.1158101691315214,2011-07-05
24.29,27.24,6.47,3.1391492608120615,2011-07-06
24.48,27.26,5.6,2.935864103305091,2011-07-07
24.5,28.2,4.96,3.401230947215063,2011-07-08
24.62,27.25,9.52,2.7254227402388307,2011-07-09
24.15,25.74,45.9,1.3530319438667866,2011-07-10
23.61,25.98,17.69,1.8493760686888518,2011-07-11
23.39,26.27,7.01,2.808746031495233,2011-07-12
23.57,26.42,6.0,2.949474006377474,2011-07-13
23.72,26.43,5.77,1.722788107850352,2011-07-14
23.44,26.53,10.61,3.0301800037343316,2011-07-15
23.35,27.51,6.43,3.346495742854211,2011-07-16
23.36,27.11,15.01,2.7568831887376652,2011-07-17
23.48,27.35,7.54,3.3667861772171706,2011-07-18
23.33,28.07,4.42,3.687408063309311,2011-07-19
23.88,26.73,11.15,2.4378513998018114,2011-07-20
23.6,26.33,12.64,2.558958910912645,2011-07-21
23.4,27.18,6.46,3.428383627552851,2011-07-22
23.26,26.96,1.05,3.2573523692503015,2011-07-23
22.96,26.85,3.03,2.9931364982420345,2011-07-24
23.19,26.78,0.97,3.1095114896505196,2011-07-25
22.56,26.34,1.19,2.4563468654135905,2011-07-26
22.33,26.53,0.82,2.864526420762274,2011-07-27
22.27,26.91,0.53,2.877165406021093,2011-07-28
22.37,26.82,0.13,3.15341975789116,2011-07-29
22.46,27.08,0.5,3.499744175168171,2011-07-30
22.32,26.27,2.71,3.1067639598100287,2011-07-31
22.52,26.11,2.61,2.6085905261592583,2011-08-01
22.85,26.93,2.13,2.250112630498163,2011-08-02
22.99,27.61,4.13,2.5974743350126395,2011-08-03
23.39,26.95,2.55,3.06596906177014,2011-08-04
23.25,26.0,6.57,2.2749359424729074,2011-08-05
23.1,25.94,3.72,2.3868077364004603,2011-08-06
23.13,26.35,3.89,2.6302913914602986,2011-08-07
22.46,26.27,1.67,3.432207622216981,2011-08-08
21.97,27.53,0.31,3.705101288580215,2011-08-09
22.6,27.51,1.07,3.8201081847717537,2011-08-10
22.8,27.5,0.64,3.5804086195717617,2011-08-11
23.15,27.51,2.34,3.246082157375685,2011-08-12
23.29,25.72,4.07,2.7765508533778434,2011-08-13
22.93,27.24,1.27,3.398968495636323,2011-08-14
22.79,26.14,1.86,2.9697724864804895,2011-08-15
22.89,26.98,0.82,3.8353858004154917,2011-08-16
22.54,27.34,0.36,3.9677149388367927,2011-08-17
22.6,27.32,1.27,4.362168986188032,2011-08-18
22.04,27.44,0.53,4.050536595345669,2011-08-19
21.95,27.92,0.13,4.43774046474775,2011-08-20
22.72,27.2,0.6,4.249021648847112,2011-08-21
23.15,25.84,7.7,2.6023055970001274,2011-08-22
23.09,27.69,2.36,3.3079394824472765,2011-08-23
23.19,27.79,3.16,3.3774396460474527,2011-08-24
23.37,27.54,4.7,3.749886264756857,2011-08-25
23.61,26.3,14.56,2.4212556449734732,2011-08-26
23.13,25.73,6.35,2.8155335343776993,2011-08-27
22.81,26.84,5.34,3.04851218324267,2011-08-28
23.14,27.22,3.73,2.5980580240470217,2011-08-29
23.14,27.78,5.2,3.1930574837812418,2011-08-30
23.53,26.92,6.31,3.00775174658365,2011-08-31
23.44,26.02,6.63,2.824467241577028,2011-09-01
23.32,27.98,1.87,3.797055390716801,2011-09-02
23.61,27.11,0.34,3.5006192563454803,2011-09-03
23.36,27.18,0.69,3.2877351084200432,2011-09-04
23.01,27.87,0.71,3.2921197402743516,2011-09-05
23.5,27.67,0.49,3.223097323662281,2011-09-06
23.36,28.31,0.51,4.136621253676063,2011-09-07
23.94,26.14,3.2,2.927045623099673,2011-09-08
23.58,26.0,5.35,2.785272328503498,2011-09-09
23.23,27.9,1.33,4.030009565461921,2011-09-10
22.69,28.84,1.12,3.8226173603436684,2011-09-11
24.13,27.89,3.9,3.7624604042710517,2011-09-12
23.88,28.09,2.23,3.8061355610245124,2011-09-13
24.04,27.76,3.08,3.714142205876317,2011-09-14
23.7,27.06,3.08,2.864864544468963,2011-09-15
23.86,26.77,2.57,3.256042806255249,2011-09-16
23.98,27.68,2.26,3.1361741688305598,2011-09-17
23.87,27.66,13.41,3.144710052032117,2011-09-18
23.8,26.73,8.89,3.088178387582394,2011-09-19
23.85,27.94,22.65,2.4512088590304075,2011-09-20
23.81,27.94,7.16,3.2483435709990416,2011-09-21
23.87,28.32,4.65,3.8631872354401566,2011-09-22
24.05,27.9,5.42,3.852757704941828,2011-09-23
24.13,27.22,6.66,3.396010579378355,2011-09-24
24.25,27.62,3.58,3.800102884854738,2011-09-25
23.97,28.3,8.31,3.4392826469842177,2011-09-26
24.21,26.56,5.85,2.9780761656337416,2011-09-27
23.55,27.47,7.2,2.3378466789705032,2011-09-28
23.64,27.92,6.82,4.128002046025432,2011-09-29
23.18,28.29,12.34,3.719755625551075,2011-09-30
23.88,25.92,22.13,1.4996738237055882,2011-10-01
23.57,28.69,2.57,4.374885272214835,2011-10-02
24.03,28.28,1.79,3.6351839100679006,2011-10-03
24.26,28.82,2.23,4.018336250852313,2011-10-04
24.64,28.11,4.06,3.7083482934796694,2011-10-05
24.52,28.27,6.51,3.586043874036439,2011-10-06
24.96,27.47,9.02,2.503948601232923,2011-10-07
24.63,28.06,10.18,3.021486253838255,2011-10-08
24.72,28.66,8.95,3.7722333259547747,2011-10-09
24.65,28.14,11.5,3.045984557812911,2011-10-10
24.58,28.12,7.55,3.506334942836152,2011-10-11
24.44,26.29,4.16,3.544684129498723,2011-10-12
24.0,28.06,6.97,3.783592180055649,2011-10-13
23.97,28.89,5.32,3.543932323874759,2011-10-14
24.67,27.65,8.39,3.1456312816533503,2011-10-15
24.28,28.81,9.61,3.939480770307936,2011-10-16
24.2,28.71,7.65,4.279494010194867,2011-10-17
24.84,27.41,13.39,3.0111708202594953,2011-10-18
24.53,28.72,9.58,4.122159171613613,2011-10-19
24.78,28.74,7.62,3.591289671334322,2011-10-20
24.49,28.65,8.56,3.905489514966161,2011-10-21
24.03,26.89,24.68,2.1202137643519543,2011-10-22
23.43,28.57,3.59,3.401174572321872,2011-10-23
23.89,28.36,16.55,3.759116600635164,2011-10-24
23.48,26.41,12.0,2.6616122396925657,2011-10-25
24.06,27.96,3.93,3.8368312658848893,2011-10-26
23.87,28.61,2.51,4.015349441525091,2011-10-27
24.05,28.19,4.99,4.1686121674484955,2011-10-28
23.68,29.11,4.45,3.9741133170029523,2011-10-29
24.42,28.59,4.15,3.9677185332467038,2011-10-30
24.66,28.52,2.93,4.006732721513525,2011-10-31
24.37,28.95,6.25,4.173595310783103,2011-11-01
24.24,27.41,9.94,3.3238249665790107,2011-11-02
23.21,28.88,5.41,4.069038889697225,2011-11-03
24.84,27.83,5.55,3.996476439929547,2011-11-04
24.7,28.39,5.14,3.77243546941043,2011-11-05
24.48,29.05,5.84,3.639438917716842,2011-11-06
24.64,29.42,1.51,3.907152433785457,2011-11-07
24.72,28.3,1.23,3.893967136759304,2011-11-08
24.51,29.29,1.62,3.77216691796795,2011-11-09
24.67,29.84,2.1,4.155741585670737,2011-11-10
24.85,29.47,2.31,4.15263642362693,2011-11-11
25.07,29.64,0.39,3.9939416144064532,2011-11-12
24.75,29.24,0.43,3.8826998970880915,2011-11-13
25.02,29.36,0.21,4.315530084162501,2011-11-14
24.89,29.56,0.4,4.105773658268096,2011-11-15
24.92,29.1,0.43,3.184385376390879,2011-11-16
24.83,29.21,4.59,3.3395285407452393,2011-11-17
25.02,28.5,2.22,3.6209420943542976,2011-11-18
24.73,28.24,2.37,3.8491679194107964,2011-11-19
25.08,28.72,1.69,3.8054250325903083,2011-11-20
25.05,28.63,2.72,3.9066311018611275,2011-11-21
25.15,28.41,2.14,3.5861907317461403,2011-11-22
25.22,27.64,1.67,2.8699556764541585,2011-11-23
24.82,28.74,0.79,3.942966461948926,2011-11-24
24.65,28.14,1.56,3.5537528588055864,2011-11-25
24.69,29.55,1.31,3.7394254298899616,2011-11-26
24.5,30.27,0.15,4.223192697208418,2011-11-27
24.69,29.71,0.37,4.094591964812173,2011-11-28
24.6,29.96,0.23,4.074806104682896,2011-11-29
24.86,30.15,0.16,4.1642805655481885,2011-11-30
22.52,29.94,0.0,3.9956055091219,2011-12-01
20.98,29.54,0.0,4.366706416478974,2011-12-02
20.79,29.18,0.0,4.404758132925833,2011-12-03
21.29,29.72,0.02,3.9824425065118847,2011-12-04
23.39,30.11,0.04,4.039418391704927,2011-12-05
23.57,30.04,0.2,3.7959498388015636,2011-12-06
23.84,30.52,0.0,3.9840475565551143,2011-12-07
24.05,30.2,0.0,3.8538348302031107,2011-12-08
23.89,30.16,0.0,4.084181332131539,2011-12-09
22.48,29.4,0.0,3.820934461525551,2011-12-10
20.57,28.42,0.0,3.874867964114395,2011-12-11
20.98,28.54,0.0,3.7919607633321935,2011-12-12
20.58,28.06,0.0,3.779704225513025,2011-12-13
21.93,28.41,0.0,3.832699150461411,2011-12-14
21.5,29.06,0.0,3.7810909931459227,2011-12-15
21.21,29.59,0.0,4.0065414105871175,2011-12-16
22.26,29.96,0.01,3.779275307193549,2011-12-17
23.24,29.69,0.02,3.6730072595270986,2011-12-18
23.92,29.94,0.05,3.667250099540523,2011-12-19
24.18,30.24,0.09,3.4971716208878822,2011-12-20
24.21,29.87,0.07,3.590079683408154,2011-12-21
24.5,30.74,0.04,4.09507647427697,2011-12-22
24.63,30.38,0.05,3.8421009226215026,2011-12-23
24.72,30.43,0.08,3.8478032455774467,2011-12-24
24.85,30.28,0.07,3.313727864939923,2011-12-25
24.5,30.55,0.07,3.800652857398483,2011-12-26
24.85,30.57,0.0,3.8804060436854133,2011-12-27
25.02,29.18,0.0,3.455370718250916,2011-12-28
25.19,28.73,0.0,3.1136699452489234,2011-12-29
24.08,28.4,0.0,3.8929998082183004,2011-12-30
22.12,29.46,0.0,4.188912096971131,2011-12-31
22.95,30.16,0.01,3.8958350107631676,2012-01-01
24.09,30.31,0.18,3.8715685759077947,2012-01-02
23.15,29.51,0.09,4.118900888142185,2012-01-03
21.42,28.93,0.06,3.719418110285647,2012-01-04
22.58,29.01,0.0,3.499247880382739,2012-01-05
23.43,29.38,0.0,3.473641490055658,2012-01-06
22.76,30.06,0.0,3.715940583386192,2012-01-07
23.66,29.92,0.0,3.9697576546864712,2012-01-08
23.93,30.33,0.0,3.903072328384568,2012-01-09
24.6,30.73,0.0,4.026780423285529,2012-01-10
23.54,30.54,0.0,4.1118314047878215,2012-01-11
21.94,29.73,0.0,4.026833380100995,2012-01-12
23.04,29.59,0.0,3.7907482268633865,2012-01-13
20.49,27.49,0.0,4.189943253107043,2012-01-14
19.53,28.21,0.0,3.617538260083145,2012-01-15
22.24,28.63,0.0,3.844582543049553,2012-01-16
22.64,29.43,0.0,3.7146940181036348,2012-01-17
23.81,29.72,0.02,3.579114933620577,2012-01-18
23.9,29.19,0.01,3.598282674485528,2012-01-19
24.11,29.46,0.02,3.65760821807048,2012-01-20
24.3,29.7,0.92,3.3202409422249186,2012-01-21
24.67,28.78,0.83,3.8587468773194757,2012-01-22
24.57,29.78,0.81,3.9302249243207545,2012-01-23
24.32,30.13,0.59,3.7469869361585335,2012-01-24
24.79,30.44,0.23,4.13758795897235,2012-01-25
24.75,29.81,1.15,3.9115127616027134,2012-01-26
24.56,30.0,1.22,3.922733148340246,2012-01-27
24.79,29.23,1.44,2.6022348914690405,2012-01-28
25.02,28.49,1.1,3.6317265781864365,2012-01-29
24.97,27.96,2.69,3.800089972907573,2012-01-30
24.78,28.62,1.07,3.7481669404590523,2012-01-31
24.56,28.95,1.25,4.160056446705984,2012-02-01
24.91,29.22,1.58,3.881877951642783,2012-02-02
25.22,29.13,1.39,3.679781668815141,2012-02-03
24.61,30.28,0.62,3.7418604054570817,2012-02-04
24.91,30.51,1.97,3.9844408086350143,2012-02-05
25.26,28.6,3.32,3.5869375443708207,2012-02-06
24.42,30.35,0.76,3.9827148079402246,2012-02-07
24.61,30.41,0.91,4.234510640499949,2012-02-08
24.4,28.33,0.14,3.43066886949354,2012-02-09
25.04,29.2,0.02,3.5868300658134,2012-02-10
24.2,29.59,0.03,3.6109561095749907,2012-02-11
24.36,29.61,0.11,3.8318148632509197,2012-02-12
24.9,29.64,0.16,2.8367738367817457,2012-02-13
24.78,29.98,0.08,3.873071491204891,2012-02-14
25.07,29.83,0.95,3.46148020283124,2012-02-15
25.14,29.52,1.9,4.262171744534684,2012-02-16
25.35,29.62,1.7,4.105212905921096,2012-02-17
25.12,29.47,2.1,3.190563730850292,2012-02-18
24.98,29.62,1.09,3.918168996568287,2012-02-19
25.02,28.58,7.01,3.56088894682229,2012-02-20
25.04,28.93,4.55,3.5765376014523325,2012-02-21
24.98,28.22,6.76,3.2074890324836307,2012-02-22
24.85,28.82,2.68,4.27037071992961,2012-02-23
24.45,29.56,4.9,4.571491992634927,2012-02-24
25.06,29.63,2.7,4.31766874185287,2012-02-25
24.82,28.9,3.78,3.6651354645851275,2012-02-26
25.12,28.24,1.64,3.3289967412278987,2012-02-27
25.2,27.99,3.27,3.325276571919823,2012-02-28
24.97,28.65,4.12,3.844922057853038,2012-02-29
25.32,28.96,4.16,3.7981410731077863,2012-03-01
24.79,28.29,1.87,3.7021419650788294,2012-03-02
24.71,29.9,2.15,4.51718814697863,2012-03-03
25.29,29.04,3.65,3.771324886308871,2012-03-04
25.0,28.83,4.54,3.2638815919205686,2012-03-05
24.8,28.92,3.6,4.127025615734157,2012-03-06
25.14,29.18,0.88,3.8776730790444294,2012-03-07
25.67,29.36,0.9,4.410492586621292,2012-03-08
25.67,29.35,1.31,4.455876086323736,2012-03-09
25.25,29.25,1.32,4.1464551312085485,2012-03-10
25.57,30.63,1.23,4.9184689356768265,2012-03-11
23.52,30.04,0.07,4.862071266275195,2012-03-12
24.29,31.06,0.05,5.097958220734379,2012-03-13
25.17,29.68,0.05,4.433344729706549,2012-03-14
25.14,30.17,0.05,4.368357035301319,2012-03-15
25.73,31.12,0.11,4.353616232732043,2012-03-16
26.31,30.79,0.42,3.75818503564267,2012-03-17
26.37,29.45,0.34,2.914247829282346,2012-03-18
26.13,30.52,0.25,3.2661994952653552,2012-03-19
25.74,31.16,0.22,3.3951087093230883,2012-03-20
26.31,30.22,0.34,3.6770986067862124,2012-03-21
25.92,30.21,2.81,4.069689198489153,2012-03-22
25.8,30.12,3.74,3.7980442648402386,2012-03-23
26.27,28.78,4.23,3.301980939537201,2012-03-24
25.79,30.24,4.35,2.624093705650137,2012-03-25
25.96,30.82,2.24,4.014715910968796,2012-03-26
25.65,30.95,1.42,4.077801528461668,2012-03-27
25.96,30.69,2.15,4.280887666758197,2012-03-28
26.22,30.0,3.51,4.21148179053539,2012-03-29
26.52,29.49,2.31,2.2057016126853557,2012-03-30
25.86,30.37,2.0,4.277000566082862,2012-03-31
25.93,29.38,3.7,4.468810395946855,2012-04-01
26.01,29.43,5.44,3.9435169130057566,2012-04-02
25.59,29.12,5.62,3.857985691790555,2012-04-03
24.86,28.15,6.05,3.3595490279692775,2012-04-04
24.8,29.33,1.85,4.929063541954309,2012-04-05
25.75,29.06,10.99,3.762146371596462,2012-04-06
26.22,28.49,12.97,3.8636040195608405,2012-04-07
25.98,29.16,12.88,3.8517440215394823,2012-04-08
26.01,29.21,10.31,3.796357342819747,2012-04-09
25.42,29.52,8.97,4.276624278458304,2012-04-10
25.62,29.35,4.02,3.965256031947042,2012-04-11
26.21,29.0,4.66,3.8937823491259356,2012-04-12
25.77,28.99,1.81,3.953250748897302,2012-04-13
25.82,27.78,2.79,3.1508582381258017,2012-04-14
25.72,29.51,4.01,4.127042862651663,2012-04-15
25.3,27.67,23.2,2.3348284702993856,2012-04-16
24.53,29.13,13.41,2.645705497616332,2012-04-17
24.48,29.19,4.49,4.651584771530051,2012-04-18
25.07,28.91,8.02,2.8203167616487974,2012-04-19
25.07,28.49,6.03,4.303830738893365,2012-04-20
24.76,29.51,2.21,3.920441376188213,2012-04-21
25.86,28.4,8.94,3.262136286303752,2012-04-22
25.62,28.74,7.87,3.1011496894660695,2012-04-23
25.59,29.01,7.41,4.318759274409317,2012-04-24
25.36,28.36,5.54,2.2269960806742484,2012-04-25
25.24,29.97,0.01,4.856390122685539,2012-04-26
25.23,30.48,0.01,5.140820253163456,2012-04-27
25.66,30.07,0.04,4.38016966519474,2012-04-28
25.52,29.81,0.04,4.521214019138711,2012-04-29
25.75,29.67,0.09,4.4955789511161255,2012-04-30
26.1,29.12,1.03,4.49515268512474,2012-05-01
25.63,30.15,1.07,4.216628715929591,2012-05-02
25.67,29.5,1.18,4.221402693207049,2012-05-03
26.0,28.69,1.12,3.8434043352769107,2012-05-04
25.4,28.68,0.52,4.087528684724344,2012-05-05
24.77,29.45,0.7,4.6563133089628295,2012-05-06
26.29,28.88,1.23,4.056880307230374,2012-05-07
25.8,28.87,2.07,3.9491041998097844,2012-05-08
25.23,28.51,1.92,3.5808966639446043,2012-05-09
25.6,28.91,1.56,4.727572545189489,2012-05-10
25.17,28.87,12.8,3.525622844308031,2012-05-11
24.95,28.98,13.24,2.780065906254114,2012-05-12
24.72,26.86,15.95,1.9273214445822147,2012-05-13
24.28,29.01,18.47,3.4844562782862196,2012-05-14
24.67,28.28,13.37,3.719833647242972,2012-05-15
25.04,27.47,5.15,3.4554107108555447,2012-05-16
24.36,28.97,5.82,3.7860150977976033,2012-05-17
25.58,27.91,3.55,4.204828933294811,2012-05-18
24.78,28.01,4.94,1.5618456529600062,2012-05-19
24.14,29.82,2.09,4.232072060941658,2012-05-20
25.16,27.95,6.86,2.299953828441346,2012-05-21
24.74,28.78,6.75,3.985272955564342,2012-05-22
24.77,28.8,2.35,4.488634057005559,2012-05-23
25.43,28.47,8.86,3.908397309807602,2012-05-24
24.86,28.14,7.37,3.130865793152385,2012-05-25
24.72,27.4,4.46,3.462580945466375,2012-05-26
25.21,29.06,2.29,4.631339824171276,2012-05-27
25.1,27.69,10.1,2.9731341183816213,2012-05-28
25.05,27.76,11.07,2.846852685851388,2012-05-29
24.74,27.55,14.36,2.6902865771630746,2012-05-30
24.4,28.78,19.59,3.355984034373401,2012-05-31
24.76,28.04,16.91,4.081957295612361,2012-06-01
24.76,28.14,6.14,2.27390136546396,2012-06-02
24.2,27.54,5.9,3.901038571918059,2012-06-03
23.56,28.6,17.58,3.9380050588820255,2012-06-04
24.55,26.9,12.93,1.9350815167366622,2012-06-05
24.34,27.44,5.66,3.279215349806163,2012-06-06
24.52,28.35,7.05,3.3205892190557407,2012-06-07
24.51,28.73,4.47,4.266225735101837,2012-06-08
24.4,29.32,1.77,4.193937416966883,2012-06-09
25.16,27.94,1.61,3.8929016797265357,2012-06-10
25.14,28.63,4.17,3.506702275573412,2012-06-11
25.19,27.6,18.85,1.796157452332475,2012-06-12
24.8,28.47,6.47,1.763945683172375,2012-06-13
24.4,27.59,7.22,2.6500855516869732,2012-06-14
24.65,27.86,4.14,3.1357817148527594,2012-06-15
24.23,27.53,8.03,2.4089695743689217,2012-06-16
24.13,26.99,10.93,2.2560165388433093,2012-06-17
23.86,27.84,2.54,3.2284078706794976,2012-06-18
24.05,28.35,3.05,3.799098955198621,2012-06-19
24.29,26.58,8.81,2.3356236283840794,2012-06-20
23.92,27.06,6.29,2.9228422764697353,2012-06-21
24.3,26.93,5.85,2.8900438363343004,2012-06-22
24.3,27.33,4.08,2.430972667435089,2012-06-23
24.25,26.6,7.17,2.861335592221098,2012-06-24
23.51,27.41,12.29,2.8554078154318225,2012-06-25
23.8,26.76,5.99,2.3893913855465465,2012-06-26
24.19,26.74,18.85,2.7174036639365666,2012-06-27
23.83,25.29,25.15,1.6683457171544054,2012-06-28
23.3,26.6,8.34,2.6575543993708592,2012-06-29
23.57,27.15,7.01,2.026664774025799,2012-06-30
23.96,27.12,21.04,2.854349826634543,2012-07-01
24.0,26.38,14.16,1.7413309261857022,2012-07-02
23.85,27.16,7.3,3.405898069619666,2012-07-03
23.97,26.92,6.78,3.050592548265702,2012-07-04
23.38,27.39,8.19,3.766430115366152,2012-07-05
23.48,27.53,3.06,3.2647761643002187,2012-07-06
23.54,26.96,5.98,3.11706676607761,2012-07-07
23.89,27.12,9.05,3.212428897221284,2012-07-08
23.71,27.84,5.92,3.6162109798411413,2012-07-09
23.26,28.09,0.47,3.806644374527608,2012-07-10
23.61,27.76,1.91,3.68187097461952,2012-07-11
23.64,27.44,1.73,3.4586885601067827,2012-07-12
23.94,27.18,1.6,3.550254648162824,2012-07-13
24.08,26.33,1.85,3.128540789784768,2012-07-14
23.58,25.8,9.74,2.277975511132393,2012-07-15
23.33,27.6,5.05,4.070025462262418,2012-07-16
22.36,28.12,0.17,4.202838583098602,2012-07-17
23.15,27.67,0.98,3.045204594118844,2012-07-18
23.62,27.16,1.45,3.5406344552752955,2012-07-19
23.21,27.91,0.08,3.9330948468437144,2012-07-20
23.67,27.74,1.19,3.6614678789521196,2012-07-21
23.75,27.4,5.04,2.82546785121154,2012-07-22
23.64,27.82,2.15,2.859967718993366,2012-07-23
23.52,27.87,2.07,2.895065844764779,2012-07-24
23.2,27.38,1.97,3.434357609693947,2012-07-25
23.58,26.78,1.42,3.1803033083145205,2012-07-26
22.99,25.95,1.13,2.9259598741883344,2012-07-27
23.08,27.49,1.8,3.4779891039781123,2012-07-28
23.0,27.4,0.85,3.049665103348228,2012-07-29
22.68,27.33,0.82,3.5976130219574776,2012-07-30
22.84,26.97,3.27,2.5208729431127663,2012-07-31
23.15,27.15,2.62,2.4505713785716825,2012-08-01
22.92,27.47,1.93,3.2722245188434025,2012-08-02
23.01,26.81,1.05,3.5630301448783763,2012-08-03
23.46,27.26,1.93,2.7699708615727023,2012-08-04
22.92,27.62,0.09,3.3165762513999164,2012-08-05
22.19,27.36,0.09,2.9986299720431147,2012-08-06
23.27,27.43,0.25,3.21453971866648,2012-08-07
22.92,27.42,0.19,3.891299146920997,2012-08-08
22.54,27.02,0.63,3.571751284195477,2012-08-09
22.3,25.31,4.0,2.7392049587918383,2012-08-10
22.33,25.57,1.59,2.956397536325934,2012-08-11
21.74,26.82,0.36,3.8382827172620293,2012-08-12
21.34,27.18,0.42,3.6754682489276442,2012-08-13
21.71,25.63,1.97,3.3516304077189965,2012-08-14
21.34,25.81,0.11,3.8003519039912943,2012-08-15
20.7,27.38,0.06,4.319187549819106,2012-08-16
21.63,26.61,1.07,3.331377116728123,2012-08-17
22.02,25.39,3.3,2.4128134902537117,2012-08-18
22.11,26.66,3.0,2.746603176752908,2012-08-19
22.35,27.25,2.85,3.7285008373201256,2012-08-20
22.49,26.69,10.9,3.0106218457707605,2012-08-21
22.9,26.18,8.75,2.312235152240886,2012-08-22
22.35,27.08,3.95,2.8804390063190763,2012-08-23
22.35,26.18,1.33,3.6182746335412412,2012-08-24
22.68,27.28,2.19,2.99041789871295,2012-08-25
22.69,27.95,0.58,3.268480821607307,2012-08-26
23.09,27.5,1.17,3.5075845764342213,2012-08-27
23.29,27.62,1.18,3.3483731554616014,2012-08-28
23.16,27.16,1.14,3.3655671458491376,2012-08-29
22.88,27.79,0.87,4.226474473790698,2012-08-30
23.01,27.78,2.56,3.579380546127864,2012-08-31
23.18,26.87,9.88,2.915819286019654,2012-09-01
23.42,26.53,7.89,2.7811813851800355,2012-09-02
23.24,27.63,1.95,2.956192324554704,2012-09-03
23.15,27.3,1.68,3.5193537153079206,2012-09-04
23.2,26.47,1.54,2.535491176834478,2012-09-05
22.81,27.88,1.42,3.033246614784585,2012-09-06
23.09,28.15,2.02,3.781269732043985,2012-09-07
23.52,27.87,5.17,3.246885804470575,2012-09-08
23.39,27.47,4.55,3.777003115447291,2012-09-09
23.5,27.85,3.25,3.8663221065770346,2012-09-10
23.76,27.63,6.97,2.898023635410714,2012-09-11
23.75,27.73,5.78,3.4353806115385157,2012-09-12
23.07,28.05,2.46,3.534754808437803,2012-09-13
23.66,26.47,1.0,3.134384126157733,2012-09-14
23.86,27.47,1.05,3.594193685474138,2012-09-15
23.6,28.33,2.29,3.6551401927836054,2012-09-16
23.83,28.16,2.29,3.7673266505773415,2012-09-17
23.13,28.12,5.81,4.133535925362373,2012-09-18
23.73,28.04,6.09,3.599648257544233,2012-09-19
23.88,27.0,9.94,3.2282005015664015,2012-09-20
23.55,28.52,6.95,4.037270429318215,2012-09-21
23.72,27.6,14.3,3.480723755250231,2012-09-22
23.67,27.35,14.19,3.6356823087269583,2012-09-23
23.56,28.37,4.38,3.998925934665187,2012-09-24
24.06,27.68,7.71,3.7571489839753434,2012-09-25
24.5,27.26,15.8,3.6593813093498944,2012-09-26
24.08,26.23,30.1,1.4165741929488997,2012-09-27
23.37,29.6,4.8,4.21211500271814,2012-09-28
23.71,26.37,19.65,2.0316711552753555,2012-09-29
23.05,27.28,7.38,2.871760727171637,2012-09-30
23.17,27.43,6.64,2.9930751099341193,2012-10-01
23.41,28.19,8.96,3.6412942072229812,2012-10-02
24.38,28.36,10.1,3.5832225905305606,2012-10-03
24.34,27.67,8.41,3.2732459076411353,2012-10-04
23.98,28.26,8.74,3.84724067581802,2012-10-05
23.98,26.7,5.06,3.0219036953455514,2012-10-06
23.22,27.31,7.49,3.656409403386008,2012-10-07
23.74,27.61,4.27,2.840777805257143,2012-10-08
23.82,29.09,1.44,3.989326332003147,2012-10-09
24.49,28.77,4.78,3.618076368791003,2012-10-10
24.85,27.43,5.07,3.4528877078209494,2012-10-11
24.51,28.54,4.93,3.750721968648462,2012-10-12
24.52,28.23,3.19,3.851793182597625,2012-10-13
24.53,28.95,2.51,3.9933080001636814,2012-10-14
24.54,26.65,4.48,2.5652729692243077,2012-10-15
24.13,28.08,4.04,3.6412745121717607,2012-10-16
24.47,28.1,6.21,3.8044317064380273,2012-10-17
24.65,28.97,6.01,3.2248813376460257,2012-10-18
24.56,26.81,11.8,1.6136655406925378,2012-10-19
23.97,28.77,2.46,3.9216806892290075,2012-10-20
23.96,27.94,6.83,3.6754670106016922,2012-10-21
24.25,27.92,7.72,3.511425772150942,2012-10-22
24.49,27.97,19.37,3.725790886971562,2012-10-23
24.34,26.17,14.28,2.6155895435387446,2012-10-24
24.16,28.36,6.76,4.1769725465448415,2012-10-25
24.25,28.23,8.86,3.4815950536870166,2012-10-26
24.41,27.93,8.2,2.8889625026690062,2012-10-27
24.42,28.32,3.18,4.175376941932582,2012-10-28
24.59,28.69,12.0,3.8709108590905257,2012-10-29
25.19,28.22,4.6,3.647736395115045,2012-10-30
24.73,27.97,6.37,3.920579921135386,2012-10-31
24.23,29.58,4.48,4.37015933542382,2012-11-01
25.01,29.08,1.64,3.9319616109166864,2012-11-02
24.87,28.09,1.65,3.9451097223767584,2012-11-03
24.4,27.95,1.23,3.5559483192949974,2012-11-04
24.39,28.2,2.27,3.9267169392886583,2012-11-05
24.59,28.02,1.77,3.828798461174521,2012-11-06
24.64,28.83,1.54,4.013212147027767,2012-11-07
24.77,27.84,2.4,3.490744139652207,2012-11-08
24.55,27.57,2.71,2.1714671858644197,2012-11-09
24.45,27.85,0.55,3.785253122985452,2012-11-10
24.38,29.1,1.63,3.606545420820723,2012-11-11
24.98,27.86,2.92,2.307728738798018,2012-11-12
24.47,28.35,1.19,3.8412992144432283,2012-11-13
24.61,29.09,1.17,3.7102798178280665,2012-11-14
25.03,29.11,1.1,4.029514154344928,2012-11-15
24.68,30.07,2.74,4.166596465929099,2012-11-16
25.03,29.39,3.09,3.9552935158438873,2012-11-17
25.49,28.55,3.58,3.661360123586201,2012-11-18
25.45,28.51,4.81,3.4375712480427727,2012-11-19
25.53,28.62,4.98,3.644740329979237,2012-11-20
25.23,29.59,5.08,3.844414747383147,2012-11-21
24.72,29.46,5.47,3.8945293689250167,2012-11-22
24.99,28.84,4.6,3.72436003015396,2012-11-23
24.92,28.31,6.37,3.5060488183805036,2012-11-24
25.15,27.41,8.34,3.3802499355399083,2012-11-25
24.43,27.97,7.98,2.0882059460855094,2012-11-26
24.49,27.76,2.39,3.68899259314209,2012-11-27
24.74,28.4,2.99,3.6240185321004637,2012-11-28
25.0,28.95,2.02,3.794878308430618,2012-11-29
24.89,30.27,3.26,3.9099607561588017,2012-11-30
25.02,29.4,3.78,3.729523259362166,2012-12-01
25.21,28.14,1.64,3.5736893448311804,2012-12-02
25.01,27.43,2.57,2.613755839914626,2012-12-03
24.08,29.11,0.73,3.527885397102905,2012-12-04
25.25,28.41,1.04,3.5230299689921565,2012-12-05
25.07,27.66,1.75,3.193241889534935,2012-12-06
24.52,27.26,8.25,3.0486858222093485,2012-12-07
24.79,27.6,4.1,3.3431880105455627,2012-12-08
24.54,28.13,1.94,3.7774442511860755,2012-12-09
24.25,28.87,3.19,3.5430919058399386,2012-12-10
24.75,28.54,4.1,3.4612315594682737,2012-12-11
24.7,29.36,3.58,3.7241433063381115,2012-12-12
24.4,29.72,3.94,3.561399813002447,2012-12-13
24.16,29.8,3.75,3.690590984060226,2012-12-14
24.62,29.91,2.77,3.7855895033643114,2012-12-15
25.47,28.88,5.97,3.594898689860885,2012-12-16
25.35,29.38,0.0,3.7240242993988106,2012-12-17
23.22,28.42,0.0,3.6063858160761013,2012-12-18
22.02,27.75,0.0,3.554406178242735,2012-12-19
21.71,28.88,0.0,3.8862151160013987,2012-12-20
24.12,28.93,0.0,3.566084502269172,2012-12-21
24.27,30.46,0.0,3.865582532423216,2012-12-22
23.52,29.83,0.0,3.9877685352949994,2012-12-23
23.14,30.42,0.0,3.883967005189323,2012-12-24
23.3,29.75,0.0,4.159978885062086,2012-12-25
22.15,29.57,0.0,4.024947921447767,2012-12-26
24.4,30.1,0.0,3.6888604216884078,2012-12-27
23.74,29.9,0.0,3.8286101944094892,2012-12-28
22.7,28.52,0.0,3.7362984599240794,2012-12-29
23.7,30.26,0.0,3.6151638521939553,2012-12-30
22.5,29.56,0.0,3.9467231184725002,2012-12-31
18.21,28.74,0.0,4.444387399663318,2013-01-01
19.73,28.6,0.0,4.5114623061198245,2013-01-02
21.19,29.56,0.0,4.2980565071600845,2013-01-03
21.58,29.47,0.0,4.021144961359179,2013-01-04
23.44,29.54,0.0,4.1532018152657875,2013-01-05
22.06,29.71,0.0,4.341675252860676,2013-01-06
22.39,30.23,0.0,4.232750517028433,2013-01-07
24.84,29.98,0.0,4.063836941057041,2013-01-08
24.39,29.91,0.0,4.0270486005579516,2013-01-09
23.28,29.78,0.0,3.9721844723648223,2013-01-10
22.73,30.06,0.0,3.924572998104009,2013-01-11
23.11,30.15,0.0,3.778761601869129,2013-01-12
21.01,29.64,0.0,3.913936707213811,2013-01-13
24.12,30.4,0.0,3.792383867139425,2013-01-14
24.66,31.32,0.0,3.7602526780369594,2013-01-15
25.06,30.81,0.71,3.982743729112247,2013-01-16
25.29,30.03,0.5,3.6656878834384816,2013-01-17
25.51,28.84,0.52,3.7266121273137336,2013-01-18
25.53,29.69,0.78,3.9718959182960063,2013-01-19
25.57,29.77,0.51,3.826769436209127,2013-01-20
25.72,29.93,7.18,3.598328367610926,2013-01-21
25.87,30.22,10.97,3.348381882342205,2013-01-22
26.17,29.91,14.2,4.275869475754719,2013-01-23
26.05,29.14,5.81,2.801688463285485,2013-01-24
25.93,29.64,8.36,4.1389580685555725,2013-01-25
26.07,29.01,2.43,4.080593875869052,2013-01-26
25.82,28.57,3.04,3.0885007694199405,2013-01-27
25.5,29.33,2.79,2.828572851038365,2013-01-28
25.65,29.3,1.36,3.204374300345029,2013-01-29
24.98,29.76,1.2,3.9979032971271056,2013-01-30
24.36,28.54,0.0,4.396354845014193,2013-01-31
20.81,27.48,0.0,4.635777447072401,2013-02-01
21.82,28.52,0.0,4.114436551836309,2013-02-02
22.16,30.12,0.0,4.177359419703406,2013-02-03
22.81,29.62,0.0,3.6831749860729572,2013-02-04
24.64,29.57,0.0,3.7657449830565937,2013-02-05
24.83,30.07,0.0,3.85080793897997,2013-02-06
25.35,29.58,0.0,3.6317013296088967,2013-02-07
24.53,28.44,0.0,3.383800422899483,2013-02-08
23.28,30.5,0.0,3.729329960595501,2013-02-09
25.33,28.43,0.03,2.8563108900698655,2013-02-10
24.75,29.17,0.03,3.7586309662163124,2013-02-11
25.41,29.08,0.03,3.474684754861342,2013-02-12
25.66,29.3,0.04,3.610205499839278,2013-02-13
25.41,29.97,0.03,3.7240229958490927,2013-02-14
25.52,29.95,1.93,3.8102015357403567,2013-02-15
25.34,30.61,3.31,4.500310531892319,2013-02-16
25.8,29.2,8.35,4.02622346590672,2013-02-17
25.53,29.92,4.45,3.518825579146705,2013-02-18
25.34,29.15,1.98,3.906092271153725,2013-02-19
25.24,28.36,2.09,4.055387826961814,2013-02-20
24.85,29.99,2.14,4.197364146536982,2013-02-21
25.35,30.78,2.44,4.192662564909403,2013-02-22
25.35,31.3,2.0,4.518330592923497,2013-02-23
25.94,30.27,3.13,4.130287739824484,2013-02-24
25.66,30.01,0.37,3.991800966570657,2013-02-25
25.77,28.69,0.68,3.714538529093137,2013-02-26
25.9,28.62,0.64,3.6127746535760252,2013-02-27
25.66,30.43,0.76,4.081620368026846,2013-02-28
25.84,29.79,0.55,4.048551158899215,2013-03-01
25.84,30.08,5.94,4.4977218801826115,2013-03-02
26.58,30.14,15.69,4.834343094190995,2013-03-03
26.45,29.66,10.9,4.021747493654251,2013-03-04
25.59,30.72,5.27,4.752157636057728,2013-03-05
26.02,30.68,7.98,4.619327352803119,2013-03-06
26.27,30.82,2.32,4.25799578399708,2013-03-07
26.15,30.29,3.08,4.365725807412938,2013-03-08
26.54,29.16,4.26,4.078948088394501,2013-03-09
26.23,29.5,2.0,4.114143651285645,2013-03-10
26.01,30.2,2.83,4.881558760996366,2013-03-11
26.01,29.92,5.25,4.396943270497303,2013-03-12
25.79,29.38,5.18,4.2906116036847886,2013-03-13
25.49,31.05,2.22,4.819943773611863,2013-03-14
26.29,30.2,3.72,4.477158877775333,2013-03-15
26.34,29.59,4.87,3.840515776938699,2013-03-16
25.78,28.5,0.7,4.397811150706421,2013-03-17
26.09,30.31,0.94,4.662217086580492,2013-03-18
25.49,31.49,1.11,4.276695140958474,2013-03-19
26.25,29.69,0.8,4.492308365939145,2013-03-20
26.23,29.35,1.3,3.8095519111932683,2013-03-21
25.99,30.22,3.3,4.127683036677491,2013-03-22
26.06,28.53,7.17,4.0626068705002805,2013-03-23
25.95,29.27,1.92,4.172428606226302,2013-03-24
25.96,29.68,1.11,4.799827009163498,2013-03-25
25.81,29.21,3.35,3.3118633058157325,2013-03-26
25.95,28.94,3.89,4.059316358596949,2013-03-27
25.38,28.74,4.69,2.3481087816475545,2013-03-28
25.03,29.55,2.45,4.387467457859867,2013-03-29
25.81,28.74,4.17,3.7564357220939484,2013-03-30
25.76,29.18,4.04,4.364964311048376,2013-03-31
25.84,29.0,4.66,4.568600641889275,2013-04-01
25.91,28.69,3.87,3.253006527340638,2013-04-02
25.2,29.09,2.58,3.9617201356747622,2013-04-03
25.74,29.65,5.39,4.240566216084579,2013-04-04
25.74,29.93,4.06,4.220283677167664,2013-04-05
26.3,29.5,4.07,4.2377090666993045,2013-04-06
25.87,29.66,4.32,4.1101901429151715,2013-04-07
26.19,28.98,3.95,4.02604745208843,2013-04-08
25.82,28.33,3.17,2.1993680877023696,2013-04-09
25.36,29.24,0.99,4.767518228520036,2013-04-10
25.22,30.15,0.87,4.986693565372627,2013-04-11
25.47,30.32,2.19,4.599087796597331,2013-04-12
26.11,29.88,2.66,4.2843573088169755,2013-04-13
25.89,29.37,3.76,4.347361617583742,2013-04-14
25.9,29.26,1.74,3.728977717461171,2013-04-15
25.65,29.8,2.8,4.746249599086366,2013-04-16
25.77,29.83,4.27,4.390196567712959,2013-04-17
25.91,28.27,4.73,3.925993803095916,2013-04-18
25.62,29.44,6.42,4.539355170763779,2013-04-19
26.06,28.79,3.22,3.3713495300550886,2013-04-20
25.83,30.43,10.11,3.605457106581926,2013-04-21
25.45,29.45,6.22,3.341161875701498,2013-04-22
25.56,29.67,6.5,3.3979190176854144,2013-04-23
25.4,30.34,6.89,3.985948107304624,2013-04-24
25.46,30.76,5.86,4.947156675251551,2013-04-25
26.26,29.5,13.12,3.005933768199632,2013-04-26
25.6,29.69,3.84,4.500582878927473,2013-04-27
26.13,29.2,6.57,2.6687153817568205,2013-04-28
25.54,28.68,5.19,4.32843169188609,2013-04-29
26.18,28.96,9.43,4.418525653812891,2013-04-30
25.18,28.13,3.75,1.9034466423991725,2013-05-01
24.75,29.72,1.05,4.831372992425758,2013-05-02
25.38,29.44,3.41,4.512984816257002,2013-05-03
26.31,28.81,6.78,3.60593885294213,2013-05-04
25.86,30.26,5.57,4.1454377080139215,2013-05-05
25.94,28.66,6.21,2.8271826464198546,2013-05-06
25.14,29.47,3.02,4.439033866992552,2013-05-07
25.96,28.76,3.37,2.7419507351608376,2013-05-08
25.27,29.3,4.16,4.624362692877969,2013-05-09
25.97,28.89,10.68,3.5672756917785025,2013-05-10
24.42,27.99,10.67,1.6057076616504293,2013-05-11
25.24,28.68,8.1,3.9952777511414097,2013-05-12
24.86,27.7,6.43,3.1758290531871514,2013-05-13
25.15,27.19,6.27,2.5866786882592057,2013-05-14
24.55,28.77,6.52,3.745724490099251,2013-05-15
24.92,28.35,2.85,4.260319352646941,2013-05-16
25.45,28.71,5.48,3.39299151600969,2013-05-17
25.43,27.58,7.98,3.420416079803478,2013-05-18
25.02,28.18,3.12,3.6497147673380512,2013-05-19
25.29,28.22,6.81,4.1205736548451055,2013-05-20
25.56,27.81,5.47,3.7942147628205016,2013-05-21
25.49,28.78,6.52,4.124451669765064,2013-05-22
25.66,28.03,11.06,4.22366137881649,2013-05-23
25.29,28.52,8.47,4.057210448406833,2013-05-24
25.92,28.39,7.75,4.202691761832015,2013-05-25
25.68,28.37,11.67,3.1248353842746592,2013-05-26
24.81,26.67,7.23,2.9319765654024255,2013-05-27
24.08,28.72,2.71,3.89603797287066,2013-05-28
24.37,28.72,3.71,3.430804675337425,2013-05-29
24.9,27.06,8.41,2.6713651455525436,2013-05-30
24.7,27.64,2.85,3.1308515074553376,2013-05-31
24.95,27.51,3.08,3.0011943819075206,2013-06-01
24.37,27.05,9.3,2.1655658000394453,2013-06-02
23.95,28.09,5.77,2.7286011199242397,2013-06-03
23.41,28.14,2.4,3.722326235243948,2013-06-04
24.35,27.28,10.16,3.6528048901443637,2013-06-05
24.17,26.99,12.19,3.082423672179312,2013-06-06
24.3,28.03,4.86,3.4737232635740707,2013-06-07
24.41,28.47,6.71,3.873348654449025,2013-06-08
24.64,28.15,6.05,2.0926839427733746,2013-06-09
24.79,27.97,1.79,2.841021748485762,2013-06-10
24.3,28.08,2.71,2.5703889517065646,2013-06-11
24.54,28.24,3.88,3.779124366677248,2013-06-12
24.95,27.65,3.87,3.4844226635971793,2013-06-13
24.89,27.22,4.26,3.578634127192757,2013-06-14
24.75,27.64,2.53,2.8798723092185674,2013-06-15
24.63,27.7,2.61,2.3282385967693884,2013-06-16
24.7,27.72,3.4,3.5337189033298664,2013-06-17
24.78,27.7,3.34,3.2348270401522625,2013-06-18
24.89,27.18,3.11,3.537670944093973,2013-06-19
24.54,28.19,4.73,3.396228356913399,2013-06-20
24.49,28.46,3.11,3.0651313158988636,2013-06-21
24.39,28.65,1.3,4.18790495623721,2013-06-22
24.17,28.29,0.8,3.830741203901703,2013-06-23
24.29,27.72,0.31,3.7057758848901305,2013-06-24
23.67,28.33,0.04,3.964872072058077,2013-06-25
23.81,28.73,0.18,4.130283382988428,2013-06-26
24.09,26.57,4.98,2.6526104090525884,2013-06-27
24.09,26.94,2.0,2.5918437961503047,2013-06-28
23.74,26.23,1.05,2.7497514213204166,2013-06-29
24.05,26.45,6.61,2.0341089548122953,2013-06-30
23.6,27.8,6.22,3.5877175690708185,2013-07-01
23.4,28.16,6.12,3.6022800224203633,2013-07-02
23.88,27.46,11.86,3.0135057439607573,2013-07-03
23.63,26.23,15.53,2.625340053082211,2013-07-04
23.3,27.22,8.2,3.0012997530738135,2013-07-05
23.47,26.59,5.84,2.8374793545949246,2013-07-06
23.24,27.13,8.26,2.989648853485103,2013-07-07
23.41,25.82,4.97,2.6712291022637142,2013-07-08
22.85,27.63,1.66,3.6012887753384457,2013-07-09
23.32,27.42,0.79,3.509274341560889,2013-07-10
23.18,27.47,1.66,2.447043506751564,2013-07-11
23.56,26.41,2.31,2.9216180656667396,2013-07-12
23.33,27.2,0.9,3.9121320344244945,2013-07-13
23.48,25.57,1.92,2.2104736791771242,2013-07-14
23.07,26.77,1.48,2.9158638915589896,2013-07-15
22.93,27.49,1.21,3.0160618321337735,2013-07-16
23.33,27.21,1.0,3.550110490993441,2013-07-17
23.28,26.72,1.3,2.4620996631022343,2013-07-18
23.1,27.55,1.51,3.100674919921602,2013-07-19
23.11,27.1,8.85,2.9749631376264007,2013-07-20
23.1,25.22,14.38,2.3119111062548248,2013-07-21
23.05,26.82,3.91,3.658941553839833,2013-07-22
23.03,26.89,7.67,2.9721908329048152,2013-07-23
23.16,26.32,17.11,2.489354750010322,2013-07-24
22.93,25.36,5.76,2.539798646931431,2013-07-25
22.47,27.48,0.82,3.5362061346321694,2013-07-26
23.03,27.51,2.07,3.3258161019047265,2013-07-27
23.2,26.75,2.78,3.169888448626072,2013-07-28
22.95,26.81,0.5,3.3489084023224684,2013-07-29
22.24,27.31,0.17,3.647016973613018,2013-07-30
22.26,27.46,0.14,3.990057705380488,2013-07-31
22.21,26.89,0.14,2.9736186182898092,2013-08-01
22.08,27.06,0.4,3.7194462373622597,2013-08-02
22.02,27.16,0.04,3.8369948441243653,2013-08-03
21.5,27.15,0.03,4.136407849068803,2013-08-04
21.92,26.96,0.45,4.019529676034449,2013-08-05
22.65,27.41,0.78,3.8713031972965664,2013-08-06
22.46,25.61,2.88,3.0289129775779657,2013-08-07
21.9,26.85,0.35,3.9853288911508837,2013-08-08
21.29,26.31,0.0,4.021189870466614,2013-08-09
20.71,27.39,0.0,3.7748218871240833,2013-08-10
21.0,27.01,0.0,3.6036149054721003,2013-08-11
22.02,26.66,0.0,3.117323568124166,2013-08-12
21.62,26.93,0.0,3.8966046504207887,2013-08-13
21.54,27.1,0.11,3.8686850537291724,2013-08-14
22.31,26.19,0.62,3.294690182333005,2013-08-15
22.1,26.99,0.15,2.655071518403209,2013-08-16
21.89,27.4,0.38,3.6484047380254414,2013-08-17
22.12,28.18,0.65,3.570996389169436,2013-08-18
22.15,28.05,0.37,3.3405613974429755,2013-08-19
22.94,26.81,0.45,3.1175518539513303,2013-08-20
22.98,27.04,0.18,3.488493223624247,2013-08-21
22.31,27.7,0.24,3.9280019123699947,2013-08-22
22.87,27.56,0.28,3.3599107680662628,2013-08-23
22.52,27.45,0.85,3.589751694936067,2013-08-24
23.02,26.49,5.93,3.1869567341118854,2013-08-25
22.9,27.59,3.24,3.2593660340224773,2013-08-26
23.02,26.96,3.05,3.476085180260465,2013-08-27
23.08,27.39,7.68,3.259982876396961,2013-08-28
23.4,26.01,1.7,2.5475521471462117,2013-08-29
23.33,27.06,2.97,3.4018052587887038,2013-08-30
23.47,27.0,1.81,2.94606590763821,2013-08-31
23.52,25.89,3.62,2.9463896641135627,2013-09-01
23.12,27.57,1.46,3.1784439002066716,2013-09-02
22.97,28.37,2.72,3.327856523307052,2013-09-03
23.06,27.43,2.73,3.23466281034458,2013-09-04
23.63,26.79,6.66,3.171074353098836,2013-09-05
23.33,27.47,2.28,3.0863699613528746,2013-09-06
23.12,27.32,4.68,3.317943993823638,2013-09-07
23.48,26.28,7.05,2.594727892260537,2013-09-08
23.52,27.05,4.9,3.0300689312913933,2013-09-09
23.36,27.55,3.35,3.6398018426946988,2013-09-10
23.59,27.72,5.55,3.724610982627141,2013-09-11
23.51,27.37,2.96,3.5377829336255204,2013-09-12
23.08,28.41,1.43,3.320821919168915,2013-09-13
23.48,25.99,1.91,2.6484634754336867,2013-09-14
23.82,27.54,0.83,3.4963063105442025,2013-09-15
23.42,27.62,0.98,3.8080160492591495,2013-09-16
23.85,28.77,0.92,3.852757485842796,2013-09-17
23.74,28.63,2.28,3.794973538204626,2013-09-18
23.88,28.91,1.61,3.3340174010126904,2013-09-19
24.47,28.25,3.64,3.9260371849950157,2013-09-20
24.17,28.04,6.84,3.3945501786841272,2013-09-21
23.81,28.41,9.87,3.2606568221146057,2013-09-22
24.15,25.4,20.8,1.989464365678027,2013-09-23
23.91,27.48,8.06,3.653110124892454,2013-09-24
23.23,28.35,2.33,4.085290467360064,2013-09-25
23.22,28.73,4.57,3.7591043738246794,2013-09-26
23.76,28.38,14.08,2.8988178357874346,2013-09-27
23.95,27.89,0.66,2.9361318406618806,2013-09-28
23.63,28.63,0.33,4.054525765497562,2013-09-29
23.76,29.05,1.16,3.9807584910695155,2013-09-30
23.9,28.52,1.94,3.678344750048763,2013-10-01
23.85,27.56,3.63,3.327416824242453,2013-10-02
24.02,26.21,2.74,2.9082883282430334,2013-10-03
23.56,27.1,6.73,1.84095659542069,2013-10-04
23.37,28.03,1.91,3.437244431179314,2013-10-05
23.77,28.48,1.66,3.1336394667894174,2013-10-06
23.94,28.76,0.7,4.5883728556211,2013-10-07
23.67,27.87,5.79,3.639487725024154,2013-10-08
23.89,27.71,4.54,3.8112139573981683,2013-10-09
23.64,28.97,7.5,4.1016261122273585,2013-10-10
24.08,28.12,6.69,3.190585276456916,2013-10-11
23.95,28.16,1.35,4.096231578012312,2013-10-12
23.59,28.92,4.03,3.608811198135676,2013-10-13
23.87,28.96,9.41,3.7892369985012224,2013-10-14
23.93,28.67,5.96,3.3861619768590487,2013-10-15
23.81,29.03,2.27,4.18562971591103,2013-10-16
24.21,28.35,6.31,3.0860886675144226,2013-10-17
24.59,29.03,1.42,4.198804579307881,2013-10-18
24.58,28.91,4.15,4.009108865494767,2013-10-19
24.46,28.84,2.03,3.7676918162101853,2013-10-20
24.36,28.44,1.93,3.2871752346891623,2013-10-21
23.73,27.56,3.78,3.5996615728119328,2013-10-22
23.86,28.8,0.65,4.044445917275819,2013-10-23
24.14,28.59,0.52,3.930502294514578,2013-10-24
24.51,28.26,0.35,3.6018084739207383,2013-10-25
24.19,28.71,0.49,4.049603482224053,2013-10-26
24.4,28.86,0.81,3.8000873451472303,2013-10-27
24.42,28.97,3.41,3.909149222626171,2013-10-28
24.72,26.71,4.64,3.1156749262828063,2013-10-29
24.41,27.63,2.42,3.640143582004153,2013-10-30
23.97,28.44,4.19,3.676894037402448,2013-10-31
24.68,29.22,4.22,2.900999810754985,2013-11-01
24.86,28.82,5.87,3.9502394203331783,2013-11-02
24.73,29.21,5.98,4.356199404473811,2013-11-03
24.75,29.52,10.04,4.13456574756453,2013-11-04
24.65,28.24,5.49,3.6286976088904486,2013-11-05
24.88,28.67,6.53,3.715825801467856,2013-11-06
24.45,29.37,0.11,4.123700415329196,2013-11-07
24.76,29.04,0.08,3.859936560742219,2013-11-08
24.58,28.57,0.11,3.7484539658564753,2013-11-09
24.81,28.28,0.07,4.031002774743417,2013-11-10
24.72,29.51,0.12,3.8232369650674514,2013-11-11
24.99,28.35,0.3,3.7215546147965015,2013-11-12
25.11,28.45,0.27,3.666933124324486,2013-11-13
25.03,28.46,0.4,3.542222775471823,2013-11-14
24.77,28.49,0.39,3.1954570688466077,2013-11-15
24.78,28.12,0.24,3.7899463063756693,2013-11-16
24.74,29.26,0.35,3.857244475388707,2013-11-17
24.99,28.39,0.45,3.7106447329470433,2013-11-18
25.37,28.02,0.38,3.1846109585336615,2013-11-19
24.78,28.15,0.33,3.7127965998920343,2013-11-20
24.57,29.11,0.24,3.70971822895952,2013-11-21
24.96,28.65,2.89,3.9473170049215502,2013-11-22
25.06,28.27,3.34,2.921645873254527,2013-11-23
24.87,28.2,1.69,3.961515509340818,2013-11-24
24.52,28.16,2.57,3.7738527937736084,2013-11-25
24.3,28.82,2.59,3.8873213304998973,2013-11-26
24.45,28.26,0.3,3.0345736652688142,2013-11-27
24.98,30.5,0.16,4.0948001715718085,2013-11-28
25.25,30.87,0.18,3.889872316756995,2013-11-29
25.09,30.48,0.24,3.9810139971491814,2013-11-30
25.26,29.5,0.16,3.4538325898038855,2013-12-01
25.31,28.96,1.53,3.631321881781671,2013-12-02
25.04,28.04,1.78,2.56148737982208,2013-12-03
24.92,28.25,0.9,3.7420933466032014,2013-12-04
24.65,29.68,1.18,4.199759885184112,2013-12-05
24.8,30.17,1.36,4.049602651319172,2013-12-06
25.02,28.61,1.13,3.140720848100738,2013-12-07
24.64,28.6,1.6,3.4556078437839535,2013-12-08
25.06,29.04,1.59,3.803788100822542,2013-12-09
24.72,28.58,1.67,3.717220295830841,2013-12-10
25.0,28.06,1.59,3.738719279160426,2013-12-11
24.73,28.76,0.51,3.9710586923774156,2013-12-12
24.13,29.38,0.45,3.6527940036756066,2013-12-13
23.77,27.59,0.23,3.485938460056676,2013-12-14
22.6,29.14,0.14,4.117658077709928,2013-12-15
22.21,28.41,0.01,4.497978284769919,2013-12-16
20.41,28.57,0.0,4.559412481029288,2013-12-17
19.48,28.19,0.0,4.635884892842468,2013-12-18
20.38,28.71,0.0,4.144478068518941,2013-12-19
22.46,30.15,0.0,3.9227775864334857,2013-12-20
23.64,30.24,0.0,3.7477623341545594,2013-12-21
23.83,30.62,0.0,3.9838889987978163,2013-12-22
24.02,30.65,0.0,3.85502004965834,2013-12-23
24.35,31.03,0.0,3.689311662601696,2013-12-24
24.0,30.98,0.0,3.603037793879594,2013-12-25
24.19,30.88,0.0,3.5255415202878595,2013-12-26
24.41,30.89,0.64,3.5409887990248214,2013-12-27
24.41,31.17,0.75,3.990699063988132,2013-12-28
24.68,31.1,0.96,3.8101523647830353,2013-12-29
24.52,30.67,0.9,3.6897686914825836,2013-12-30
24.96,28.65,0.62,3.992429386410656,2013-12-31
24.3,29.3,1.7,3.3467332753359047,2014-01-01
24.88,30.4,2.08,3.5150654373946733,2014-01-02
24.25,30.37,2.21,3.9375809731870652,2014-01-03
23.52,30.53,0.97,3.8813177006449315,2014-01-04
24.58,30.16,1.02,3.919129870615471,2014-01-05
24.13,30.21,6.3,3.8417051666862485,2014-01-06
24.61,30.37,5.31,3.8456676909669505,2014-01-07
24.18,30.02,4.45,3.945983559733042,2014-01-08
24.22,30.16,4.07,3.9702311533018326,2014-01-09
24.73,30.21,7.78,3.8886307137133045,2014-01-10
25.0,30.55,0.0,3.9176204160336057,2014-01-11
24.28,30.31,0.0,3.9546312148260983,2014-01-12
24.37,30.69,0.0,3.634235970693319,2014-01-13
24.9,30.17,0.0,3.7596510338934164,2014-01-14
25.11,30.01,0.0,3.5591328603328276,2014-01-15
24.39,30.05,0.75,3.746252259235685,2014-01-16
24.75,30.06,0.8,2.970396791655185,2014-01-17
24.55,30.21,1.06,3.9231949261910266,2014-01-18
24.82,30.81,1.25,4.286810907545442,2014-01-19
25.0,30.34,1.05,4.167531760545902,2014-01-20
24.87,31.11,5.05,4.005588108349005,2014-01-21
24.9,30.12,4.95,3.880512982111832,2014-01-22
25.06,29.64,6.72,3.6365390289846036,2014-01-23
25.14,27.97,9.6,3.4428287354046034,2014-01-24
24.51,29.17,5.05,3.492112165092631,2014-01-25
25.07,28.29,0.49,3.78155848850334,2014-01-26
25.24,30.03,0.86,4.106468008705765,2014-01-27
25.03,30.43,0.72,4.206498640849004,2014-01-28
25.35,30.35,0.89,4.241314491579794,2014-01-29
25.41,28.31,1.23,3.485291051351448,2014-01-30
25.0,28.6,0.13,3.140292764732703,2014-01-31
24.76,28.81,0.17,2.945918749231874,2014-02-01
23.93,28.99,0.03,3.618411751599706,2014-02-02
23.88,30.43,0.04,4.148191448632318,2014-02-03
25.05,31.03,0.08,4.227407121034729,2014-02-04
24.71,30.45,0.08,4.2669787786161555,2014-02-05
24.91,29.66,0.09,3.9786299777605914,2014-02-06
25.34,30.41,0.09,4.164641530838086,2014-02-07
25.03,30.26,0.06,3.909810958641834,2014-02-08
25.21,29.32,0.07,3.4248718627984887,2014-02-09
24.74,29.55,1.35,3.0916510601906277,2014-02-10
25.1,29.37,2.51,3.164097029393349,2014-02-11
25.26,29.84,1.81,3.328358920321139,2014-02-12
24.96,30.43,1.81,3.7929756155040018,2014-02-13
25.03,30.97,3.35,4.114715910247691,2014-02-14
24.97,29.25,1.37,3.3737355922702297,2014-02-15
25.25,29.22,0.81,3.2349838907617032,2014-02-16
24.47,30.34,0.27,4.057114698218993,2014-02-17
24.86,30.82,0.35,4.169390528765507,2014-02-18
25.19,30.74,0.28,4.424541398315589,2014-02-19
25.3,31.16,0.65,4.299061503919752,2014-02-20
25.37,31.22,1.11,4.333088497346584,2014-02-21
25.4,31.78,1.94,4.183596170872289,2014-02-22
25.72,30.59,2.99,3.572214129456057,2014-02-23
25.51,30.27,2.61,3.6921347070626673,2014-02-24
25.12,31.47,2.53,4.623526793379806,2014-02-25
25.39,30.37,1.22,3.9272877996972255,2014-02-26
25.71,30.26,1.4,4.4090405856413994,2014-02-27
25.93,29.0,2.72,4.214640114276275,2014-02-28
25.61,29.28,2.95,3.2350749620095938,2014-03-01
25.95,30.71,1.9,3.896594111955058,2014-03-02
25.44,30.56,1.88,3.6930264221485074,2014-03-03
25.19,30.83,1.52,4.381034635449313,2014-03-04
25.72,30.63,2.85,4.469507533476109,2014-03-05
25.61,28.77,2.63,2.370591767003353,2014-03-06
25.35,29.68,0.87,3.8661393610732815,2014-03-07
25.91,29.93,2.34,4.574306599434814,2014-03-08
26.12,30.11,1.05,4.673550425425911,2014-03-09
26.03,29.61,1.23,4.446183512008237,2014-03-10
25.71,29.92,1.41,3.6750218360149476,2014-03-11
25.74,29.65,1.22,4.602983589680928,2014-03-12
25.5,30.08,0.84,4.79372682507392,2014-03-13
25.48,29.63,1.01,4.23711676851439,2014-03-14
25.96,30.34,1.06,4.510481950516886,2014-03-15
25.98,29.58,2.35,3.824431209503351,2014-03-16
25.95,29.49,3.81,4.316654460328333,2014-03-17
25.9,29.1,2.54,4.276054959252021,2014-03-18
25.82,29.47,2.34,4.187967555654094,2014-03-19
25.86,30.26,2.49,3.9821158967493324,2014-03-20
25.9,30.52,3.87,4.652552538829186,2014-03-21
25.86,30.79,3.22,4.702253870532602,2014-03-22
26.25,28.78,4.79,3.999120472905762,2014-03-23
25.55,28.44,3.11,2.946575726068377,2014-03-24
25.25,30.1,2.22,4.82273223556522,2014-03-25
25.4,29.58,3.11,4.353807897322044,2014-03-26
25.61,28.77,7.32,4.338839277361702,2014-03-27
24.48,30.36,2.21,4.388108963215899,2014-03-28
25.32,29.91,7.49,4.674808734337774,2014-03-29
25.73,29.15,4.67,4.340928218513076,2014-03-30
25.85,29.79,6.2,3.184257114129524,2014-03-31
25.37,30.19,0.32,4.563029058837396,2014-04-01
25.5,30.93,0.49,4.935541406668488,2014-04-02
25.93,29.2,0.53,3.1303023319464165,2014-04-03
25.47,30.64,0.44,4.652162048502035,2014-04-04
26.1,28.86,0.62,4.227231739557266,2014-04-05
25.83,30.72,3.37,4.57672878018384,2014-04-06
25.83,29.71,3.5,4.624270449057899,2014-04-07
25.59,29.99,5.36,4.007853711108023,2014-04-08
26.01,29.11,7.34,3.84063640598697,2014-04-09
25.49,29.6,6.25,3.978790465047743,2014-04-10
25.44,29.79,2.04,3.4932401166006177,2014-04-11
25.54,29.76,0.91,4.589672048921211,2014-04-12
25.92,28.74,3.79,2.3299725824786592,2014-04-13
25.56,30.29,2.19,5.071578388566299,2014-04-14
25.85,29.37,2.65,4.490482479943755,2014-04-15
25.65,30.27,2.59,4.8303674812773,2014-04-16
26.03,29.56,8.37,4.67251463454677,2014-04-17
26.07,28.56,5.26,3.0184329112997457,2014-04-18
25.63,29.18,7.04,4.572210410917456,2014-04-19
26.06,29.25,9.83,4.31265897639439,2014-04-20
25.7,29.2,5.67,3.4640970740427353,2014-04-21
26.07,28.44,4.78,3.254839196088857,2014-04-22
26.2,28.98,4.01,3.971032447969422,2014-04-23
25.74,29.22,4.67,3.0421069163045313,2014-04-24
25.86,29.64,1.76,4.319045504669907,2014-04-25
25.87,28.41,0.59,3.953216356242536,2014-04-26
25.89,29.83,0.41,4.5893838251593895,2014-04-27
26.0,29.68,0.62,3.868457191654026,2014-04-28
26.14,28.81,1.01,3.915782925883992,2014-04-29
25.87,28.63,1.9,4.230021914875985,2014-04-30
25.35,29.44,3.37,3.3298997754375317,2014-05-01
25.46,30.31,1.9,3.922935481493778,2014-05-02
26.19,30.27,2.65,4.58494870520679,2014-05-03
26.31,30.93,3.2,4.471833482656253,2014-05-04
26.4,29.55,8.25,4.523042380750454,2014-05-05
25.66,27.48,16.32,2.171620043022374,2014-05-06
25.16,27.89,15.52,3.383100825452704,2014-05-07
25.21,27.84,12.95,3.6673999067956,2014-05-08
24.99,29.21,6.46,3.3070397495253565,2014-05-09
25.2,29.51,6.76,4.20392292478211,2014-05-10
25.65,30.81,3.59,2.992392087369319,2014-05-11
26.21,29.01,2.21,4.366358650943343,2014-05-12
25.83,28.56,7.52,3.0584573305920584,2014-05-13
25.23,29.02,8.41,3.29177454316498,2014-05-14
24.47,27.57,2.1,3.8505176053558623,2014-05-15
25.55,29.68,6.85,3.5127066374295093,2014-05-16
26.06,29.69,3.78,4.671289602504339,2014-05-17
25.8,29.82,4.31,4.69385030699326,2014-05-18
26.03,30.5,14.32,3.9722102481887513,2014-05-19
25.85,28.71,6.73,2.7823519316847696,2014-05-20
25.88,28.76,0.31,3.982010579928395,2014-05-21
26.01,28.48,0.62,4.11172054218876,2014-05-22
25.7,29.59,0.79,3.683479563439167,2014-05-23
25.57,29.62,0.42,4.087592820544581,2014-05-24
26.36,29.53,0.35,4.343504406199552,2014-05-25
26.24,28.88,14.2,3.787766525212963,2014-05-26
25.59,28.77,11.03,1.8544552942051133,2014-05-27
25.03,28.6,15.96,3.9236165988549576,2014-05-28
25.26,27.83,21.5,3.2722957844426013,2014-05-29
25.35,28.85,13.88,3.3589741454623887,2014-05-30
25.18,29.69,5.67,4.441458081255013,2014-05-31
25.18,27.84,10.32,2.304924966371779,2014-06-01
24.85,28.21,2.95,3.0284557227128652,2014-06-02
24.98,29.38,2.65,3.6294370843066073,2014-06-03
25.57,29.32,11.35,3.800450515474901,2014-06-04
25.47,27.7,13.88,1.7511459403365235,2014-06-05
25.18,28.14,5.73,1.857269723057033,2014-06-06
25.17,28.27,12.32,2.2501525894899803,2014-06-07
24.72,27.33,2.47,3.29935149088313,2014-06-08
24.76,28.69,5.03,3.8878870474910157,2014-06-09
25.02,27.74,5.58,2.860180197226103,2014-06-10
24.48,28.5,3.01,3.9979778615682102,2014-06-11
24.5,26.98,2.99,1.9221742407872273,2014-06-12
24.34,27.81,1.49,3.3195055899861328,2014-06-13
24.81,28.38,3.01,3.9404938092933484,2014-06-14
24.76,28.6,1.88,3.730839991849902,2014-06-15
25.24,29.0,5.38,3.734456411535793,2014-06-16
24.89,29.31,4.54,3.1521523699828613,2014-06-17
24.76,27.44,4.8,3.2378435186560446,2014-06-18
24.72,28.48,3.1,3.7590685834965143,2014-06-19
24.95,28.97,3.8,3.9235714553847747,2014-06-20
24.92,28.17,4.71,3.732447492660993,2014-06-21
24.84,28.07,4.24,2.4990355083237437,2014-06-22
24.42,28.06,3.2,3.842538515559279,2014-06-23
24.27,27.79,2.15,3.455132537835681,2014-06-24
24.2,28.52,0.77,2.8099886023506118,2014-06-25
24.06,28.78,0.88,4.006745486890999,2014-06-26
24.41,28.04,2.16,2.9794355393250336,2014-06-27
24.76,27.06,2.15,2.802232387095761,2014-06-28
24.48,28.08,1.18,2.7363671129445577,2014-06-29
24.58,28.14,7.9,3.852219870048064,2014-06-30
24.69,27.64,8.13,2.1182168520824862,2014-07-01
24.63,27.14,6.11,2.352732560970357,2014-07-02
24.26,27.49,11.15,2.6900082343714997,2014-07-03
24.17,27.06,5.49,2.635835242297692,2014-07-04
24.09,27.19,0.96,2.270892592007673,2014-07-05
23.95,27.43,0.59,3.355234485780298,2014-07-06
24.04,27.9,0.11,3.8741857419652823,2014-07-07
23.34,28.35,0.03,4.00449539315395,2014-07-08
23.6,28.01,0.16,3.024382912788533,2014-07-09
23.9,28.49,0.62,3.8813270776231383,2014-07-10
23.92,28.73,0.37,3.945420664976101,2014-07-11
24.08,28.77,0.17,4.0972406216288455,2014-07-12
24.41,27.99,0.31,3.824625767034019,2014-07-13
24.23,28.4,1.02,3.097038632567436,2014-07-14
24.2,29.15,11.71,3.6454916633348007,2014-07-15
24.24,27.0,21.89,2.2690340531760365,2014-07-16
23.93,27.43,14.07,3.046523042616487,2014-07-17
23.65,26.89,5.52,2.882629085655186,2014-07-18
23.34,28.48,2.43,3.9503293063582037,2014-07-19
23.71,27.94,1.23,3.1825310634094093,2014-07-20
23.77,27.92,1.4,3.3728608741674435,2014-07-21
23.74,27.4,1.16,3.1469317411173177,2014-07-22
23.47,27.34,1.88,3.106194438761452,2014-07-23
23.78,27.58,3.01,3.177857149841058,2014-07-24
23.56,27.8,7.28,2.9276396200658126,2014-07-25
23.57,27.99,2.67,2.915777506754996,2014-07-26
23.88,26.88,8.45,2.5453217079747996,2014-07-27
23.61,27.75,8.56,2.541228642317655,2014-07-28
23.31,27.92,6.49,3.2369239986519633,2014-07-29
23.74,27.14,4.29,2.602186723838119,2014-07-30
23.58,27.82,1.86,2.7472717016903796,2014-07-31
23.68,27.07,4.36,2.2837563704412958,2014-08-01
23.5,27.42,2.86,2.597597041790819,2014-08-02
23.34,26.96,2.9,2.99741649797666,2014-08-03
23.22,26.72,6.76,2.7245042827147907,2014-08-04
23.21,27.08,7.62,2.5687126895746464,2014-08-05
23.15,27.43,4.55,2.7927414339133123,2014-08-06
23.33,26.48,3.37,3.1880109227811473,2014-08-07
23.14,27.38,3.81,3.5963422978033073,2014-08-08
23.02,26.66,0.02,3.6655324926214408,2014-08-09
22.33,27.85,0.01,4.206044346731385,2014-08-10
22.11,27.97,0.04,3.9649095935595633,2014-08-11
23.0,26.72,0.09,3.238165355752094,2014-08-12
22.74,27.16,0.05,3.4684915606538915,2014-08-13
22.08,27.95,1.51,3.7481171141004523,2014-08-14
22.69,26.93,2.57,4.047439307598894,2014-08-15
22.81,26.28,3.1,2.969139282195902,2014-08-16
22.41,27.57,1.28,4.249990068340024,2014-08-17
22.69,27.43,4.16,3.8243692831306517,2014-08-18
23.06,25.12,7.49,1.877997023981216,2014-08-19
22.9,27.03,3.64,3.3665904113423633,2014-08-20
22.93,26.18,2.96,2.8952995616781156,2014-08-21
22.72,27.31,10.85,3.1535212767403564,2014-08-22
22.94,26.7,4.94,2.8908348162474784,2014-08-23
22.92,28.17,7.16,3.5323712700582073,2014-08-24
23.2,27.43,6.3,3.5341296772226842,2014-08-25
23.46,26.03,25.23,2.3214624458423057,2014-08-26
22.99,27.26,6.01,3.639692154628541,2014-08-27
22.55,27.65,4.15,3.4226424928757146,2014-08-28
23.72,26.84,3.51,1.8183413479082937,2014-08-29
23.44,27.07,3.02,3.1289143669638113,2014-08-30
23.26,27.71,2.08,3.185384658836874,2014-08-31
23.12,27.09,4.29,2.685682485939845,2014-09-01
23.1,26.4,1.73,3.121072453495266,2014-09-02
22.89,27.45,1.4,3.4943832315830408,2014-09-03
22.95,27.75,4.76,3.0568371429023733,2014-09-04
23.16,25.89,4.79,2.8735687914235335,2014-09-05
23.0,26.9,2.4,3.275468908504914,2014-09-06
23.0,27.17,1.39,3.40525979405409,2014-09-07
22.72,28.12,5.06,2.9334995882284827,2014-09-08
23.47,25.96,7.68,2.9927638385704993,2014-09-09
23.26,27.34,3.55,3.085399667640743,2014-09-10
23.15,27.73,4.49,3.759038670230762,2014-09-11
23.41,26.79,3.96,3.2894644316786192,2014-09-12
23.06,27.57,1.8,3.6557253822985714,2014-09-13
23.27,27.77,4.87,3.4546373375740327,2014-09-14
23.7,27.92,6.15,3.481726443108528,2014-09-15
23.31,26.39,9.85,2.057394702718147,2014-09-16
23.27,26.7,11.69,3.0921835468657095,2014-09-17
23.42,27.66,5.54,3.549463287514925,2014-09-18
23.39,27.77,2.34,3.8009361939167055,2014-09-19
23.9,26.49,5.39,2.15782386191404,2014-09-20
23.5,26.42,11.23,2.6486744941826266,2014-09-21
23.49,28.45,3.91,3.304367115954329,2014-09-22
24.17,27.55,10.2,2.8437201436268746,2014-09-23
23.84,27.22,20.13,2.4221352417697535,2014-09-24
23.45,27.34,11.89,3.4881319205270294,2014-09-25
23.46,27.29,15.44,2.5336536363730313,2014-09-26
23.27,26.44,25.48,3.4387864392048533,2014-09-27
23.71,27.63,8.15,3.6488080590866665,2014-09-28
23.58,28.27,9.16,3.8392790541436925,2014-09-29
23.99,26.83,16.0,2.4515211478051184,2014-09-30
23.78,27.52,13.42,3.1123931903869804,2014-10-01
23.63,27.01,5.21,3.5650003679408253,2014-10-02
23.58,27.58,12.78,3.1336925754161578,2014-10-03
24.14,28.0,5.16,3.9083028335996293,2014-10-04
23.8,28.58,4.77,3.7426434964352837,2014-10-05
23.7,28.62,6.62,3.1762091119708207,2014-10-06
24.05,29.0,6.91,4.11524303645745,2014-10-07
24.02,28.72,6.93,4.050329926218989,2014-10-08
24.24,29.29,2.75,4.1472588576386045,2014-10-09
24.19,28.47,9.36,3.9232531545695446,2014-10-10
24.54,27.72,8.86,1.8811396836624146,2014-10-11
24.06,27.44,4.74,4.004575422940674,2014-10-12
24.0,27.75,8.75,3.5956562342145637,2014-10-13
23.93,27.97,6.47,3.3756933753487375,2014-10-14
24.09,28.81,2.45,3.8084360910523496,2014-10-15
24.54,28.55,3.16,3.770735125844614,2014-10-16
24.98,28.4,5.16,3.7307520118997335,2014-10-17
24.51,27.93,5.65,3.336973621948116,2014-10-18
24.09,27.03,5.85,3.5225568878718527,2014-10-19
23.95,29.46,3.2,3.684341494059585,2014-10-20
23.45,29.82,2.92,4.183517213157304,2014-10-21
24.25,28.9,2.34,4.0963971197504945,2014-10-22
24.36,28.63,3.12,3.499985863082787,2014-10-23
24.3,28.85,4.17,4.016707188615231,2014-10-24
24.38,26.68,9.63,2.539820819500329,2014-10-25
24.19,26.87,4.83,3.3197248049243475,2014-10-26
23.91,28.59,5.14,3.8671977027321183,2014-10-27
24.76,27.56,5.08,3.149951721194599,2014-10-28
24.22,28.82,2.97,4.041708578007195,2014-10-29
24.66,28.59,2.57,3.6306093703804265,2014-10-30
24.31,28.25,2.55,3.8558162418170556,2014-10-31
24.48,28.27,3.51,4.049310400267649,2014-11-01
24.32,28.5,2.64,3.8066674320372935,2014-11-02
24.26,29.05,5.42,3.5836226619774165,2014-11-03
24.87,27.12,6.06,1.7564960740403017,2014-11-04
24.47,26.53,22.82,1.6200659972922011,2014-11-05
23.68,27.25,2.05,2.496496133966956,2014-11-06
23.98,29.21,0.68,3.989463636200474,2014-11-07
24.45,29.79,1.62,3.9095300166291973,2014-11-08
24.65,29.91,2.38,3.838504575264021,2014-11-09
25.17,27.9,3.64,3.4095694096104086,2014-11-10
24.9,27.68,2.84,3.3130446706270478,2014-11-11
24.31,28.82,0.42,3.5895740998858714,2014-11-12
24.51,29.34,0.35,3.9741878359892837,2014-11-13
25.04,28.14,0.38,4.010126814437159,2014-11-14
24.57,29.55,0.47,3.9328133816639403,2014-11-15
24.47,30.54,0.6,3.9705094409063064,2014-11-16
25.24,29.09,4.13,3.892975418771147,2014-11-17
25.23,27.95,3.07,3.165585318968854,2014-11-18
24.56,28.9,4.68,3.772963506329617,2014-11-19
24.7,28.65,4.27,3.4622282330069547,2014-11-20
24.79,28.86,3.17,3.7742080735273427,2014-11-21
25.17,29.53,0.03,4.195428485851824,2014-11-22
25.03,29.27,0.05,3.8739519957466113,2014-11-23
25.16,28.68,0.09,2.898837545647701,2014-11-24
25.07,29.21,0.04,4.012613512869924,2014-11-25
24.81,29.16,0.03,3.0573332109974385,2014-11-26
24.77,28.85,0.37,3.5534072236280525,2014-11-27
24.86,28.66,0.43,3.2095501468472714,2014-11-28
24.8,29.04,0.2,3.959171438607603,2014-11-29
24.25,30.59,0.32,4.176034738500901,2014-11-30
24.82,30.8,0.61,4.374674065988086,2014-12-01
24.49,29.64,0.02,4.106491726767319,2014-12-02
25.04,29.88,0.03,4.040992209680033,2014-12-03
24.67,29.59,0.02,3.7972284578751165,2014-12-04
24.58,29.85,0.01,3.85790723959594,2014-12-05
24.96,30.23,0.01,4.029121431584112,2014-12-06
24.73,30.85,0.12,4.131582742139524,2014-12-07
24.63,31.12,0.09,4.250608771886629,2014-12-08
24.65,30.69,0.09,4.033194177751434,2014-12-09
24.71,30.98,0.17,4.163101880747179,2014-12-10
24.83,30.16,0.12,3.9509744541226657,2014-12-11
24.97,30.63,0.38,3.303390398491092,2014-12-12
24.97,29.81,0.44,2.983166900946291,2014-12-13
24.92,31.01,0.24,3.9872501339630135,2014-12-14
24.8,30.42,0.42,3.5505512016524206,2014-12-15
24.68,30.09,0.21,3.770236370261761,2014-12-16
24.7,30.41,0.29,3.7837914804922295,2014-12-17
24.62,30.44,0.53,3.5946010082850126,2014-12-18
24.99,29.99,0.55,3.5455684101724882,2014-12-19
24.74,30.5,1.05,3.576846201305594,2014-12-20
24.57,31.02,0.68,3.683071354108807,2014-12-21
24.96,30.45,3.01,3.600150414275517,2014-12-22
25.12,30.16,1.89,3.812215557952156,2014-12-23
22.59,29.47,0.49,3.6809952782329747,2014-12-24
23.2,29.46,0.3,3.6223943729730848,2014-12-25
20.75,28.4,0.11,3.788953876935853,2014-12-26
20.28,28.93,0.0,4.075297876708519,2014-12-27
23.35,29.69,0.0,3.8863836870570694,2014-12-28
23.2,30.37,0.0,3.9124715459028336,2014-12-29
24.29,30.59,0.0,3.8950178987918216,2014-12-30
22.97,29.19,0.0,4.719340821604719,2014-12-31
22.24,30.05,0.0,4.7612072112786095,2015-01-01
22.85,29.93,0.0,4.233899834301008,2015-01-02
22.68,29.8,0.0,4.125257946457947,2015-01-03
20.19,27.68,0.0,4.531999652335358,2015-01-04
18.14,27.75,0.0,4.544275244334434,2015-01-05
18.2,26.15,0.0,3.701066573700191,2015-01-06
20.11,26.62,0.0,3.5275743117461706,2015-01-07
19.5,28.29,0.0,3.8760500812216474,2015-01-08
19.5,27.05,0.0,3.9926024348676514,2015-01-09
16.59,26.16,0.0,4.397358234057084,2015-01-10
16.52,26.5,0.0,4.329670543186728,2015-01-11
16.28,28.24,0.0,4.864259967088606,2015-01-12
15.17,25.95,0.0,4.406945993406067,2015-01-13
16.53,27.15,0.0,4.150987609431884,2015-01-14
18.0,28.83,0.0,4.138208032316879,2015-01-15
20.53,29.28,0.07,3.78347080086815,2015-01-16
21.91,30.27,0.06,3.805376691146866,2015-01-17
22.64,30.02,0.14,3.8215212660184057,2015-01-18
23.45,30.28,0.62,3.8080601369644294,2015-01-19
23.59,30.03,0.61,3.760276486055283,2015-01-20
23.89,30.29,0.2,3.9821075412789244,2015-01-21
24.21,31.63,0.23,4.189858728256253,2015-01-22
24.64,31.11,0.23,3.6209326470957635,2015-01-23
25.0,30.54,0.29,3.832071190373071,2015-01-24
24.94,30.03,0.43,3.5257190405307774,2015-01-25
24.83,30.83,0.32,4.068171223571278,2015-01-26
24.74,30.55,0.28,3.899238460235447,2015-01-27
25.19,30.94,0.22,4.247704181403424,2015-01-28
25.37,29.69,0.26,3.9619073948885477,2015-01-29
24.82,30.58,0.51,3.840857868231326,2015-01-30
25.09,29.74,0.85,3.5910223785104067,2015-01-31
25.54,29.8,0.47,3.902041501866371,2015-02-01
25.61,31.17,0.7,4.200065830712354,2015-02-02
25.33,30.81,0.74,3.8546407178288673,2015-02-03
25.37,30.61,0.77,3.7597177300118276,2015-02-04
25.53,30.78,0.16,3.899841527610474,2015-02-05
25.84,30.33,0.18,4.1143703923106045,2015-02-06
25.79,30.2,0.21,3.8993373355335126,2015-02-07
25.92,31.59,0.13,4.839080192682493,2015-02-08
25.96,30.6,0.12,4.209512807379849,2015-02-09
26.15,29.25,2.7,4.023077683028336,2015-02-10
25.6,30.51,2.83,3.727969154398698,2015-02-11
25.47,29.55,7.1,4.2176009499288964,2015-02-12
25.67,29.45,2.71,4.183554612442067,2015-02-13
25.71,29.14,2.52,3.443576305316781,2015-02-14
25.56,29.91,1.75,4.3379656700559845,2015-02-15
25.5,29.73,1.63,4.080126002306038,2015-02-16
25.57,29.69,4.27,4.025257914554808,2015-02-17
25.03,28.69,8.17,2.873713724224486,2015-02-18
24.97,29.51,0.57,3.6433264574907764,2015-02-19
24.62,30.7,0.08,4.360021952155458,2015-02-20
24.92,30.98,0.29,4.340903318210058,2015-02-21
25.64,29.43,1.14,4.080858159610589,2015-02-22
25.55,29.26,1.13,2.663855038702216,2015-02-23
25.26,31.08,0.22,3.9911850613858513,2015-02-24
25.46,31.59,0.0,4.3243871698411525,2015-02-25
25.76,29.71,0.0,3.968672007016482,2015-02-26
25.43,29.43,0.0,3.0304756249136298,2015-02-27
24.92,30.57,0.0,4.439067906913991,2015-02-28
25.25,31.24,0.0,4.6070671478133205,2015-03-01
25.77,32.07,0.26,4.483392905194582,2015-03-02
25.79,30.93,0.46,4.319583241246559,2015-03-03
25.38,31.2,0.49,4.321692116310594,2015-03-04
25.83,30.04,0.36,4.348419585814973,2015-03-05
26.08,30.57,0.21,4.178879781280896,2015-03-06
25.47,30.79,0.77,3.8069716433682275,2015-03-07
25.52,31.47,1.12,4.632434821055272,2015-03-08
26.36,30.75,2.81,4.185247900166487,2015-03-09
25.78,29.94,1.73,4.445228385070966,2015-03-10
26.2,29.39,1.56,4.287563421745796,2015-03-11
25.45,31.19,5.64,4.229478629612009,2015-03-12
25.78,31.07,4.44,3.3695195341663844,2015-03-13
25.91,31.83,2.8,4.935129803574504,2015-03-14
26.26,30.87,7.28,4.170570333996409,2015-03-15
26.42,28.84,7.82,2.6652662277733885,2015-03-16
26.21,28.9,21.09,3.3526436128871633,2015-03-17
25.78,29.83,7.99,3.1516228019373234,2015-03-18
25.75,30.36,4.6,4.482466837204389,2015-03-19
25.67,29.69,12.25,4.361313631328024,2015-03-20
26.06,28.74,27.52,3.5941521952943063,2015-03-21
25.49,28.79,7.56,3.5177645349043387,2015-03-22
25.6,29.39,1.68,4.164223501157543,2015-03-23
26.09,30.19,14.35,4.635465482758318,2015-03-24
26.44,28.89,20.28,2.511656550692964,2015-03-25
26.04,28.98,1.82,3.745227298363307,2015-03-26
26.17,29.37,1.03,3.8092106604621834,2015-03-27
25.93,29.28,0.41,4.176583271383545,2015-03-28
26.07,29.42,1.09,4.318523965148193,2015-03-29
25.87,29.64,0.97,4.183607179574964,2015-03-30
25.31,28.44,0.46,1.9270308112330057,2015-03-31
25.3,29.02,3.58,2.9857754189325316,2015-04-01
25.0,30.59,0.07,3.514790476061087,2015-04-02
25.51,28.96,1.9,3.628424524254739,2015-04-03
25.62,28.09,3.21,3.5621445189045176,2015-04-04
25.7,28.67,8.28,3.815420791058285,2015-04-05
25.29,29.05,2.35,4.214032621532675,2015-04-06
25.74,28.62,1.71,4.255693194632437,2015-04-07
25.74,28.6,2.18,3.8950243040371624,2015-04-08
26.04,28.91,3.05,3.535633324634207,2015-04-09
25.95,28.67,2.24,3.98105444344754,2015-04-10
25.85,28.6,4.15,3.3332720414820582,2015-04-11
25.74,28.52,4.14,3.433613742472915,2015-04-12
25.53,30.71,0.08,3.5151921691460335,2015-04-13
26.05,30.69,0.31,3.3868144594757283,2015-04-14
25.98,30.56,0.8,3.856654853105872,2015-04-15
26.06,30.43,0.77,4.01988750343244,2015-04-16
26.17,31.35,0.75,4.381207988983005,2015-04-17
25.98,30.58,1.17,4.46677904119914,2015-04-18
26.0,30.03,0.78,4.202549858655392,2015-04-19
26.34,29.39,1.16,4.332231577320102,2015-04-20
26.34,29.69,3.47,4.365731044015269,2015-04-21
26.53,29.72,2.9,4.131847122689849,2015-04-22
26.13,29.59,4.08,4.166708231379462,2015-04-23
26.18,29.14,3.97,4.125633214243919,2015-04-24
25.84,30.05,4.06,4.5320036201758676,2015-04-25
26.14,29.0,0.81,3.421377726211494,2015-04-26
25.78,30.24,0.51,4.4255523709377815,2015-04-27
25.88,29.34,0.43,4.446237818574312,2015-04-28
25.93,30.63,0.83,4.775495511680275,2015-04-29
26.29,29.83,1.78,4.750959478093021,2015-04-30
26.4,29.42,6.03,4.340015054673328,2015-05-01
26.06,30.07,3.64,4.526037913181735,2015-05-02
26.53,29.9,12.49,4.242667388403292,2015-05-03
26.58,29.66,4.91,3.699999416951241,2015-05-04
25.67,28.79,3.11,2.990393485802716,2015-05-05
25.26,29.21,0.16,4.483243057347921,2015-05-06
25.85,30.46,1.38,4.510578214158019,2015-05-07
26.59,29.7,2.15,4.431095046114638,2015-05-08
26.19,29.41,0.9,4.577754042626128,2015-05-09
26.2,29.02,1.79,4.3161569584525,2015-05-10
26.04,29.77,2.13,4.648507866022775,2015-05-11
26.3,29.06,5.56,4.148462325700378,2015-05-12
26.42,29.84,4.33,4.371173594030082,2015-05-13
26.14,29.17,6.96,2.928544044738319,2015-05-14
25.75,29.29,1.64,4.117488884388721,2015-05-15
25.77,29.22,0.5,4.051103413348167,2015-05-16
25.87,29.46,2.46,3.9670819873743235,2015-05-17
25.68,28.25,3.07,3.9085636067637313,2015-05-18
25.47,29.6,0.73,4.3336775444187445,2015-05-19
25.85,29.53,0.97,2.2517125817074297,2015-05-20
25.9,30.13,1.6,4.371248970717738,2015-05-21
26.3,29.35,2.78,3.9169218680569844,2015-05-22
25.14,28.42,3.59,1.5747826187529717,2015-05-23
24.46,28.13,5.63,4.192274309131173,2015-05-24
25.35,30.36,0.03,4.639637693196207,2015-05-25
25.71,29.45,1.32,4.060088488554397,2015-05-26
25.75,28.67,2.6,3.5345257712902485,2015-05-27
25.03,28.06,1.27,3.3300841096479394,2015-05-28
25.02,27.82,1.28,3.2328265956804767,2015-05-29
25.0,29.07,1.73,3.991741376815707,2015-05-30
25.72,27.51,5.37,2.3710276100488197,2015-05-31
25.6,28.38,4.38,3.4676826318562304,2015-06-01
25.47,28.18,7.6,1.7189744004341134,2015-06-02
25.36,27.7,18.67,2.6456909622940485,2015-06-03
24.9,27.85,4.95,3.1221208632482638,2015-06-04
24.88,27.55,11.61,1.5836411463730287,2015-06-05
24.57,27.65,5.29,3.4386167267487386,2015-06-06
24.85,27.47,5.23,2.303956014654456,2015-06-07
24.7,27.04,4.54,3.217265862427663,2015-06-08
24.66,28.15,4.3,2.057718078288448,2015-06-09
24.41,28.03,3.7,3.293263478053581,2015-06-10
24.56,27.51,1.64,3.3688007401144113,2015-06-11
24.95,28.05,2.73,2.8343855638554487,2015-06-12
24.95,27.13,2.69,3.3977346467040626,2015-06-13
24.66,28.15,4.24,1.8293051524446322,2015-06-14
24.65,28.78,1.09,3.6886282691431282,2015-06-15
24.84,28.75,0.84,4.029147337636371,2015-06-16
24.6,27.85,0.62,3.71525874486267,2015-06-17
24.77,27.88,1.14,2.7769946416279803,2015-06-18
24.7,28.77,1.12,4.127451252111212,2015-06-19
24.32,27.83,16.42,1.429635706453326,2015-06-20
23.95,28.11,8.36,2.750868603693291,2015-06-21
24.1,27.95,7.78,3.060683225491764,2015-06-22
24.18,27.96,3.58,3.5687013773869696,2015-06-23
23.99,28.55,6.93,4.071982829677715,2015-06-24
24.43,28.08,4.0,3.6291107935983207,2015-06-25
24.24,28.34,2.2,3.434574295140115,2015-06-26
24.28,28.22,4.49,3.6454041547935723,2015-06-27
24.16,27.44,9.94,2.0167513694366277,2015-06-28
24.03,27.92,4.51,3.550027361523268,2015-06-29
24.08,27.85,5.48,2.849229206350649,2015-06-30
24.13,27.95,1.76,3.895310898277695,2015-07-01
24.11,27.9,8.26,2.5643810311311928,2015-07-02
24.04,27.27,25.34,2.694474995983349,2015-07-03
23.86,27.29,2.45,2.449687790580501,2015-07-04
23.55,27.5,0.51,2.604527717704581,2015-07-05
23.79,28.01,0.37,3.9373049886240117,2015-07-06
24.16,28.37,0.5,3.6119173658139077,2015-07-07
24.25,28.13,0.74,3.4835006464265694,2015-07-08
24.3,28.4,0.72,3.614316627696343,2015-07-09
24.49,27.15,9.2,1.7560163954072865,2015-07-10
24.18,27.18,11.01,2.8336357272067323,2015-07-11
24.23,27.18,7.63,3.5385558118256255,2015-07-12
23.9,27.67,3.76,3.8254118447760295,2015-07-13
23.97,27.84,6.08,3.508139128323313,2015-07-14
24.21,27.23,2.92,3.227422739259772,2015-07-15
23.88,27.68,2.37,2.012056468020618,2015-07-16
23.5,28.1,0.85,3.255531135464746,2015-07-17
24.33,27.81,1.14,3.5971564320017473,2015-07-18
24.17,26.75,1.48,3.4632681520424717,2015-07-19
23.68,27.32,0.79,3.474539529086105,2015-07-20
23.1,27.67,0.94,3.955073301821631,2015-07-21
22.61,28.25,0.11,4.192651211103461,2015-07-22
22.52,28.36,0.16,4.4091949633012275,2015-07-23
23.52,27.48,0.67,3.4534386567935633,2015-07-24
23.41,27.43,0.64,3.6283509440500565,2015-07-25
23.09,28.15,0.34,4.508269354840919,2015-07-26
23.38,26.73,1.89,3.097740557062689,2015-07-27
22.79,26.67,0.97,3.4484426831009105,2015-07-28
22.28,27.65,0.08,3.881540595757114,2015-07-29
22.67,27.97,0.1,3.4808201457386123,2015-07-30
22.92,27.99,0.14,3.654573953474867,2015-07-31
22.57,28.4,0.15,3.946247650826359,2015-08-01
23.0,28.09,0.12,3.2513355004229894,2015-08-02
22.69,28.04,0.03,3.175483495669884,2015-08-03
22.96,28.4,0.15,3.18341887924651,2015-08-04
23.18,28.74,0.2,3.767709643553701,2015-08-05
23.69,28.2,0.39,3.620411010700278,2015-08-06
23.71,28.02,0.42,3.3857890339739027,2015-08-07
23.39,27.83,0.52,3.662294186092216,2015-08-08
23.46,28.42,0.62,4.028311855209834,2015-08-09
23.6,28.29,2.62,3.330676216660667,2015-08-10
22.99,28.79,0.44,4.185986175660199,2015-08-11
23.5,28.62,0.98,3.917231081835034,2015-08-12
23.56,28.39,1.18,3.2458855923559713,2015-08-13
23.8,28.09,0.81,2.9201568183507556,2015-08-14
23.44,28.48,0.84,3.166303413781255,2015-08-15
23.31,29.26,0.48,3.7845480551122086,2015-08-16
23.75,27.71,1.8,3.114230999112738,2015-08-17
23.68,27.99,6.33,3.3517933336804386,2015-08-18
23.57,27.29,1.87,2.6014674798771096,2015-08-19
23.66,26.76,3.56,2.8454551273497164,2015-08-20
23.58,27.51,3.15,2.755376397877434,2015-08-21
23.07,28.94,1.76,3.438714550885091,2015-08-22
23.72,26.3,3.89,2.4474504623333724,2015-08-23
23.65,27.78,1.35,2.8450770507461067,2015-08-24
23.67,28.32,1.9,3.4320686212494933,2015-08-25
23.76,28.93,2.01,3.916909747124786,2015-08-26
23.74,27.44,1.08,2.4975780560195266,2015-08-27
23.84,28.03,1.77,3.4259033100324308,2015-08-28
23.46,28.16,2.76,3.7243617535738887,2015-08-29
23.26,28.6,0.78,3.413625981298818,2015-08-30
23.6,28.37,1.84,3.2933143196401047,2015-08-31
23.5,28.13,1.63,3.8343173160272923,2015-09-01
23.29,28.68,1.42,3.9651881691992266,2015-09-02
23.23,29.1,1.55,3.5062665246984532,2015-09-03
23.59,28.82,0.7,3.5817696397438676,2015-09-04
24.15,28.37,1.33,3.173367402719876,2015-09-05
24.01,27.87,4.85,3.1648470564516433,2015-09-06
23.43,28.45,1.41,3.1886702262448843,2015-09-07
23.38,29.03,1.4,3.1138195811135794,2015-09-08
23.93,28.76,1.16,3.841836376593664,2015-09-09
23.58,28.49,0.24,3.459018568577985,2015-09-10
23.68,27.83,0.41,2.8754325632517554,2015-09-11
23.59,28.1,0.27,3.6570607155244357,2015-09-12
23.9,28.63,2.86,3.589807315501982,2015-09-13
23.77,29.06,1.88,3.157367364826161,2015-09-14
23.95,28.29,4.02,3.533285786282159,2015-09-15
23.96,27.43,3.36,3.0526791116073975,2015-09-16
23.69,29.3,3.47,3.611322039595098,2015-09-17
23.56,28.56,3.25,2.9910540695754704,2015-09-18
23.79,28.16,1.05,3.3839261056690364,2015-09-19
23.74,27.55,3.84,3.042283835325403,2015-09-20
23.89,28.46,3.96,2.402151740137642,2015-09-21
24.01,28.22,4.22,3.6235003717357035,2015-09-22
24.08,29.24,1.61,3.8966088017404164,2015-09-23
24.47,27.23,3.07,2.4442634624032755,2015-09-24
24.13,28.06,12.65,2.6229011345227504,2015-09-25
24.1,29.1,1.3,3.6232816510536416,2015-09-26
24.35,28.83,1.06,4.173571983570763,2015-09-27
24.46,28.4,21.42,3.161516646799932,2015-09-28
24.44,26.7,5.74,2.9115295815054125,2015-09-29
24.3,27.67,10.9,2.872259676143336,2015-09-30
23.86,28.83,2.81,3.773907861065804,2015-10-01
24.18,29.21,2.24,4.145098166698875,2015-10-02
24.03,28.58,2.94,3.652269950082933,2015-10-03
24.2,29.33,3.8,3.6489534317535206,2015-10-04
24.66,28.45,4.57,3.286147207503967,2015-10-05
24.79,28.64,6.58,3.069747127667639,2015-10-06
24.49,26.91,14.24,3.2255824668571105,2015-10-07
23.91,28.06,3.8,3.1910400541263435,2015-10-08
23.96,28.28,9.81,3.680277559949599,2015-10-09
24.29,28.09,2.89,3.6521437094045686,2015-10-10
24.0,29.46,3.99,4.183533802400442,2015-10-11
24.65,28.38,4.39,3.810492456845359,2015-10-12
24.7,28.94,0.95,3.753882509139932,2015-10-13
24.96,28.03,2.33,2.9110823470574863,2015-10-14
24.31,29.12,0.99,3.9500608785794675,2015-10-15
25.28,29.08,2.87,3.893125961735766,2015-10-16
25.15,29.36,2.5,4.138446830609967,2015-10-17
25.35,28.36,7.0,3.582411189812831,2015-10-18
25.22,28.5,6.59,3.6447022142255268,2015-10-19
25.15,28.55,6.12,3.9081425666048983,2015-10-20
25.16,27.59,5.22,2.080205121682702,2015-10-21
24.7,26.94,3.33,3.1764946874411017,2015-10-22
24.74,29.35,2.04,4.225345948453808,2015-10-23
24.82,28.6,3.4,3.668753071937001,2015-10-24
24.96,27.72,4.35,3.5369005214823037,2015-10-25
24.51,28.93,2.14,3.7858260983777985,2015-10-26
25.16,29.16,3.06,2.2197045778328826,2015-10-27
24.7,28.57,3.15,2.856376508721655,2015-10-28
24.91,27.78,8.71,2.6008024929082234,2015-10-29
24.64,29.13,2.18,3.2748591402311495,2015-10-30
24.73,28.48,6.95,3.955305861685845,2015-10-31
24.97,28.12,9.19,3.2035302997086195,2015-11-01
24.52,26.81,2.04,1.8499596051767662,2015-11-02
24.43,29.09,0.69,4.210987387982381,2015-11-03
24.61,29.54,0.73,4.1601722471689095,2015-11-04
25.01,29.37,2.13,3.8501202201811906,2015-11-05
25.41,29.05,2.88,3.681601664374928,2015-11-06
25.25,28.71,5.14,2.7279916279468455,2015-11-07
24.61,28.71,1.76,3.821818941499931,2015-11-08
25.04,28.12,3.62,3.5059395434405687,2015-11-09
24.81,30.0,4.47,3.887389877866603,2015-11-10
25.46,29.61,1.23,4.222130507696386,2015-11-11
24.82,29.67,0.0,4.058924807705123,2015-11-12
24.38,31.03,0.0,4.260979036850176,2015-11-13
24.97,30.93,0.0,4.289185389469254,2015-11-14
25.07,30.49,0.0,3.9535354843753,2015-11-15
25.36,29.85,0.0,3.7820571268433745,2015-11-16
25.25,30.37,0.0,4.120407761798341,2015-11-17
25.37,30.45,0.0,4.424643337944285,2015-11-18
24.77,30.8,0.0,4.407112945351454,2015-11-19
25.16,31.31,0.0,4.215852974935382,2015-11-20
25.09,30.61,0.0,4.303716885163745,2015-11-21
24.99,30.28,0.46,4.036130410141337,2015-11-22
25.37,31.1,0.81,4.1073653754036785,2015-11-23
25.6,30.31,1.17,4.0093739313555865,2015-11-24
25.94,29.17,0.54,3.843923974149869,2015-11-25
25.72,29.02,0.63,3.9844949756935937,2015-11-26
24.97,31.28,1.28,4.4783010265174,2015-11-27
25.26,31.05,0.82,4.570266664105256,2015-11-28
25.08,31.26,0.9,4.555420386083718,2015-11-29
25.03,30.79,0.75,4.306959026039628,2015-11-30
25.16,30.5,0.99,4.171108061533184,2015-12-01
25.49,30.55,1.78,3.8800276710125137,2015-12-02
24.77,30.08,1.03,3.5532769361443357,2015-12-03
23.06,27.55,0.0,3.4528434698005395,2015-12-04
21.84,29.22,0.0,4.1091885649171545,2015-12-05
22.42,29.26,0.0,4.052726677473435,2015-12-06
22.02,29.72,0.0,4.552572643340933,2015-12-07
19.77,30.21,0.0,4.783646807318691,2015-12-08
21.86,30.66,0.0,4.4169822165540955,2015-12-09
21.98,30.76,0.0,4.19666157233614,2015-12-10
22.56,30.58,0.0,4.231809981629817,2015-12-11
21.16,30.25,0.0,4.489504485424383,2015-12-12
21.32,29.93,0.0,4.409054606813694,2015-12-13
21.01,30.55,0.0,4.554441904261716,2015-12-14
20.77,30.47,0.0,5.068354849461166,2015-12-15
18.52,29.76,0.0,5.080651514591768,2015-12-16
18.57,29.72,0.0,4.764217453084605,2015-12-17
20.16,30.52,0.0,5.112681507679709,2015-12-18
20.23,30.16,0.0,4.8911278533435985,2015-12-19
21.15,30.24,0.0,4.661852086791573,2015-12-20
21.07,30.71,0.0,4.57606973462053,2015-12-21
20.67,30.61,0.0,4.980442611284304,2015-12-22
20.05,30.56,0.0,4.750611233354941,2015-12-23
20.46,29.98,0.0,4.865231694095128,2015-12-24
20.07,29.81,0.0,4.9573595711114855,2015-12-25
19.38,30.0,0.0,4.518245749621851,2015-12-26
19.92,29.26,0.0,4.397189207992267,2015-12-27
20.48,30.54,0.0,4.221451891926385,2015-12-28
20.6,30.56,0.0,4.557733968430307,2015-12-29
19.92,30.97,0.0,4.087309201424254,2015-12-30
22.35,30.87,0.0,4.051573064320769,2015-12-31
21.98,31.15,0.0,4.3902402077113925,2016-01-01
20.23,30.25,0.0,4.616421403042796,2016-01-02
19.93,30.66,0.0,4.628123259343464,2016-01-03
19.9,31.04,0.0,5.144841327622086,2016-01-04
22.26,31.44,0.0,3.835824371754292,2016-01-05
22.83,32.14,0.19,3.964537569379205,2016-01-06
22.5,32.28,0.06,4.966831217096792,2016-01-07
23.16,32.47,0.17,4.4553136826595745,2016-01-08
24.28,32.06,0.94,4.460858412299008,2016-01-09
24.28,32.51,0.35,4.622489344412745,2016-01-10
24.76,32.13,0.0,4.318352284304825,2016-01-11
24.7,32.56,0.0,4.3631458817469,2016-01-12
24.49,32.7,0.0,4.379595353216933,2016-01-13
24.95,32.7,0.0,4.35084532822358,2016-01-14
25.13,33.2,0.0,4.340990203498674,2016-01-15
25.39,32.33,1.96,4.340895944718247,2016-01-16
25.34,32.27,1.84,4.4606710867081345,2016-01-17
25.59,31.48,1.19,4.142603691995734,2016-01-18
25.29,30.71,3.97,3.38988057389241,2016-01-19
25.68,32.01,1.89,4.446663940113292,2016-01-20
24.92,32.72,0.0,4.630573607156893,2016-01-21
25.24,31.13,0.0,4.300212282450904,2016-01-22
25.01,31.93,0.0,4.283736719688914,2016-01-23
24.89,31.5,0.0,4.555536466993544,2016-01-24
20.02,30.2,0.0,5.626381093395824,2016-01-25
22.43,29.53,0.0,3.927980143535996,2016-01-26
20.07,29.69,0.0,5.382872129158945,2016-01-27
19.93,29.18,0.0,4.998786482158868,2016-01-28
21.39,30.64,0.0,5.16532433182052,2016-01-29
19.98,29.97,0.0,4.971089557089991,2016-01-30
21.01,31.54,0.0,4.336970917014545,2016-01-31
22.0,31.38,0.0,4.034114644895959,2016-02-01
23.64,30.94,0.0,3.8534509323302455,2016-02-02
23.74,31.12,0.0,4.02765970780271,2016-02-03
24.13,32.72,0.0,4.407404068747707,2016-02-04
24.22,33.95,0.0,4.802645549050918,2016-02-05
24.05,33.19,0.0,4.791781893588848,2016-02-06
24.56,32.95,0.0,4.644652479840185,2016-02-07
24.69,32.69,0.0,4.44352156191248,2016-02-08
25.16,32.63,0.0,4.448647213290172,2016-02-09
22.59,32.42,0.0,6.244192930866925,2016-02-10
21.84,32.03,0.0,4.87948820236095,2016-02-11
24.13,32.95,0.0,4.7974556853497985,2016-02-12
24.66,32.2,0.0,4.362974022382415,2016-02-13
25.35,32.21,0.0,4.633036154935829,2016-02-14
25.93,31.96,0.0,4.5445323903836545,2016-02-15
25.92,32.33,0.0,4.722121752041681,2016-02-16
25.98,32.81,0.0,4.62443786002713,2016-02-17
25.89,33.49,0.0,5.094750290008554,2016-02-18
26.24,33.37,0.0,5.192191866581815,2016-02-19
26.29,33.49,0.04,5.274885443224088,2016-02-20
26.22,33.63,0.06,4.723544952907225,2016-02-21
26.84,33.8,0.1,5.08271435526411,2016-02-22
26.86,33.78,0.07,5.1120705501103725,2016-02-23
26.48,33.82,0.03,4.973213488014092,2016-02-24
27.19,32.62,0.49,4.53942855491384,2016-02-25
27.26,32.63,0.72,4.415912223607761,2016-02-26
26.84,32.23,0.68,4.5667467601358664,2016-02-27
26.73,32.64,0.88,4.436840749276287,2016-02-28
27.06,30.73,1.65,3.8333341983056832,2016-02-29
27.13,31.43,1.13,2.8357902255983487,2016-03-01
26.58,32.64,0.67,5.486696193382038,2016-03-02
25.97,32.95,0.36,5.453186139749337,2016-03-03
26.54,33.52,1.57,5.444037375446411,2016-03-04
27.08,31.83,5.61,3.2162358655248764,2016-03-05
26.44,31.95,0.88,4.726263585559339,2016-03-06
26.79,32.73,1.71,5.3416933496883665,2016-03-07
27.08,30.7,3.86,3.185677894872854,2016-03-08
26.55,31.62,4.39,4.861094842155093,2016-03-09
26.86,31.78,6.18,4.53811137699063,2016-03-10
26.92,31.89,2.81,4.618883676188673,2016-03-11
26.97,32.02,2.2,4.97020595017357,2016-03-12
26.98,30.5,18.36,2.9910967047725134,2016-03-13
26.59,29.33,13.1,3.053056476888775,2016-03-14
26.23,32.99,1.97,5.22240796421894,2016-03-15
26.87,30.64,4.57,4.554915438184413,2016-03-16
26.77,31.16,8.2,4.265989379444759,2016-03-17
26.17,29.46,4.67,3.2371598208654464,2016-03-18
26.22,30.48,0.94,4.768656508761953,2016-03-19
26.3,30.74,3.73,4.415439282028788,2016-03-20
26.66,29.82,6.31,2.484114192323589,2016-03-21
26.07,30.31,3.3,4.302269393052076,2016-03-22
26.39,29.62,9.27,4.482963529818553,2016-03-23
26.26,29.13,11.13,4.348503720786009,2016-03-24
25.6,29.96,5.29,4.676128619869711,2016-03-25
26.29,30.08,1.96,4.178089805881608,2016-03-26
26.64,30.43,1.14,4.093278231337456,2016-03-27
26.36,31.26,1.86,4.26520123942173,2016-03-28
26.5,31.74,1.84,4.724143801669909,2016-03-29
27.11,30.91,1.56,4.06726287592621,2016-03-30
26.68,30.86,1.34,4.16588969769647,2016-03-31
26.59,30.24,5.5,3.727753858697049,2016-04-01
26.53,29.59,2.46,3.415798853962272,2016-04-02
26.29,30.96,0.91,4.166305013267855,2016-04-03
26.65,30.99,3.03,4.420323723658243,2016-04-04
26.86,29.9,4.88,3.765725682937433,2016-04-05
26.61,29.81,16.66,3.9427850400168127,2016-04-06
26.33,29.88,2.45,3.9421190584463703,2016-04-07
25.78,30.1,1.75,4.655187060315933,2016-04-08
25.57,29.6,8.94,3.96078593868606,2016-04-09
25.21,30.13,2.41,5.077046230022383,2016-04-10
25.98,30.97,2.68,4.8883928529466365,2016-04-11
25.9,30.35,3.27,3.6306016411916677,2016-04-12
25.8,30.72,1.89,4.95373026566964,2016-04-13
26.26,30.05,4.47,4.705800352441789,2016-04-14
26.16,30.52,8.27,4.228459850844348,2016-04-15
25.99,31.29,0.47,4.911959142050342,2016-04-16
25.59,30.76,0.21,4.705444235074927,2016-04-17
25.9,29.55,0.64,4.412430294169007,2016-04-18
26.06,30.73,0.55,4.8333840290340095,2016-04-19
26.53,30.46,0.81,5.028320167184252,2016-04-20
26.5,29.58,1.97,4.760739124045393,2016-04-21
26.64,30.78,1.21,4.793466709036969,2016-04-22
26.6,31.74,1.65,5.073458409019817,2016-04-23
27.04,30.27,2.17,4.842475095925058,2016-04-24
26.87,30.32,3.77,4.805498078553748,2016-04-25
26.66,29.97,5.7,4.358342723992346,2016-04-26
26.41,30.69,5.04,4.754188189758435,2016-04-27
26.57,29.88,5.16,2.0020905313406834,2016-04-28
25.77,29.88,2.28,4.935508956392997,2016-04-29
26.16,29.78,5.27,4.7319968040313745,2016-04-30
26.42,31.02,0.22,4.823508530616389,2016-05-01
26.94,30.51,0.26,4.512309485990016,2016-05-02
26.58,30.46,0.19,3.8592681303369125,2016-05-03
26.37,30.34,0.14,3.523083781016016,2016-05-04
26.16,30.55,0.09,4.618435087866444,2016-05-05
26.57,29.15,12.85,4.348953528974043,2016-05-06
26.42,29.44,3.24,4.389728386071865,2016-05-07
26.49,29.08,3.52,2.9049269408701353,2016-05-08
25.73,29.46,1.12,4.321718997316451,2016-05-09
25.86,30.28,1.07,2.325094743737817,2016-05-10
25.74,30.5,2.45,4.566043948294015,2016-05-11
25.98,29.29,36.5,2.3877882529325625,2016-05-12
25.63,29.27,6.06,4.450255317702299,2016-05-13
26.2,28.59,8.2,3.8699236356980253,2016-05-14
25.28,28.84,3.02,3.38611923441976,2016-05-15
25.18,28.48,4.77,4.036620199949562,2016-05-16
25.26,28.19,1.78,3.176407885631797,2016-05-17
24.84,28.17,8.71,3.6126623190143787,2016-05-18
25.17,29.98,1.05,4.251256258436039,2016-05-19
25.5,30.16,6.02,4.1298429311865865,2016-05-20
26.16,28.58,7.77,3.4085805655658934,2016-05-21
25.3,27.94,9.62,3.2695218476196035,2016-05-22
24.98,27.61,10.96,2.406076559417399,2016-05-23
24.8,27.4,3.04,3.536094226794339,2016-05-24
25.29,29.88,2.8,4.33603891830673,2016-05-25
25.5,28.58,4.21,4.054349106923561,2016-05-26
25.24,29.65,0.72,3.7260664087949817,2016-05-27
25.69,28.88,1.78,3.021474938311592,2016-05-28
25.35,28.84,7.14,3.9246344661937207,2016-05-29
24.73,29.05,3.17,3.7005311473796656,2016-05-30
24.48,29.69,0.34,4.271067108122388,2016-05-31
25.04,30.33,2.8,4.269893915555068,2016-06-01
25.43,29.64,5.71,2.737960048601031,2016-06-02
25.13,28.3,2.0,4.002056777449439,2016-06-03
24.68,29.83,2.79,4.381709716487248,2016-06-04
25.49,29.56,11.46,3.8478326659339306,2016-06-05
25.71,28.59,4.32,3.5357313470227365,2016-06-06
25.34,28.08,4.72,1.493255517108737,2016-06-07
24.68,29.05,5.74,3.873326971372096,2016-06-08
25.39,27.76,24.37,2.266347174524861,2016-06-09
24.96,27.94,2.53,3.3397495702217106,2016-06-10
24.9,27.91,0.66,2.5754346474764245,2016-06-11
24.94,27.01,13.23,1.606846541224248,2016-06-12
24.57,26.96,1.53,2.9569065022280787,2016-06-13
24.26,28.82,7.77,3.448910810114805,2016-06-14
24.43,26.87,5.71,2.0868825519406125,2016-06-15
23.92,26.01,5.2,3.417177856368327,2016-06-16
24.02,27.96,0.66,2.9344431361504104,2016-06-17
24.21,28.22,4.57,3.59185843783429,2016-06-18
24.66,26.86,15.31,2.0473804906458337,2016-06-19
23.97,26.5,4.07,2.275678097715048,2016-06-20
23.75,27.14,3.93,3.2311654526130402,2016-06-21
23.34,28.6,0.16,4.366506669616088,2016-06-22
23.45,28.24,0.4,4.230816869375354,2016-06-23
24.25,26.66,1.1,2.7234279927164398,2016-06-24
23.63,27.93,1.82,3.4727830976218863,2016-06-25
23.4,28.2,3.16,3.526595339860764,2016-06-26
24.27,27.65,8.16,2.866215045437379,2016-06-27
23.77,26.72,12.8,2.9656023468068806,2016-06-28
23.54,27.96,2.6,3.1314061710820984,2016-06-29
23.79,27.19,1.94,3.290717523101092,2016-06-30
23.78,28.13,0.81,3.547626851510888,2016-07-01
23.49,28.65,0.59,4.00650016373196,2016-07-02
24.31,27.4,3.83,3.50942600692855,2016-07-03
23.86,27.77,1.58,3.790341560603928,2016-07-04
23.75,28.38,1.59,3.214758631433944,2016-07-05
24.03,28.25,1.62,3.1221599497601162,2016-07-06
23.97,28.02,1.99,3.445961550618793,2016-07-07
24.12,28.29,1.44,3.767653205778578,2016-07-08
24.22,27.19,1.86,2.916054706838565,2016-07-09
24.41,27.43,2.3,3.346329774700538,2016-07-10
23.88,27.74,1.21,3.949570466443036,2016-07-11
23.35,29.05,0.12,4.56671645893798,2016-07-12
23.66,28.02,1.17,3.3025056032552156,2016-07-13
23.57,27.41,0.49,2.9677848916060436,2016-07-14
23.96,28.01,0.98,3.860532955969676,2016-07-15
23.89,26.21,2.82,3.4178658159671964,2016-07-16
23.96,27.62,5.0,2.795029041863312,2016-07-17
23.62,28.59,0.72,3.8208628200548373,2016-07-18
23.61,27.53,2.39,3.5703763266418487,2016-07-19
24.02,27.73,4.28,2.946337261649298,2016-07-20
23.75,26.07,9.85,2.56741690271471,2016-07-21
23.86,25.58,7.12,2.535768347745959,2016-07-22
23.62,25.94,22.24,2.079158018268914,2016-07-23
23.32,27.07,12.75,3.181903876859682,2016-07-24
23.16,26.7,1.75,3.3143552095386153,2016-07-25
23.23,26.17,1.08,2.6169909706588115,2016-07-26
23.28,26.9,1.73,3.2453321104140973,2016-07-27
23.33,27.98,0.75,3.9656700866562495,2016-07-28
23.37,28.05,0.54,3.4313091688682693,2016-07-29
23.48,26.57,0.84,2.9107131803623623,2016-07-30
23.36,28.19,0.73,3.0421512446812393,2016-07-31
23.3,28.28,0.39,3.75085736285748,2016-08-01
23.54,27.76,0.66,3.269476574730892,2016-08-02
23.7,27.23,0.31,3.55819671624459,2016-08-03
23.09,28.48,0.61,4.166161530699659,2016-08-04
23.06,28.34,1.44,4.0905419061868855,2016-08-05
23.56,27.26,3.51,3.303534252393488,2016-08-06
23.58,28.15,2.85,3.721242979123926,2016-08-07
22.96,28.13,2.24,3.4495001412714785,2016-08-08
22.95,28.5,0.58,3.777939781823456,2016-08-09
23.45,28.19,0.49,3.9322764316077805,2016-08-10
23.21,28.32,0.83,3.577651584391744,2016-08-11
23.68,27.84,1.12,3.3844172177682066,2016-08-12
23.23,28.51,0.91,3.2089037852154836,2016-08-13
23.77,27.13,10.85,3.5697227979225854,2016-08-14
23.34,27.54,8.19,3.138761527826905,2016-08-15
23.42,26.54,1.5,2.961670562902014,2016-08-16
23.22,27.76,0.98,3.512179109661277,2016-08-17
23.22,27.87,1.9,3.549004279843697,2016-08-18
23.74,26.38,2.3,2.794635042173679,2016-08-19
23.46,27.92,2.91,2.873033817554379,2016-08-20
23.42,27.97,1.76,2.800984670376044,2016-08-21
23.62,28.58,1.53,3.6695125103505517,2016-08-22
23.62,28.57,1.66,3.6546725318347737,2016-08-23
23.84,28.49,2.85,3.313774831663472,2016-08-24
23.59,28.09,3.83,3.650640987602423,2016-08-25
23.33,27.8,2.35,3.125395849728598,2016-08-26
23.74,26.48,6.55,3.1299860107054,2016-08-27
23.5,26.46,5.0,1.6398587533226132,2016-08-28
23.48,28.21,5.45,2.892535830270485,2016-08-29
23.58,27.45,4.83,2.611125169481575,2016-08-30
23.62,27.69,3.17,3.787176613755071,2016-08-31
23.66,27.38,6.58,2.809464931793508,2016-09-01
23.56,27.64,1.58,3.3441797014999537,2016-09-02
23.6,28.48,4.83,3.7667208500055205,2016-09-03
23.76,29.01,1.33,3.974714818319013,2016-09-04
24.12,28.09,15.28,2.8351104705761037,2016-09-05
23.8,27.83,53.67,2.6025575035472523,2016-09-06
23.95,27.47,3.2,3.0238693949531252,2016-09-07
23.85,28.22,3.16,3.548555417370959,2016-09-08
23.98,27.22,4.82,3.572281732986713,2016-09-09
23.96,28.32,6.52,2.2126530006231495,2016-09-10
24.21,26.58,7.89,2.94201654007053,2016-09-11
23.91,27.33,5.87,3.589520894456884,2016-09-12
23.69,27.34,11.38,3.0787741935870043,2016-09-13
23.88,26.69,16.25,2.2077595246876225,2016-09-14
23.79,27.88,3.95,3.502498247347653,2016-09-15
23.94,28.29,3.67,3.4823046171258563,2016-09-16
23.35,28.49,5.47,3.7323607935595824,2016-09-17
23.99,27.67,4.27,3.9774752763744496,2016-09-18
24.15,27.12,5.57,3.7761493013912593,2016-09-19
24.27,27.0,27.69,3.077840756216437,2016-09-20
24.0,27.87,5.96,3.4190874500917894,2016-09-21
24.07,27.7,5.78,3.180724046186712,2016-09-22
23.96,28.01,7.62,3.739871123494756,2016-09-23
24.36,27.73,17.9,3.642736017121093,2016-09-24
24.55,26.77,22.34,2.067847967299794,2016-09-25
24.35,26.79,5.33,2.1491646314032766,2016-09-26
23.84,28.59,6.45,3.818378160387489,2016-09-27
24.25,28.15,3.0,3.580066630672767,2016-09-28
24.12,29.44,2.1,3.7808132870619393,2016-09-29
24.45,29.05,6.15,3.5728834855261824,2016-09-30
24.5,27.13,16.01,2.3373474413097806,2016-10-01
24.33,27.86,18.06,1.8776725366607374,2016-10-02
23.9,28.54,4.82,3.556507603533577,2016-10-03
24.24,29.1,6.78,4.1441138997093985,2016-10-04
24.51,28.39,7.63,3.893566836911442,2016-10-05
24.59,28.96,5.66,3.6749116250126166,2016-10-06
24.59,29.03,12.52,3.6186938842354035,2016-10-07
25.03,27.29,21.05,1.9405226597166858,2016-10-08
24.57,28.56,1.86,2.392132953953925,2016-10-09
24.43,28.31,3.24,3.509505476698461,2016-10-10
24.74,28.04,8.39,3.5499939285815607,2016-10-11
24.65,28.16,4.92,3.6050518123116064,2016-10-12
24.19,29.15,3.39,3.9618288441545846,2016-10-13
24.99,28.54,3.74,2.891490792119427,2016-10-14
24.31,28.92,3.18,4.047721416796327,2016-10-15
24.23,29.67,3.35,4.175849612702513,2016-10-16
24.8,28.53,1.37,3.9571625153691214,2016-10-17
24.59,29.15,22.38,4.180264962615009,2016-10-18
24.77,27.96,12.91,3.543253153080636,2016-10-19
24.46,29.64,1.22,4.214163844007677,2016-10-20
25.0,28.17,9.47,3.7676319010193073,2016-10-21
24.67,27.39,15.26,3.7978067372331967,2016-10-22
24.19,29.11,0.15,3.9598965581903918,2016-10-23
24.82,29.87,0.4,3.8091975195363292,2016-10-24
25.38,29.52,1.3,4.075448693019909,2016-10-25
25.31,30.15,1.45,4.012878920530642,2016-10-26
25.17,30.77,0.87,4.151541673526277,2016-10-27
25.02,30.16,0.93,3.6326671656267706,2016-10-28
24.99,30.11,0.89,3.7772627847534834,2016-10-29
25.14,28.24,1.7,3.1718499035528605,2016-10-30
24.94,28.31,1.29,2.8931878819874424,2016-10-31
25.2,28.67,1.03,3.7976552881759567,2016-11-01
25.24,28.36,1.38,3.8170081496036876,2016-11-02
24.87,29.98,1.43,4.158535559156267,2016-11-03
25.48,30.22,0.73,4.247716730642186,2016-11-04
25.22,29.62,1.14,3.9151990478783434,2016-11-05
25.27,30.54,0.85,3.78608801811816,2016-11-06
25.81,28.92,1.6,3.9839242957668852,2016-11-07
25.69,29.79,3.8,2.9067225635339344,2016-11-08
25.07,31.75,0.46,4.4652837731779425,2016-11-09
24.45,31.49,1.56,4.412496471536401,2016-11-10
25.23,30.85,4.76,4.453360259958362,2016-11-11
25.5,30.02,0.06,4.096383732214472,2016-11-12
25.77,30.94,0.03,4.326144646715316,2016-11-13
25.45,31.09,0.01,4.399748638742124,2016-11-14
25.49,31.37,0.04,3.967877362487769,2016-11-15
25.53,31.61,0.08,4.518501917748304,2016-11-16
25.28,31.04,0.57,4.319347633117471,2016-11-17
25.49,30.75,0.93,3.9491665372373683,2016-11-18
25.46,30.93,0.79,4.024115546511844,2016-11-19
25.69,29.77,0.7,3.8199653488393914,2016-11-20
26.04,28.64,1.74,3.7679130785683803,2016-11-21
25.7,30.44,0.25,3.946582489399542,2016-11-22
25.88,29.48,1.39,3.2106542651714234,2016-11-23
25.59,29.71,1.44,3.7343330806986796,2016-11-24
25.94,29.74,1.16,3.920366940089708,2016-11-25
25.85,29.21,1.07,3.4258590397030733,2016-11-26
26.39,30.4,1.87,4.201987891693695,2016-11-27
25.89,29.69,1.36,3.9931751597717144,2016-11-28
25.98,29.3,0.4,3.5287604121275526,2016-11-29
25.78,29.32,1.52,3.944296734750476,2016-11-30
25.82,30.44,0.91,4.066139278363219,2016-12-01
25.65,30.4,0.0,4.052870415418181,2016-12-02
25.71,29.76,0.0,3.69674348301995,2016-12-03
26.0,30.05,0.0,3.8341076829737095,2016-12-04
25.97,30.14,0.0,3.4062066076211406,2016-12-05
25.25,31.13,0.0,4.109219643325043,2016-12-06
25.19,30.51,0.59,4.132396678131234,2016-12-07
25.64,30.32,1.49,3.9209424768845036,2016-12-08
25.22,29.64,1.02,3.831615407865938,2016-12-09
25.14,28.67,1.61,3.866173490372682,2016-12-10
25.37,29.17,2.8,3.9481690511681315,2016-12-11
25.52,30.31,0.11,4.427369626817309,2016-12-12
25.21,29.96,0.05,3.8410298656584705,2016-12-13
24.74,30.88,0.41,3.520101193775716,2016-12-14
25.6,30.69,0.6,4.076706081799017,2016-12-15
25.24,31.34,0.28,4.257753387968645,2016-12-16
25.7,30.49,0.18,3.7325859054660673,2016-12-17
25.63,31.63,0.09,3.817907569387652,2016-12-18
25.06,30.83,0.1,3.79080866361011,2016-12-19
25.32,32.39,0.01,4.125850331123302,2016-12-20
25.11,32.29,0.02,4.219087699221989,2016-12-21
25.23,31.97,0.0,4.109968385731553,2016-12-22
24.39,32.03,0.0,4.0509398792362,2016-12-23
25.83,30.99,0.0,4.023297341570056,2016-12-24
25.1,32.54,0.0,4.289783789340368,2016-12-25
24.96,31.34,0.0,3.8852753384703003,2016-12-26
24.27,28.89,0.0,3.920662131281328,2016-12-27
23.17,29.96,0.0,3.512273986652157,2016-12-28
22.63,29.74,0.0,3.670301648690247,2016-12-29
22.21,30.48,0.0,3.58706454461565,2016-12-30
22.63,30.38,0.0,4.0291450107276985,2016-12-31
23.08,31.35,0.0,3.9416655132469334,2017-01-01
23.91,31.55,0.0,3.8679961423379434,2017-01-02
23.92,31.5,0.0,4.183999697027653,2017-01-03
22.49,32.2,0.0,4.397646265396002,2017-01-04
23.83,31.15,0.0,3.813189114940112,2017-01-05
24.36,31.53,0.0,3.9312620595862025,2017-01-06
24.76,30.67,0.0,3.632997328026108,2017-01-07
25.08,31.18,0.0,3.8688562345823323,2017-01-08
23.72,32.0,0.0,4.164121499487174,2017-01-09
23.95,32.46,0.0,4.506828347565474,2017-01-10
24.61,32.17,0.09,4.7794696586111,2017-01-11
25.13,31.64,0.34,4.46315121158657,2017-01-12
25.63,29.71,0.55,3.1384106520190356,2017-01-13
24.66,30.91,0.11,4.318635815260334,2017-01-14
23.57,31.67,0.0,4.1418283332656936,2017-01-15
24.06,32.01,0.0,4.423319969612356,2017-01-16
24.73,32.6,0.0,4.585768842468662,2017-01-17
26.26,30.91,0.0,4.578614752464436,2017-01-18
25.57,29.96,0.0,4.001382641613794,2017-01-19
25.53,31.19,0.0,4.0955986717631205,2017-01-20
25.62,31.62,0.65,4.183922998129216,2017-01-21
25.52,31.6,0.86,4.070766997592243,2017-01-22
26.23,31.32,1.01,5.059820249621673,2017-01-23
25.76,31.04,0.48,3.886039886184487,2017-01-24
25.21,31.52,0.08,4.568845461196345,2017-01-25
25.32,31.61,0.07,4.752588689892195,2017-01-26
25.07,31.67,0.07,4.1869731426804275,2017-01-27
25.28,31.86,0.06,4.670876297974938,2017-01-28
25.43,31.47,0.06,4.3276462600040855,2017-01-29
25.4,30.68,0.15,3.9208714261410913,2017-01-30
25.52,31.15,1.94,3.142011261693299,2017-01-31
25.87,29.47,1.5,3.4586730130806544,2017-02-01
25.47,30.97,0.58,4.570577837719448,2017-02-02
25.49,31.22,0.69,4.173320548967196,2017-02-03
25.34,31.26,0.44,4.1283737388173884,2017-02-04
25.57,31.78,0.7,4.150487563088993,2017-02-05
25.4,32.8,0.53,4.56797085096976,2017-02-06
25.93,30.64,0.48,4.299828454428791,2017-02-07
26.07,30.23,0.91,3.5920809149550963,2017-02-08
25.5,31.87,0.45,3.862982313521794,2017-02-09
25.49,31.23,0.42,4.128757485287497,2017-02-10
26.12,30.71,0.15,4.28766422977239,2017-02-11
25.83,31.6,0.26,4.126986704784785,2017-02-12
25.89,33.28,0.35,4.461555109312261,2017-02-13
25.54,32.58,0.11,4.677534614623687,2017-02-14
26.08,31.79,0.0,4.2613858023833515,2017-02-15
26.39,30.31,0.0,3.850608491705368,2017-02-16
25.68,30.67,0.0,3.973302536876969,2017-02-17
24.38,29.82,0.0,4.746486476384369,2017-02-18
24.21,31.02,0.0,4.846424582892825,2017-02-19
24.14,31.25,0.1,4.194877549088885,2017-02-20
25.01,32.14,0.29,4.5196919006492315,2017-02-21
25.19,32.38,0.38,4.748381992801922,2017-02-22
25.83,31.47,0.71,4.548458954086523,2017-02-23
26.09,31.24,1.26,4.5027487541143145,2017-02-24
26.4,30.25,0.97,4.2400827961663925,2017-02-25
26.32,29.43,1.09,3.011406735622501,2017-02-26
25.6,30.3,0.59,4.514997527177653,2017-02-27
26.19,30.7,0.6,4.560238824537666,2017-02-28
26.23,30.15,0.64,4.057105378961812,2017-03-01
26.07,30.36,2.47,4.518557129886812,2017-03-02
26.32,30.37,2.72,4.5570708588912865,2017-03-03
26.04,31.42,2.03,4.893265375541785,2017-03-04
25.71,31.49,1.38,4.534576417650046,2017-03-05
26.38,29.78,5.63,3.089494971958175,2017-03-06
26.03,31.01,4.71,4.624974525958135,2017-03-07
26.27,30.43,3.7,4.660120180645418,2017-03-08
26.21,29.81,6.56,3.3891306899623608,2017-03-09
25.9,31.12,3.13,4.214046946152068,2017-03-10
25.27,30.79,5.07,4.563817175029303,2017-03-11
25.9,30.78,0.84,4.095029598138928,2017-03-12
25.5,30.89,0.61,4.885377057266304,2017-03-13
25.97,30.01,1.48,4.2555298026553725,2017-03-14
26.1,30.24,1.12,4.415323572512552,2017-03-15
25.64,32.11,0.37,5.107863940044762,2017-03-16
25.89,32.48,0.87,5.249437552672582,2017-03-17
25.79,31.66,1.99,4.763901486562098,2017-03-18
26.34,30.58,2.37,4.618375399489003,2017-03-19
26.58,30.89,7.27,4.1831280392859265,2017-03-20
26.46,30.59,1.24,4.665889539673178,2017-03-21
26.55,30.97,2.74,4.73670042179833,2017-03-22
26.26,30.18,2.71,4.3594658353278515,2017-03-23
25.83,29.85,1.92,4.581311361074021,2017-03-24
25.89,29.51,2.44,4.408769762990294,2017-03-25
26.02,30.0,1.6,4.141061708859837,2017-03-26
25.93,30.18,1.72,4.054850243697285,2017-03-27
26.0,30.87,2.03,4.5400611452037225,2017-03-28
26.31,30.61,1.67,4.473959882244895,2017-03-29
26.49,30.58,1.36,4.533285741274705,2017-03-30
26.21,30.61,1.46,4.7851657416488615,2017-03-31
25.89,30.71,1.89,4.869467016342818,2017-04-01
26.6,30.55,1.97,4.776061452128927,2017-04-02
26.04,30.21,0.88,4.319421856556279,2017-04-03
26.1,30.17,1.08,4.504458985572508,2017-04-04
26.54,29.69,2.67,4.142796954763019,2017-04-05
26.23,30.25,3.46,3.941516216972878,2017-04-06
25.77,31.98,1.8,4.6655399857071735,2017-04-07
26.56,29.96,5.76,3.7021078640734832,2017-04-08
26.05,29.23,6.84,2.4166096319397896,2017-04-09
25.69,29.81,2.81,4.287015681168285,2017-04-10
26.28,30.05,2.56,4.009753946338214,2017-04-11
26.88,30.27,10.85,4.261834490301481,2017-04-12
26.75,29.3,11.32,2.9514245196534223,2017-04-13
26.26,31.02,2.3,3.604829631240928,2017-04-14
26.58,29.45,4.4,4.624531850130647,2017-04-15
26.17,28.7,4.24,4.514186741045497,2017-04-16
25.3,30.11,6.09,4.479707702152242,2017-04-17
26.55,29.77,8.8,4.04081708210901,2017-04-18
26.02,30.82,5.55,4.107987874655612,2017-04-19
26.58,30.52,6.77,3.0395162774033633,2017-04-20
26.3,30.07,1.19,4.042919060580112,2017-04-21
25.72,30.72,0.71,4.033485700023988,2017-04-22
25.87,30.77,0.66,4.3941294487849465,2017-04-23
26.35,29.89,1.56,4.396947010926898,2017-04-24
26.53,29.36,1.72,3.8067091687503254,2017-04-25
26.04,30.36,0.34,4.496750398849758,2017-04-26
26.14,30.46,0.25,4.725964263773664,2017-04-27
26.22,29.96,0.5,4.462849815807564,2017-04-28
26.38,29.78,0.31,4.368869728248644,2017-04-29
26.06,31.08,0.14,4.959129183908197,2017-04-30
26.42,29.26,11.53,1.932779769558519,2017-05-01
25.96,29.2,7.62,3.796379359462922,2017-05-02
26.0,29.84,9.76,4.4860504200303,2017-05-03
25.8,29.32,12.13,3.3275408646550533,2017-05-04
25.53,30.42,3.76,3.04894943357699,2017-05-05
25.69,30.23,1.53,4.643448430099325,2017-05-06
26.18,29.38,4.51,2.1673372880484854,2017-05-07
26.0,29.66,5.08,4.285987503472969,2017-05-08
26.31,29.99,3.93,3.835275068449585,2017-05-09
26.08,31.13,0.48,4.526259234971702,2017-05-10
26.12,29.63,5.24,2.98649914770654,2017-05-11
25.87,29.74,4.37,4.4690833180922525,2017-05-12
26.27,29.34,4.9,4.053207453646256,2017-05-13
26.56,29.54,6.54,4.139711299777603,2017-05-14
26.74,29.28,9.97,3.268069571882538,2017-05-15
25.53,28.17,4.19,1.5628065684645482,2017-05-16
25.31,30.29,1.23,4.731315404228621,2017-05-17
25.93,29.89,2.76,4.433084663349764,2017-05-18
26.34,29.91,2.6,4.270863549714906,2017-05-19
26.18,28.81,6.49,2.276672513741905,2017-05-20
25.73,29.69,1.5,4.705478167343597,2017-05-21
26.07,30.02,1.92,4.2140050367194535,2017-05-22
26.51,28.98,4.87,4.114438163378709,2017-05-23
26.37,29.45,4.03,4.011981815277812,2017-05-24
25.42,28.14,9.19,2.1609536466537955,2017-05-25
24.76,29.23,2.6,2.97003633207033,2017-05-26
24.62,29.87,0.77,3.982999761332623,2017-05-27
26.18,29.61,4.07,3.269238723907995,2017-05-28
26.18,29.54,2.94,4.41838866849623,2017-05-29
26.18,30.04,4.22,2.5450079926413203,2017-05-30
25.52,27.87,11.15,1.9887948747823074,2017-05-31
24.81,30.3,2.86,4.296676346218557,2017-06-01
25.64,28.78,7.04,3.571978739875833,2017-06-02
25.08,28.23,7.4,2.603923473800524,2017-06-03
24.75,29.41,5.42,2.7439938039148952,2017-06-04
25.37,29.1,4.07,3.7148705673856464,2017-06-05
25.65,28.76,5.84,3.7345714296292174,2017-06-06
25.0,29.88,3.11,3.876883731559069,2017-06-07
25.38,29.71,1.94,3.8503495787087676,2017-06-08
25.89,29.22,4.19,3.6284369408273576,2017-06-09
26.15,29.57,5.42,3.4595348211832544,2017-06-10
25.88,29.11,4.08,3.7593199499011023,2017-06-11
24.99,27.94,7.24,1.7872468482630397,2017-06-12
24.19,27.05,8.15,3.109002371540354,2017-06-13
24.95,28.18,5.04,2.2349915646518963,2017-06-14
24.81,28.8,2.75,2.7387217819321483,2017-06-15
25.0,27.94,5.98,2.5546527520154205,2017-06-16
24.42,26.97,4.78,2.467036798684121,2017-06-17
24.52,27.97,1.08,3.521813668874712,2017-06-18
25.05,28.12,3.23,3.8460799745644536,2017-06-19
24.3,26.83,73.44,1.5772148902121048,2017-06-20
23.75,28.72,4.88,3.6197187199337124,2017-06-21
24.16,28.75,4.95,3.648546620993312,2017-06-22
24.71,26.93,11.24,2.4087460413213417,2017-06-23
24.24,27.1,33.99,2.307489074720804,2017-06-24
24.2,28.42,10.0,3.020260526326592,2017-06-25
24.42,28.24,19.27,3.074358814148611,2017-06-26
24.43,27.33,2.31,3.173423525977405,2017-06-27
24.32,26.8,10.0,3.103907110151455,2017-06-28
24.08,27.12,17.87,2.926242833257974,2017-06-29
23.81,27.77,5.66,3.0607848292481563,2017-06-30
24.18,26.53,7.21,2.2355154960405486,2017-07-01
24.09,27.15,4.6,2.9327577864438936,2017-07-02
24.75,26.91,3.77,2.682219492498953,2017-07-03
24.44,27.55,3.99,2.501549832778243,2017-07-04
23.88,26.71,30.31,2.192554509332968,2017-07-05
23.5,27.6,34.65,2.246511097939859,2017-07-06
23.57,27.45,7.95,2.641897817904944,2017-07-07
23.67,28.06,8.72,1.8998456374754984,2017-07-08
23.96,27.28,3.24,2.383831472220128,2017-07-09
23.19,27.56,0.06,4.420327117672992,2017-07-10
22.67,27.1,0.03,4.260231381123898,2017-07-11
22.58,28.36,0.07,3.8774625568667207,2017-07-12
23.51,28.2,0.47,3.5323721231102425,2017-07-13
23.69,28.1,0.43,3.485960626893829,2017-07-14
23.82,27.63,2.33,3.6280669629479148,2017-07-15
23.86,27.57,4.92,2.8120759724186812,2017-07-16
24.07,27.97,2.88,2.917544176982315,2017-07-17
24.24,27.24,2.72,2.6116208581724223,2017-07-18
23.85,27.58,3.05,2.8884408254256426,2017-07-19
23.81,28.42,3.43,3.445629801569923,2017-07-20
23.87,28.45,3.74,3.1779293164624716,2017-07-21
24.22,25.53,17.53,1.8849711016110373,2017-07-22
23.85,26.3,14.98,2.515546899504187,2017-07-23
23.56,26.4,9.54,2.9981205433033544,2017-07-24
23.36,26.7,2.1,2.475976812383323,2017-07-25
23.26,27.53,2.02,2.8523904459586045,2017-07-26
23.16,27.66,0.73,3.586304517965079,2017-07-27
23.48,26.83,1.1,3.2687415192046076,2017-07-28
23.73,27.31,1.01,3.0892945710690087,2017-07-29
23.54,27.37,1.04,3.1765529511636803,2017-07-30
23.27,27.29,0.8,2.745647610932525,2017-07-31
23.53,27.07,3.74,2.7891820709092414,2017-08-01
23.57,26.51,3.88,2.5600611563303706,2017-08-02
23.34,26.98,1.06,2.631797175722643,2017-08-03
23.19,26.95,4.38,2.872183194368513,2017-08-04
23.23,27.15,5.32,2.6591080142596195,2017-08-05
22.98,27.11,5.08,3.017846500110585,2017-08-06
22.57,27.18,0.72,3.301440493100356,2017-08-07
22.82,27.28,3.13,2.8980743085959784,2017-08-08
23.04,27.42,0.76,3.471459982210696,2017-08-09
22.84,27.84,1.12,3.3135641225311967,2017-08-10
23.17,27.94,1.61,3.3195751125185713,2017-08-11
23.31,27.7,2.06,2.7498844625160137,2017-08-12
23.57,27.57,5.0,3.0488817616652075,2017-08-13
23.7,26.87,12.73,2.619534513901028,2017-08-14
23.45,27.81,5.25,3.3750369591568745,2017-08-15
23.29,27.54,2.53,2.380671713036054,2017-08-16
22.99,26.93,2.68,2.462756017384498,2017-08-17
23.16,27.11,1.33,3.1738698917172172,2017-08-18
22.83,27.81,1.24,4.023155135736946,2017-08-19
22.24,27.98,1.12,3.930351891969058,2017-08-20
22.83,27.34,1.78,3.0627299204841854,2017-08-21
22.78,27.32,0.98,3.113771697443111,2017-08-22
22.54,27.84,1.24,3.655800998968657,2017-08-23
22.6,27.78,3.76,4.135319635852818,2017-08-24
23.21,27.39,3.92,2.3077661797882087,2017-08-25
22.79,25.73,2.97,2.5223202901299233,2017-08-26
23.03,26.72,3.21,3.005148265855069,2017-08-27
22.9,27.02,1.96,3.318337038315494,2017-08-28
23.23,27.15,1.94,2.6325237235242165,2017-08-29
23.16,27.06,2.62,2.4662441429522084,2017-08-30
23.05,26.85,1.51,3.039316378647779,2017-08-31
22.67,27.74,1.44,3.402226219409092,2017-09-01
22.61,27.36,1.0,3.7428707978307627,2017-09-02
22.94,27.57,1.71,3.2410376737290783,2017-09-03
23.34,27.47,3.65,2.9179654009618874,2017-09-04
22.92,28.27,1.08,3.9082024369942516,2017-09-05
22.92,28.28,2.88,3.6517982235142368,2017-09-06
23.23,26.2,47.67,1.9548023715387124,2017-09-07
23.01,28.04,2.35,3.2132810814598156,2017-09-08
23.15,28.7,2.27,3.689509636048939,2017-09-09
23.66,28.1,2.64,3.738445519363921,2017-09-10
23.8,27.15,4.93,2.0134858071312136,2017-09-11
23.65,26.66,3.2,2.658379293323344,2017-09-12
23.21,27.95,0.28,2.660157972729148,2017-09-13
23.37,28.19,0.34,3.624665903876733,2017-09-14
23.95,27.41,0.58,3.4782849673487872,2017-09-15
24.12,27.16,1.75,3.5484421120024443,2017-09-16
23.74,28.15,0.19,3.8315662353718385,2017-09-17
23.39,28.72,0.99,4.130184700410001,2017-09-18
23.99,28.33,1.19,3.101144118099304,2017-09-19
24.04,28.57,0.77,3.744342257845559,2017-09-20
24.03,28.53,0.97,4.062739854783933,2017-09-21
24.21,26.9,12.68,3.484026336156215,2017-09-22
23.68,27.73,6.18,3.751762919004943,2017-09-23
23.98,27.73,9.34,2.3277371160041036,2017-09-24
24.2,27.32,4.85,3.052087838524732,2017-09-25
23.97,28.07,6.18,1.721911731678726,2017-09-26
23.71,28.36,5.43,3.904646292802756,2017-09-27
23.93,28.03,4.63,2.6323751759116454,2017-09-28
24.08,26.3,7.56,3.0765840279195755,2017-09-29
23.27,29.24,1.32,3.178067645037916,2017-09-30
24.18,28.69,0.84,4.411845359070966,2017-10-01
24.39,28.7,0.9,3.17489818430291,2017-10-02
24.2,28.73,2.24,4.194584755490383,2017-10-03
24.9,28.02,3.7,2.2771470304330634,2017-10-04
24.55,27.67,6.04,3.4575568127872107,2017-10-05
24.58,28.63,4.46,3.881464239826856,2017-10-06
24.37,28.57,6.34,3.615179006744762,2017-10-07
24.63,27.66,9.1,2.685972000764645,2017-10-08
24.36,28.28,2.22,4.085317835538288,2017-10-09
24.62,27.61,3.55,3.524121073753064,2017-10-10
24.43,27.69,6.06,3.6360630524965787,2017-10-11
24.03,27.65,6.44,2.814405559791172,2017-10-12
24.29,28.87,1.86,3.9405659304671685,2017-10-13
24.54,27.92,1.43,3.957657920291066,2017-10-14
24.38,28.96,1.59,3.862241057824463,2017-10-15
24.47,29.42,0.92,3.716235650252983,2017-10-16
24.91,29.18,1.1,3.9610665925613047,2017-10-17
24.99,27.68,2.71,2.402629813736915,2017-10-18
24.6,28.98,0.73,3.1414359015445332,2017-10-19
24.42,29.25,0.82,3.6348986576946087,2017-10-20
24.67,29.94,1.67,4.082832621908051,2017-10-21
25.05,28.85,3.49,3.121440025736662,2017-10-22
24.86,29.85,2.36,3.2264524299258452,2017-10-23
24.86,29.81,2.01,4.163089086911636,2017-10-24
25.01,29.26,1.89,3.9685402647753683,2017-10-25
25.01,28.66,2.15,3.7331458182665815,2017-10-26
25.36,28.75,4.83,3.5167635495953835,2017-10-27
24.74,28.15,1.26,3.2262978049100703,2017-10-28
24.02,29.98,0.26,4.393560331239779,2017-10-29
24.58,29.65,0.27,3.9455022075051223,2017-10-30
25.12,28.27,0.49,2.751167296763992,2017-10-31
25.31,29.15,0.84,3.1304540080784595,2017-11-01
24.61,29.14,0.61,3.316020982219789,2017-11-02
24.96,28.59,3.04,3.928300375478367,2017-11-03
25.14,28.95,3.59,3.99051180364723,2017-11-04
24.97,28.04,4.84,3.611404833246979,2017-11-05
25.08,28.46,3.72,3.309267749357363,2017-11-06
24.93,29.61,0.1,3.572988352762631,2017-11-07
24.72,30.82,0.12,4.302703481008986,2017-11-08
25.27,29.45,0.25,3.9821472573912153,2017-11-09
25.16,29.39,0.12,4.260480829880063,2017-11-10
25.23,29.5,0.22,4.0804927673070965,2017-11-11
25.41,30.07,0.96,3.8742470112534098,2017-11-12
25.21,30.1,0.57,4.072807879363879,2017-11-13
24.94,30.86,0.68,3.8425929078618206,2017-11-14
25.96,29.0,1.26,3.5226098000363884,2017-11-15
25.51,29.24,1.04,3.677750377585468,2017-11-16
24.96,29.62,5.38,4.090695556312662,2017-11-17
25.43,28.67,4.3,3.804520689252375,2017-11-18
25.49,28.35,7.65,3.496172490560291,2017-11-19
25.05,27.74,5.16,3.4999853599390187,2017-11-20
23.67,29.77,2.1,4.169778485594717,2017-11-21
25.5,29.23,4.45,3.1746725053124707,2017-11-22
25.44,27.99,4.48,2.8575066517976495,2017-11-23
25.1,28.32,2.46,3.5594695289325267,2017-11-24
24.52,29.56,1.85,3.4889158730369054,2017-11-25
24.74,30.85,0.41,4.4121809882459075,2017-11-26
24.54,29.98,0.0,4.164110527465131,2017-11-27
24.21,31.0,0.0,4.609118391155856,2017-11-28
23.59,30.45,0.0,4.238849274803835,2017-11-29
24.4,30.74,0.0,4.167681449003577,2017-11-30
24.08,30.92,0.0,4.413243931176133,2017-12-01
25.05,31.04,0.01,4.272205874617497,2017-12-02
25.04,31.15,0.01,4.28234931205966,2017-12-03
25.08,31.7,0.01,4.368796434791283,2017-12-04
25.2,31.33,0.01,4.2590529447651635,2017-12-05
25.22,31.38,0.01,4.41256942235384,2017-12-06
25.65,29.75,2.73,3.72052288190736,2017-12-07
25.41,30.21,3.67,3.479613120041671,2017-12-08
25.4,29.65,6.5,2.244491353613735,2017-12-09
24.21,29.19,0.72,2.8057265709410495,2017-12-10
22.64,30.06,0.03,3.471473285868984,2017-12-11
24.5,29.8,0.0,3.001348248019491,2017-12-12
24.36,30.02,0.0,3.3985947476295166,2017-12-13
22.93,30.79,0.0,3.4037584204524225,2017-12-14
24.85,30.6,0.0,4.074806997266668,2017-12-15
24.85,31.21,0.0,3.8375576263602404,2017-12-16
24.93,31.15,3.47,3.5688350159411333,2017-12-17
25.39,29.77,2.75,3.620271161104758,2017-12-18
25.36,28.58,3.65,3.3739125272569876,2017-12-19
25.02,28.85,4.77,3.45225320570735,2017-12-20
25.31,28.56,4.69,3.3510661352665934,2017-12-21
24.59,31.24,0.0,3.712012353742403,2017-12-22
24.58,28.73,0.0,3.60876566945566,2017-12-23
22.3,30.48,0.0,4.003331175208063,2017-12-24
22.9,30.99,0.0,3.800102365140512,2017-12-25
23.09,30.63,0.0,3.925666215734755,2017-12-26
22.22,30.83,0.0,3.6417110089974822,2017-12-27
21.59,30.0,0.0,3.367777753373243,2017-12-28
22.45,30.28,0.0,3.4865481136047656,2017-12-29
24.4,31.06,0.0,3.7044997946893394,2017-12-30
21.59,30.39,0.0,4.167462749254851,2017-12-31
21.68,30.13,0.0,4.197074728616803,2018-01-01
21.12,29.84,0.0,4.045971476601751,2018-01-02
20.6,29.58,0.0,4.385966612450032,2018-01-03
19.22,29.11,0.0,4.5463180092563285,2018-01-04
18.83,28.98,0.0,4.494956494637094,2018-01-05
20.68,29.57,0.01,3.950740559088024,2018-01-06
22.66,30.23,0.07,3.8251432734828508,2018-01-07
23.97,31.75,0.06,4.016213704596704,2018-01-08
23.33,31.35,0.05,4.199134547675811,2018-01-09
23.82,30.99,0.07,4.1172298837332635,2018-01-10
23.72,31.31,0.0,4.097689002625471,2018-01-11
23.35,31.39,0.0,4.282960928978212,2018-01-12
23.41,31.36,0.0,4.168775984873783,2018-01-13
23.75,30.96,0.0,4.349021020999102,2018-01-14
23.0,30.26,0.0,3.8347503443634166,2018-01-15
24.26,31.41,0.0,4.213059467487167,2018-01-16
23.95,31.4,0.0,4.138224426331608,2018-01-17
24.5,31.51,0.0,4.338608307766378,2018-01-18
25.19,31.74,0.0,4.313684772477656,2018-01-19
24.62,31.54,0.0,4.388204530899991,2018-01-20
25.19,29.97,0.0,3.9129936761092883,2018-01-21
23.17,31.62,0.0,4.6181176297034465,2018-01-22
23.51,30.41,0.0,4.328914990872567,2018-01-23
24.35,31.59,0.0,4.2542971575763735,2018-01-24
24.27,29.75,0.0,3.1207395589254627,2018-01-25
23.92,30.6,0.0,4.036227263782356,2018-01-26
23.58,31.54,0.0,4.2554065083942785,2018-01-27
24.17,31.01,0.0,4.025244458823622,2018-01-28
24.47,31.93,0.0,4.104856296390489,2018-01-29
24.63,32.52,0.0,4.279458726654637,2018-01-30
24.92,32.0,0.0,4.302679444087158,2018-01-31
24.19,32.76,0.0,4.513604576135746,2018-02-01
24.41,32.42,0.0,4.461527732523387,2018-02-02
24.98,32.1,0.0,3.915568442307126,2018-02-03
25.0,33.66,0.0,4.978532482110086,2018-02-04
25.35,33.64,0.47,5.26673936574034,2018-02-05
25.94,33.06,1.13,4.986595297020785,2018-02-06
26.44,33.03,2.81,4.790300533820127,2018-02-07
26.5,30.97,3.41,4.325288606272534,2018-02-08
26.47,30.01,5.53,3.579639406630325,2018-02-09
26.27,30.81,0.43,3.9804653184274197,2018-02-10
26.42,31.53,0.17,3.679555327518266,2018-02-11
25.93,31.83,0.19,3.912036178300178,2018-02-12
26.07,31.73,0.23,3.6559502458172712,2018-02-13
26.02,33.2,0.02,4.6852823517822735,2018-02-14
26.32,31.09,2.54,4.223652773907623,2018-02-15
26.23,31.92,4.57,4.567717830501722,2018-02-16
26.21,31.82,5.33,3.8698378624859973,2018-02-17
26.39,29.72,5.8,2.3640377864650746,2018-02-18
25.93,30.43,3.14,4.602389369209165,2018-02-19
25.96,29.5,2.37,3.8446265880502914,2018-02-20
25.28,29.97,0.81,4.534657112715549,2018-02-21
26.14,30.34,0.81,4.662509463399808,2018-02-22
26.21,29.62,0.9,4.3193489027440615,2018-02-23
25.79,29.82,0.92,2.6879628523398797,2018-02-24
24.63,30.74,6.81,4.637348624563857,2018-02-25
25.31,28.42,3.09,2.0744402856652666,2018-02-26
24.2,28.89,1.53,3.8927415925466233,2018-02-27
25.61,29.03,5.7,4.078973825462004,2018-02-28
25.72,28.79,3.84,3.9387410037111383,2018-03-01
25.43,29.79,1.43,4.542608590949679,2018-03-02
25.56,31.26,1.57,4.985754384830804,2018-03-03
25.51,30.78,2.96,4.783228896611935,2018-03-04
25.51,29.95,2.33,4.745628666650107,2018-03-05
25.31,30.94,1.29,5.0995493800577245,2018-03-06
25.53,31.28,1.82,4.967022849018727,2018-03-07
25.88,30.45,2.75,4.546897464743857,2018-03-08
26.27,29.91,4.21,4.313538955409137,2018-03-09
26.0,29.78,1.72,4.208181807475749,2018-03-10
26.07,30.06,5.21,4.569785358908339,2018-03-11
26.47,29.44,2.47,4.625332178362608,2018-03-12
26.15,29.68,1.84,4.433066553728845,2018-03-13
26.1,30.71,0.58,5.012131213063636,2018-03-14
26.44,29.55,0.4,4.595281765647483,2018-03-15
26.29,30.37,3.04,4.377415655280621,2018-03-16
25.83,29.34,3.8,4.34191502243815,2018-03-17
25.59,29.69,0.71,4.784559118226176,2018-03-18
25.85,29.52,0.94,4.600491570577751,2018-03-19
25.82,30.25,1.63,4.58664779295843,2018-03-20
25.89,28.61,1.81,3.6232556211580325,2018-03-21
25.32,30.66,1.53,3.226533503570923,2018-03-22
25.53,29.23,4.53,4.308833109724531,2018-03-23
24.8,30.32,1.66,4.2445655503119815,2018-03-24
25.35,30.53,1.06,4.134484521550039,2018-03-25
26.03,30.15,1.36,4.003942044390494,2018-03-26
26.03,30.09,0.53,4.014694237514476,2018-03-27
26.32,29.51,1.41,3.6354471507184014,2018-03-28
26.28,29.28,1.5,4.025932930420518,2018-03-29
26.06,29.85,0.22,3.5151856042766774,2018-03-30
26.14,30.52,0.36,3.5138856027040934,2018-03-31
26.31,30.53,0.34,3.061329781106731,2018-04-01
26.85,29.73,0.5,2.8790107605774917,2018-04-02
26.27,30.92,0.48,3.5405796229988216,2018-04-03
26.26,30.47,1.13,3.749581402054508,2018-04-04
26.28,29.79,1.38,3.5444987723263535,2018-04-05
25.98,29.35,8.45,3.8450033611287218,2018-04-06
25.41,30.11,6.15,3.5868313483049414,2018-04-07
25.73,29.41,8.04,3.773355417046256,2018-04-08
25.53,29.94,10.44,4.33492161695574,2018-04-09
25.05,28.08,5.0,3.3273436191287167,2018-04-10
24.92,29.06,0.08,4.383147769042323,2018-04-11
25.42,30.34,0.26,4.509684811664704,2018-04-12
25.78,30.19,0.42,4.819674107989605,2018-04-13
25.85,30.02,0.36,4.5352572451481725,2018-04-14
25.95,29.25,0.65,3.2845751770662104,2018-04-15
25.67,30.07,1.99,4.503189438200396,2018-04-16
25.71,30.31,1.46,4.621434819995389,2018-04-17
25.88,29.54,2.0,4.138030733735966,2018-04-18
26.22,29.49,2.42,4.203714371320686,2018-04-19
26.31,29.98,1.88,2.3463068971462797,2018-04-20
25.59,30.61,0.09,4.24652984136902,2018-04-21
26.02,30.33,0.06,4.6913398167160185,2018-04-22
25.71,30.14,0.05,4.520535124031743,2018-04-23
26.07,29.67,0.05,4.096938256916698,2018-04-24
25.97,29.27,0.07,3.2313296304805283,2018-04-25
25.38,29.37,0.09,4.710010869730153,2018-04-26
25.51,30.99,0.33,4.765843695103757,2018-04-27
25.94,30.35,0.49,4.680796466887171,2018-04-28
26.29,29.65,0.31,4.372537696861335,2018-04-29
25.45,30.83,0.37,4.527549160212553,2018-04-30
26.09,29.86,3.15,4.498415394084932,2018-05-01
26.45,28.15,14.22,3.7592230480322835,2018-05-02
26.03,29.48,3.23,3.4078619222998774,2018-05-03
25.67,30.57,0.74,4.2758871978671875,2018-05-04
26.08,29.98,2.33,4.199970904844179,2018-05-05
26.16,29.16,5.33,3.1422418995564794,2018-05-06
25.54,30.08,2.89,4.518705253014005,2018-05-07
25.9,28.65,3.67,2.6448528124048267,2018-05-08
25.34,29.6,5.55,4.075084258277009,2018-05-09
25.35,28.05,16.11,2.6312403341375945,2018-05-10
24.74,27.59,9.02,2.256662456726704,2018-05-11
24.35,28.32,3.1,3.604709767072089,2018-05-12
24.82,28.17,5.96,3.5234751243341367,2018-05-13
24.71,29.55,3.22,4.230564207423515,2018-05-14
25.58,28.58,3.18,4.049248694482051,2018-05-15
25.27,29.39,5.36,4.059684780398392,2018-05-16
25.56,28.3,5.84,2.253902597544966,2018-05-17
25.32,28.01,1.39,3.4311709863282496,2018-05-18
25.08,30.02,0.56,4.794743684199432,2018-05-19
25.31,28.87,3.07,4.1021164892929605,2018-05-20
25.62,28.26,6.13,3.729895185973721,2018-05-21
25.55,28.76,19.21,3.936510540509214,2018-05-22
25.21,29.26,0.68,4.300964858409713,2018-05-23
25.67,28.66,4.13,4.235053095665071,2018-05-24
25.52,28.4,8.89,1.884954788572009,2018-05-25
24.71,28.15,5.05,3.495915479794929,2018-05-26
25.1,27.77,4.92,3.140725334848561,2018-05-27
25.14,29.64,1.17,4.290509518985621,2018-05-28
25.79,28.6,2.08,2.061954889941016,2018-05-29
25.34,28.09,2.12,3.3090750054452855,2018-05-30
25.12,29.2,0.51,4.018531726122025,2018-05-31
25.37,29.81,0.78,4.281369375668305,2018-06-01
25.67,28.71,2.02,3.0080226845047755,2018-06-02
25.18,30.38,1.68,3.3875295182672964,2018-06-03
25.66,28.51,1.8,4.124093355278372,2018-06-04
25.59,29.21,1.49,4.180870319861671,2018-06-05
25.61,29.37,2.23,2.8778325217705496,2018-06-06
25.38,29.3,2.89,4.282331014082528,2018-06-07
25.76,29.64,1.92,4.225999373543105,2018-06-08
25.7,28.09,13.37,2.0587486873478875,2018-06-09
24.51,28.1,12.62,3.4464401021391717,2018-06-10
24.26,29.49,6.75,4.172172311568964,2018-06-11
25.1,29.42,5.07,3.81310273150066,2018-06-12
25.5,28.84,5.69,3.8567937929218097,2018-06-13
25.87,28.98,4.65,3.792389013195841,2018-06-14
25.45,28.36,1.3,3.499777729696616,2018-06-15
25.04,28.28,1.63,2.9985153376074085,2018-06-16
25.11,28.1,0.67,3.6360736642533285,2018-06-17
24.74,27.41,3.59,2.120229057035141,2018-06-18
24.12,27.7,1.32,4.022864706818981,2018-06-19
24.43,27.05,12.8,3.284001126629376,2018-06-20
24.0,25.41,21.79,2.3460929311938394,2018-06-21
23.78,27.33,3.8,3.2861133360026846,2018-06-22
23.65,27.63,10.82,2.674163766198389,2018-06-23
23.82,27.23,11.1,3.753066011574367,2018-06-24
23.27,28.72,0.03,4.157849197064284,2018-06-25
23.89,28.14,0.84,3.156936491856261,2018-06-26
24.19,28.27,0.58,3.9593439141583087,2018-06-27
24.02,26.97,5.64,3.387086143737507,2018-06-28
23.51,27.42,6.99,3.3356028820809334,2018-06-29
23.93,27.62,7.32,2.6334704483022024,2018-06-30
23.84,26.21,4.75,1.7523680381911615,2018-07-01
23.64,27.79,3.61,3.060301530332168,2018-07-02
23.95,27.07,7.16,3.2055761586569185,2018-07-03
24.01,27.71,9.76,3.3149098062645783,2018-07-04
23.95,27.44,11.33,2.788204015235661,2018-07-05
23.59,28.4,2.91,3.4719988802604673,2018-07-06
23.79,26.69,7.4,2.437772389272108,2018-07-07
23.57,28.24,2.04,3.7274579199093223,2018-07-08
24.08,28.04,2.36,3.944854135124836,2018-07-09
23.79,28.11,3.22,3.163375565804685,2018-07-10
23.95,28.66,5.78,3.6893855113498346,2018-07-11
24.23,27.47,15.58,3.8817250308001894,2018-07-12
23.93,27.48,7.9,3.339520409540454,2018-07-13
23.86,27.78,7.96,3.0046541109743994,2018-07-14
24.07,27.76,6.76,3.0936260464746876,2018-07-15
23.83,27.79,6.57,3.0819527861583214,2018-07-16
24.09,27.09,9.41,2.7182467211458556,2018-07-17
23.97,27.33,4.65,3.1962636449947324,2018-07-18
23.85,28.33,12.05,2.9321782562892595,2018-07-19
24.23,26.96,4.42,2.544395616320841,2018-07-20
23.94,26.75,3.75,2.2092460723736296,2018-07-21
23.68,28.41,1.8,3.0275774116954106,2018-07-22
23.69,28.44,2.13,3.8020741164035448,2018-07-23
24.21,27.63,4.16,2.9185389068071688,2018-07-24
24.06,27.02,3.17,3.0879236354151547,2018-07-25
23.4,28.28,2.97,3.7047202081913526,2018-07-26
23.48,29.03,1.01,3.5072491849872205,2018-07-27
23.99,28.38,4.19,3.863413797559603,2018-07-28
24.05,26.58,2.69,2.5219555532046205,2018-07-29
23.1,27.95,1.61,4.305460571644297,2018-07-30
22.8,28.02,1.5,3.6295279852170106,2018-07-31
23.27,27.96,2.68,3.9041905576651192,2018-08-01
23.57,27.75,4.3,3.8789400590593863,2018-08-02
23.45,27.83,1.39,3.5256000015040687,2018-08-03
23.03,28.01,0.2,4.279190591838133,2018-08-04
22.9,27.73,0.13,4.71371873281333,2018-08-05
23.0,28.1,0.22,4.435840950381079,2018-08-06
23.49,28.06,0.43,3.4492547682733345,2018-08-07
22.9,29.08,0.15,4.608145946100113,2018-08-08
23.68,28.51,2.25,3.840978969766299,2018-08-09
23.73,27.75,10.52,3.260639777561801,2018-08-10
23.4,28.4,0.85,4.101822736347859,2018-08-11
23.46,28.38,2.59,4.047783588174491,2018-08-12
23.31,26.01,30.23,2.0110090011144925,2018-08-13
23.25,28.12,1.06,3.3828402676753813,2018-08-14
23.32,28.21,0.4,3.9654153408022084,2018-08-15
23.07,28.2,0.36,3.675338554360479,2018-08-16
23.62,26.54,3.36,2.896327633821694,2018-08-17
23.7,27.08,1.78,2.8430777160035494,2018-08-18
23.62,27.87,3.34,3.484785305982494,2018-08-19
23.54,25.99,13.51,2.797317461823719,2018-08-20
23.25,26.37,9.96,3.0513063700384415,2018-08-21
23.72,26.82,6.58,2.9924287029014573,2018-08-22
23.6,27.18,7.1,3.242567360648529,2018-08-23
23.82,25.86,11.55,2.4829243809889467,2018-08-24
23.85,26.92,4.09,3.0131607658011443,2018-08-25
23.5,28.32,1.34,3.675781371993834,2018-08-26
22.94,28.08,0.31,4.277954946922754,2018-08-27
23.44,27.67,0.82,3.4359012798403805,2018-08-28
23.95,28.16,1.54,3.5377313009402287,2018-08-29
24.12,27.01,5.01,3.1991318355243914,2018-08-30
23.92,26.71,8.26,3.2462835262863594,2018-08-31
23.86,26.75,1.98,3.415501228860933,2018-09-01
23.69,28.29,2.88,3.5116862374791737,2018-09-02
24.04,27.24,4.56,3.0866283243518198,2018-09-03
24.08,27.58,7.91,3.3588662087356433,2018-09-04
23.95,28.17,5.43,3.3789447781482593,2018-09-05
24.27,26.19,44.74,2.2224576385008845,2018-09-06
23.78,26.68,17.37,1.859999218065138,2018-09-07
23.77,27.18,5.31,2.468556318241143,2018-09-08
23.6,27.05,6.17,3.251750943377586,2018-09-09
23.99,26.74,11.06,2.454547196089322,2018-09-10
23.9,25.89,23.41,3.3892839050225936,2018-09-11
23.66,28.53,2.23,4.043397988989688,2018-09-12
23.89,27.7,2.09,3.648851073124404,2018-09-13
23.78,28.35,0.96,4.121630494742735,2018-09-14
23.81,27.81,1.68,3.88674636120553,2018-09-15
24.26,28.29,3.43,2.6712121000308175,2018-09-16
23.96,28.63,1.19,3.8986790436868453,2018-09-17
24.38,28.05,2.23,2.6145530879629577,2018-09-18
24.06,28.25,2.05,4.386341068481986,2018-09-19
24.16,28.65,2.39,3.73328456844827,2018-09-20
25.15,28.41,5.97,3.923498175047377,2018-09-21
24.68,28.46,15.1,3.267553834252372,2018-09-22
24.41,26.81,12.61,2.8136609765841176,2018-09-23
24.14,28.92,2.54,3.720095807439371,2018-09-24
24.72,28.27,13.8,3.584606178787158,2018-09-25
24.25,28.08,5.0,3.0523632501597624,2018-09-26
24.15,29.1,4.05,3.3306600376882884,2018-09-27
24.65,27.25,6.32,3.3883941254213097,2018-09-28
24.68,28.81,3.09,4.218396004773923,2018-09-29
24.47,28.4,4.59,3.162308858707896,2018-09-30
24.49,27.74,4.57,2.26357869199237,2018-10-01
23.67,28.72,2.82,3.855255716665233,2018-10-02
24.48,28.47,3.66,4.099154744814705,2018-10-03
24.53,28.18,5.11,3.45869213742429,2018-10-04
24.77,28.12,6.45,3.1291880231270657,2018-10-05
24.64,28.02,5.67,3.0744015387291888,2018-10-06
24.4,28.82,8.39,3.517783436285853,2018-10-07
24.76,28.03,9.06,3.7597385547746316,2018-10-08
24.57,27.28,7.07,3.8294388158329338,2018-10-09
24.59,28.24,9.17,2.4813036717732895,2018-10-10
24.31,29.25,2.58,3.6896991278794977,2018-10-11
24.43,27.29,18.61,2.1580886589681283,2018-10-12
24.13,28.33,10.51,3.224777672117419,2018-10-13
23.9,28.5,2.72,3.768191540465721,2018-10-14
24.64,27.64,4.56,3.130412258059915,2018-10-15
24.32,27.43,5.09,2.7135219414908476,2018-10-16
23.73,29.83,2.54,4.7781972839407745,2018-10-17
24.95,27.36,1.45,3.6155913783041234,2018-10-18
23.73,29.73,1.46,4.230322959404651,2018-10-19
24.62,31.0,0.57,4.399411495310295,2018-10-20
25.14,29.21,2.54,3.9393654918605643,2018-10-21
25.59,28.67,2.5,3.342990377670651,2018-10-22
25.2,28.75,2.66,3.6432005960877163,2018-10-23
24.84,27.0,2.27,2.3164647214677525,2018-10-24
24.39,29.08,1.06,3.9591205795860147,2018-10-25
24.88,29.53,1.6,4.266247622767234,2018-10-26
25.47,28.27,2.05,3.553673920288778,2018-10-27
25.18,29.25,14.62,4.123609594935009,2018-10-28
25.57,28.76,20.41,2.1586879595664636,2018-10-29
24.97,29.81,6.98,4.6440663826914355,2018-10-30
25.1,30.63,10.76,4.520100337425402,2018-10-31
26.16,28.7,14.32,3.1275297736013985,2018-11-01
25.69,29.26,1.87,3.586776646564316,2018-11-02
25.37,28.48,2.02,4.038952372513995,2018-11-03
24.97,27.98,3.07,3.2949402873470723,2018-11-04
24.49,29.17,2.46,3.9770592885838356,2018-11-05
25.33,28.47,1.59,2.2479599373654686,2018-11-06
24.79,29.17,3.16,3.6171497524187552,2018-11-07
25.13,28.83,1.53,4.1568997836723405,2018-11-08
25.26,28.61,2.3,4.085259191958301,2018-11-09
25.08,29.16,4.19,3.837326140962736,2018-11-10
25.74,29.75,2.15,3.9102740506517266,2018-11-11
25.2,30.91,0.56,4.116740389911803,2018-11-12
25.99,29.93,0.3,4.656084355095851,2018-11-13
24.96,30.09,0.64,4.300966006285305,2018-11-14
25.79,28.78,0.56,2.2692024109189344,2018-11-15
25.35,30.1,0.37,4.218429889567066,2018-11-16
25.57,29.58,6.1,3.796515988967597,2018-11-17
25.34,30.25,6.06,3.86901048393042,2018-11-18
25.72,30.0,4.09,2.889520165477085,2018-11-19
25.4,28.87,4.05,2.8618355458352887,2018-11-20
25.1,29.19,2.45,3.906740392212056,2018-11-21
24.93,30.63,0.34,4.130314662337871,2018-11-22
25.46,31.06,0.54,4.058430465447404,2018-11-23
25.14,31.47,0.35,4.263907757161764,2018-11-24
25.1,31.62,0.36,4.318953017878744,2018-11-25
25.97,30.34,0.57,4.11760251601482,2018-11-26
25.66,28.85,1.89,2.465811596739594,2018-11-27
25.63,31.16,0.8,4.077185102435039,2018-11-28
24.78,31.68,0.27,4.3206519939215955,2018-11-29
24.65,29.87,0.65,3.9723249455705636,2018-11-30
25.95,29.74,0.59,3.4896553542199604,2018-12-01
25.33,29.22,0.38,3.6293581925188785,2018-12-02
25.57,29.46,0.3,3.740578573655755,2018-12-03
26.15,29.79,0.38,3.49554965890335,2018-12-04
25.44,31.24,0.2,3.9167883103909857,2018-12-05
23.41,31.14,0.06,4.066660561900155,2018-12-06
23.23,30.41,0.0,3.8004633337818836,2018-12-07
22.68,30.38,0.0,3.8781844955972975,2018-12-08
24.9,30.66,0.0,3.4754096653437503,2018-12-09
23.74,30.34,0.0,3.8037706830176425,2018-12-10
23.23,30.37,0.0,3.5711627900880245,2018-12-11
25.2,30.47,2.72,3.4932026044975073,2018-12-12
25.16,30.92,0.03,3.8192142451500066,2018-12-13
23.54,31.15,0.11,4.272095904792559,2018-12-14
24.19,31.78,0.32,4.3852232916628,2018-12-15
24.82,31.4,0.33,4.242251349521587,2018-12-16
25.27,31.3,0.43,4.1941926242784895,2018-12-17
25.28,31.46,0.49,3.972546706998513,2018-12-18
25.23,31.33,0.3,4.008751151269879,2018-12-19
24.93,31.15,0.17,3.4532694239903465,2018-12-20
24.84,30.56,0.11,3.8873831299347783,2018-12-21
22.05,30.84,0.0,3.9517083332757044,2018-12-22
22.86,30.43,0.0,4.139520846609961,2018-12-23
21.27,29.95,0.0,4.132370655789528,2018-12-24
20.65,30.15,0.0,4.457670013505805,2018-12-25
21.69,30.35,0.0,3.6661222627701897,2018-12-26
21.59,29.86,0.0,3.9810119658765566,2018-12-27
22.48,30.85,0.0,3.819490736973923,2018-12-28
22.7,31.18,0.0,3.731457820190294,2018-12-29
23.91,31.25,0.0,3.899690525009171,2018-12-30
25.44,31.53,0.0,3.767962169353964,2018-12-31
22.89,32.12,0.0,4.585369667082091,2019-01-01
23.73,31.44,0.0,4.261902471919154,2019-01-02
24.0,31.66,0.0,4.141710732979609,2019-01-03
23.75,31.62,0.0,4.170958581678272,2019-01-04
23.21,31.74,0.0,5.009175430084508,2019-01-05
22.19,31.06,0.0,4.300588479219282,2019-01-06
24.6,29.72,0.0,3.056485035563992,2019-01-07
23.73,31.13,0.0,4.50631658106527,2019-01-08
21.68,30.67,0.0,4.021891190686076,2019-01-09
24.84,31.49,0.0,4.051006449250066,2019-01-10
25.33,30.88,0.0,3.9041441293525487,2019-01-11
25.25,31.02,0.0,4.059887289291428,2019-01-12
25.62,31.18,0.0,4.039081815761103,2019-01-13
25.91,31.35,0.0,3.7361788487849115,2019-01-14
26.21,30.66,0.0,3.4853401493115026,2019-01-15
25.92,30.28,2.84,3.4047401081949955,2019-01-16
26.19,30.61,2.49,4.217606696941795,2019-01-17
26.15,31.58,0.49,4.209758091848324,2019-01-18
26.02,30.3,1.34,3.974793900041404,2019-01-19
25.71,30.69,3.17,3.7180156346851376,2019-01-20
25.4,31.4,0.53,3.797208364548755,2019-01-21
25.6,32.37,0.41,4.593005254031688,2019-01-22
25.95,32.52,0.47,4.617787554321929,2019-01-23
25.38,29.68,1.08,3.2107114269302475,2019-01-24
24.17,32.04,0.21,4.767262427610084,2019-01-25
25.69,31.87,4.27,4.499618827974836,2019-01-26
25.61,31.76,0.56,4.315339888241558,2019-01-27
26.16,30.75,4.67,3.9416327425046536,2019-01-28
25.94,31.6,12.67,4.124000063747235,2019-01-29
26.28,29.92,2.94,3.179415612990805,2019-01-30
25.35,31.6,0.78,4.499342690861083,2019-01-31
26.09,30.45,2.65,3.9094434853793683,2019-02-01
26.2,29.73,2.01,2.4647118249831252,2019-02-02
25.43,31.33,0.11,4.443342615321137,2019-02-03
25.41,31.62,1.47,4.559795208480456,2019-02-04
26.32,29.87,4.77,4.048963662080446,2019-02-05
26.14,30.81,0.88,4.2099044526318385,2019-02-06
25.82,32.29,4.6,4.087535875505034,2019-02-07
26.31,31.81,4.64,2.9644545304487013,2019-02-08
25.91,31.24,0.45,4.399321236692062,2019-02-09
25.85,31.78,0.0,4.934421466719404,2019-02-10
25.99,31.58,0.0,4.403002398603533,2019-02-11
25.55,32.16,0.0,3.8076525857576606,2019-02-12
26.1,30.46,0.0,3.6477060023338486,2019-02-13
26.36,31.45,0.0,3.738909968768669,2019-02-14
25.32,31.24,0.67,3.5185207445088365,2019-02-15
23.33,31.4,0.36,4.70476611037328,2019-02-16
25.88,30.83,0.2,4.023510356852826,2019-02-17
25.86,31.53,0.67,4.568751863632603,2019-02-18
26.52,31.52,1.97,3.597132181293446,2019-02-19
26.77,31.46,0.85,4.718517897635353,2019-02-20
26.69,30.61,1.87,4.457293283920315,2019-02-21
26.93,29.96,4.17,3.5178842154591363,2019-02-22
26.87,29.54,4.44,3.5080637932027523,2019-02-23
26.42,30.6,4.26,3.549558929463126,2019-02-24
26.13,30.1,4.73,3.534415126565965,2019-02-25
25.86,30.31,6.55,4.147640926352918,2019-02-26
25.26,30.76,4.41,4.177965138033599,2019-02-27
25.75,29.11,7.7,3.5247131317934017,2019-02-28
25.59,29.49,4.77,2.928417267130504,2019-03-01
25.51,29.36,6.71,4.7643818390561545,2019-03-02
25.21,31.25,1.83,4.910400158641412,2019-03-03
25.79,30.21,1.3,4.1094400951081855,2019-03-04
25.95,30.48,3.6,4.574240176160336,2019-03-05
26.5,29.83,10.81,3.689086128924292,2019-03-06
25.6,29.67,2.74,4.059283463842404,2019-03-07
25.77,29.22,4.76,3.9124990825299135,2019-03-08
25.78,30.04,4.76,4.61404802169241,2019-03-09
26.05,29.86,3.83,3.9870194585124485,2019-03-10
25.96,29.32,3.75,4.498351962404742,2019-03-11
26.15,30.32,2.62,4.623391557556033,2019-03-12
26.26,30.44,2.47,4.083301157040132,2019-03-13
26.44,31.02,1.94,4.424555088905143,2019-03-14
26.15,30.76,2.58,4.16670358372529,2019-03-15
26.2,30.45,4.74,3.7077709989766987,2019-03-16
26.3,31.14,2.25,4.4288316939272105,2019-03-17
25.56,31.61,2.3,4.948169879102298,2019-03-18
26.54,30.31,8.74,4.521300846894117,2019-03-19
26.53,29.98,4.55,4.288740727942054,2019-03-20
26.67,30.15,8.57,4.701909114283108,2019-03-21
26.06,29.79,0.53,3.479880553302318,2019-03-22
26.47,29.79,0.31,4.7477483720666775,2019-03-23
26.15,29.71,0.43,4.270786385000171,2019-03-24
25.92,30.26,0.17,4.829695996341182,2019-03-25
26.24,30.76,0.11,5.206824888934011,2019-03-26
26.73,30.48,0.61,4.7450824435784815,2019-03-27
26.6,31.0,0.7,4.64285878333041,2019-03-28
26.71,31.38,0.55,4.021320027147471,2019-03-29
26.98,29.55,1.78,4.295392086551403,2019-03-30
26.55,30.57,1.25,4.606800373976512,2019-03-31
26.43,31.27,3.07,4.654141514186367,2019-04-01
26.77,30.62,1.75,4.504820872245604,2019-04-02
26.64,31.12,4.31,4.207043751937009,2019-04-03
26.68,31.19,9.16,4.794704517594877,2019-04-04
26.66,31.05,7.66,5.028443543346301,2019-04-05
26.88,30.74,2.96,4.757487525619715,2019-04-06
26.83,30.05,5.98,3.542927679386673,2019-04-07
26.37,30.22,2.46,4.82723484953342,2019-04-08
26.48,29.92,2.58,4.646427479861052,2019-04-09
26.49,30.3,3.98,4.729359422139935,2019-04-10
26.09,29.05,7.32,2.68156726903646,2019-04-11
25.34,30.28,3.19,4.507959364434006,2019-04-12
26.09,28.37,3.67,2.746677984260451,2019-04-13
25.88,28.38,5.61,2.6760514045630903,2019-04-14
25.16,30.04,0.78,4.451066241522115,2019-04-15
25.63,30.6,0.29,5.061918101612397,2019-04-16
26.39,30.45,0.36,4.321503343210017,2019-04-17
26.71,31.15,0.26,4.683147156997087,2019-04-18
27.15,30.22,0.58,4.044643473524707,2019-04-19
27.0,30.01,1.89,4.099026741773938,2019-04-20
26.6,30.84,0.62,3.4602218041381247,2019-04-21
27.02,29.83,4.46,4.193678262273165,2019-04-22
26.53,29.15,2.78,3.4534696622066288,2019-04-23
25.97,30.54,0.51,4.180955866559097,2019-04-24
26.8,29.81,3.4,4.4527684085931245,2019-04-25
26.76,29.86,3.79,2.8873432640172925,2019-04-26
26.52,30.85,1.22,4.329223981892412,2019-04-27
26.66,30.89,3.81,4.3462009483595505,2019-04-28
27.32,30.04,6.39,4.477031250580443,2019-04-29
27.1,30.57,1.49,4.271632169818792,2019-04-30
26.62,30.82,2.15,4.716603331754367,2019-05-01
26.43,30.74,0.57,4.2929466233922575,2019-05-02
26.45,30.15,3.29,3.8885572063526883,2019-05-03
25.92,28.91,6.32,3.4253987288761163,2019-05-04
25.55,31.11,0.54,4.7089617304600955,2019-05-05
26.67,29.66,1.72,4.267115667380654,2019-05-06
26.71,29.89,11.58,3.8947168751651677,2019-05-07
26.46,29.46,9.42,4.25172817307298,2019-05-08
26.45,30.12,7.78,2.8873101709580693,2019-05-09
25.92,29.89,0.21,4.314756112569509,2019-05-10
26.05,29.2,3.25,2.756092018939932,2019-05-11
25.26,30.81,3.25,4.2699384996951695,2019-05-12
26.23,29.62,3.48,2.932346766291589,2019-05-13
26.15,28.78,14.34,3.088637895532492,2019-05-14
25.33,27.74,55.85,3.8225289931488504,2019-05-15
24.4,25.93,8.4,3.484190823528351,2019-05-16
24.3,30.55,1.97,4.306350815621857,2019-05-17
26.1,30.62,0.48,4.795944783891819,2019-05-18
26.03,30.17,1.18,4.183530796917108,2019-05-19
26.16,28.62,4.58,2.096676879871039,2019-05-20
25.56,28.99,16.04,3.0584150935414085,2019-05-21
25.58,30.12,2.28,3.7614270089876656,2019-05-22
25.61,29.38,1.91,4.483634880330065,2019-05-23
26.19,29.4,3.76,2.463987817273769,2019-05-24
25.44,29.35,0.95,3.667902518150537,2019-05-25
25.78,29.93,2.17,3.7397990977733313,2019-05-26
25.76,28.95,2.24,3.9326400407682716,2019-05-27
25.48,29.78,4.1,4.475024334347457,2019-05-28
26.05,28.43,12.16,2.7699944918722346,2019-05-29
25.34,28.35,7.28,2.2811392779400435,2019-05-30
25.45,27.76,7.31,2.5673296521859736,2019-05-31
25.38,27.45,22.52,2.5914542157719547,2019-06-01
25.12,28.47,1.82,3.585028406515192,2019-06-02
25.4,29.42,0.97,4.3219116500541945,2019-06-03
25.59,28.91,3.31,2.590910093271602,2019-06-04
25.72,27.54,14.53,2.962139531381957,2019-06-05
25.34,27.7,2.34,3.074587465339767,2019-06-06
24.77,27.09,11.99,2.573402961238283,2019-06-07
24.34,28.4,5.76,3.7954805701867866,2019-06-08
25.26,28.25,7.09,2.8982570611951823,2019-06-09
25.02,28.67,4.78,3.2447189220215074,2019-06-10
24.47,29.2,1.25,4.123135385601648,2019-06-11
24.57,28.93,2.96,3.9922747004573753,2019-06-12
24.53,28.58,7.76,3.9355332561165053,2019-06-13
24.82,27.98,16.23,2.4666106018971368,2019-06-14
24.49,28.69,2.96,2.463352151490626,2019-06-15
24.52,29.15,0.62,4.21469582700571,2019-06-16
24.54,29.1,0.51,3.9865154545106978,2019-06-17
24.64,29.19,0.17,3.43055093764487,2019-06-18
24.51,29.89,0.28,4.484849526007373,2019-06-19
25.19,28.43,7.01,2.9423406783395825,2019-06-20
24.86,28.28,11.69,3.171458784973115,2019-06-21
24.76,27.92,9.68,3.484500712737996,2019-06-22
24.64,27.82,6.02,3.4176518623121237,2019-06-23
23.71,27.1,19.43,2.8986805967721065,2019-06-24
23.6,27.11,31.11,2.2760289008767907,2019-06-25
24.11,26.79,11.6,2.3048186910260835,2019-06-26
23.93,27.78,14.31,3.0085503798318247,2019-06-27
24.06,26.92,8.71,2.4423122024944757,2019-06-28
23.84,28.04,4.54,3.679819778922068,2019-06-29
23.93,28.89,1.26,3.746658938736481,2019-06-30
24.67,28.41,1.63,2.542665923558044,2019-07-01
24.44,28.87,0.95,3.7003623071158587,2019-07-02
24.61,28.67,2.49,3.564556381262935,2019-07-03
24.93,27.02,5.21,2.648531216187504,2019-07-04
24.57,27.57,3.11,2.703182431549619,2019-07-05
24.35,28.93,2.6,3.1953545474955867,2019-07-06
25.02,28.42,2.53,3.743241996027106,2019-07-07
24.27,26.78,5.88,3.2767723947914846,2019-07-08
23.86,27.06,7.54,3.2613434104109507,2019-07-09
24.04,27.62,5.06,3.2994276440215544,2019-07-10
23.88,26.68,9.92,2.935668759490687,2019-07-11
23.7,25.75,7.93,1.6500501538204344,2019-07-12
23.56,27.65,2.33,3.9180203129835194,2019-07-13
23.02,29.06,0.69,4.101485732185144,2019-07-14
24.01,26.21,7.92,2.5504041232668144,2019-07-15
23.53,25.71,11.99,2.038048893673843,2019-07-16
23.22,28.24,3.25,4.043402118296392,2019-07-17
23.56,27.68,6.94,3.02964656943734,2019-07-18
23.79,25.84,27.19,2.4078497155052347,2019-07-19
23.5,27.18,9.85,3.0486312511956246,2019-07-20
23.27,27.74,2.48,3.541560573142614,2019-07-21
23.8,27.69,2.34,3.9488027867427853,2019-07-22
23.62,27.37,4.09,2.881327122749954,2019-07-23
23.27,28.13,3.06,3.5521191205265166,2019-07-24
23.88,27.24,5.7,3.228301567572167,2019-07-25
23.81,26.49,6.63,2.4084871361415643,2019-07-26
23.99,25.57,15.66,2.49804929558006,2019-07-27
23.83,27.05,7.57,2.657404427858672,2019-07-28
23.68,26.38,6.03,2.437259414319383,2019-07-29
23.28,27.78,1.47,3.2971268867646826,2019-07-30
23.22,28.22,1.3,3.31292572843968,2019-07-31
23.44,27.54,2.04,3.301187810098314,2019-08-01
23.43,27.67,1.89,3.6676875860558527,2019-08-02
23.52,26.83,0.82,3.21062040396932,2019-08-03
23.24,27.85,0.46,3.6777540670217244,2019-08-04
23.45,27.4,0.32,3.5879261764292805,2019-08-05
23.64,27.96,0.36,3.636581942520222,2019-08-06
23.52,28.25,0.64,3.892787864668114,2019-08-07
23.96,26.79,3.05,3.5047807849995047,2019-08-08
23.66,27.14,3.47,3.12619077129295,2019-08-09
23.36,27.54,1.97,3.9306429631820112,2019-08-10
23.12,28.38,1.16,3.768370638239948,2019-08-11
23.1,28.24,0.66,4.098768408693251,2019-08-12
23.87,27.75,2.61,3.052385666283203,2019-08-13
23.42,28.37,0.55,3.878066014887189,2019-08-14
23.24,28.55,0.51,3.983001756862204,2019-08-15
23.55,28.36,0.75,3.4419328550275137,2019-08-16
23.61,28.39,1.05,3.5078019662771958,2019-08-17
23.57,28.55,1.23,4.208391174086694,2019-08-18
23.91,27.49,2.77,3.707681541474397,2019-08-19
24.05,28.45,1.3,3.71405191579602,2019-08-20
23.9,27.57,0.7,3.4936432496451997,2019-08-21
23.98,28.03,8.08,3.7127106784259323,2019-08-22
23.91,27.64,8.88,3.190425232001868,2019-08-23
23.6,27.72,2.84,3.6833883295571765,2019-08-24
23.72,27.96,1.69,3.2703915195350746,2019-08-25
23.8,27.56,2.87,3.167687111594593,2019-08-26
23.78,28.01,1.8,3.443732420515971,2019-08-27
23.92,26.64,2.94,3.1941617229637167,2019-08-28
23.45,28.58,2.14,4.1227861241366535,2019-08-29
24.14,28.27,3.2,3.0091772861584527,2019-08-30
24.29,27.66,6.99,3.6079443401502393,2019-08-31
24.34,26.37,12.27,2.3783812571122533,2019-09-01
23.94,28.09,4.79,3.274221284265518,2019-09-02
23.73,28.34,1.55,3.789229521873384,2019-09-03
24.29,26.96,10.28,2.688060823376418,2019-09-04
24.11,28.18,4.97,3.3813526362662136,2019-09-05
24.21,27.06,6.39,2.5656432749785347,2019-09-06
23.99,27.64,30.21,2.9659955789370085,2019-09-07
24.27,27.43,3.17,3.312033466499641,2019-09-08
24.2,27.32,4.78,3.5231950056396237,2019-09-09
24.26,28.13,7.73,2.954810793069856,2019-09-10
24.24,28.22,6.85,2.8703535908720905,2019-09-11
24.17,27.98,6.42,3.0241080460096517,2019-09-12
24.03,27.22,4.44,3.0821406657907926,2019-09-13
24.15,28.49,4.34,2.469318256354425,2019-09-14
24.35,28.34,4.17,3.107984028612176,2019-09-15
24.47,27.66,5.05,3.9146535917884604,2019-09-16
24.5,27.63,8.36,3.224960773163907,2019-09-17
24.65,27.29,16.7,2.8899273350308445,2019-09-18
24.35,27.93,41.18,2.3171288785390116,2019-09-19
23.96,28.38,4.45,3.777870669874251,2019-09-20
23.93,28.51,4.29,3.6297631351472264,2019-09-21
24.53,27.68,5.9,3.538784754008876,2019-09-22
24.46,28.79,1.96,3.9795984696027804,2019-09-23
24.1,29.04,0.58,3.8222659249685838,2019-09-24
24.5,28.67,1.46,3.606957392124874,2019-09-25
24.35,27.7,2.33,3.7182066929046997,2019-09-26
24.0,28.2,13.6,2.112503777243331,2019-09-27
24.38,28.09,15.11,1.9899222930284461,2019-09-28
23.99,28.6,2.83,3.067382173278721,2019-09-29
24.06,27.8,13.57,2.386564556735555,2019-09-30
24.13,27.66,18.76,1.5671099205685717,2019-10-01
24.07,28.31,24.08,2.7044055945313734,2019-10-02
24.25,27.59,19.45,3.212032577900281,2019-10-03
24.3,27.37,33.6,2.0280848761988546,2019-10-04
24.22,27.66,45.62,1.8768079477794621,2019-10-05
24.29,28.34,4.82,3.9225944641926023,2019-10-06
23.77,26.7,15.14,3.177447901605582,2019-10-07
24.41,26.36,15.76,2.63636152896696,2019-10-08
24.27,28.33,9.17,3.31495211792372,2019-10-09
24.7,27.39,11.26,3.495865137121306,2019-10-10
24.68,28.4,7.77,3.3354430380397884,2019-10-11
24.31,26.52,24.39,1.3543318366115409,2019-10-12
23.87,28.65,1.55,4.074236714635029,2019-10-13
23.59,29.04,2.28,3.4227163962931746,2019-10-14
24.96,27.77,3.7,3.4247296308352566,2019-10-15
24.65,27.75,4.73,3.5316643089915214,2019-10-16
24.22,29.46,2.59,4.0367468455304,2019-10-17
24.79,26.98,15.39,1.9834385112892687,2019-10-18
24.05,27.64,18.97,2.8124277303389693,2019-10-19
23.76,26.63,12.27,1.5538505368099584,2019-10-20
23.27,28.6,1.1,3.8521446662240186,2019-10-21
24.22,28.87,4.15,3.5157097170203557,2019-10-22
24.97,27.39,9.37,2.261152970709475,2019-10-23
24.55,28.28,10.55,3.423891513276643,2019-10-24
24.24,28.6,27.2,3.183090121109515,2019-10-25
24.65,28.26,8.13,3.146336474056001,2019-10-26
24.25,28.51,3.78,2.551001693271685,2019-10-27
24.47,28.64,6.64,1.7197559763377765,2019-10-28
24.49,28.55,3.82,4.32726431719642,2019-10-29
24.69,28.58,2.74,3.7493585135936924,2019-10-30
24.36,29.29,1.94,3.770303268973654,2019-10-31
24.69,30.11,4.12,4.3196052239634675,2019-11-01
24.84,27.84,10.03,2.2642163729122307,2019-11-02
24.68,28.64,8.46,2.394789822054374,2019-11-03
24.7,30.24,0.43,4.527855265465913,2019-11-04
25.35,29.69,3.76,3.7989899909872418,2019-11-05
25.08,30.12,2.42,3.9885638428881465,2019-11-06
25.24,30.32,0.43,4.236436008491153,2019-11-07
25.59,30.35,0.63,4.292932144549853,2019-11-08
25.45,30.25,1.45,4.051245092100522,2019-11-09
25.35,28.59,1.67,2.6695084796897843,2019-11-10
24.85,28.78,0.95,3.6067806343446978,2019-11-11
25.36,29.23,2.62,3.9619971064761397,2019-11-12
25.54,30.29,4.17,3.984119548010669,2019-11-13
25.22,30.29,4.65,3.1652632703678463,2019-11-14
25.42,29.97,2.98,3.9761451076902135,2019-11-15
25.45,30.03,2.47,4.197129059739738,2019-11-16
25.88,28.87,1.55,3.927968429863703,2019-11-17
25.36,30.39,0.91,4.072790004028057,2019-11-18
25.86,30.08,2.73,3.69264026394518,2019-11-19
25.62,29.63,1.49,3.7806251621319995,2019-11-20
25.67,29.15,2.09,2.8699657150160607,2019-11-21
24.84,30.17,0.69,4.361258952287081,2019-11-22
25.67,29.53,0.89,4.1315750547389145,2019-11-23
25.43,30.04,1.14,4.140652974984045,2019-11-24
25.66,30.16,1.76,4.009914592137667,2019-11-25
25.38,30.1,1.3,4.002682128087096,2019-11-26
25.83,30.18,0.75,4.261550171999155,2019-11-27
25.67,30.01,0.52,4.075417425260462,2019-11-28
25.56,30.38,0.41,3.993980266921742,2019-11-29
24.83,30.18,0.23,4.236705440975177,2019-11-30
24.87,29.01,0.3,3.299809411589887,2019-12-01
25.42,29.59,0.31,3.9214702601640705,2019-12-02
25.65,30.54,0.43,4.077791477662877,2019-12-03
25.61,30.34,0.4,3.0430241121305546,2019-12-04
25.78,29.66,0.36,3.4829874688731057,2019-12-05
25.25,29.83,0.09,2.7209023623007327,2019-12-06
25.24,29.16,4.69,3.52805218292816,2019-12-07
25.23,30.29,5.41,4.082975748437987,2019-12-08
25.17,30.1,3.51,4.0633724682709005,2019-12-09
25.09,31.03,3.22,4.296721006627401,2019-12-10
24.69,29.24,3.3,3.634975523301713,2019-12-11
25.12,29.7,5.64,3.5638144087118637,2019-12-12
23.99,27.87,4.71,2.781902929359685,2019-12-13
24.76,30.16,2.65,3.429870205073266,2019-12-14
24.95,28.25,1.21,3.5982553873951835,2019-12-15
24.16,29.94,1.69,3.8108359052186374,2019-12-16
24.61,30.94,0.19,4.127418734373294,2019-12-17
24.62,31.27,0.43,3.9881280256336984,2019-12-18
25.28,31.09,0.46,4.0397832545141465,2019-12-19
24.04,30.58,0.36,4.020614115971152,2019-12-20
25.69,30.82,0.63,3.8760328913027116,2019-12-21
25.56,31.08,0.12,4.145732776467994,2019-12-22
21.29,29.72,0.08,4.573180040524732,2019-12-23
21.63,30.41,0.0,4.370908371072894,2019-12-24
22.31,30.44,0.06,4.442245900675667,2019-12-25
22.76,30.66,0.05,4.354917018784812,2019-12-26
22.94,30.81,0.0,4.260796744746694,2019-12-27
23.49,30.94,0.0,4.153117250223678,2019-12-28
21.34,30.34,0.0,4.6580764845299605,2019-12-29
20.06,29.94,0.0,4.570346471610204,2019-12-30
19.82,29.93,0.0,4.664351702242818,2019-12-31
19.64,29.98,0.0,4.710921330986236,2020-01-01
20.36,28.74,0.0,5.1466445882157466,2020-01-02
17.81,28.07,0.0,4.955853021429862,2020-01-03
18.54,28.8,0.0,4.602069528858318,2020-01-04
19.85,28.12,0.0,3.8662951332440167,2020-01-05
22.22,29.84,0.0,3.89706721710757,2020-01-06
21.82,30.16,0.0,3.4150341395758312,2020-01-07
23.37,30.65,0.0,3.3465826862397994,2020-01-08
23.66,29.94,0.0,3.5230487574873828,2020-01-09
24.81,29.03,0.0,3.3335490087062625,2020-01-10
25.03,29.0,0.74,3.479780357110106,2020-01-11
25.05,29.17,0.5,3.6532300950051972,2020-01-12
25.17,30.5,0.47,3.54773015493002,2020-01-13
25.22,31.36,0.38,3.867947542107162,2020-01-14
23.3,31.2,0.2,4.450888177897093,2020-01-15
24.11,31.0,0.0,4.075264179069746,2020-01-16
24.05,30.67,0.0,3.8498848875015828,2020-01-17
23.79,30.17,0.0,4.123106497835331,2020-01-18
21.71,29.43,0.0,3.8982153428899,2020-01-19
23.58,30.62,0.0,3.911116369605944,2020-01-20
23.68,30.73,0.0,3.7217880916224235,2020-01-21
24.39,29.96,0.0,3.2098440818453757,2020-01-22
24.51,30.92,0.0,3.771248463533497,2020-01-23
21.02,30.28,0.0,4.64419707404738,2020-01-24
18.14,29.14,0.0,4.926575745960135,2020-01-25
18.39,28.9,0.0,4.118502429413915,2020-01-26
20.84,29.46,0.0,4.095903309202751,2020-01-27
21.12,29.98,0.0,3.7882073056932377,2020-01-28
21.66,30.64,0.0,3.97706692246275,2020-01-29
22.45,30.43,0.0,3.8747670308403688,2020-01-30
24.43,30.37,0.0,4.145528564719033,2020-01-31
23.76,29.98,0.0,4.140618786537541,2020-02-01
21.3,30.61,0.0,5.009444530814736,2020-02-02
20.95,30.58,0.0,4.483769687831605,2020-02-03
24.07,31.0,0.0,4.299151590706801,2020-02-04
24.6,29.08,0.0,3.8715546020894984,2020-02-05
22.35,31.12,0.0,4.426179434040713,2020-02-06
22.13,31.22,0.0,4.6145062076444985,2020-02-07
22.1,31.4,0.0,4.892603090434314,2020-02-08
23.43,30.23,0.0,3.9105274884358283,2020-02-09
25.8,30.47,0.0,3.331583588834865,2020-02-10
24.96,30.73,0.0,3.4046196049362205,2020-02-11
23.26,28.45,0.0,3.9721353116873295,2020-02-12
21.17,29.89,0.0,3.9404764349583266,2020-02-13
21.04,30.22,0.0,4.210902560734535,2020-02-14
22.58,31.03,0.0,4.26295619870805,2020-02-15
23.74,31.67,0.0,4.1415858371371295,2020-02-16
25.36,30.68,0.0,3.810171904812615,2020-02-17
25.86,30.99,0.0,4.136299115492907,2020-02-18
25.7,30.98,0.0,3.9469061932867184,2020-02-19
25.49,32.12,0.0,4.201749495169495,2020-02-20
25.87,32.19,0.0,4.389431395094439,2020-02-21
26.05,32.05,0.0,4.189438258336998,2020-02-22
26.25,32.21,0.0,4.195612280255605,2020-02-23
26.42,30.65,0.0,3.9744500463705132,2020-02-24
26.29,31.25,0.2,3.9648129574078483,2020-02-25
26.02,31.08,0.1,3.8015654844640294,2020-02-26
25.86,32.46,0.11,4.613539207201376,2020-02-27
26.72,32.12,0.13,3.9399801832013552,2020-02-28
26.36,32.01,0.11,4.577432012288764,2020-02-29
26.98,30.8,0.32,3.8539514844833804,2020-03-01
27.03,31.12,3.48,4.222390560937538,2020-03-02
26.7,29.9,4.22,2.794421821650192,2020-03-03
26.14,30.34,4.73,4.005162073735966,2020-03-04
26.21,30.28,3.48,3.841844653510095,2020-03-05
26.36,30.53,4.43,3.6486020150257663,2020-03-06
25.15,31.1,1.59,4.840580018450272,2020-03-07
25.91,31.62,1.41,4.921577657014776,2020-03-08
26.48,30.52,5.8,4.593272426945643,2020-03-09
26.55,31.21,1.42,4.623712722448467,2020-03-10
26.75,29.64,7.58,4.524601656086298,2020-03-11
26.17,29.81,3.55,3.836928947184153,2020-03-12
26.57,31.0,1.77,4.1519888993487895,2020-03-13
26.39,31.41,0.07,3.5902229024573318,2020-03-14
25.99,31.22,1.29,4.287957984022294,2020-03-15
26.36,30.79,1.3,4.568791652440322,2020-03-16
26.43,30.17,0.08,4.320860272414431,2020-03-17
26.24,31.8,0.1,4.790610060353006,2020-03-18
26.64,30.86,0.22,4.411250231269423,2020-03-19
26.18,31.16,0.05,4.311150075808351,2020-03-20
26.14,30.57,0.11,4.643925275112794,2020-03-21
26.03,29.36,1.0,4.2099965322451185,2020-03-22
25.84,28.63,3.46,2.477463087156684,2020-03-23
25.21,29.12,13.83,2.1208738676426697,2020-03-24
24.69,28.23,2.29,3.781803215922319,2020-03-25
24.72,29.43,0.38,4.651100204590161,2020-03-26
25.24,29.7,2.53,4.11895588466038,2020-03-27
25.28,29.54,0.77,4.84601599194467,2020-03-28
25.37,29.36,3.19,4.658926722193532,2020-03-29
25.76,30.21,1.94,4.884667819137381,2020-03-30
25.77,29.41,0.95,3.6621141605116905,2020-03-31
25.75,28.59,2.9,3.1403427328835547,2020-04-01
25.07,30.04,1.8,4.163131744059166,2020-04-02
25.52,30.06,1.81,4.8720316251925695,2020-04-03
25.94,28.53,7.05,2.359490198862068,2020-04-04
25.39,31.27,1.67,5.2533538423176385,2020-04-05
26.07,29.81,1.88,3.654631916717163,2020-04-06
25.87,30.16,0.86,4.877999256241724,2020-04-07
25.86,29.54,1.51,4.4757149187554965,2020-04-08
26.02,30.33,1.38,4.874434488945101,2020-04-09
25.97,30.55,1.97,3.12031799337039,2020-04-10
25.38,30.46,4.81,4.413689767870908,2020-04-11
25.85,31.13,3.38,4.824644111819255,2020-04-12
26.11,30.78,3.99,4.684926488393017,2020-04-13
26.01,31.13,1.51,4.426389773282706,2020-04-14
26.35,31.38,2.78,4.284870402927628,2020-04-15
26.84,31.85,1.59,4.750172347848486,2020-04-16
26.86,31.26,1.38,3.8608001321226775,2020-04-17
26.77,29.95,1.37,4.249145463396214,2020-04-18
25.92,29.02,7.66,3.130564017389699,2020-04-19
25.49,30.44,0.37,4.51776980120905,2020-04-20
25.65,30.9,2.91,4.610775690187766,2020-04-21
26.23,29.2,10.57,3.037557268339337,2020-04-22
25.7,29.6,6.15,4.505997583064324,2020-04-23
25.43,29.35,6.76,4.522753465019388,2020-04-24
25.86,28.69,12.67,3.8861573049746996,2020-04-25
25.6,28.34,8.07,2.3390390777223318,2020-04-26
25.26,29.79,8.27,4.8995006382206965,2020-04-27
25.55,28.99,1.75,4.5567902769979005,2020-04-28
25.7,28.9,3.82,3.014876665138741,2020-04-29
25.99,29.09,5.3,2.9709927264827996,2020-04-30
25.76,29.09,1.62,4.770402936927909,2020-05-01
25.47,29.55,1.54,4.4773617866901345,2020-05-02
26.02,28.97,3.67,2.2118685825813973,2020-05-03
25.54,30.31,1.24,3.7782889427632593,2020-05-04
25.54,30.99,0.82,4.826108168925689,2020-05-05
25.84,30.88,1.86,4.773811658286937,2020-05-06
26.18,30.67,3.0,4.30830292294789,2020-05-07
26.31,30.3,6.39,3.9165513261299414,2020-05-08
26.3,30.66,5.08,4.114795783443191,2020-05-09
25.81,28.48,14.51,1.8671797700547457,2020-05-10
25.1,27.61,3.79,3.338955559049621,2020-05-11
24.65,30.16,0.51,4.812766510260437,2020-05-12
25.36,29.16,1.49,3.835000883766134,2020-05-13
25.38,30.31,1.1,4.648371241481123,2020-05-14
26.26,29.52,2.79,3.982873556127182,2020-05-15
25.87,29.54,93.51,4.179475661749671,2020-05-16
25.94,29.18,12.02,4.10211462380767,2020-05-17
25.98,29.66,13.64,4.178426082323688,2020-05-18
25.78,28.81,19.68,3.1455819112636854,2020-05-19
25.4,29.11,11.91,4.29208704635829,2020-05-20
25.42,29.35,6.18,4.06119239122188,2020-05-21
26.14,28.79,5.39,3.1816153924675756,2020-05-22
25.86,29.3,2.2,4.0452189764901565,2020-05-23
25.54,30.02,8.46,4.1377401075582885,2020-05-24
25.78,27.78,9.3,1.7184679034843193,2020-05-25
25.2,29.57,13.39,4.644004583711156,2020-05-26
25.23,29.8,9.04,4.3415083073095175,2020-05-27
25.67,29.12,3.64,1.984739794394599,2020-05-28
25.88,29.49,2.77,4.314136522489937,2020-05-29
25.3,27.33,8.73,2.9876781283781484,2020-05-30
25.1,28.25,14.78,3.9465157316289026,2020-05-31
25.04,29.36,13.72,2.945884762107078,2020-06-01
25.22,28.25,16.69,2.3104815191265353,2020-06-02
24.62,29.32,12.08,4.2551364644508025,2020-06-03
25.43,27.81,115.22,2.9457946587533996,2020-06-04
25.4,28.5,7.24,4.029998346337516,2020-06-05
25.15,28.65,8.31,3.4628599711466355,2020-06-06
24.68,28.18,19.38,3.830878027519768,2020-06-07
24.72,29.2,1.73,4.452278862692975,2020-06-08
24.99,27.36,38.8,2.701567180133546,2020-06-09
24.43,27.82,1.61,3.6531760099511548,2020-06-10
24.17,28.55,0.53,3.5919117644393714,2020-06-11
23.92,28.48,2.05,2.047134938943403,2020-06-12
24.37,28.38,2.2,3.613938648415195,2020-06-13
24.74,28.85,4.33,3.178909871200322,2020-06-14
25.2,29.01,4.62,2.85178042567357,2020-06-15
25.23,29.04,3.79,3.603688161343771,2020-06-16
25.43,27.57,9.65,2.3285013506143044,2020-06-17
25.06,27.33,14.03,1.6309139439801155,2020-06-18
24.67,27.83,2.45,3.2232362688685225,2020-06-19
24.34,27.89,5.37,3.1461319670472734,2020-06-20
24.57,28.25,2.3,3.330022686854026,2020-06-21
24.45,27.82,3.07,1.795445028598874,2020-06-22
24.21,28.87,1.31,4.178681276363861,2020-06-23
24.57,29.08,1.73,3.6045127967372,2020-06-24
25.22,28.1,7.53,3.6606263017477803,2020-06-25
25.05,27.58,6.88,3.335099504253116,2020-06-26
24.59,27.58,15.36,3.2436332142762714,2020-06-27
24.39,26.67,15.99,1.7716607687083061,2020-06-28
24.28,27.46,14.15,2.67949263781582,2020-06-29
24.03,27.08,3.98,2.7159799904615474,2020-06-30
23.87,27.51,4.7,2.80800022070069,2020-07-01
24.09,28.36,4.55,3.7980275545979567,2020-07-02
24.5,28.09,5.28,3.6162081863846898,2020-07-03
24.14,26.01,76.64,1.8511326729794761,2020-07-04
23.77,27.42,4.56,3.1529946340827855,2020-07-05
24.01,26.83,2.76,3.1543116963297195,2020-07-06
24.22,26.98,3.61,2.306455169133584,2020-07-07
24.1,27.04,2.88,2.3049302418170536,2020-07-08
23.88,27.19,3.05,2.4701916512239537,2020-07-09
23.88,27.15,5.53,3.1816761445572133,2020-07-10
23.74,26.49,12.87,2.326748299278936,2020-07-11
23.42,27.43,2.74,2.92446000765243,2020-07-12
23.47,27.38,1.54,3.427441727745709,2020-07-13
23.11,27.68,0.85,3.8796559810734257,2020-07-14
22.74,27.16,0.52,3.2056259549211275,2020-07-15
22.92,26.11,1.53,2.6042834622995703,2020-07-16
22.67,26.8,1.01,2.792010959868203,2020-07-17
22.92,26.29,0.51,3.3211315455692754,2020-07-18
22.71,27.46,1.06,3.1864703002595745,2020-07-19
23.18,26.53,15.07,2.614110338941746,2020-07-20
23.01,27.65,2.02,3.182311505233854,2020-07-21
23.39,26.38,1.38,2.700390902488494,2020-07-22
23.32,27.38,1.42,3.3432844043788763,2020-07-23
23.14,27.41,0.65,3.2841951921957393,2020-07-24
22.95,26.91,1.11,3.725505474214715,2020-07-25
23.21,26.05,1.44,2.9397016446949715,2020-07-26
22.82,27.14,1.56,3.5937445200580878,2020-07-27
22.65,26.64,0.88,3.2559794484292524,2020-07-28
22.2,27.4,0.39,4.097287017370288,2020-07-29
22.45,27.71,0.4,3.947887204496495,2020-07-30
23.07,25.67,2.25,2.543389196600214,2020-07-31
22.86,27.43,0.56,3.835070070894535,2020-08-01
22.5,27.74,0.24,3.646095525296293,2020-08-02
22.73,26.13,0.1,3.4410506267833845,2020-08-03
21.98,27.23,0.01,4.57049563984171,2020-08-04
21.27,27.24,0.03,3.59033538664333,2020-08-05
21.37,26.27,0.08,3.5692760645948964,2020-08-06
21.86,25.84,0.13,3.151308187583461,2020-08-07
21.44,26.71,0.08,3.8096707021537335,2020-08-08
21.13,27.27,0.03,4.265819651696763,2020-08-09
21.31,26.76,0.06,3.2875546366490798,2020-08-10
22.09,26.12,0.07,3.7267510537682718,2020-08-11
21.33,27.69,0.02,4.351483808913104,2020-08-12
21.06,28.19,0.02,4.275712892070631,2020-08-13
22.64,26.27,3.68,2.8736025634315188,2020-08-14
22.34,27.29,1.58,3.0595879859815813,2020-08-15
21.91,27.96,0.4,4.123432130004449,2020-08-16
22.5,27.39,0.55,3.3828787682419206,2020-08-17
22.81,27.82,0.82,3.9487999098931192,2020-08-18
22.96,27.79,0.16,4.004814734391821,2020-08-19
22.62,27.86,0.49,3.4342622672159795,2020-08-20
23.11,26.76,0.77,2.5463553918175514,2020-08-21
22.66,27.32,0.54,2.495954378662584,2020-08-22
22.27,27.69,0.14,4.043390239119006,2020-08-23
22.4,27.21,0.09,3.4140633485026948,2020-08-24
22.32,26.48,0.24,2.947456660826732,2020-08-25
21.79,27.22,0.25,3.392871723303055,2020-08-26
22.52,27.83,0.41,3.562849253152416,2020-08-27
23.25,27.34,2.99,3.6558760275388344,2020-08-28
23.09,27.1,0.4,3.264760690006715,2020-08-29
22.74,27.75,0.46,3.543948093940176,2020-08-30
23.06,28.12,1.18,3.318165179007828,2020-08-31
23.22,26.98,0.62,2.908373951169475,2020-09-01
23.31,27.45,0.66,3.053779553443662,2020-09-02
23.24,28.12,0.31,3.398703327094248,2020-09-03
23.51,28.05,0.21,3.5943741995454452,2020-09-04
23.81,27.37,1.14,3.4938076538078686,2020-09-05
23.52,27.95,0.25,3.5863032565131086,2020-09-06
23.44,28.6,0.62,3.617636279956423,2020-09-07
23.58,28.03,5.45,3.57151628982197,2020-09-08
23.8,26.78,73.05,1.632600514771164,2020-09-09
23.62,27.86,2.53,3.257272290199775,2020-09-10
23.47,26.84,1.81,3.847926789976937,2020-09-11
23.87,27.79,6.82,3.2749503484358002,2020-09-12
23.61,27.29,20.84,2.9384590467248044,2020-09-13
23.14,28.38,5.48,3.2462657953624108,2020-09-14
24.04,27.42,6.37,1.8960249085594756,2020-09-15
24.14,26.11,11.92,2.688521943843864,2020-09-16
23.75,27.98,4.75,3.8783218062998825,2020-09-17
23.25,28.87,0.43,3.4875364496927994,2020-09-18
23.86,27.52,10.87,3.8192975006138017,2020-09-19
23.84,26.29,58.69,2.137740598563779,2020-09-20
23.59,28.25,2.62,3.938174530413512,2020-09-21
23.93,28.72,3.76,3.6096907850206557,2020-09-22
24.14,27.95,7.28,3.1939997819756383,2020-09-23
23.78,27.49,7.1,2.139985997871075,2020-09-24
23.79,28.25,2.94,3.736715889707669,2020-09-25
23.96,27.99,6.13,3.1734163419746637,2020-09-26
23.86,27.48,12.55,3.264329145470229,2020-09-27
23.62,28.48,0.79,3.8236887628141476,2020-09-28
24.3,26.39,9.76,3.159537751174592,2020-09-29
24.11,27.0,7.54,2.800649808031298,2020-09-30
24.04,27.99,0.67,4.1571060958253785,2020-10-01
23.57,28.66,0.46,3.844082173286953,2020-10-02
24.02,28.42,4.42,3.520550859043716,2020-10-03
24.16,28.57,4.14,3.803088080141855,2020-10-04
24.15,28.56,4.05,3.4428204126767565,2020-10-05
24.38,27.43,14.61,2.5609633270911067,2020-10-06
23.87,27.74,6.98,2.7016404614824867,2020-10-07
23.55,28.19,5.06,3.450554621811369,2020-10-08
24.4,28.38,6.84,2.8470011995230693,2020-10-09
24.16,28.31,7.41,4.010149945967826,2020-10-10
23.87,27.13,8.15,2.998776432921691,2020-10-11
24.27,29.06,1.69,4.165131502700953,2020-10-12
24.33,28.42,3.5,3.9909468498241765,2020-10-13
24.75,27.62,3.75,2.5839626822495516,2020-10-14
24.18,27.61,2.91,3.5262743501663145,2020-10-15
23.77,27.63,3.03,3.193464336016239,2020-10-16
23.86,28.28,1.76,2.9193474724262036,2020-10-17
24.07,28.46,1.39,3.8006731845719077,2020-10-18
24.33,28.94,4.35,3.8391667410492367,2020-10-19
24.43,28.19,3.85,3.783306332300906,2020-10-20
24.72,28.85,2.14,4.23748837435569,2020-10-21
24.44,29.54,3.11,4.078176678370972,2020-10-22
24.75,29.3,2.76,4.151043568653541,2020-10-23
24.64,29.3,3.15,3.4862760964778516,2020-10-24
24.95,27.88,2.51,2.6589952733775526,2020-10-25
24.54,28.11,4.75,3.5081152707082053,2020-10-26
25.0,27.39,6.49,3.1094500600640145,2020-10-27
24.88,28.85,3.29,3.0376388204234046,2020-10-28
24.47,28.53,2.84,3.823712823994655,2020-10-29
24.76,29.63,2.53,3.8560644795090386,2020-10-30
24.55,30.3,1.84,4.157870653399491,2020-10-31
25.03,29.29,2.43,3.8169408001913605,2020-11-01
24.98,28.56,0.11,2.968169735451002,2020-11-02
24.8,29.31,0.09,3.5860465378851143,2020-11-03
25.37,28.65,0.1,2.884367568212698,2020-11-04
25.21,29.53,0.1,3.804673083209975,2020-11-05
25.31,29.67,0.03,4.046967695966263,2020-11-06
25.04,28.74,8.03,3.6508965482104707,2020-11-07
24.98,30.27,7.61,4.0519950161514044,2020-11-08
25.24,28.0,8.17,3.592020798551451,2020-11-09
25.06,27.68,5.09,3.6211208950191773,2020-11-10
24.63,29.87,2.25,3.657174868703547,2020-11-11
24.97,29.98,0.72,4.248164640681891,2020-11-12
24.8,29.48,0.68,4.192614560891074,2020-11-13
24.9,28.57,1.48,3.679054609523142,2020-11-14
25.15,30.84,1.01,4.307369807578689,2020-11-15
24.85,29.5,1.33,3.3163334909859077,2020-11-16
25.65,29.87,0.26,3.89830860691941,2020-11-17
25.46,29.92,0.72,3.6971978117202404,2020-11-18
24.99,29.48,0.05,3.8855693826993454,2020-11-19
23.91,29.7,0.11,3.63673786247763,2020-11-20
25.64,30.31,0.38,3.998212049031102,2020-11-21
25.79,29.81,1.69,4.121168303765383,2020-11-22
25.53,29.98,1.74,4.053965438607442,2020-11-23
25.86,29.87,1.1,3.9955429349066947,2020-11-24
25.48,29.96,3.43,3.4228944843793365,2020-11-25
25.71,28.94,2.17,3.5777154233781148,2020-11-26
25.36,29.21,3.6,3.5960435397556174,2020-11-27
25.06,28.8,2.95,3.603927476440466,2020-11-28
25.1,30.15,2.55,4.089216274627216,2020-11-29
25.18,30.58,1.43,4.222976627305895,2020-11-30
25.33,30.44,2.11,3.994056447278906,2020-12-01
25.04,30.59,0.0,4.101756929502847,2020-12-02
24.85,30.43,0.0,4.165729524688255,2020-12-03
25.09,30.36,0.0,4.087838688431214,2020-12-04
25.13,29.38,0.0,4.145882644150247,2020-12-05
25.27,29.75,0.0,4.053805674070662,2020-12-06
25.38,28.43,4.84,3.559732670305912,2020-12-07
24.65,30.96,0.31,3.623897482169121,2020-12-08
25.08,28.96,0.76,3.7157579221968775,2020-12-09
25.29,28.25,1.39,3.642174416029424,2020-12-10
25.13,29.22,1.08,3.857974572478465,2020-12-11
25.06,29.35,1.84,3.751968719910154,2020-12-12
24.71,29.83,1.41,3.637479973522826,2020-12-13
24.66,29.87,1.79,3.7701099942962477,2020-12-14
25.28,29.51,2.32,3.669411147332771,2020-12-15
25.03,29.91,2.06,3.7633719618105856,2020-12-16
25.24,29.3,1.67,3.4167002121996886,2020-12-17
25.18,28.74,0.88,3.8441295169883394,2020-12-18
25.41,29.12,0.74,3.8357454022099833,2020-12-19
25.14,29.08,1.72,3.6953256856679975,2020-12-20
24.65,29.24,2.5,3.4224302511793776,2020-12-21
25.23,29.3,0.44,3.4596272302157987,2020-12-22
24.74,30.43,0.34,3.864321545947639,2020-12-23
24.83,29.52,0.27,3.4451926882535737,2020-12-24
25.94,31.02,0.08,3.951095311117408,2020-12-25
23.96,30.47,0.15,4.654859247055665,2020-12-26
23.32,30.48,0.0,4.15562142321926,2020-12-27
23.58,30.45,0.0,4.006475520515319,2020-12-28
22.76,30.22,0.0,3.7016485428783135,2020-12-29
24.0,30.87,0.0,3.5369906880773407,2020-12-30
25.41,30.62,0.0,3.6405047480504025,2020-12-31
25.45,30.18,0.56,3.8627822145156157,2021-01-01
26.13,29.2,1.01,3.499386568809365,2021-01-02
25.94,29.35,1.01,3.63565218042232,2021-01-03
25.91,29.59,0.91,3.7078123704730968,2021-01-04
25.41,29.61,0.92,4.0151233694383075,2021-01-05
25.63,29.21,0.48,3.9751505112093524,2021-01-06
25.21,29.77,0.41,4.030619026248307,2021-01-07
25.31,28.71,0.84,3.7518851741677035,2021-01-08
24.85,30.37,0.26,4.225061591539232,2021-01-09
24.67,30.55,0.16,4.143166051712134,2021-01-10
24.8,30.67,0.02,4.187740691914124,2021-01-11
24.46,31.08,0.03,4.233314457343949,2021-01-12
24.58,30.94,0.04,4.1056901476651735,2021-01-13
24.47,30.48,0.02,4.2513450238038395,2021-01-14
24.7,30.81,0.02,4.268636670912389,2021-01-15
24.89,29.55,0.11,3.6856176444510567,2021-01-16
24.92,29.65,0.06,3.809065627227316,2021-01-17
24.74,30.38,0.09,3.789422582386773,2021-01-18
24.62,31.26,0.13,4.165475444988709,2021-01-19
24.72,31.13,0.03,4.36017518724375,2021-01-20
24.01,30.06,0.0,3.9233598736955426,2021-01-21
23.85,30.04,0.0,4.040352361506647,2021-01-22
23.28,27.67,0.0,2.9857104545974313,2021-01-23
22.67,29.94,0.0,3.5435188849583446,2021-01-24
24.15,30.09,0.0,3.7770431926028327,2021-01-25
24.16,29.94,2.02,3.877904076728903,2021-01-26
24.88,29.82,3.56,4.00864961333911,2021-01-27
25.23,29.48,7.34,3.84235814785179,2021-01-28
25.3,31.31,10.33,3.8752149647573852,2021-01-29
25.15,30.95,3.82,3.975032263975172,2021-01-30
25.59,29.16,1.5,3.3193840155883856,2021-01-31
25.48,30.57,0.95,3.8449162088561346,2021-02-01
25.53,30.36,1.19,3.5510098909781065,2021-02-02
25.06,31.09,1.37,3.9245185497980843,2021-02-03
25.46,29.45,1.05,3.8583954793000084,2021-02-04
25.61,29.76,0.68,3.811635082568661,2021-02-05
25.69,31.64,0.3,4.266701858978705,2021-02-06
25.7,31.12,0.39,4.3748501947169816,2021-02-07
26.02,31.47,0.56,4.047195176399557,2021-02-08
25.81,32.17,0.33,4.552332486440834,2021-02-09
26.33,32.03,0.43,4.589049580790553,2021-02-10
26.12,31.08,1.07,4.420270148378803,2021-02-11
26.5,30.48,1.26,3.860562215844641,2021-02-12
25.78,31.6,0.52,4.2862792343067975,2021-02-13
25.57,31.43,0.95,4.241184586766362,2021-02-14
25.78,30.97,1.8,4.3777430890602975,2021-02-15
26.0,30.32,1.48,3.870714970196242,2021-02-16
25.89,29.73,1.88,4.470801870448623,2021-02-17
24.94,29.65,0.37,3.7622937391056803,2021-02-18
23.87,29.37,0.12,4.062061569640013,2021-02-19
22.77,29.91,0.01,4.0018181570647355,2021-02-20
24.01,28.98,0.01,3.7053179930487663,2021-02-21
25.13,29.89,0.05,3.4202499137202595,2021-02-22
25.45,30.18,0.17,3.9774350741226288,2021-02-23
25.29,31.04,0.31,3.9861171222854432,2021-02-24
25.91,30.65,0.16,3.567791503464835,2021-02-25
26.18,31.08,0.12,4.497472243882943,2021-02-26
25.9,29.21,0.17,3.8485112551244516,2021-02-27
25.45,30.56,0.11,4.322667903690645,2021-02-28
25.44,31.04,0.09,4.387431049457854,2021-03-01
25.67,30.87,0.3,4.256039470020048,2021-03-02
25.7,31.16,0.35,4.2964109105262125,2021-03-03
26.06,31.25,0.42,4.475323166604783,2021-03-04
25.89,30.53,0.44,4.368138127432698,2021-03-05
26.47,30.21,0.5,3.989981855618111,2021-03-06
26.59,30.55,1.48,4.2815999816117145,2021-03-07
26.74,30.07,3.73,4.465036429284764,2021-03-08
26.28,28.77,2.93,4.021820162687363,2021-03-09
25.35,29.92,1.59,4.473715285946707,2021-03-10
25.63,31.05,0.99,4.392637597888667,2021-03-11
25.63,29.27,1.87,4.479569077454282,2021-03-12
25.62,30.18,5.88,4.0488060121800995,2021-03-13
25.28,27.98,11.03,1.8466395037222194,2021-03-14
24.85,28.57,0.85,4.01700828076902,2021-03-15
25.6,29.41,0.81,3.9678066552854654,2021-03-16
25.74,28.71,8.52,2.4281296903892122,2021-03-17
25.18,28.58,0.23,2.7277249403202175,2021-03-18
24.91,29.06,0.3,3.813576507183428,2021-03-19
25.16,29.24,1.69,4.1912615641183315,2021-03-20
25.27,28.96,1.19,3.609816510329345,2021-03-21
25.84,28.73,38.6,3.6860840565985633,2021-03-22
25.57,27.99,11.54,2.983769362054167,2021-03-23
25.4,28.17,9.0,2.891777170355091,2021-03-24
24.97,29.27,0.91,3.692075874112636,2021-03-25
25.12,30.27,0.72,4.819181367513075,2021-03-26
25.85,30.0,1.09,4.331344200912895,2021-03-27
25.48,30.9,0.56,3.946361483885181,2021-03-28
25.83,30.51,0.3,3.8248644952161173,2021-03-29
25.69,30.7,0.43,3.178274534549889,2021-03-30
26.73,28.72,0.63,3.2885281758113276,2021-03-31
26.05,30.46,0.75,3.5886672120916625,2021-04-01
25.71,30.85,0.6,3.9606343396388324,2021-04-02
26.03,29.52,0.78,3.5039558947357716,2021-04-03
25.9,31.25,0.45,4.648291221338175,2021-04-04
26.26,30.48,0.97,4.415703130805345,2021-04-05
26.25,29.71,3.48,4.413090780481189,2021-04-06
26.28,29.49,2.96,4.445504749263204,2021-04-07
26.27,30.65,1.78,3.975012599359039,2021-04-08
26.43,29.15,3.98,3.721389699376821,2021-04-09
25.71,30.41,2.34,4.796139967840989,2021-04-10
26.13,29.27,6.72,4.448069723683096,2021-04-11
26.0,29.6,2.35,4.392774670245321,2021-04-12
25.51,29.69,3.78,4.686549858218085,2021-04-13
26.19,29.49,1.9,4.5533221534894865,2021-04-14
26.27,29.29,2.38,4.692731854259648,2021-04-15
26.2,29.05,16.7,4.550130275574766,2021-04-16
25.93,29.48,16.17,3.8051539138161523,2021-04-17
25.52,28.56,14.31,2.018259547903844,2021-04-18
24.33,29.63,0.77,4.552905830523906,2021-04-19
25.95,29.87,8.67,4.3754284789054605,2021-04-20
26.32,29.85,5.74,4.541247310260021,2021-04-21
26.04,30.16,0.99,3.37856145199599,2021-04-22
26.15,29.24,4.39,4.393266395055104,2021-04-23
26.43,29.1,4.59,4.020726555226902,2021-04-24
25.97,29.29,3.63,3.928393056888477,2021-04-25
26.23,29.43,1.34,4.392510579822605,2021-04-26
26.29,29.85,1.14,3.694583134256525,2021-04-27
26.15,29.51,0.95,3.1337455401908136,2021-04-28
25.21,30.38,0.18,4.051497459182905,2021-04-29
26.08,30.41,0.26,4.825709532000956,2021-04-30
26.28,30.09,0.88,4.872928027474371,2021-05-01
26.52,29.47,1.46,4.263174953503724,2021-05-02
26.0,29.29,4.63,3.9325187426251422,2021-05-03
25.31,28.98,2.11,3.610286355022457,2021-05-04
25.49,29.77,2.41,4.351924536844144,2021-05-05
26.16,28.65,9.42,2.967900231016483,2021-05-06
25.46,28.87,3.44,4.02720283066184,2021-05-07
24.51,27.78,1.26,2.974870121301149,2021-05-08
24.3,28.87,2.11,3.4517511015958475,2021-05-09
25.03,29.83,0.6,4.702964667251727,2021-05-10
25.12,29.79,0.57,4.7026620690111915,2021-05-11
25.46,30.03,2.23,4.312685745748836,2021-05-12
25.37,29.56,2.13,4.158551356360776,2021-05-13
25.78,29.01,2.92,4.295034596808367,2021-05-14
25.65,29.82,3.67,4.335295537934967,2021-05-15
25.75,29.24,0.75,4.406523952729895,2021-05-16
25.64,29.56,0.85,3.796114505669676,2021-05-17
26.16,28.78,1.88,2.91800941048467,2021-05-18
25.61,30.01,0.29,4.736958649411701,2021-05-19
25.99,29.4,0.72,3.7375566474839683,2021-05-20
25.79,28.34,3.96,4.052324248117041,2021-05-21
25.51,28.85,2.0,2.0728737241958974,2021-05-22
25.07,30.37,0.69,4.857683374977118,2021-05-23
25.5,30.41,1.8,4.7842059929606435,2021-05-24
26.39,28.84,8.12,4.180788638782591,2021-05-25
26.11,28.95,1.58,3.8905645264731805,2021-05-26
26.22,29.28,3.27,4.042590132517095,2021-05-27
25.96,28.99,2.79,3.9891547193893335,2021-05-28
25.97,30.02,3.03,3.760110803439397,2021-05-29
26.19,29.63,4.02,3.3262974090860995,2021-05-30
26.08,28.95,9.31,3.804655753872071,2021-05-31
25.49,29.78,8.95,2.8831946478235286,2021-06-01
25.28,29.88,5.19,3.9958552550218376,2021-06-02
25.51,30.21,6.15,4.404410536847096,2021-06-03
25.51,29.54,7.12,2.3768344014778355,2021-06-04
25.22,28.02,9.72,2.8786836211427627,2021-06-05
24.83,29.4,6.61,4.233008282224148,2021-06-06
24.84,29.17,4.51,4.186516142435411,2021-06-07
24.95,29.99,4.02,3.351557247712461,2021-06-08
25.3,28.07,6.85,3.635816683491557,2021-06-09
24.78,30.24,1.33,3.3455022312981555,2021-06-10
25.4,28.72,1.4,2.9735731148074898,2021-06-11
25.32,28.6,1.32,4.140587872775523,2021-06-12
24.67,29.78,0.24,3.91324167512983,2021-06-13
25.88,29.51,1.28,3.5123186273960654,2021-06-14
25.84,29.3,4.03,3.9098321919165087,2021-06-15
25.6,28.18,5.93,3.3119437278032127,2021-06-16
24.96,28.46,3.46,4.388265962526672,2021-06-17
25.5,28.24,4.36,3.380922077636916,2021-06-18
25.31,29.06,6.08,3.743228174514274,2021-06-19
25.41,27.52,16.59,1.4085747371685737,2021-06-20
24.79,27.54,6.95,3.153870390494364,2021-06-21
24.32,28.3,8.8,3.648168997650368,2021-06-22
24.49,26.8,5.73,2.6698367897236173,2021-06-23
24.1,28.25,4.22,3.5452223540571386,2021-06-24
24.24,27.89,6.41,4.068093335526181,2021-06-25
24.07,26.8,5.09,1.4705391259331595,2021-06-26
23.93,28.79,3.15,3.466124795267604,2021-06-27
24.52,26.86,4.22,4.0217131266395185,2021-06-28
23.93,27.53,9.01,3.3727612414097012,2021-06-29
24.3,28.18,7.72,3.7249753348867114,2021-06-30
24.5,27.4,4.05,4.097678332825281,2021-07-01
24.81,27.56,9.89,2.5116386587962904,2021-07-02
23.79,27.22,22.65,2.349204561535255,2021-07-03
23.39,27.58,3.66,3.3689947131597178,2021-07-04
23.68,28.32,4.68,4.383296989957399,2021-07-05
24.23,27.13,2.17,3.5162072748548066,2021-07-06
23.91,27.67,2.58,3.2929277744868544,2021-07-07
24.2,28.12,4.04,2.9003798444212894,2021-07-08
24.42,27.26,5.98,2.2335341611390316,2021-07-09
23.74,28.13,0.95,4.145464220497393,2021-07-10
22.94,28.22,0.32,3.739936566119848,2021-07-11
23.72,28.08,0.68,3.4629221701827992,2021-07-12
23.74,28.42,0.85,3.74474688313045,2021-07-13
24.13,28.62,1.09,3.731006055451894,2021-07-14
23.96,28.39,9.95,3.464018689103855,2021-07-15
24.32,27.24,35.44,2.1074551540587794,2021-07-16
24.15,27.66,34.65,3.418103986516479,2021-07-17
23.49,28.11,1.06,3.429964660302338,2021-07-18
23.96,27.6,5.78,2.7968806283190086,2021-07-19
23.88,28.17,0.51,3.3804217835000934,2021-07-20
23.66,28.45,0.2,4.251572213834274,2021-07-21
23.49,28.35,0.29,3.853017940272533,2021-07-22
23.63,26.72,0.24,3.6529996418243362,2021-07-23
23.11,28.0,0.3,4.132883270317252,2021-07-24
23.04,28.06,0.35,4.202406072851077,2021-07-25
22.75,27.52,0.43,3.376465064361419,2021-07-26
23.38,27.61,0.2,3.1877134012534123,2021-07-27
23.44,27.85,1.71,3.768678111231363,2021-07-28
22.83,27.52,0.96,4.0397633723428505,2021-07-29
23.48,27.98,1.43,3.70528136750027,2021-07-30
24.04,28.36,1.95,4.2034827882986034,2021-07-31
23.5,28.0,0.54,3.8047219885497654,2021-08-01
23.78,27.1,1.34,2.673876765046352,2021-08-02
24.12,28.56,5.26,3.5894623585253127,2021-08-03
24.29,27.69,4.25,3.2605299013739724,2021-08-04
24.0,26.31,3.62,2.5502274251097417,2021-08-05
23.61,28.12,1.4,3.495665033607694,2021-08-06
23.71,27.94,7.03,3.5377945985480044,2021-08-07
24.04,25.88,13.62,2.394029491396969,2021-08-08
23.81,27.75,3.95,3.708984772566981,2021-08-09
23.38,28.01,1.45,3.372000925888155,2021-08-10
23.78,27.86,2.91,3.3927286107220653,2021-08-11
23.63,27.76,2.29,3.4049961706038654,2021-08-12
23.79,28.02,1.85,3.332890495726239,2021-08-13
23.74,28.12,3.82,3.6571020992716172,2021-08-14
23.75,27.87,2.09,3.8344005661005136,2021-08-15
23.09,28.49,0.89,4.024466029038122,2021-08-16
23.99,28.22,2.08,3.0227296789858746,2021-08-17
23.7,27.44,8.19,3.469275495895706,2021-08-18
23.44,28.5,3.86,3.5814572416516217,2021-08-19
23.94,27.07,15.9,2.901415539016585,2021-08-20
23.95,26.41,18.18,2.147010642332892,2021-08-21
23.59,27.23,3.68,2.948305775983975,2021-08-22
23.63,28.34,6.51,3.8302910086465207,2021-08-23
24.3,28.72,8.74,2.977769165142054,2021-08-24
24.65,28.22,2.99,3.640812465201701,2021-08-25
24.47,27.92,2.48,3.797077707490783,2021-08-26
24.39,27.52,6.97,3.6954042178619155,2021-08-27
24.2,28.47,6.63,3.7756861504058614,2021-08-28
24.64,27.68,10.2,2.887057895071718,2021-08-29
24.55,26.85,22.16,3.036597816651652,2021-08-30
24.25,29.03,4.68,2.9806555702782167,2021-08-31
24.39,28.31,7.81,3.6904332109500357,2021-09-01
24.57,28.12,9.64,2.7302031480732145,2021-09-02
24.07,27.51,6.45,1.7004088606557866,2021-09-03
23.56,28.34,12.16,3.319128282419747,2021-09-04
24.02,27.46,5.35,3.811641968885943,2021-09-05
24.08,27.81,1.63,2.8063927269678244,2021-09-06
23.97,28.28,2.31,3.851259956256896,2021-09-07
24.18,27.89,2.84,3.831076164144485,2021-09-08
24.26,28.17,4.31,3.774951081875619,2021-09-09
24.36,27.73,12.01,3.0971819125163207,2021-09-10
24.29,27.77,2.99,2.9543688257544565,2021-09-11
24.15,28.85,2.19,3.898842941915654,2021-09-12
24.41,26.66,17.14,1.5529879339030281,2021-09-13
23.96,27.9,10.16,3.4219272183793996,2021-09-14
23.59,27.16,3.11,2.1548621161953374,2021-09-15
23.62,29.14,3.45,3.991353935862517,2021-09-16
24.57,27.52,4.17,2.766302750267133,2021-09-17
24.15,27.74,4.9,3.7223028910502074,2021-09-18
24.17,28.15,5.66,3.5129880641579416,2021-09-19
24.45,27.27,5.12,2.622193180087296,2021-09-20
24.29,27.95,10.95,2.954828616573535,2021-09-21
24.51,26.46,11.46,1.7201681754945832,2021-09-22
23.44,29.43,2.6,4.073537888006659,2021-09-23
24.76,27.94,17.53,3.385156052160037,2021-09-24
24.19,26.99,21.17,3.480669262013079,2021-09-25
23.3,28.47,14.65,4.3224600708334,2021-09-26
23.79,29.26,5.55,3.191836290778324,2021-09-27
24.15,29.01,2.15,4.041047620866006,2021-09-28
24.11,28.72,3.17,3.923375190346931,2021-09-29
24.76,26.73,16.06,2.725128032659171,2021-09-30
24.39,27.72,8.05,2.203878878707519,2021-10-01
24.29,28.04,3.37,3.9877816342825745,2021-10-02
24.78,27.99,3.89,3.7307967272750036,2021-10-03
24.81,29.23,2.7,3.836350035179845,2021-10-04
25.0,29.54,4.22,3.8982503351914066,2021-10-05
25.03,27.87,11.1,2.1100215745943713,2021-10-06
24.34,29.14,1.06,3.9572065043973543,2021-10-07
24.46,29.8,2.49,3.8874279385690858,2021-10-08
25.45,28.16,6.23,2.897931746881978,2021-10-09
25.23,28.08,6.63,3.5258827115713145,2021-10-10
24.81,29.71,3.12,4.327091582750242,2021-10-11
25.25,28.08,8.61,3.6104420171189093,2021-10-12
25.3,28.88,3.23,4.351249260144834,2021-10-13
25.28,28.64,4.19,4.398011578392802,2021-10-14
25.05,29.07,1.46,4.462381820259617,2021-10-15
25.01,29.5,4.36,3.880385688586262,2021-10-16
25.2,28.35,8.92,3.9175235016315564,2021-10-17
24.86,26.99,10.06,1.826871647684367,2021-10-18
24.55,28.94,7.52,4.0871282940087,2021-10-19
24.8,28.21,5.27,3.33454811704939,2021-10-20
25.12,28.62,7.41,2.6134066087368346,2021-10-21
24.95,28.05,10.11,3.6121637522968895,2021-10-22
24.72,26.87,7.7,3.597737768978417,2021-10-23
24.31,28.95,1.43,3.792242608737627,2021-10-24
24.82,29.65,3.2,4.1231308251501435,2021-10-25
25.47,27.44,3.23,3.193137764807294,2021-10-26
24.27,28.78,3.63,3.735224648473287,2021-10-27
24.75,28.34,7.43,3.8189129173509326,2021-10-28
24.94,29.43,1.94,3.99914434697598,2021-10-29
25.09,28.31,5.84,3.768706065558798,2021-10-30
25.15,28.08,3.24,3.677997908409648,2021-10-31
24.97,29.25,5.45,4.068551982535752,2021-11-01
25.19,27.93,8.55,2.7465929832014915,2021-11-02
24.87,28.94,2.24,4.257827560247253,2021-11-03
24.94,28.49,6.0,3.8538512969495256,2021-11-04
25.15,28.32,4.31,1.9558574106926954,2021-11-05
24.7,28.5,1.9,3.6453926576882005,2021-11-06
24.89,28.65,20.36,3.7036220021868065,2021-11-07
25.02,29.12,8.2,3.9734915075534096,2021-11-08
25.25,28.52,19.77,3.489435425878389,2021-11-09
25.12,28.71,17.63,3.6202388311655995,2021-11-10
25.13,28.23,13.31,3.6385008591328716,2021-11-11
25.45,29.14,2.37,4.089574610653869,2021-11-12
25.48,29.26,2.33,3.9324011648447574,2021-11-13
25.28,29.46,2.2,3.8741279436770926,2021-11-14
25.74,29.03,5.41,4.108029941895561,2021-11-15
25.72,28.66,2.46,3.2698822219759975,2021-11-16
25.43,28.35,1.32,3.809104718146883,2021-11-17
25.74,29.3,1.42,3.8053827293702844,2021-11-18
25.28,29.58,1.38,3.6018289155611747,2021-11-19
25.81,30.24,0.52,3.990996608907219,2021-11-20
25.38,29.62,0.5,4.116170143462579,2021-11-21
25.68,28.93,2.34,3.731794691866035,2021-11-22
25.44,29.22,0.89,3.9702099671919346,2021-11-23
25.65,30.12,0.49,4.24035047659894,2021-11-24
25.67,29.74,1.29,4.185103499699307,2021-11-25
25.49,29.27,2.63,4.067706807905219,2021-11-26
25.61,28.53,1.14,3.577286130722017,2021-11-27
25.71,28.51,0.48,4.017709388468121,2021-11-28
25.71,28.87,1.17,3.001503008127125,2021-11-29
25.18,30.2,0.33,4.19610303058943,2021-11-30
25.28,29.42,0.43,3.8300636824374346,2021-12-01
25.48,29.67,0.02,4.0202089438973765,2021-12-02
25.43,29.42,0.02,3.8374360803124854,2021-12-03
25.73,30.52,0.02,3.7428809728104833,2021-12-04
25.73,28.91,0.02,3.43767817811498,2021-12-05
25.59,30.6,0.03,3.569491819559749,2021-12-06
25.86,30.24,0.01,3.2440505068045304,2021-12-07
25.87,30.53,0.02,3.43993684376375,2021-12-08
25.96,30.5,0.0,3.8294518472542167,2021-12-09
23.51,31.04,0.0,3.7661966647039846,2021-12-10
25.07,31.37,0.0,3.6854452813982745,2021-12-11
25.55,30.57,0.38,3.497896481133626,2021-12-12
25.65,30.0,0.61,3.4780567058924974,2021-12-13
25.35,30.77,0.47,3.792021049997615,2021-12-14
25.46,31.0,0.28,3.477328090785914,2021-12-15
24.89,30.23,0.41,3.6934776968824354,2021-12-16
23.68,30.45,0.96,3.4443306788919066,2021-12-17
22.68,29.76,0.05,4.13801392586085,2021-12-18
21.12,29.66,0.0,4.292258894556023,2021-12-19
20.38,29.7,0.0,4.288672205770654,2021-12-20
21.33,30.24,0.0,4.39074069891352,2021-12-21
23.06,30.45,0.0,4.178143892941883,2021-12-22
23.1,28.95,0.0,3.8890614181085845,2021-12-23
22.67,29.91,0.0,3.5957802249453894,2021-12-24
24.94,29.72,0.0,3.713165485951484,2021-12-25
25.37,31.24,0.0,4.109232415286306,2021-12-26
25.38,29.57,0.09,3.772091197276029,2021-12-27
25.43,29.19,0.2,3.784802397995971,2021-12-28
25.43,29.25,0.04,3.1798635363040475,2021-12-29
24.25,29.18,0.01,3.889871401610187,2021-12-30
22.32,29.78,0.09,3.439500770579372,2021-12-31
24.9,30.07,5.63,3.6426969237117297,2022-01-01
25.27,29.81,12.66,3.9979616805941034,2022-01-02
22.44,27.73,8.27,3.9309667024142185,2022-01-03
22.29,29.55,0.1,3.4012519809927864,2022-01-04
23.21,29.73,0.01,3.6253497357033146,2022-01-05
22.19,30.75,0.0,3.861374219782166,2022-01-06
24.36,30.82,0.03,3.937176655093978,2022-01-07
25.29,30.31,0.13,3.5445297436047367,2022-01-08
25.72,30.52,0.16,4.1514390888259385,2022-01-09
23.52,30.45,0.05,4.124005456185123,2022-01-10
24.92,29.7,0.0,3.853676981802204,2022-01-11
25.33,29.47,0.0,3.477747369675479,2022-01-12
25.86,29.17,0.0,3.1557374500600237,2022-01-13
25.22,29.08,0.0,3.7078736830430987,2022-01-14
24.84,30.21,0.0,3.6814768058924376,2022-01-15
24.73,28.34,0.07,3.6110684006298386,2022-01-16
24.14,30.35,0.03,4.305184596466137,2022-01-17
24.1,30.51,0.05,4.000110437156001,2022-01-18
23.04,29.24,0.03,4.443796466046301,2022-01-19
21.09,29.39,0.0,4.885982688974507,2022-01-20
20.17,29.11,0.0,4.557460162928767,2022-01-21
20.59,29.21,0.0,4.3462959592324495,2022-01-22
20.62,30.06,0.02,4.19315325975289,2022-01-23
22.41,30.36,0.08,4.396585903532035,2022-01-24
19.92,29.77,0.05,4.850668206879187,2022-01-25
18.43,29.26,0.0,4.595124407521472,2022-01-26
24.18,29.44,0.01,3.9613639603097837,2022-01-27
23.63,30.69,0.02,4.018627410280445,2022-01-28
22.03,30.71,0.03,3.8738015258821807,2022-01-29
18.87,29.56,0.0,4.274602229877925,2022-01-30
18.47,28.73,0.0,4.729427012933683,2022-01-31
20.77,30.0,0.0,4.469055117659925,2022-02-01
21.95,30.13,0.0,4.273035090570085,2022-02-02
24.0,30.47,0.0,3.905442361446123,2022-02-03
24.84,30.41,0.0,3.688323725918318,2022-02-04
24.91,30.37,0.0,3.9324571615665818,2022-02-05
24.4,30.59,0.0,4.29987426051217,2022-02-06
24.72,30.15,0.0,4.017123622993752,2022-02-07
24.07,30.95,0.0,3.990093094715925,2022-02-08
24.34,31.34,0.0,4.0958663818104775,2022-02-09
24.87,31.57,1.66,4.4303560325142355,2022-02-10
25.2,31.02,1.71,4.310046865766419,2022-02-11
25.16,30.64,2.02,3.9747889953057243,2022-02-12
24.96,31.72,1.2,4.4737554981114664,2022-02-13
25.38,31.1,3.76,4.452655273200798,2022-02-14
25.45,31.15,0.11,4.583563589848317,2022-02-15
25.42,31.48,0.14,4.615850069666894,2022-02-16
25.54,31.22,0.26,4.50560332819295,2022-02-17
25.27,31.76,0.22,4.557951289231551,2022-02-18
25.69,30.91,0.49,4.303464506512857,2022-02-19
25.41,31.13,0.31,4.2359701144370945,2022-02-20
25.74,30.27,0.25,4.046815230929895,2022-02-21
25.58,31.67,0.1,4.31725224185121,2022-02-22
26.04,30.25,0.08,3.9662763340631164,2022-02-23
25.52,31.18,0.12,4.251230319945731,2022-02-24
25.8,31.19,1.51,4.347549931397775,2022-02-25
25.69,31.11,2.29,4.418002171267611,2022-02-26
25.67,30.99,2.27,4.093606269822412,2022-02-27
25.42,30.35,3.92,4.406918649661299,2022-02-28
25.52,30.77,2.44,4.63081838735585,2022-03-01
26.17,29.77,5.31,4.2661053119640755,2022-03-02
25.82,29.78,1.41,4.6278912200794,2022-03-03
26.18,29.35,15.54,3.8022872771569483,2022-03-04
25.19,29.98,1.28,4.795163281216735,2022-03-05
25.69,29.82,2.18,3.0061782064168696,2022-03-06
25.71,30.45,0.6,4.704833856315119,2022-03-07
25.94,30.79,0.69,4.400624925446134,2022-03-08
25.89,31.46,1.78,4.50601762434083,2022-03-09
26.47,30.02,4.72,3.4627024222239227,2022-03-10
26.19,30.87,0.36,4.712587761410293,2022-03-11
26.19,29.36,3.38,3.0008002549090027,2022-03-12
25.96,30.15,4.46,4.129274767308601,2022-03-13
26.12,30.48,3.61,3.3433117990663774,2022-03-14
26.54,29.82,2.48,3.3214903921807886,2022-03-15
26.7,30.45,0.72,3.9592796619110415,2022-03-16
26.08,29.64,0.46,3.523794135479063,2022-03-17
25.85,31.07,0.28,4.002016325494905,2022-03-18
26.05,30.51,0.42,3.7294327552192823,2022-03-19
26.31,29.85,0.99,4.018144471812539,2022-03-20
26.21,29.77,0.86,4.3136289172571045,2022-03-21
26.6,29.07,3.7,3.4121933344177746,2022-03-22
26.25,30.41,1.67,4.215085679701782,2022-03-23
26.49,29.84,2.77,3.1496051839847667,2022-03-24
26.31,30.14,1.96,4.240999829965644,2022-03-25
26.09,30.52,1.03,3.505853442792451,2022-03-26
26.16,30.77,0.57,4.2301487271899525,2022-03-27
25.91,31.74,0.47,4.303861236299923,2022-03-28
26.44,30.2,1.08,4.4634384154436,2022-03-29
26.22,30.04,2.22,3.9714500255564333,2022-03-30
26.32,30.13,2.14,4.005317884342974,2022-03-31
26.1,29.66,5.23,3.3088956975686528,2022-04-01
25.42,29.36,4.36,3.8215527426668263,2022-04-02
26.01,30.17,2.45,4.357227805469645,2022-04-03
26.4,29.33,2.02,3.950205894683012,2022-04-04
26.45,29.63,3.08,4.454485768211407,2022-04-05
26.18,29.4,4.84,2.5734815534616993,2022-04-06
25.51,30.1,3.81,4.161892944866841,2022-04-07
26.26,29.61,4.49,3.3937787597480127,2022-04-08
25.87,28.73,3.34,2.475695191576973,2022-04-09
25.4,30.54,0.63,4.849136310917233,2022-04-10
25.47,30.17,2.9,4.756561396169449,2022-04-11
25.67,28.82,6.66,3.6742404421059147,2022-04-12
25.28,28.45,3.65,3.204392312354871,2022-04-13
25.13,29.51,3.11,4.037880607401567,2022-04-14
25.52,27.94,5.58,3.876123970483667,2022-04-15
24.84,29.11,10.71,3.058006728623268,2022-04-16
25.76,28.96,10.53,4.684061370470808,2022-04-17
25.49,28.97,9.6,2.6100737373525655,2022-04-18
25.26,29.67,2.09,4.343232527816832,2022-04-19
25.86,28.59,17.36,4.695536152456852,2022-04-20
25.72,29.28,10.73,2.605256466869171,2022-04-21
24.92,30.19,1.24,4.567019704759293,2022-04-22
25.91,28.47,7.4,4.039230607136904,2022-04-23
25.78,28.5,6.96,1.8372480910298858,2022-04-24
25.29,29.43,5.93,3.9690766080167856,2022-04-25
25.81,28.71,9.37,3.9196634492884375,2022-04-26
25.41,28.33,11.88,3.3762524630771313,2022-04-27
24.97,28.73,2.24,3.276707802145029,2022-04-28
25.32,28.74,6.62,4.622003279100961,2022-04-29
25.11,29.18,6.58,4.575852192779256,2022-04-30
25.29,29.59,11.5,4.014055779877726,2022-05-01
25.72,28.69,5.1,3.8174615218312486,2022-05-02
25.54,29.34,6.77,4.328079672465553,2022-05-03
25.65,29.36,5.59,3.1616255288363893,2022-05-04
25.58,28.69,9.59,3.8501757734366273,2022-05-05
25.47,28.86,1.63,1.7103763583742464,2022-05-06
25.34,29.09,1.66,4.089263210635706,2022-05-07
25.42,29.5,2.0,4.494714554743594,2022-05-08
26.04,28.77,9.51,4.120348311849638,2022-05-09
25.85,30.86,1.28,3.776599314240796,2022-05-10
25.72,30.44,2.81,4.369192980028976,2022-05-11
25.87,28.37,1.21,3.56544262606403,2022-05-12
25.3,30.13,1.28,4.578156680482318,2022-05-13
26.24,29.82,2.93,3.967919854909594,2022-05-14
25.72,29.94,1.56,4.427280673088235,2022-05-15
26.11,29.49,1.28,3.893232680138191,2022-05-16
26.13,29.01,1.9,2.6935424424963905,2022-05-17
25.61,29.65,0.43,4.310130618281048,2022-05-18
25.63,29.41,2.09,3.2589763099177076,2022-05-19
25.6,30.32,1.75,3.950322391047603,2022-05-20
25.7,29.23,20.21,3.12755455048581,2022-05-21
25.32,28.56,13.16,3.2047296986432534,2022-05-22
24.65,28.18,4.64,3.676758997651304,2022-05-23
24.88,28.55,7.62,3.4064531057317446,2022-05-24
25.22,29.16,7.22,3.398438469125641,2022-05-25
25.13,27.98,3.14,3.5168197579966365,2022-05-26
24.92,28.43,1.47,4.29507845973571,2022-05-27
24.97,28.58,0.96,3.6800167708952465,2022-05-28
25.28,29.0,0.9,4.370982668969545,2022-05-29
25.6,29.65,2.27,4.387573472337507,2022-05-30
25.35,27.61,6.36,2.577709369644658,2022-05-31
25.1,28.82,3.35,3.4822416027428007,2022-06-01
25.14,29.7,2.51,4.7430596696830385,2022-06-02
25.52,28.62,5.36,1.6128586362660253,2022-06-03
25.33,28.82,5.27,3.7117654299538048,2022-06-04
24.76,29.32,5.13,2.735767126211058,2022-06-05
25.31,28.54,10.87,3.2912128976899107,2022-06-06
24.3,29.58,4.13,4.32830914195174,2022-06-07
25.21,27.89,9.46,3.8932733010676026,2022-06-08
25.01,28.33,18.25,3.9359839257750697,2022-06-09
25.57,28.09,7.63,2.363264088156691,2022-06-10
24.74,26.98,19.53,1.8125086514283155,2022-06-11
24.47,28.68,0.14,3.7844693607945192,2022-06-12
24.4,28.95,1.84,4.135200978242831,2022-06-13
25.48,28.88,6.01,3.5846228696626237,2022-06-14
24.99,27.2,17.05,1.27274716936692,2022-06-15
24.3,26.52,25.58,2.0479628598652364,2022-06-16
23.98,26.41,23.14,3.0856851159075287,2022-06-17
24.15,27.85,7.25,2.9711855425543314,2022-06-18
24.31,27.41,8.39,3.146609862591797,2022-06-19
24.23,27.41,3.57,3.8244811164582995,2022-06-20
24.22,27.39,16.15,3.09969143448521,2022-06-21
23.5,27.52,11.33,3.8492774290102596,2022-06-22
23.66,27.55,0.37,3.779091893883141,2022-06-23
24.09,27.58,6.73,2.2921364894421767,2022-06-24
24.24,27.23,16.79,3.050108997458629,2022-06-25
23.96,27.87,8.35,1.8963868419871042,2022-06-26
24.49,27.34,10.96,3.1904757867735287,2022-06-27
24.5,26.98,8.97,3.4470082647307,2022-06-28
24.19,27.09,15.0,2.6601257939025396,2022-06-29
23.96,27.81,6.44,2.3934348734840887,2022-06-30
23.6,27.28,4.81,3.432292114450023,2022-07-01
23.98,28.33,2.0,3.68363439837767,2022-07-02
23.43,28.43,1.24,3.8902294878182326,2022-07-03
23.95,27.81,10.49,3.522363332479778,2022-07-04
24.27,26.91,9.9,2.757129040600558,2022-07-05
24.02,27.74,3.42,3.5209492729367864,2022-07-06
24.02,28.63,2.32,3.9222873166193444,2022-07-07
24.6,27.25,11.62,2.4719261560584607,2022-07-08
24.29,27.11,14.15,1.9570181663695312,2022-07-09
23.98,27.74,2.2,3.2908125785346405,2022-07-10
23.99,27.59,2.91,3.1677970070460937,2022-07-11
23.85,28.03,2.12,2.2986571450997797,2022-07-12
23.6,27.89,2.11,3.0637180710032705,2022-07-13
23.9,27.46,2.75,3.1669199898874867,2022-07-14
23.8,28.18,1.8,3.357979958933716,2022-07-15
23.79,27.91,2.87,3.1770648142936704,2022-07-16
23.78,27.88,2.44,3.9231012206691553,2022-07-17
23.24,27.88,1.05,4.31970746318691,2022-07-18
22.92,27.45,0.46,4.243081717161385,2022-07-19
22.51,27.29,2.58,4.285140174232928,2022-07-20
22.69,27.74,0.72,4.116041235821319,2022-07-21
23.09,26.65,4.4,3.0253691112723566,2022-07-22
23.57,27.59,4.48,3.377785630736633,2022-07-23
23.55,28.02,8.6,3.416276693716208,2022-07-24
23.59,27.44,0.62,3.0826801003386515,2022-07-25
23.72,26.08,11.26,2.236627439925287,2022-07-26
23.62,27.45,5.69,2.561976351350884,2022-07-27
23.64,25.72,13.24,2.305346200801299,2022-07-28
23.34,27.15,1.38,3.2788836990350596,2022-07-29
23.29,26.21,0.59,3.350145363083975,2022-07-30
23.42,26.28,1.44,2.771696761308803,2022-07-31
22.75,25.67,2.67,2.3326222677637745,2022-08-01
22.02,25.88,0.44,2.7511371897679178,2022-08-02
21.93,27.2,0.46,3.764690492608222,2022-08-03
22.03,26.9,0.08,3.559090801700218,2022-08-04
21.86,27.43,0.05,3.9677919301097515,2022-08-05
21.75,27.79,0.02,4.570988792608261,2022-08-06
21.86,27.79,0.01,4.077924683406326,2022-08-07
23.16,27.03,0.06,3.0577467154064952,2022-08-08
22.98,27.02,0.39,3.0446783311999535,2022-08-09
22.58,27.17,0.51,3.522965067111789,2022-08-10
22.69,26.5,0.25,3.6461622853787485,2022-08-11
23.37,26.32,0.84,2.4158446575617356,2022-08-12
23.4,26.76,4.78,3.1003760692216042,2022-08-13
23.41,25.98,17.95,2.3886163483630223,2022-08-14
22.71,25.67,4.38,2.415132304840275,2022-08-15
22.51,27.27,0.81,3.2381709365258002,2022-08-16
22.3,27.88,0.41,3.760070358204438,2022-08-17
22.46,28.41,0.19,3.918817755955766,2022-08-18
23.37,26.49,6.22,2.6545179968521153,2022-08-19
22.64,27.48,1.64,3.4815512518682694,2022-08-20
22.17,28.12,0.2,4.1254853461567205,2022-08-21
23.15,27.33,7.37,2.909401851042379,2022-08-22
23.37,25.84,27.64,2.331095603861071,2022-08-23
22.87,27.32,1.09,3.242938222910628,2022-08-24
22.31,27.96,0.5,3.5559457129327257,2022-08-25
23.5,27.09,8.59,2.478684619637205,2022-08-26
23.57,26.98,11.87,2.804099244051232,2022-08-27
23.19,27.42,1.71,3.049855895153853,2022-08-28
22.93,27.59,0.3,3.6382237435428886,2022-08-29
23.62,27.85,5.4,2.496018978582849,2022-08-30
23.65,26.98,3.01,3.1440934023595326,2022-08-31
23.42,27.54,1.38,3.505636134742911,2022-09-01
23.21,27.3,1.89,3.5962519005618994,2022-09-02
23.56,27.55,7.62,3.2401697562648377,2022-09-03
23.44,28.24,10.24,2.8252221170795693,2022-09-04
23.59,27.76,9.28,3.2459989792856483,2022-09-05
23.31,27.78,4.68,3.671541167380863,2022-09-06
23.48,27.75,4.1,3.7303292553881953,2022-09-07
23.83,27.6,3.76,3.0975225669343547,2022-09-08
24.09,28.27,1.31,3.7971908303513966,2022-09-09
23.84,28.17,1.67,3.9799002242301498,2022-09-10
23.82,27.96,4.39,3.235756974308886,2022-09-11
24.08,26.41,22.42,2.327185694643001,2022-09-12
23.69,28.21,5.19,3.149793908005647,2022-09-13
23.53,28.66,1.53,3.6814342146677457,2022-09-14
23.91,27.42,6.42,2.665068825761843,2022-09-15
23.95,27.19,2.18,2.9780273667178103,2022-09-16
23.5,27.84,2.59,3.2817314462560483,2022-09-17
23.76,28.32,11.82,3.378515284050164,2022-09-18
23.88,27.65,12.76,2.486237286470443,2022-09-19
24.11,27.66,3.76,3.60178077158361,2022-09-20
23.76,27.64,8.65,3.2693193346241487,2022-09-21
24.01,26.36,20.72,2.538406475985968,2022-09-22
24.21,27.04,7.53,3.4619044675979866,2022-09-23
23.86,26.99,15.61,3.595436466969323,2022-09-24
23.82,27.68,7.78,3.942899464640822,2022-09-25
23.68,27.61,26.03,2.203269506436052,2022-09-26
23.78,26.58,14.88,2.982975225751742,2022-09-27
23.45,26.1,11.35,2.1285604590806546,2022-09-28
23.4,27.5,7.57,3.3506357364346373,2022-09-29
23.68,28.24,7.89,3.4948821295753194,2022-09-30
24.07,27.23,5.91,3.2237708892956842,2022-10-01
23.72,26.9,2.93,2.7790801592186987,2022-10-02
23.37,28.72,0.54,3.9415722357620058,2022-10-03
23.91,28.49,1.08,3.9274637752282224,2022-10-04
23.81,28.62,1.69,3.965111761018659,2022-10-05
24.03,28.37,3.3,3.9644510209358503,2022-10-06
24.26,27.94,8.3,2.9518298999763832,2022-10-07
24.05,28.79,3.28,2.969503710218871,2022-10-08
24.5,26.24,19.78,1.9230353500619635,2022-10-09
23.88,27.31,6.05,3.664990418657807,2022-10-10
23.79,28.94,2.23,3.631658109702208,2022-10-11
24.05,28.59,4.72,3.157317322555383,2022-10-12
24.62,27.84,7.11,3.369968061491474,2022-10-13
24.08,28.38,4.94,4.277676138591807,2022-10-14
24.31,27.98,5.8,3.2645361432110303,2022-10-15
24.48,27.64,5.37,3.5239773228428057,2022-10-16
24.22,29.14,1.46,3.778565171653039,2022-10-17
24.92,27.87,19.68,3.397021299004386,2022-10-18
24.73,27.84,13.13,3.889343364400351,2022-10-19
24.47,29.35,10.98,3.530126461206489,2022-10-20
24.65,29.62,8.65,3.810437560407841,2022-10-21
24.97,29.81,14.02,4.092457702142911,2022-10-22
24.64,29.62,7.56,4.110406063388913,2022-10-23
25.05,28.69,6.33,3.846931249823601,2022-10-24
25.27,27.43,9.58,1.5707855901595589,2022-10-25
24.86,29.61,2.25,3.969273025867742,2022-10-26
25.4,29.92,3.63,4.154397295125615,2022-10-27
25.42,29.86,1.45,3.4460824068552425,2022-10-28
25.23,28.51,2.43,3.542831966692184,2022-10-29
24.73,29.97,0.95,4.02151276586262,2022-10-30
25.23,29.96,1.16,3.809566172608362,2022-10-31
24.75,29.95,2.17,3.815232469362143,2022-11-01
25.45,28.93,3.72,4.371912440348945,2022-11-02
24.81,28.97,0.59,3.799313026299268,2022-11-03
25.03,29.17,1.12,3.3396392490047218,2022-11-04
24.76,29.31,1.99,3.55378749074771,2022-11-05
25.14,29.33,1.28,4.113980613943603,2022-11-06
25.17,29.75,0.93,4.26615760590121,2022-11-07
25.6,30.32,1.48,4.375192723377593,2022-11-08
25.99,29.81,1.81,3.8574451213407355,2022-11-09
25.53,28.7,2.5,3.5933187092899117,2022-11-10
25.21,29.28,1.91,3.789655637998387,2022-11-11
25.04,28.16,1.17,3.603729511255836,2022-11-12
24.78,28.84,0.66,4.177616799955364,2022-11-13
24.59,29.31,0.59,4.018104454836797,2022-11-14
24.4,29.54,0.64,3.6721020009197654,2022-11-15
24.91,28.06,0.54,4.133579552872916,2022-11-16
25.04,29.38,1.33,4.089173030910471,2022-11-17
24.8,29.38,0.82,3.8680579057917877,2022-11-18
24.71,29.54,2.12,3.4317523975800897,2022-11-19
25.22,27.95,1.52,3.190896463907955,2022-11-20
24.89,28.39,2.08,4.0678805570706364,2022-11-21
24.91,29.0,0.8,3.981435263217822,2022-11-22
24.63,30.71,0.17,3.925883613220916,2022-11-23
24.41,30.76,0.33,3.587131929496746,2022-11-24
23.58,29.94,0.17,4.514741813026308,2022-11-25
24.14,28.9,0.39,4.090197353314395,2022-11-26
24.68,29.25,2.63,3.8133562165519472,2022-11-27
24.91,28.65,3.46,3.8231039072155233,2022-11-28
24.81,29.58,1.74,3.437276074209849,2022-11-29
24.74,29.86,0.78,3.893171021172169,2022-11-30
24.76,27.18,20.15,3.369978689721481,2022-12-01
24.03,29.26,1.46,3.266482413690317,2022-12-02
24.85,29.28,4.67,3.812773293090012,2022-12-03
24.6,29.04,1.34,3.8550988075294232,2022-12-04
25.08,28.25,2.55,3.3792460841102843,2022-12-05
25.2,28.43,2.37,3.205328507601027,2022-12-06
25.23,28.63,0.01,3.511499891088278,2022-12-07
24.12,30.42,0.0,3.7279536976407166,2022-12-08
24.71,30.29,0.0,3.8821524020694547,2022-12-09
24.38,29.27,0.0,3.960251299314356,2022-12-10
24.95,29.71,0.0,4.161727218257336,2022-12-11
25.31,28.38,0.06,3.810395115381283,2022-12-12
24.21,28.71,0.07,3.893792200853528,2022-12-13
24.5,29.14,0.05,3.965646781187237,2022-12-14
24.87,28.34,0.11,3.6798217047409465,2022-12-15
24.52,27.69,0.09,3.3392516879502616,2022-12-16
24.88,28.66,0.0,3.484808316276904,2022-12-17
24.75,27.6,0.0,2.981242645715417,2022-12-18
23.33,29.16,0.0,4.046239498579676,2022-12-19
22.96,29.17,0.0,4.115421518552087,2022-12-20
23.45,27.36,0.0,3.745736744672225,2022-12-21
22.84,28.85,0.0,3.216810253529487,2022-12-22
22.67,28.82,0.0,3.9330011625865517,2022-12-23
20.62,28.4,0.0,4.098111560087692,2022-12-24
19.24,28.61,0.0,4.482932198093264,2022-12-25
20.4,28.71,0.0,4.277225162454419,2022-12-26
20.9,29.24,0.0,4.40023503759831,2022-12-27
20.66,29.9,0.0,4.463396613349017,2022-12-28
21.51,30.01,0.0,4.161040150927299,2022-12-29
21.05,29.6,0.0,4.40376400195526,2022-12-30
19.75,28.57,0.0,4.28628288220537,2022-12-31
19.03,29.06,0.0,4.056603404270592,2023-01-01
20.65,29.4,0.0,4.041896822275024,2023-01-02
21.95,28.41,0.0,3.87423840256188,2023-01-03
21.63,29.44,0.0,3.808133837628624,2023-01-04
22.85,29.33,0.0,3.4448557101095543,2023-01-05
24.43,29.26,0.0,2.918849547812863,2023-01-06
24.46,29.94,0.0,3.700322579150494,2023-01-07
23.61,27.82,0.0,3.7440511055433316,2023-01-08
21.68,29.6,0.0,4.414870975341337,2023-01-09
21.92,29.82,0.0,4.163157224281707,2023-01-10
23.14,30.15,0.0,4.165174340960854,2023-01-11
23.71,29.48,0.0,3.7893274191492496,2023-01-12
23.98,30.28,0.0,3.836450153628609,2023-01-13
21.09,29.92,0.0,4.342253287834779,2023-01-14
23.63,30.05,0.0,3.746572868124425,2023-01-15
24.48,29.12,0.0,4.010630063623672,2023-01-16
21.54,30.61,0.0,4.461648195140831,2023-01-17
22.14,30.48,0.0,4.041783217936598,2023-01-18
24.2,30.68,0.0,3.9880570787893683,2023-01-19
24.67,30.74,0.0,3.8203749771814324,2023-01-20
25.41,30.63,0.67,3.7790889577641624,2023-01-21
25.46,29.59,0.94,3.3441844701141936,2023-01-22
25.04,29.38,0.75,3.3362246213153206,2023-01-23
25.29,29.3,0.88,3.949034242106947,2023-01-24
25.25,30.39,0.63,4.254447969792102,2023-01-25
25.24,29.43,1.13,4.030271209509472,2023-01-26
25.44,29.1,0.92,3.9010516046508585,2023-01-27
25.58,28.4,2.2,2.794859811938458,2023-01-28
24.79,28.86,0.47,3.675613848355807,2023-01-29
24.91,28.27,1.83,3.70242867298382,2023-01-30
24.71,29.77,0.03,3.501840485131687,2023-01-31
24.67,31.15,0.02,4.32318817439186,2023-02-01
25.16,30.14,0.04,4.106214646080777,2023-02-02
25.12,30.79,0.12,4.2200688687535,2023-02-03
25.55,29.13,0.17,3.6832385656154174,2023-02-04
25.92,28.84,1.76,3.6703952704836724,2023-02-05
25.63,28.98,0.48,3.956513072055439,2023-02-06
24.68,30.66,0.09,4.12807351520933,2023-02-07
25.21,30.43,0.57,4.2411081966419575,2023-02-08
25.0,30.79,0.39,4.294707909368867,2023-02-09
25.22,31.48,0.01,4.4794053218794145,2023-02-10
25.31,31.93,0.0,4.5567968810629145,2023-02-11
25.37,31.74,0.01,4.580846578670474,2023-02-12
25.62,30.58,0.01,4.41764444029969,2023-02-13
25.17,31.12,0.01,4.404797956293834,2023-02-14
25.42,30.63,0.0,4.433340917635682,2023-02-15
25.15,30.76,0.0,4.3767602005716215,2023-02-16
23.0,30.53,0.0,4.229455203956339,2023-02-17
21.66,31.11,0.0,4.4970670651212075,2023-02-18
22.88,31.01,0.0,3.9114576637305687,2023-02-19
24.57,31.26,0.04,3.8785138741090277,2023-02-20
24.88,31.57,0.24,4.127177226246092,2023-02-21
25.42,30.92,0.41,3.7009033046216646,2023-02-22
25.54,30.83,1.05,4.041600156148482,2023-02-23
26.06,29.34,0.89,3.7332755905985175,2023-02-24
25.01,30.44,1.64,3.762787144599291,2023-02-25
25.58,30.41,2.26,4.320216675291741,2023-02-26
25.98,30.48,1.26,4.258117987727524,2023-02-27
25.76,30.38,2.99,4.53983144635695,2023-02-28
25.92,30.75,1.68,4.797532827988264,2023-03-01
25.8,30.03,5.37,4.096671420002282,2023-03-02
25.83,30.35,5.45,4.247761976605265,2023-03-03
25.58,30.59,3.66,4.131133191728569,2023-03-04
25.64,30.76,1.99,4.502100852990568,2023-03-05
26.39,30.42,2.11,4.333208405506759,2023-03-06
25.83,30.64,2.46,4.1137423456496105,2023-03-07
26.34,29.45,1.35,4.330630923402745,2023-03-08
26.24,30.3,2.87,4.567247098993424,2023-03-09
25.66,29.42,0.7,3.871577028464286,2023-03-10
26.17,30.01,2.35,3.87869928474461,2023-03-11
25.77,29.74,1.22,4.168047522723522,2023-03-12
24.92,30.56,0.81,4.574218609669975,2023-03-13
25.84,31.32,0.88,5.024295977199552,2023-03-14
26.05,30.66,1.34,4.825785429406222,2023-03-15
25.79,29.76,2.97,4.760524901676978,2023-03-16
25.95,30.39,2.67,5.037478829094655,2023-03-17
25.83,28.96,14.71,4.052344937487007,2023-03-18
25.55,30.39,0.69,4.840954914754868,2023-03-19
26.22,30.48,1.36,5.3873965662527,2023-03-20
25.91,29.86,5.52,4.491208527268901,2023-03-21
25.44,28.69,9.32,3.2887288210367784,2023-03-22
24.96,31.06,1.18,5.208946233465493,2023-03-23
25.74,28.47,7.45,3.478549912541879,2023-03-24
25.51,30.13,0.55,3.946639708307768,2023-03-25
25.42,30.3,3.53,4.268777957074834,2023-03-26
25.27,30.04,1.56,4.100506896015857,2023-03-27
25.16,30.64,0.17,4.731820006425214,2023-03-28
25.63,29.41,0.66,4.3156913901323195,2023-03-29
26.27,30.21,0.79,4.4398696178979336,2023-03-30
25.96,30.7,2.35,3.367363846981012,2023-03-31
26.04,30.78,4.5,3.9436272632038634,2023-04-01
26.38,30.39,0.84,4.291009680419699,2023-04-02
26.37,28.8,1.36,3.761367496412856,2023-04-03
26.13,30.48,0.3,3.6715003213961697,2023-04-04
26.08,30.99,0.39,4.949144983717607,2023-04-05
26.03,30.54,7.04,4.632486822946118,2023-04-06
26.48,29.5,21.69,4.064236124706226,2023-04-07
26.36,29.41,28.73,3.9223036922304457,2023-04-08
26.14,28.83,4.0,3.4267611233325894,2023-04-09
25.7,30.02,2.2,4.384706833648997,2023-04-10
26.37,29.04,4.62,4.2691464523344616,2023-04-11
26.33,29.94,3.66,3.996508161868045,2023-04-12
25.81,29.73,9.02,4.05708745760171,2023-04-13
25.85,29.79,6.43,4.137407205073302,2023-04-14
26.51,29.31,7.92,3.7520324224252044,2023-04-15
26.04,30.32,4.36,4.641609831985559,2023-04-16
26.06,30.37,3.45,3.8763572292611443,2023-04-17
25.93,30.42,4.03,4.166813446361945,2023-04-18
26.04,29.99,11.49,3.0808452506525894,2023-04-19
25.51,29.21,3.28,4.296420593462229,2023-04-20
26.11,28.07,1.78,3.7811201629077145,2023-04-21
25.96,29.69,3.5,4.19537616425434,2023-04-22
26.7,29.11,8.2,2.309732629123945,2023-04-23
26.31,29.34,4.23,3.5390613939766546,2023-04-24
25.52,30.44,3.61,4.799119015092615,2023-04-25
26.08,29.07,3.64,3.438352564428502,2023-04-26
25.7,28.2,9.57,2.632039111190509,2023-04-27
25.17,30.24,0.11,4.029177628090306,2023-04-28
25.01,28.58,11.73,3.200184829876427,2023-04-29
24.58,27.96,6.62,3.2345365205524224,2023-04-30
25.65,29.89,2.5,4.379331565993248,2023-05-01
25.61,30.22,3.41,4.651014685281745,2023-05-02
25.76,29.85,4.34,4.699735358914143,2023-05-03
25.69,29.61,4.04,4.28766748446076,2023-05-04
25.65,30.52,1.64,4.746687515402101,2023-05-05
25.94,29.55,1.9,3.5634202920056732,2023-05-06
25.34,29.85,1.64,4.60059817049431,2023-05-07
25.61,30.01,1.3,4.151511247841425,2023-05-08
26.12,30.1,2.09,4.7030751098284735,2023-05-09
26.9,29.4,2.98,4.431486736625915,2023-05-10
26.58,29.6,5.33,4.299692991424946,2023-05-11
26.85,29.81,10.93,3.9066804480282245,2023-05-12
26.67,30.15,4.36,2.9758367213466546,2023-05-13
26.45,29.9,13.64,3.121608003762541,2023-05-14
26.74,29.59,11.66,2.3342515348402144,2023-05-15
26.46,29.85,4.65,3.4910137837081288,2023-05-16
26.28,29.67,3.95,4.379511897291577,2023-05-17
26.55,29.56,5.59,3.0846980284966623,2023-05-18
26.16,29.53,3.81,4.37230659421311,2023-05-19
26.11,29.85,3.07,2.9668569158532674,2023-05-20
26.19,28.92,2.87,3.816938519545361,2023-05-21
25.7,30.45,2.31,3.685577329914001,2023-05-22
26.27,29.2,2.26,3.6576069085166742,2023-05-23
26.35,29.32,1.9,3.8742157357960414,2023-05-24
26.48,29.11,1.74,4.109162746965306,2023-05-25
26.31,29.53,1.11,4.28067018536123,2023-05-26
26.06,28.73,3.46,1.3889901254143673,2023-05-27
25.5,29.45,3.91,3.917827584994178,2023-05-28
26.16,29.4,3.32,2.0241177625090567,2023-05-29
26.17,29.0,2.68,4.018833631206668,2023-05-30
26.25,29.44,2.19,4.058308473571838,2023-05-31
26.52,29.04,3.16,3.410586908266976,2023-06-01
25.86,28.04,9.6,3.2004250574634763,2023-06-02
25.56,28.64,2.19,2.6136923891751147,2023-06-03
24.85,29.5,0.79,3.707271482130404,2023-06-04
25.65,28.81,3.13,4.068529931612814,2023-06-05
25.55,27.44,9.79,2.0995224008662343,2023-06-06
25.06,27.43,18.08,2.560708870314027,2023-06-07
24.99,27.74,6.2,2.8250338008408473,2023-06-08
24.78,29.08,5.33,4.042079334224356,2023-06-09
25.48,28.76,23.15,2.7604640358942323,2023-06-10
25.43,27.87,18.47,2.412708966797272,2023-06-11
24.94,28.76,2.46,4.691157422696489,2023-06-12
24.96,28.18,0.06,4.562568368978112,2023-06-13
24.95,28.93,8.24,3.2167294429964985,2023-06-14
25.16,26.95,13.28,2.403115304973476,2023-06-15
24.84,29.15,2.87,3.7386207526080355,2023-06-16
25.08,29.44,4.98,3.963983760359111,2023-06-17
25.56,29.11,8.12,3.7745476362188555,2023-06-18
25.57,27.03,11.1,2.599464214687649,2023-06-19
24.89,27.29,8.53,2.812747453354896,2023-06-20
24.44,28.5,2.02,2.3334657748850556,2023-06-21
24.34,27.78,1.43,2.7371278710098648,2023-06-22
24.52,28.36,16.3,3.1856842740558466,2023-06-23
24.67,27.25,20.38,2.1850101667377055,2023-06-24
24.37,27.9,2.02,4.185806989399855,2023-06-25
23.68,27.84,0.74,4.093101757687236,2023-06-26
23.64,27.64,1.98,3.9951025668517772,2023-06-27
23.93,27.7,6.62,2.876236974178072,2023-06-28
23.85,27.91,2.91,3.763267127771602,2023-06-29
23.82,28.31,2.46,3.7052580428937123,2023-06-30
24.36,28.56,2.13,3.9203912454465732,2023-07-01
24.5,27.6,5.94,2.836397604395906,2023-07-02
23.95,28.4,3.38,3.900707905779123,2023-07-03
24.31,28.52,6.46,3.676515749452853,2023-07-04
24.59,28.42,10.43,3.295907684508689,2023-07-05
24.33,29.0,1.89,3.8167957375327117,2023-07-06
24.73,28.81,8.9,2.6704360913275815,2023-07-07
24.98,26.6,19.48,1.8180277327693153,2023-07-08
24.47,26.75,19.44,2.326748513776956,2023-07-09
24.3,27.53,3.97,3.5596570400460714,2023-07-10
24.09,28.58,4.57,3.6243804549873464,2023-07-11
24.7,27.27,23.63,2.0008936900900784,2023-07-12
24.52,28.62,4.73,3.2901012667685103,2023-07-13
24.4,28.87,4.16,3.5169913478932613,2023-07-14
24.84,28.94,3.24,3.075951169491268,2023-07-15
24.61,29.31,2.53,3.8291370616172924,2023-07-16
25.06,27.39,3.56,3.6107043849556626,2023-07-17
24.76,28.83,2.34,3.6271489320400554,2023-07-18
25.2,28.32,1.46,3.8919722965227357,2023-07-19
24.88,28.49,4.23,3.6914522400131164,2023-07-20
24.78,28.51,6.63,2.6163667572227545,2023-07-21
24.79,28.01,20.69,2.2600307488521105,2023-07-22
24.42,27.12,12.15,2.02215415789,2023-07-23
24.12,27.61,8.87,2.763283452449867,2023-07-24
23.88,27.96,0.45,3.3392246143387085,2023-07-25
23.84,28.79,0.54,3.0135453143099102,2023-07-26
24.19,28.67,1.1,2.961531042212006,2023-07-27
24.48,28.01,2.65,3.0626634709785234,2023-07-28
24.47,27.63,3.64,2.6541644585765916,2023-07-29
24.15,27.21,20.44,3.268115994874348,2023-07-30
24.55,28.25,13.32,2.77768811937546,2023-07-31
24.62,27.01,9.58,2.3216123961008006,2023-08-01
24.01,26.96,4.19,2.8788617026190098,2023-08-02
23.77,27.99,2.64,3.1822709785388983,2023-08-03
23.78,28.4,0.44,3.1242813778006044,2023-08-04
23.99,28.35,0.57,3.469402692015866,2023-08-05
23.89,28.03,0.66,3.1715924095340142,2023-08-06
24.11,27.21,0.62,2.846392698413917,2023-08-07
23.95,27.97,1.97,3.100434967450098,2023-08-08
24.2,28.01,2.78,3.2603062672527945,2023-08-09
23.99,27.88,0.91,3.3549432192067083,2023-08-10
23.53,27.59,0.49,2.7062285889821003,2023-08-11
23.71,28.38,1.04,2.6824547209544893,2023-08-12
24.01,27.07,4.03,3.0954777272756164,2023-08-13
23.9,27.38,16.1,2.3520917644333084,2023-08-14
23.82,27.83,1.62,2.358379415031229,2023-08-15
23.43,29.16,2.26,3.3757124720418115,2023-08-16
24.36,27.55,6.9,3.414531835297013,2023-08-17
24.36,27.3,5.33,2.4947947072013315,2023-08-18
24.1,27.84,10.12,2.2727690851251787,2023-08-19
23.82,28.68,1.1,3.8057237008437292,2023-08-20
24.5,28.82,1.01,3.780682721617762,2023-08-21
24.3,27.56,0.94,3.3665541476255756,2023-08-22
24.38,27.1,2.17,3.1305549769237113,2023-08-23
24.28,27.56,4.8,3.0885694968308184,2023-08-24
24.22,28.54,2.54,3.493159059101689,2023-08-25
24.45,28.05,2.58,3.443939897547935,2023-08-26
24.32,27.87,4.96,2.9305127764911134,2023-08-27
24.06,26.73,10.47,2.7413029803147833,2023-08-28
24.05,28.19,3.64,3.730281676086444,2023-08-29
24.75,27.3,12.89,3.023792557222755,2023-08-30
24.3,28.1,4.91,3.4235536734869525,2023-08-31
24.11,27.87,7.03,3.301828847796658,2023-09-01
24.25,27.73,18.4,2.002290414515782,2023-09-02
24.0,26.96,4.54,2.3968329835043813,2023-09-03
23.85,27.43,4.51,2.5848171413505687,2023-09-04
24.39,27.67,17.09,2.7428629528571755,2023-09-05
23.92,28.9,2.8,3.6978235912920887,2023-09-06
24.25,29.38,5.23,3.833442128129631,2023-09-07
24.84,27.54,15.44,3.6142699656418817,2023-09-08
24.56,26.36,32.96,2.6749641624818055,2023-09-09
24.25,27.18,8.19,3.296997234420098,2023-09-10
24.47,27.98,10.75,3.4694828778093934,2023-09-11
24.74,28.2,18.56,2.111399013146765,2023-09-12
24.58,27.65,4.51,2.538395479346394,2023-09-13
24.35,28.81,1.61,3.9385506688717484,2023-09-14
24.81,27.42,7.01,3.2167310242515432,2023-09-15
24.89,27.68,3.93,1.5522322214999194,2023-09-16
24.62,28.17,2.96,3.11267818362494,2023-09-17
24.35,28.16,13.95,3.1058990783449243,2023-09-18
24.17,28.98,4.4,3.844580209325255,2023-09-19
24.57,28.8,4.98,3.9255674357106183,2023-09-20
24.75,28.64,8.25,3.7753247892568025,2023-09-21
24.99,27.64,12.48,1.5029524285115947,2023-09-22
24.58,27.8,5.62,3.326060457030825,2023-09-23
24.32,28.2,4.01,2.82424583263194,2023-09-24
24.59,28.28,1.36,3.6359693991783213,2023-09-25
24.52,29.26,1.97,4.050892246904794,2023-09-26
25.15,29.87,1.27,4.130996088196206,2023-09-27
25.42,28.8,6.72,3.82633872485832,2023-09-28
25.36,27.91,13.63,3.0159704692051865,2023-09-29
25.13,29.37,3.38,4.387753316833796,2023-09-30
25.04,29.12,4.87,3.8571970497504826,2023-10-01
25.22,29.48,4.09,4.46280881955344,2023-10-02
24.96,29.71,3.11,4.069561063184502,2023-10-03
25.07,29.29,7.06,3.9935638867209065,2023-10-04
24.96,26.91,65.48,2.5733658771325842,2023-10-05
24.32,29.56,6.26,3.811572383673598,2023-10-06
25.23,27.95,9.34,2.7763804045809484,2023-10-07
24.87,28.61,3.73,3.4138514022243345,2023-10-08
24.88,27.85,7.46,2.984057985842539,2023-10-09
24.98,28.63,5.6,3.7492742039010722,2023-10-10
25.28,27.53,9.82,3.264925754506505,2023-10-11
25.08,27.41,8.65,3.233427809360948,2023-10-12
24.57,28.54,1.07,3.321135333112645,2023-10-13
25.02,28.03,3.91,2.8480610770573485,2023-10-14
25.03,27.77,3.32,3.6588403316441176,2023-10-15
24.74,27.51,4.24,3.3314040952595616,2023-10-16
24.44,28.83,3.16,1.8540835931683233,2023-10-17
24.33,30.43,2.29,4.475457915278946,2023-10-18
25.73,29.43,3.13,3.90862482294252,2023-10-19
25.18,29.41,3.86,4.043008000619437,2023-10-20
25.86,28.32,8.24,3.7921977577600736,2023-10-21
25.62,29.36,3.3,3.757224028153011,2023-10-22
25.69,28.36,0.79,3.234363741412848,2023-10-23
25.18,28.87,0.55,3.6826379542233143,2023-10-24
25.53,28.64,0.5,4.072768093911173,2023-10-25
25.59,29.41,0.92,3.728339244827865,2023-10-26
25.39,28.85,0.3,4.204348134225431,2023-10-27
24.9,30.23,2.76,4.0985933740895515,2023-10-28
25.27,30.12,4.98,4.014616351156796,2023-10-29
25.75,28.51,6.21,2.9909683967745115,2023-10-30
25.79,29.11,5.16,2.6933232108941256,2023-10-31
25.72,28.86,5.44,3.6423876951649157,2023-11-01
25.23,29.25,3.35,3.9122931237321787,2023-11-02
25.74,29.72,5.74,4.140069874883083,2023-11-03
25.84,29.77,6.26,3.838978552207189,2023-11-04
25.78,29.0,5.57,3.2928924026988287,2023-11-05
25.4,28.83,8.25,3.6624710791167647,2023-11-06
25.25,29.25,3.4,3.844327937091412,2023-11-07
25.54,28.18,3.97,3.427534781226219,2023-11-08
24.79,29.66,1.67,3.914959651048057,2023-11-09
25.67,28.95,1.55,4.020579123320663,2023-11-10
25.99,28.86,2.46,3.735135078673073,2023-11-11
25.74,29.05,1.81,3.8956898227806036,2023-11-12
25.73,29.79,0.97,3.9588581810583103,2023-11-13
25.8,29.97,1.47,4.23206938728544,2023-11-14
24.66,28.75,1.13,2.6183598210050856,2023-11-15
23.64,30.04,1.37,3.6462805422049773,2023-11-16
25.93,29.42,0.06,3.780177755781201,2023-11-17
25.5,29.6,0.11,3.4470657209190096,2023-11-18
26.09,29.24,0.08,3.8438531511624103,2023-11-19
25.94,29.76,0.08,4.038022568741635,2023-11-20
25.92,28.96,0.1,3.746051491742376,2023-11-21
26.02,29.95,4.86,4.1370475754149485,2023-11-22
25.86,29.31,6.48,3.815203445202729,2023-11-23
26.15,28.53,16.58,2.6192552480567555,2023-11-24
25.74,28.72,22.0,3.123147323844617,2023-11-25
24.77,27.63,16.56,1.602171794177658,2023-11-26
24.19,30.06,0.08,4.242542755455202,2023-11-27
25.23,28.82,2.01,3.8090125285625316,2023-11-28
25.42,28.92,2.55,3.940666051847582,2023-11-29
25.12,29.5,1.39,3.887325195570307,2023-11-30
25.6,28.97,2.37,3.7774348155157744,2023-12-01
25.59,29.43,1.05,4.066134401226175,2023-12-02
25.65,29.59,0.84,4.070585478506237,2023-12-03
25.45,30.81,0.38,4.2678550030306805,2023-12-04
25.28,30.97,0.51,4.394392619501906,2023-12-05
25.34,30.17,1.61,3.857684029443883,2023-12-06
25.81,29.35,0.62,3.9354139800940526,2023-12-07
25.61,29.02,0.29,3.9534999478046866,2023-12-08
25.49,30.64,0.08,4.182487460670285,2023-12-09
25.54,31.13,0.07,4.23675402977881,2023-12-10
24.8,30.98,0.07,4.469168460189826,2023-12-11
23.28,29.64,0.0,3.6630519987928967,2023-12-12
20.41,29.4,0.0,4.418858398861119,2023-12-13
22.1,29.64,0.0,4.302981644677896,2023-12-14
22.38,30.25,0.0,4.290136539315738,2023-12-15
22.89,30.59,0.0,4.101619147759307,2023-12-16
22.72,30.39,0.0,4.125109669364393,2023-12-17
21.64,30.21,0.0,4.429930292665488,2023-12-18
21.29,29.83,0.0,4.353906916482998,2023-12-19
24.41,30.32,0.0,4.4472251699268455,2023-12-20
21.43,29.51,0.0,4.527839632631155,2023-12-21
21.87,30.05,0.0,4.290240392969491,2023-12-22
23.06,30.29,0.0,4.105251162139523,2023-12-23
23.72,30.92,0.0,4.37599877122032,2023-12-24
22.02,30.56,0.0,4.2545503674589416,2023-12-25
23.15,30.27,0.0,4.116583313521179,2023-12-26
23.1,30.85,0.02,3.9288289190425796,2023-12-27
24.27,31.37,0.01,3.915582084061703,2023-12-28
24.66,31.52,0.01,4.05196198927041,2023-12-29
24.4,31.34,0.02,3.944752496456121,2023-12-30
24.38,30.72,0.05,4.001336604278715,2023-12-31
24.65,31.09,0.23,3.958627228006648,2024-01-01
25.89,30.93,0.6,4.082142600308749,2024-01-02
25.6,30.79,0.23,4.069251091591501,2024-01-03
25.59,31.16,0.23,3.7300189310528737,2024-01-04
26.15,30.05,0.33,3.9320113862438193,2024-01-05
26.09,30.15,0.22,3.8606841255764044,2024-01-06
25.86,31.04,0.31,3.8081058647134327,2024-01-07
26.04,30.45,0.32,3.989917572010087,2024-01-08
25.79,30.84,0.56,3.8041067608271417,2024-01-09
25.58,31.36,0.57,4.28634328083899,2024-01-10
25.89,30.7,0.0,3.7183189810491544,2024-01-11
25.19,31.18,0.0,4.256801363725328,2024-01-12
25.23,31.15,0.0,4.113784418417644,2024-01-13
25.18,31.45,0.0,4.0263078609258836,2024-01-14
25.11,31.16,0.0,3.9673616054564893,2024-01-15
23.27,30.56,0.0,4.199231001013334,2024-01-16
24.09,30.39,0.0,4.29391681350733,2024-01-17
24.94,30.85,0.0,4.0574860005654365,2024-01-18
23.99,31.13,0.0,4.102579735383897,2024-01-19
24.41,31.2,0.0,4.180887872316157,2024-01-20
24.15,31.64,0.11,4.43873112594079,2024-01-21
24.35,31.43,0.22,4.651705304868285,2024-01-22
25.26,30.88,0.08,4.472284404146193,2024-01-23
25.37,32.01,0.24,4.2206614478965685,2024-01-24
24.72,29.33,0.58,4.561005191237872,2024-01-25
21.67,29.98,0.0,4.5710060468561515,2024-01-26
21.5,29.84,0.0,4.762272423524882,2024-01-27
21.31,30.41,0.0,4.465957419628164,2024-01-28
22.71,30.7,0.0,4.051653636295999,2024-01-29
23.93,31.36,0.0,3.7589335470790273,2024-01-30
24.81,31.17,0.0,3.787253999645399,2024-01-31
25.36,30.91,0.01,3.7201183361229235,2024-02-01
25.81,31.24,0.01,3.4824565256653948,2024-02-02
24.49,28.94,0.0,3.423392448252826,2024-02-03
23.27,29.53,0.0,3.7990405510924075,2024-02-04
24.93,28.27,0.0,3.8045326060100004,2024-02-05
22.9,29.05,0.0,4.349715248356983,2024-02-06
21.39,29.35,0.0,4.505303982544417,2024-02-07
21.9,29.38,0.0,3.6156567761884806,2024-02-08
23.46,30.73,0.0,3.7516617667232577,2024-02-09
24.71,30.69,0.05,3.8129693870357433,2024-02-10
25.53,31.83,0.09,4.108311169414057,2024-02-11
26.12,29.89,0.2,4.012250031626376,2024-02-12
26.23,31.31,0.22,4.159671191034058,2024-02-13
26.32,32.52,0.24,4.669781691128963,2024-02-14
26.81,32.24,0.94,3.913120238320352,2024-02-15
26.37,32.14,0.27,4.402456672473733,2024-02-16
26.14,31.42,0.34,4.090618242533113,2024-02-17
25.56,32.17,0.28,4.5012634687562505,2024-02-18
26.27,32.16,0.73,4.428749813000417,2024-02-19
26.67,31.37,5.07,3.8403939449049216,2024-02-20
26.5,30.45,11.19,4.101465042650079,2024-02-21
26.88,31.55,21.16,4.356191675886378,2024-02-22
26.5,30.18,1.32,2.944528769167307,2024-02-23
26.17,31.26,1.11,4.3030669884494674,2024-02-24
25.85,32.02,0.09,4.672976032141758,2024-02-25
26.76,30.66,0.22,4.439032928023311,2024-02-26
26.44,30.51,0.3,4.604167560819036,2024-02-27
26.52,30.02,0.24,4.353871481628239,2024-02-28
26.93,30.38,0.47,4.304228776789229,2024-02-29
26.71,30.16,0.37,3.409885563027709,2024-03-01
26.69,30.42,12.65,4.473534724734499,2024-03-02
26.25,29.31,7.72,3.3471375000523853,2024-03-03
25.57,30.29,2.74,4.728716961705523,2024-03-04
26.1,30.42,6.76,4.357998287125252,2024-03-05
26.32,31.05,9.64,4.6096596674795025,2024-03-06
26.51,30.1,1.49,3.9345885737477055,2024-03-07
26.22,30.13,1.49,4.560908377114195,2024-03-08
26.19,30.0,1.83,3.6928674163844635,2024-03-09
26.11,29.91,0.88,4.745505038182709,2024-03-10
26.65,31.1,1.73,4.57536760499876,2024-03-11
26.81,31.13,1.17,3.9880543741849688,2024-03-12
26.91,30.37,1.61,3.907606207957607,2024-03-13
26.92,30.2,3.35,4.348566184053015,2024-03-14
25.99,32.74,0.49,5.238059229267737,2024-03-15
26.25,31.62,1.11,4.946238541661195,2024-03-16
26.93,30.51,3.72,4.456608289242044,2024-03-17
26.98,30.89,5.19,4.367445711754999,2024-03-18
26.77,31.14,6.06,4.110364461747439,2024-03-19
26.68,31.65,1.78,4.488428568704334,2024-03-20
26.81,31.0,3.41,4.131122021867156,2024-03-21
27.17,30.89,0.24,4.28484393584086,2024-03-22
27.19,30.84,0.7,4.222388704753893,2024-03-23
26.88,30.78,0.3,4.923487652609656,2024-03-24
27.0,30.3,0.27,4.5968867982792005,2024-03-25
26.69,30.72,0.33,4.807914160253978,2024-03-26
27.13,31.43,1.12,4.9051844026793745,2024-03-27
26.7,31.88,2.07,4.750087686903222,2024-03-28
27.2,31.26,2.3,4.460353944112605,2024-03-29
27.44,30.79,2.06,4.702414016315971,2024-03-30
27.47,30.44,1.78,4.649947116790566,2024-03-31
27.52,30.68,1.34,3.6805841031328175,2024-04-01
26.94,31.19,2.88,4.38775943118651,2024-04-02
27.3,30.16,5.91,3.2753476170932934,2024-04-03
26.85,31.22,3.33,4.624349095341393,2024-04-04
27.41,30.11,8.25,4.12545424900696,2024-04-05
27.12,30.22,8.85,4.006591823509145,2024-04-06
26.33,30.36,3.17,4.76871451001858,2024-04-07
26.87,29.93,6.8,2.9389031217365065,2024-04-08
26.3,30.5,0.99,4.84609807632498,2024-04-09
26.52,30.35,1.64,4.80557661348488,2024-04-10
25.92,31.11,2.9,4.193573444627971,2024-04-11
27.05,30.63,0.87,4.921397771345434,2024-04-12
27.03,30.84,1.86,4.8827004274451875,2024-04-13
26.7,30.89,1.62,2.8901963405840068,2024-04-14
27.01,30.8,3.0,4.277931295367544,2024-04-15
27.11,30.76,2.33,2.741903021955563,2024-04-16
26.91,30.03,1.2,3.9086955450805467,2024-04-17
26.46,30.9,0.64,4.8239349666711355,2024-04-18
27.58,30.08,1.74,4.1983546077615355,2024-04-19
26.86,31.1,0.96,4.723665712553169,2024-04-20
27.18,30.14,14.18,3.4283912595887767,2024-04-21
26.86,31.08,5.24,4.612330010874679,2024-04-22
27.23,29.44,18.07,2.0069895502830266,2024-04-23
27.0,30.22,3.76,4.592355854854276,2024-04-24
26.91,30.27,3.79,4.623466237181054,2024-04-25
27.02,30.47,5.41,4.330879440234829,2024-04-26
27.05,30.68,2.88,4.512527179629534,2024-04-27
27.12,30.19,3.6,4.232025919131067,2024-04-28
27.37,29.68,10.67,3.8946758402021047,2024-04-29
27.05,31.25,7.56,4.458455009160695,2024-04-30
26.59,29.5,16.56,2.526789461826429,2024-05-01
26.03,29.58,0.69,4.660527692242855,2024-05-02
26.89,29.94,2.76,3.176996795513026,2024-05-03
26.38,31.25,1.22,4.764028014428488,2024-05-04
26.81,30.88,1.5,4.885595074877884,2024-05-05
27.62,29.98,3.1,2.639516106385815,2024-05-06
26.97,29.48,0.86,3.418790181086892,2024-05-07
27.07,30.21,0.44,4.0650305214974525,2024-05-08
27.02,30.79,1.24,4.273089821716011,2024-05-09
26.91,30.87,2.47,4.596015878528222,2024-05-10
27.08,30.62,8.18,3.0920281005202024,2024-05-11
26.75,29.77,4.74,3.9523230101170186,2024-05-12
26.4,30.34,2.35,3.4716618525272707,2024-05-13
25.84,30.37,0.6,4.233147040342641,2024-05-14
26.72,30.95,4.5,4.599014618238519,2024-05-15
26.45,29.34,8.63,1.8829984255210834,2024-05-16
26.08,30.39,5.23,4.265508058759255,2024-05-17
26.62,30.05,4.23,3.6568812256746583,2024-05-18
26.72,30.69,3.27,4.365083668553925,2024-05-19
26.94,30.59,10.41,4.234576312309547,2024-05-20
26.8,29.82,9.21,4.069365677529521,2024-05-21
26.88,29.14,20.08,1.7965252290233555,2024-05-22
26.41,29.17,7.82,4.01624760417172,2024-05-23
26.29,29.08,14.69,4.121245832733655,2024-05-24
26.29,27.44,25.46,2.54751144422999,2024-05-25
25.87,30.36,0.43,4.629251795241783,2024-05-26
25.58,29.94,2.4,4.538206563477608,2024-05-27
26.39,29.04,2.07,3.647437830802482,2024-05-28
26.69,30.09,0.88,4.07471614302382,2024-05-29
26.64,29.56,3.95,4.175288335437399,2024-05-30
26.93,29.31,2.87,2.8962237638574404,2024-05-31
26.37,30.09,4.31,4.183209795176443,2024-06-01
25.96,28.51,5.81,1.5370652639493563,2024-06-02
25.75,29.35,2.54,3.6101752118970207,2024-06-03
26.14,30.04,4.0,3.960408626753344,2024-06-04
26.22,28.92,7.61,3.705727782115478,2024-06-05
26.24,28.33,10.72,3.4003576423333626,2024-06-06
25.59,28.17,4.59,3.2692083843630537,2024-06-07
25.19,29.37,2.06,3.0068986606559776,2024-06-08
25.84,29.33,4.36,3.185555795496844,2024-06-09
25.79,29.08,5.05,3.551969872531828,2024-06-10
25.87,29.43,13.01,3.560033339806082,2024-06-11
25.48,28.91,3.41,4.210889982836347,2024-06-12
25.78,29.49,11.1,3.910411358173759,2024-06-13
25.96,28.46,13.74,1.8997926783672707,2024-06-14
24.98,26.59,4.25,2.1554701187612677,2024-06-15
24.76,27.84,1.9,3.0230778109173904,2024-06-16
24.74,29.61,0.25,3.372859769135586,2024-06-17
25.2,30.03,0.41,3.3696369345393475,2024-06-18
26.08,29.0,1.22,3.83485447121087,2024-06-19
25.98,28.33,7.22,2.4711004470615503,2024-06-20
24.9,27.46,10.78,2.708732542371659,2024-06-21
24.18,29.27,2.31,3.771821300485612,2024-06-22
24.89,27.97,0.74,3.4286695228384985,2024-06-23
25.08,28.95,3.69,3.6840378209456626,2024-06-24
25.46,28.66,27.25,2.150484601973438,2024-06-25
24.93,27.87,53.38,3.43866250157018,2024-06-26
24.51,29.2,0.47,3.6469333566388773,2024-06-27
25.4,28.55,9.71,2.8755216627325737,2024-06-28
24.96,27.61,16.16,3.012712481765118,2024-06-29
24.95,28.52,3.22,3.490046644966467,2024-06-30
24.85,28.23,2.23,3.925620207573269,2024-07-01
25.58,27.87,20.48,2.6449026256934496,2024-07-02
24.93,27.32,20.7,1.5264588977550981,2024-07-03
24.51,28.08,7.37,2.9998298822332083,2024-07-04
24.61,27.8,1.25,2.8556637777144696,2024-07-05
24.81,26.98,1.45,2.854064071164981,2024-07-06
24.49,28.28,1.54,3.4392044941852076,2024-07-07
24.45,27.0,4.72,2.527166623082173,2024-07-08
24.16,27.85,2.04,3.2141426849970034,2024-07-09
23.91,28.49,1.65,2.885071435222228,2024-07-10
24.4,27.73,1.82,2.367210622689533,2024-07-11
24.55,27.36,3.15,3.032096802797341,2024-07-12
24.3,26.84,3.09,2.784767152017587,2024-07-13
24.11,27.97,1.01,3.3758142480187487,2024-07-14
24.09,28.04,3.58,2.8561617909443706,2024-07-15
24.2,26.98,1.85,2.605849416199757,2024-07-16
24.01,27.81,2.21,2.6172305803779663,2024-07-17
24.09,27.95,1.44,2.9449476730028477,2024-07-18
24.2,27.6,2.13,2.764673831848332,2024-07-19
24.23,26.76,2.19,2.5721511418324283,2024-07-20
23.84,28.03,2.18,2.890300278647107,2024-07-21
23.58,27.62,0.61,3.103872231921244,2024-07-22
23.72,27.47,0.77,3.387860062011752,2024-07-23
23.36,27.85,0.24,3.333013679406529,2024-07-24
23.55,27.8,0.3,2.870785874823097,2024-07-25
23.65,28.04,0.34,3.1095608999988618,2024-07-26
23.2,28.31,0.23,2.95879368913306,2024-07-27
24.05,27.75,0.56,3.2192943306121227,2024-07-28
23.85,27.33,0.64,3.0024335174875176,2024-07-29
23.46,27.86,0.77,3.1895311766260144,2024-07-30
23.56,28.01,1.5,2.997783449175951,2024-07-31
23.82,27.86,1.38,2.938020864218143,2024-08-01
23.6,28.06,1.88,3.405578629430132,2024-08-02
23.25,28.2,0.27,4.005773496719163,2024-08-03
23.02,27.99,0.08,3.453828718026234,2024-08-04
23.31,28.05,0.11,3.800081342860819,2024-08-05
23.76,27.61,0.14,3.3243469411855813,2024-08-06
23.49,27.95,0.2,3.1402453491288203,2024-08-07
23.61,27.82,0.13,2.886702683780121,2024-08-08
23.36,27.83,0.09,3.847235020457672,2024-08-09
23.55,28.21,0.12,4.064480548688229,2024-08-10
23.72,27.87,0.31,3.913887523161105,2024-08-11
23.59,28.12,0.39,3.1688233341356944,2024-08-12
23.96,28.07,0.66,3.033401688152051,2024-08-13
23.94,28.53,0.34,3.8608648010631885,2024-08-14
23.32,28.75,0.14,3.5615589298089363,2024-08-15
23.8,27.35,0.16,3.6116333456608345,2024-08-16
24.11,27.45,0.64,3.374165115913957,2024-08-17
23.67,27.15,0.18,3.0148083523971154,2024-08-18
23.51,27.46,6.32,2.9368849238690067,2024-08-19
23.95,26.82,5.04,2.812818863345907,2024-08-20
23.49,28.24,0.63,3.8987882128971654,2024-08-21
23.7,28.93,0.68,3.677898918786818,2024-08-22
24.3,26.25,18.77,2.352526368114859,2024-08-23
23.92,27.05,4.07,2.0899778335380623,2024-08-24
23.6,27.55,2.41,2.297518456337243,2024-08-25
24.07,27.12,2.25,2.8473921707010494,2024-08-26
23.9,27.84,1.92,2.6930372501988806,2024-08-27
23.62,28.04,1.29,2.5199377183646883,2024-08-28
23.55,28.18,1.6,3.172752087661092,2024-08-29
23.8,27.17,8.67,3.081198139797051,2024-08-30
23.69,27.15,1.28,3.7213212059675724,2024-08-31
22.98,27.83,1.22,3.762764018576363,2024-09-01
22.91,28.3,0.42,3.9955797973625544,2024-09-02
23.4,28.2,0.82,3.7987899832306704,2024-09-03
23.4,28.63,0.81,4.396669571198136,2024-09-04
22.74,28.56,0.48,4.449257547586126,2024-09-05
23.1,28.85,1.14,4.209585036190311,2024-09-06
23.72,26.68,9.34,2.2729517061795392,2024-09-07
23.53,28.26,1.8,3.75052281839722,2024-09-08
23.32,29.21,0.68,4.490473341420163,2024-09-09
24.39,27.88,12.95,3.6104590045288294,2024-09-10
24.29,27.84,8.09,3.2277492266937315,2024-09-11
24.15,28.23,9.25,2.859839189903537,2024-09-12
24.4,27.44,7.98,3.240597431676621,2024-09-13
24.38,27.71,7.03,2.809189954863911,2024-09-14
24.18,28.32,2.73,3.8608201004369485,2024-09-15
24.35,28.67,4.37,3.017027838534404,2024-09-16
24.51,28.24,4.46,3.16861941739619,2024-09-17
24.27,27.56,11.67,3.427166844668706,2024-09-18
24.15,28.16,1.3,3.734487412961857,2024-09-19
24.11,28.22,0.5,3.792341823414302,2024-09-20
24.19,28.67,0.78,3.5602154711449323,2024-09-21
24.69,28.42,1.58,3.72455150351641,2024-09-22
24.75,28.41,7.22,4.107187748855073,2024-09-23
24.31,28.63,5.41,3.523973276555433,2024-09-24
24.21,27.92,4.73,2.3005979183686347,2024-09-25
23.76,28.85,1.51,3.721913079228003,2024-09-26
24.23,29.17,2.99,3.639766542928313,2024-09-27
24.7,28.64,2.74,4.140605174977611,2024-09-28
24.57,27.95,3.44,3.364759613558619,2024-09-29
24.65,29.03,8.52,3.266859539261139,2024-09-30
24.92,28.29,7.6,3.773532706442485,2024-10-01
24.66,29.23,3.91,3.7421825868597476,2024-10-02
25.06,28.38,9.83,2.484533541198379,2024-10-03
25.1,27.81,11.46,2.805800435202715,2024-10-04
24.75,27.4,17.48,3.0101514600787556,2024-10-05
24.36,27.94,5.0,3.4088495777504906,2024-10-06
24.17,28.47,4.64,3.3515964118931976,2024-10-07
24.12,29.46,12.53,3.18658871556367,2024-10-08
24.39,28.56,57.26,3.812616539027705,2024-10-09
24.44,29.41,1.59,4.33488138769288,2024-10-10
24.27,28.93,4.64,3.5495486073584015,2024-10-11
25.29,26.98,15.53,2.723992789910046,2024-10-12
24.92,28.22,12.69,2.0148641868582993,2024-10-13
24.59,27.51,6.89,3.178283248282009,2024-10-14
24.64,28.71,6.71,4.239214533922381,2024-10-15
24.56,27.07,8.61,3.116330620207698,2024-10-16
24.68,27.68,18.22,1.522829920561971,2024-10-17
24.45,28.94,3.86,4.434736228836453,2024-10-18
24.92,28.29,9.89,3.5728634631376206,2024-10-19
25.0,28.29,7.92,3.554773778383237,2024-10-20
25.12,28.37,4.23,3.7826719300604985,2024-10-21
25.0,28.42,6.64,2.7049143873076478,2024-10-22
25.33,29.01,11.84,4.131096603989879,2024-10-23
24.98,29.85,4.36,4.095856972029354,2024-10-24
25.62,27.67,20.13,3.3508329625651414,2024-10-25
25.2,29.46,3.35,3.427363684810372,2024-10-26
25.18,28.66,3.6,4.086983476472094,2024-10-27
25.48,28.24,7.28,3.2456446634042955,2024-10-28
25.76,28.77,5.02,2.9418290574903887,2024-10-29
25.35,29.61,1.49,3.5628233980666852,2024-10-30
25.37,30.63,2.32,4.318067199235026,2024-10-31
25.34,29.64,2.9,3.4795809730130784,2024-11-01
25.51,28.53,4.75,3.576788558114767,2024-11-02
25.36,28.62,3.29,3.9243296023402015,2024-11-03
24.83,30.82,3.02,3.946174632469024,2024-11-04
23.25,30.66,0.48,4.6895862124376455,2024-11-05
23.76,30.31,2.46,4.218368854670901,2024-11-06
25.21,28.42,2.51,3.6758091234528383,2024-11-07
24.25,30.39,2.01,4.485708871791035,2024-11-08
25.54,29.11,3.23,3.6585836710511983,2024-11-09
25.74,28.97,2.28,3.7860228034862207,2024-11-10
25.44,29.74,1.96,3.7873848425149297,2024-11-11
25.11,30.77,0.71,4.070810772953306,2024-11-12
25.4,30.54,0.89,4.198142519524765,2024-11-13
25.74,29.8,1.96,4.061283365166733,2024-11-14
25.51,29.69,0.74,4.047200084645356,2024-11-15
25.5,30.45,0.57,4.345527519755699,2024-11-16
24.99,29.48,1.17,3.59746490896379,2024-11-17
24.95,30.62,0.4,4.167160336453288,2024-11-18
24.47,29.62,0.24,4.254993884167535,2024-11-19
23.25,30.03,0.67,4.3041203225302285,2024-11-20
24.09,30.2,0.46,4.234107391385717,2024-11-21
25.09,30.24,0.48,4.018281974116414,2024-11-22
25.14,30.03,0.35,3.4047579301330475,2024-11-23
24.61,30.03,0.12,4.331674244521972,2024-11-24
23.27,28.93,0.11,4.310689397809333,2024-11-25
23.29,28.87,0.15,4.325949699135498,2024-11-26
23.37,28.95,0.0,4.099784656215648,2024-11-27
22.56,29.9,0.0,4.133655191221417,2024-11-28
23.95,29.87,0.0,4.488307680587673,2024-11-29
21.16,29.32,0.0,4.258924035641052,2024-11-30
21.55,29.03,0.0,4.362078147035547,2024-12-01
22.27,30.35,0.01,4.301845908950646,2024-12-02
23.14,30.39,0.04,3.863070289162258,2024-12-03
24.74,29.51,0.09,3.9435920320451423,2024-12-04
23.4,30.44,0.09,4.119993728135149,2024-12-05
23.87,29.94,0.11,3.8268869288612946,2024-12-06
22.8,30.0,0.0,4.324375362763997,2024-12-07
22.07,29.66,0.0,4.273680816641925,2024-12-08
22.66,29.25,0.01,3.524069405150032,2024-12-09
22.81,29.7,0.0,4.37521117897992,2024-12-10
22.88,29.53,0.01,3.7581604215884994,2024-12-11
24.83,30.99,0.17,3.9471514440657125,2024-12-12
25.57,30.66,0.12,3.9503681112152247,2024-12-13
23.58,30.17,0.08,4.069378025241585,2024-12-14
23.71,30.62,0.02,4.181995109844782,2024-12-15
22.09,30.3,0.05,4.406201505341435,2024-12-16
22.16,30.02,0.0,3.925958206310491,2024-12-17
21.61,29.74,0.0,4.004597657809225,2024-12-18
20.75,28.99,0.0,4.323060670246628,2024-12-19
18.91,28.55,0.0,4.68793130725694,2024-12-20
18.05,28.64,0.0,4.647257374295129,2024-12-21
19.95,28.85,0.0,4.084005728111731,2024-12-22
21.88,29.58,0.0,4.168801053472143,2024-12-23
22.59,29.37,0.0,3.703102266602567,2024-12-24
23.29,30.58,0.0,4.056344789948428,2024-12-25
23.76,30.75,0.0,4.24710669892936,2024-12-26
23.22,29.82,0.0,3.9921208211176222,2024-12-27
22.93,30.55,0.0,4.033724119642362,2024-12-28
24.47,30.58,0.0,4.115993587899242,2024-12-29
24.81,30.38,0.0,3.9217451411774515,2024-12-30
24.63,31.36,0.0,4.172080828422597,2024-12-31
24.7,31.36,0.03,4.183523319154872,2025-01-01
25.46,31.72,0.1,4.270072703597658,2025-01-02
25.74,30.27,0.15,3.71738969594089,2025-01-03
25.68,29.75,0.19,3.612024347039709,2025-01-04
25.65,30.7,0.12,4.244926817834211,2025-01-05
25.66,29.78,0.02,3.855603144119141,2025-01-06
25.57,30.36,0.02,3.908462481865983,2025-01-07
24.9,28.81,0.01,3.892067677822049,2025-01-08
24.34,29.85,0.01,4.006882890503613,2025-01-09
23.55,28.87,0.01,4.21846890842679,2025-01-10
20.96,29.43,0.0,4.438673180733928,2025-01-11
21.18,29.44,0.0,4.199813779960695,2025-01-12
22.04,29.74,0.0,3.950928357239189,2025-01-13
24.3,31.06,0.0,3.9437787274216722,2025-01-14
25.08,31.24,0.0,4.054794032234093,2025-01-15
24.88,30.67,0.0,3.83591600935579,2025-01-16
25.43,29.76,0.0,3.797246411935184,2025-01-17
25.37,29.21,0.0,2.9815727010217827,2025-01-18
24.46,29.41,0.0,3.925085087530966,2025-01-19
24.61,30.26,0.0,4.0579885172201084,2025-01-20
24.65,30.08,0.27,4.034924524025165,2025-01-21
24.93,30.76,0.22,4.192810437068374,2025-01-22
25.48,28.91,0.7,2.5654033094602724,2025-01-23
25.02,30.52,0.13,4.370906967648556,2025-01-24
25.0,30.06,0.19,3.8654126147176076,2025-01-25
24.87,29.62,0.56,3.649581145100099,2025-01-26
24.96,30.27,0.27,4.354555694951926,2025-01-27
25.02,31.05,0.5,4.2265748633428855,2025-01-28
25.26,29.34,1.21,3.3946673906499787,2025-01-29
25.15,30.95,0.19,4.2256517917266,2025-01-30
25.84,31.04,2.35,3.996225876142848,2025-01-31
25.69,30.6,5.18,3.7214525433712744,2025-02-01
25.33,30.42,2.96,3.3272744073782388,2025-02-02
25.21,32.01,1.27,4.370090570150541,2025-02-03
25.49,31.87,3.18,4.641008895788441,2025-02-04
25.6,31.33,1.51,4.353989271373324,2025-02-05
25.82,31.13,1.46,4.275332143685137,2025-02-06
26.22,31.36,2.24,4.230892765118666,2025-02-07
25.84,30.84,1.02,3.3431374044884654,2025-02-08
25.83,30.46,1.44,4.021240963567061,2025-02-09
26.04,29.77,0.02,3.9791389525903487,2025-02-10
25.71,31.18,0.04,4.123990541610251,2025-02-11
26.15,30.05,0.02,4.000383715478059,2025-02-12
25.88,30.07,0.01,4.12492920946696,2025-02-13
25.74,30.61,0.01,4.193302860448282,2025-02-14
25.92,30.78,0.6,3.9794355225231457,2025-02-15
26.18,32.21,0.68,4.7298907926307585,2025-02-16
26.18,30.99,0.61,4.398236826178522,2025-02-17
26.26,29.42,1.19,3.7135480147130524,2025-02-18
26.13,29.58,2.6,3.646335650451011,2025-02-19
25.7,29.64,2.23,4.043294904184011,2025-02-20
25.72,29.46,4.0,4.300166766741864,2025-02-21
25.52,28.77,6.43,3.58554534424864,2025-02-22
25.08,28.61,1.73,2.8436331609760117,2025-02-23
24.89,30.66,0.82,4.485677156066351,2025-02-24
25.63,30.79,4.22,4.197586039284506,2025-02-25
24.46,28.46,10.42,3.021322990943298,2025-02-26
24.45,31.05,6.28,4.225388284084405,2025-02-27
25.36,31.02,3.04,3.7076678933519673,2025-02-28
25.66,30.97,7.32,4.250489294526359,2025-03-01
25.89,31.57,0.12,4.4140736800961085,2025-03-02
26.26,31.33,0.26,4.399732867566383,2025-03-03
26.06,31.49,0.19,4.342259435458719,2025-03-04
26.31,30.65,0.32,4.1239899516776335,2025-03-05
26.01,31.5,0.36,4.718283498157704,2025-03-06
26.41,30.99,7.87,4.566383287533498,2025-03-07
26.61,29.71,15.14,4.113671174196747,2025-03-08
26.2,30.87,12.0,4.076313654463664,2025-03-09
26.48,30.55,9.09,4.345447861456422,2025-03-10
26.8,30.54,20.56,4.180004112011157,2025-03-11
26.75,30.36,1.62,4.171889826700872,2025-03-12
26.89,31.14,0.92,4.5541041385204535,2025-03-13
26.92,29.65,1.65,4.542931133299922,2025-03-14
26.69,29.86,0.64,4.327125685338862,2025-03-15
26.75,29.8,0.79,3.9155877379099886,2025-03-16
26.51,29.86,3.61,4.104093777426541,2025-03-17
26.35,30.45,2.89,4.879947110308847,2025-03-18
26.08,30.36,6.81,4.407953379010837,2025-03-19
26.26,29.08,9.47,3.4843755014205144,2025-03-20
25.71,30.21,1.31,4.470512371771117,2025-03-21
26.24,30.28,3.82,4.327583359811625,2025-03-22
25.74,29.88,2.94,4.228148346728993,2025-03-23
26.35,30.89,3.72,4.172303163218798,2025-03-24
26.16,30.52,6.11,4.21170833047249,2025-03-25
26.57,30.12,7.64,3.9217982946731014,2025-03-26
26.23,30.88,0.26,5.16549229224167,2025-03-27
26.77,30.23,0.76,4.843423903240584,2025-03-28
26.37,30.38,0.94,4.512951897692891,2025-03-29
26.51,30.58,1.9,4.446421859527795,2025-03-30
26.92,29.53,2.72,4.008765072723632,2025-03-31
26.51,30.78,5.0,4.329204373744441,2025-04-01
26.45,29.98,6.15,3.105155298413172,2025-04-02
25.87,30.62,5.46,4.551185001035911,2025-04-03
26.13,31.09,1.97,4.539149834059843,2025-04-04
26.76,30.1,3.86,4.602144669207105,2025-04-05
26.62,30.41,1.58,4.4141241183877415,2025-04-06
26.56,30.9,1.19,4.392863039315889,2025-04-07
27.11,30.64,3.75,4.469499562626591,2025-04-08
26.27,29.78,4.31,3.381449531638031,2025-04-09
26.05,29.37,2.96,3.90300581681298,2025-04-10
26.07,28.97,7.93,4.048290822043191,2025-04-11
26.06,29.28,4.62,4.0487485631026985,2025-04-12
26.61,29.8,3.85,4.134424197176486,2025-04-13
26.43,30.06,2.35,3.9057404351038856,2025-04-14
26.29,30.85,7.9,4.319113593474528,2025-04-15
26.56,30.19,3.24,4.492714909692982,2025-04-16
26.86,30.52,1.89,4.1462807377181425,2025-04-17
26.28,31.06,1.17,4.742919817708084,2025-04-18
26.45,30.25,3.14,4.287589352845754,2025-04-19
26.43,29.85,5.48,4.1299560740677945,2025-04-20
26.25,29.96,2.95,4.670889059817247,2025-04-21
26.68,29.49,5.62,4.295663073999708,2025-04-22
26.66,29.43,6.07,3.357719590680136,2025-04-23
25.77,31.14,2.61,4.43133591515771,2025-04-24
26.55,30.08,3.47,4.7003054167556595,2025-04-25
26.88,29.48,15.46,1.958746025231886,2025-04-26
26.41,29.28,5.84,2.664109421193649,2025-04-27
25.26,29.29,1.22,3.7304978430719395,2025-04-28
25.79,28.73,6.23,2.8818083946714674,2025-04-29
25.73,29.26,3.88,4.319880889396866,2025-04-30
25.67,30.09,2.04,3.724290305382662,2025-05-01
25.86,29.42,2.37,2.7331695763906443,2025-05-02
25.67,28.99,1.12,3.734109117346824,2025-05-03
26.26,30.21,2.53,4.204381477634241,2025-05-04
26.51,29.11,4.57,4.024236345300035,2025-05-05
26.41,30.01,2.73,4.3463673349887495,2025-05-06
26.1,29.58,2.24,4.070947313678239,2025-05-07
26.11,30.75,3.16,4.287206521808666,2025-05-08
26.19,29.94,4.36,4.187751076570145,2025-05-09
26.32,30.43,2.08,4.636505354217283,2025-05-10
26.07,30.91,0.47,4.9921242476091106,2025-05-11
26.49,28.92,0.87,4.497248427021718,2025-05-12
26.41,28.85,1.85,3.211579294038449,2025-05-13
25.84,30.47,1.08,4.950960758378623,2025-05-14
26.44,29.38,1.13,4.072366993120274,2025-05-15
26.41,29.37,3.39,4.204218724638407,2025-05-16
25.85,29.69,11.33,2.626588396728308,2025-05-17
25.51,29.09,7.16,2.2347248716863506,2025-05-18
25.05,30.04,3.06,4.677652785388508,2025-05-19
25.81,29.08,13.49,2.941223212936784,2025-05-20
25.28,29.65,2.9,3.217163417553525,2025-05-21
25.71,29.9,1.83,4.192182389152686,2025-05-22
26.28,28.99,11.4,3.568546043891342,2025-05-23
25.58,28.03,8.5,2.746416825792746,2025-05-24
24.6,29.71,0.25,4.409836878182014,2025-05-25
25.83,29.62,2.82,4.083520469650903,2025-05-26
26.11,28.73,8.12,3.5953315259806042,2025-05-27
25.8,28.83,12.74,2.653362857701114,2025-05-28
25.27,28.64,11.77,1.878764166983196,2025-05-29
24.88,29.24,0.41,4.237126392444997,2025-05-30
25.48,30.16,4.19,4.431598284460787,2025-05-31
26.03,28.8,9.1,3.913212303839666,2025-06-01
26.24,28.69,5.76,3.253055498619103,2025-06-02
25.02,29.57,11.87,4.107498999003887,2025-06-03
24.35,27.6,18.13,3.5028665246313433,2025-06-04
25.44,29.75,4.7,4.1785773103443455,2025-06-05
25.53,28.89,8.6,3.8250864280703003,2025-06-06
25.44,28.11,9.34,1.9663815622393377,2025-06-07
25.21,28.94,4.66,4.251925835355747,2025-06-08
25.66,29.3,3.82,3.85383614298124,2025-06-09
25.82,28.71,7.67,3.632410499263381,2025-06-10
25.66,28.62,10.66,2.569670502379597,2025-06-11
25.27,28.96,4.87,4.132305791161642,2025-06-12
25.43,29.86,14.49,3.5739531015511385,2025-06-13
25.05,28.78,20.52,1.8847437617657943,2025-06-14
24.53,28.91,2.61,3.9932662826174705,2025-06-15
24.8,27.68,0.76,3.251517321633533,2025-06-16
25.02,28.21,3.73,3.2722902768136963,2025-06-17
25.05,28.02,10.89,3.6213398567075332,2025-06-18
24.77,29.05,0.83,3.40020382571631,2025-06-19
25.36,29.09,7.34,3.9652412339279017,2025-06-20
25.32,27.57,18.83,2.9925295795575204,2025-06-21
24.73,28.26,10.26,2.491418232440787,2025-06-22
24.88,29.02,7.86,3.5179953040982994,2025-06-23
25.03,27.96,6.98,3.4002994305529692,2025-06-24
25.25,27.95,12.41,3.8089194116481746,2025-06-25
24.59,27.24,13.32,1.729688921318027,2025-06-26
24.26,27.5,4.78,2.8500237265413753,2025-06-27
24.53,28.45,3.27,3.487875460680867,2025-06-28
24.67,28.47,2.6,3.2864096305427055,2025-06-29
24.93,28.73,1.77,3.5109753716361745,2025-06-30
24.78,28.26,1.77,3.547648592085502,2025-07-01
24.5,28.61,1.33,3.7161632209693707,2025-07-02
24.64,27.45,8.77,3.002269483324922,2025-07-03
24.44,26.1,8.94,2.3033319154862433,2025-07-04
24.04,27.8,2.39,3.152154123716865,2025-07-05
24.06,27.05,12.79,3.3594266784072175,2025-07-06
24.13,27.56,6.01,2.816404867840055,2025-07-07
24.02,26.86,17.53,2.2320101985638847,2025-07-08
23.72,26.64,4.15,2.671277235235206,2025-07-09
23.7,27.33,2.45,3.174306402499589,2025-07-10
23.56,27.51,5.67,3.4234070148519105,2025-07-11
23.46,26.44,2.85,3.039469253952427,2025-07-12
22.56,26.97,0.96,3.5050628444757503,2025-07-13
21.77,27.23,0.08,4.030793460408493,2025-07-14
21.93,28.07,0.03,4.349290787606009,2025-07-15
23.26,27.42,0.13,2.631372782461566,2025-07-16
23.0,27.45,0.26,3.341718282860303,2025-07-17
22.72,27.8,0.11,3.676463687936224,2025-07-18
22.25,28.12,0.14,3.794541881226495,2025-07-19
22.9,27.64,0.74,2.7687707682015374,2025-07-20
23.32,27.31,0.79,2.923577871077646,2025-07-21
23.75,26.68,2.62,2.7223881492767776,2025-07-22
23.49,27.83,0.87,3.044533960524731,2025-07-23
23.26,27.9,0.38,3.848947300050407,2025-07-24
22.79,27.69,0.72,3.024029033559506,2025-07-25
22.75,27.03,0.58,3.491462424236737,2025-07-26
23.05,27.05,3.2,2.999666198490087,2025-07-27
23.01,27.66,2.3,2.684445560134118,2025-07-28
23.08,27.88,1.53,2.6991444844820824,2025-07-29
23.09,27.64,1.55,2.954997218289999,2025-07-30
23.49,27.36,1.31,2.427264949000682,2025-07-31
23.48,27.12,1.62,3.231498961137867,2025-08-01
23.04,28.02,1.41,3.771190880714404,2025-08-02
23.44,27.17,5.8,3.187118742307631,2025-08-03
23.75,25.83,13.08,2.1620220848255354,2025-08-04
23.5,26.59,7.93,2.3497823224477203,2025-08-05
23.06,27.37,3.79,2.62560557541483,2025-08-06
23.27,25.22,10.71,2.2900979776674846,2025-08-07
23.38,25.91,3.56,2.5706954245484996,2025-08-08
23.03,26.95,0.72,3.231408726528656,2025-08-09
22.43,27.82,0.24,3.7252817297758796,2025-08-10
22.8,27.43,0.58,3.7445904038988953,2025-08-11
23.32,27.67,0.95,3.247554440043023,2025-08-12
23.05,27.27,1.18,3.106146657266458,2025-08-13
22.9,27.02,2.23,3.14429099191039,2025-08-14
22.4,27.65,1.63,3.5097700362371227,2025-08-15
22.8,27.08,4.76,2.741572154553563,2025-08-16
23.14,27.05,2.12,3.281801798634694,2025-08-17
22.6,27.48,1.23,3.2303225970486857,2025-08-18
22.24,27.38,1.21,3.2883369987129583,2025-08-19
22.31,27.82,0.97,3.6398932618018818,2025-08-20
23.01,26.49,1.49,2.8574290631505117,2025-08-21
23.04,26.93,0.38,3.0373208388042534,2025-08-22
23.02,27.52,2.83,2.8562391438486845,2025-08-23
23.01,27.83,0.24,3.294722899036308,2025-08-24
22.86,27.72,0.18,3.4967061343126726,2025-08-25
23.1,27.01,0.28,2.925068269190019,2025-08-26
22.81,27.39,0.24,3.1021247199087103,2025-08-27
22.45,28.25,0.13,3.885162803551731,2025-08-28
22.5,27.82,1.13,3.3075411211243284,2025-08-29
23.17,27.27,3.49,2.8773638979498948,2025-08-30
22.5,27.63,0.44,3.704325964515902,2025-08-31
22.17,28.04,0.22,3.850914295460796,2025-09-01
22.77,29.02,0.17,4.015055056091303,2025-09-02
23.71,27.77,0.45,3.498334648632065,2025-09-03
23.13,28.04,0.08,4.087480788304478,2025-09-04
22.48,28.82,0.04,4.237875156056204,2025-09-05
23.14,28.71,0.13,4.237429081754626,2025-09-06
23.78,28.48,0.24,3.3815176629466266,2025-09-07
24.06,28.03,5.58,3.050119330105173,2025-09-08
24.02,27.73,7.89,3.4265861230254444,2025-09-09
23.82,28.71,1.98,3.2802632445407576,2025-09-10
23.88,28.16,3.92,3.409558910815774,2025-09-11
24.16,27.2,17.75,2.1286520838336513,2025-09-12
23.93,26.72,9.34,2.743115940356346,2025-09-13
23.29,28.76,4.41,3.578875507780399,2025-09-14
23.63,28.51,7.09,3.396077819809686,2025-09-15
24.22,26.56,14.61,2.3152862294745096,2025-09-16
23.8,27.64,3.19,3.233941959246403,2025-09-17
24.08,26.73,15.73,2.722207500159383,2025-09-18
23.97,27.86,1.92,3.152044128889218,2025-09-19
23.6,28.26,7.12,3.422013798945221,2025-09-20
24.01,27.9,3.34,3.2975105402010287,2025-09-21
23.95,28.21,12.84,2.82297181758942,2025-09-22
23.8,28.42,8.85,2.579683895611371,2025-09-23
24.27,27.11,5.82,2.15801815021128,2025-09-24
23.77,27.71,1.16,3.7611881466631107,2025-09-25
24.3,28.29,4.7,3.51424453205231,2025-09-26
24.49,28.45,5.93,3.6101174451018814,2025-09-27
24.27,28.49,4.85,3.365007002112552,2025-09-28
24.53,28.33,4.83,3.358279605927978,2025-09-29
24.63,27.67,7.51,2.367257156558284,2025-09-30
24.03,26.48,7.59,2.0555366478660235,2025-10-01
23.55,28.58,2.03,3.7737650862162178,2025-10-02
24.31,28.7,3.35,3.613683495178838,2025-10-03
24.32,28.71,7.35,3.766133475268951,2025-10-04
24.44,28.51,10.6,2.452341747977047,2025-10-05
24.36,28.28,3.86,3.364303401596017,2025-10-06
24.19,27.55,14.54,1.5775345990237248,2025-10-07
24.08,26.67,3.01,2.561749695629648,2025-10-08
23.65,28.91,1.32,3.9835966508801164,2025-10-09
23.95,28.86,8.69,3.8024166942264954,2025-10-10
24.21,27.92,4.2,3.184681802251151,2025-10-11
24.04,29.31,7.43,2.570449517384955,2025-10-12
23.98,28.83,4.24,3.8513987289556684,2025-10-13
24.45,27.89,6.09,3.210347501245942,2025-10-14
24.29,28.02,3.86,3.540983664043575,2025-10-15
23.98,28.24,4.07,3.9755141807109333,2025-10-16
24.35,28.57,3.66,3.7049281542743233,2025-10-17
24.85,29.41,2.12,3.548362256598548,2025-10-18
24.96,28.47,6.32,3.6918640683248887,2025-10-19
24.91,29.14,3.94,4.105451021155903,2025-10-20
24.21,30.3,1.16,4.48880623333271,2025-10-21
24.95,29.61,4.69,3.995232912212524,2025-10-22
25.26,28.38,7.35,3.6268499308162827,2025-10-23
25.27,28.58,7.81,3.624046201978514,2025-10-24
25.06,28.38,3.13,3.9471447243161903,2025-10-25
24.9,29.66,4.56,3.880506912123479,2025-10-26
25.08,29.91,3.52,4.082021976429196,2025-10-27
25.42,29.13,11.85,3.438542432947577,2025-10-28
25.15,28.14,9.65,3.0890033600025437,2025-10-29
24.43,29.53,0.72,3.3483787197387573,2025-10-30
24.89,27.74,3.45,2.686291863179071,2025-10-31
24.52,30.45,3.44,4.202360880541971,2025-11-01
24.5,30.2,5.77,4.294394858444127,2025-11-02
24.93,28.95,10.75,2.5053630334865455,2025-11-03
25.02,28.75,7.78,3.9223693786876104,2025-11-04
24.71,28.52,9.58,3.6847525763331346,2025-11-05
24.95,28.26,7.71,3.0332646812184234,2025-11-06
24.85,28.48,1.58,2.9624617566639606,2025-11-07
24.58,29.14,0.39,3.9362942617440226,2025-11-08
24.88,29.32,0.78,3.5045884451654286,2025-11-09
24.97,29.61,0.3,4.076870886729971,2025-11-10
24.64,30.02,0.25,4.066899252479079,2025-11-11
25.02,29.64,3.19,3.828633367885014,2025-11-12
24.87,29.51,8.57,3.1235937416617463,2025-11-13
24.98,30.45,3.62,4.30140575858771,2025-11-14
25.02,29.57,2.76,3.413181700980511,2025-11-15
24.84,30.07,2.1,3.6832971387911706,2025-11-16
25.08,30.7,0.12,4.130387072172544,2025-11-17
24.79,30.77,0.12,3.4719548377825493,2025-11-18
25.4,30.66,0.37,4.247488513457028,2025-11-19
25.03,30.45,0.2,4.062452904814401,2025-11-20
24.88,30.68,0.33,4.056551791846594,2025-11-21
25.2,30.47,4.93,3.7216927201609162,2025-11-22
25.19,29.75,2.65,3.925401608011967,2025-11-23
24.9,30.97,1.71,4.291285098985077,2025-11-24
24.77,31.28,0.85,4.353297675884108,2025-11-25
25.07,31.1,1.47,4.170135667013545,2025-11-26
25.57,30.63,2.67,3.8723302252154035,2025-11-27
25.7,30.23,0.94,3.7293962376180243,2025-11-28
25.47,30.14,2.28,3.937941110827924,2025-11-29
25.08,30.3,2.0,4.028390824932552,2025-11-30
25.52,29.42,1.82,3.6687576582713386,2025-12-01
25.27,29.78,2.42,3.857979107222357,2025-12-02
25.7,29.95,3.1,3.5701335384126747,2025-12-03
25.77,28.78,1.88,3.1304504597964464,2025-12-04
25.34,30.0,1.14,3.5456270600161486,2025-12-05
25.05,29.14,0.72,3.598228780667,2025-12-06
25.1,30.52,2.02,3.9488058429751116,2025-12-07
25.35,29.02,3.27,2.7305757504115804,2025-12-08
24.89,29.02,1.91,3.3439266840725725,2025-12-09
25.23,28.29,1.79,3.601391524863385,2025-12-10
25.07,28.17,1.99,2.5006357700508652,2025-12-11
24.7,29.25,0.99,3.7177337138609206,2025-12-12
25.12,29.19,2.97,3.5446675913763976,2025-12-13
24.97,29.35,1.8,3.6058020841925753,2025-12-14
25.47,29.65,0.82,3.4533990958179537,2025-12-15
25.29,29.89,0.72,3.4865691798959846,2025-12-16
24.89,29.85,2.32,3.783762553742348,2025-12-17
24.82,30.45,3.85,3.964711653735599,2025-12-18
25.47,30.18,3.94,3.5489103264104926,2025-12-19
25.44,30.57,4.58,4.041878919133488,2025-12-20
25.51,28.8,6.3,3.482727944753495,2025-12-21
25.58,30.65,0.08,4.106248710943015,2025-12-22
25.21,29.82,0.05,3.9868507833096976,2025-12-23
25.2,28.91,0.07,3.7640702280115708,2025-12-24
24.9,30.83,0.07,3.9878309694089555,2025-12-25
25.35,30.34,0.11,3.649228619664421,2025-12-26
25.52,29.12,0.5,2.977608991559276,2025-12-27
25.31,30.64,0.5,3.547245034725867,2025-12-28
25.48,30.0,0.51,3.89479652326372,2025-12-29
25.25,30.16,0.86,3.8964755760278664,2025-12-30
25.29,30.53,0.36,3.9841522418393502,2025-12-31
