MinTemp,MaxTemp,Precipitation,ReferenceET,Date
15.22,31.36,0.0,,1981-01-01
13.83,30.57,0.0,,1981-01-02
12.84,28.05,0.0,,1981-01-03
12.43,28.02,0.0,,1981-01-04
12.11,28.5,0.0,,1981-01-05
12.03,28.97,0.0,,1981-01-06
12.04,29.39,0.0,,1981-01-07
12.62,29.66,0.0,,1981-01-08
12.37,30.46,0.0,,1981-01-09
12.4,30.79,0.0,,1981-01-10
12.72,30.1,0.0,,1981-01-11
12.87,31.22,0.0,,1981-01-12
12.91,31.99,0.0,,1981-01-13
15.93,33.46,0.0,,1981-01-14
16.39,32.54,0.0,,1981-01-15
15.31,30.93,0.0,,1981-01-16
14.41,31.35,0.0,,1981-01-17
14.64,32.11,0.0,,1981-01-18
13.92,31.58,0.0,,1981-01-19
13.86,32.0,0.0,,1981-01-20
14.13,31.05,0.0,,1981-01-21
13.23,30.79,0.0,,1981-01-22
12.24,30.84,0.0,,1981-01-23
13.57,30.35,0.0,,1981-01-24
12.43,30.69,0.0,,1981-01-25
14.04,30.29,0.0,,1981-01-26
15.1,30.41,0.0,,1981-01-27
13.74,30.34,0.0,,1981-01-28
13.94,31.11,0.0,,1981-01-29
13.81,31.34,0.0,,1981-01-30
14.02,31.63,0.0,,1981-01-31
15.65,32.24,0.0,,1981-02-01
14.91,32.41,0.0,,1981-02-02
16.37,33.75,0.0,,1981-02-03
17.26,33.85,0.0,,1981-02-04
18.16,35.59,0.0,,1981-02-05
18.3,35.88,0.0,,1981-02-06
17.57,35.83,0.0,,1981-02-07
17.82,34.37,0.0,,1981-02-08
16.54,31.67,0.0,,1981-02-09
14.29,30.66,0.0,,1981-02-10
15.28,31.5,0.0,,1981-02-11
15.44,33.12,0.0,,1981-02-12
17.06,35.81,0.0,,1981-02-13
20.28,37.23,0.0,,1981-02-14
19.25,37.32,0.0,,1981-02-15
18.1,37.57,0.0,,1981-02-16
18.44,37.99,0.0,,1981-02-17
19.14,37.25,0.0,,1981-02-18
18.67,36.15,0.0,,1981-02-19
17.24,36.83,0.0,,1981-02-20
17.9,37.49,0.0,,1981-02-21
17.44,34.98,0.0,,1981-02-22
17.21,34.91,0.0,,1981-02-23
16.66,35.37,0.0,,1981-02-24
18.82,36.73,0.0,,1981-02-25
19.45,37.14,0.0,,1981-02-26
18.39,36.73,0.0,,1981-02-27
18.39,37.68,0.0,,1981-02-28
20.31,38.8,0.0,,1981-03-01
21.62,39.89,0.0,,1981-03-02
21.96,40.62,0.0,,1981-03-03
20.07,39.26,0.0,,1981-03-04
23.85,39.57,0.03,,1981-03-05
24.47,38.58,0.06,,1981-03-06
24.1,38.97,0.0,,1981-03-07
20.56,40.34,0.0,,1981-03-08
22.35,38.62,0.0,,1981-03-09
23.38,35.23,0.01,,1981-03-10
21.49,33.53,0.0,,1981-03-11
21.38,33.23,0.0,,1981-03-12
20.24,32.41,0.0,,1981-03-13
18.84,34.85,0.0,,1981-03-14
20.08,37.55,0.0,,1981-03-15
23.71,38.16,0.0,,1981-03-16
25.5,38.38,0.0,,1981-03-17
23.95,39.73,0.0,,1981-03-18
23.78,37.83,0.0,,1981-03-19
22.64,39.37,0.0,,1981-03-20
22.97,40.7,0.0,,1981-03-21
24.19,38.54,0.0,,1981-03-22
23.76,39.61,0.0,,1981-03-23
23.09,39.51,0.0,,1981-03-24
23.43,39.41,0.0,,1981-03-25
26.17,38.51,0.06,,1981-03-26
25.08,37.55,0.05,,1981-03-27
23.9,39.81,0.0,,1981-03-28
23.3,40.28,0.0,,1981-03-29
22.25,40.66,0.0,,1981-03-30
21.66,40.52,0.14,,1981-03-31
21.88,39.94,0.0,,1981-04-01
20.51,39.96,0.0,,1981-04-02
22.71,40.49,0.0,,1981-04-03
24.3,40.53,0.0,,1981-04-04
24.64,40.09,0.0,,1981-04-05
26.28,39.76,0.01,,1981-04-06
26.23,40.72,0.01,,1981-04-07
26.04,41.43,0.0,,1981-04-08
23.0,40.81,0.0,,1981-04-09
23.56,39.92,0.0,,1981-04-10
21.36,40.27,0.0,,1981-04-11
21.55,38.1,0.0,,1981-04-12
24.62,40.51,0.0,,1981-04-13
21.95,41.03,0.0,,1981-04-14
22.43,42.07,0.0,,1981-04-15
23.52,42.5,0.09,,1981-04-16
26.84,39.6,0.78,,1981-04-17
27.16,40.66,0.83,,1981-04-18
27.61,41.98,0.16,,1981-04-19
30.15,42.52,0.06,,1981-04-20
28.15,41.45,0.7,,1981-04-21
28.01,36.8,1.48,,1981-04-22
26.83,37.97,1.73,,1981-04-23
26.91,39.35,0.0,,1981-04-24
25.72,41.03,0.0,,1981-04-25
26.38,42.13,0.0,,1981-04-26
26.38,39.23,0.03,,1981-04-27
27.37,36.78,0.02,,1981-04-28
28.4,37.69,0.27,,1981-04-29
28.25,38.02,0.07,,1981-04-30
26.7,34.61,1.98,,1981-05-01
26.14,35.96,1.93,,1981-05-02
25.77,35.8,0.3,,1981-05-03
26.91,38.23,0.0,,1981-05-04
26.44,33.73,1.71,,1981-05-05
24.86,33.38,0.22,,1981-05-06
25.94,38.35,0.64,,1981-05-07
26.38,38.5,0.42,,1981-05-08
26.59,37.01,0.33,,1981-05-09
26.98,37.14,0.08,,1981-05-10
26.06,38.43,0.91,,1981-05-11
27.28,40.33,0.05,,1981-05-12
26.84,40.02,0.25,,1981-05-13
26.8,35.9,0.12,,1981-05-14
26.8,38.28,0.14,,1981-05-15
28.02,39.21,0.89,,1981-05-16
27.06,38.35,0.12,,1981-05-17
27.73,35.7,0.51,,1981-05-18
27.81,36.67,0.14,,1981-05-19
27.43,41.11,0.17,,1981-05-20
27.46,42.28,0.04,,1981-05-21
27.82,39.34,0.03,,1981-05-22
27.65,38.14,0.13,,1981-05-23
27.87,38.6,0.19,,1981-05-24
28.66,39.66,0.2,,1981-05-25
27.54,34.72,21.36,,1981-05-26
26.11,34.23,0.91,,1981-05-27
26.15,36.18,10.43,,1981-05-28
25.49,35.07,9.22,,1981-05-29
25.16,33.97,14.34,,1981-05-30
25.49,36.15,0.03,,1981-05-31
25.64,39.58,0.25,,1981-06-01
25.86,41.15,0.25,,1981-06-02
27.49,41.25,0.17,,1981-06-03
27.24,40.87,0.46,,1981-06-04
27.91,40.93,0.0,,1981-06-05
27.79,42.1,0.0,,1981-06-06
27.08,41.03,0.0,,1981-06-07
28.1,38.24,0.0,,1981-06-08
27.52,38.44,0.0,,1981-06-09
27.47,39.27,1.19,,1981-06-10
26.43,36.31,0.42,,1981-06-11
25.91,35.44,0.07,,1981-06-12
27.7,39.74,0.36,,1981-06-13
27.33,39.47,0.45,,1981-06-14
27.16,35.69,1.02,,1981-06-15
25.51,35.79,1.71,,1981-06-16
27.15,34.7,0.65,,1981-06-17
26.86,35.62,1.87,,1981-06-18
26.13,34.98,1.03,,1981-06-19
26.67,34.73,7.87,,1981-06-20
25.24,32.38,3.93,,1981-06-21
24.51,32.07,5.32,,1981-06-22
25.02,31.18,1.85,,1981-06-23
23.8,35.12,3.78,,1981-06-24
24.62,35.25,1.52,,1981-06-25
25.37,37.84,2.05,,1981-06-26
25.76,35.15,0.52,,1981-06-27
25.05,37.1,1.19,,1981-06-28
25.27,34.05,2.26,,1981-06-29
24.74,36.03,2.37,,1981-06-30
25.67,35.58,9.52,,1981-07-01
24.63,36.21,2.0,,1981-07-02
23.96,34.58,1.4,,1981-07-03
25.17,36.43,2.17,,1981-07-04
25.57,33.83,13.19,,1981-07-05
23.17,32.88,12.44,,1981-07-06
23.78,34.82,7.25,,1981-07-07
24.16,34.12,1.45,,1981-07-08
24.14,33.93,7.31,,1981-07-09
23.63,33.01,2.81,,1981-07-10
23.76,32.81,2.14,,1981-07-11
22.52,34.57,3.17,,1981-07-12
24.37,35.47,4.59,,1981-07-13
24.9,33.66,11.51,,1981-07-14
23.51,33.29,2.76,,1981-07-15
24.06,34.72,4.14,,1981-07-16
24.43,31.21,2.87,,1981-07-17
23.49,32.65,6.79,,1981-07-18
23.81,33.95,1.88,,1981-07-19
24.34,33.73,4.22,,1981-07-20
24.16,32.52,4.78,,1981-07-21
23.86,31.29,1.48,,1981-07-22
23.59,31.57,7.65,,1981-07-23
23.9,30.02,5.51,,1981-07-24
23.0,32.93,6.59,,1981-07-25
23.04,30.84,0.82,,1981-07-26
22.41,32.42,3.11,,1981-07-27
23.92,31.53,9.68,,1981-07-28
23.62,29.19,4.18,,1981-07-29
22.26,32.43,3.96,,1981-07-30
22.45,31.31,1.01,,1981-07-31
22.96,34.55,0.84,,1981-08-01
23.58,32.58,1.25,,1981-08-02
23.14,34.26,1.62,,1981-08-03
24.52,33.28,1.37,,1981-08-04
23.99,33.91,1.6,,1981-08-05
23.76,32.9,0.98,,1981-08-06
23.55,35.97,0.3,,1981-08-07
23.8,35.35,1.51,,1981-08-08
24.63,37.16,1.23,,1981-08-09
25.19,32.03,2.32,,1981-08-10
24.58,29.79,5.16,,1981-08-11
23.06,33.06,1.19,,1981-08-12
23.87,31.43,2.44,,1981-08-13
23.49,31.94,8.25,,1981-08-14
23.88,33.8,6.17,,1981-08-15
24.5,32.76,10.64,,1981-08-16
23.09,33.14,12.98,,1981-08-17
23.37,29.82,9.61,,1981-08-18
23.51,30.03,1.95,,1981-08-19
23.75,31.61,3.14,,1981-08-20
21.84,33.2,0.97,,1981-08-21
22.47,32.05,8.67,,1981-08-22
21.91,31.44,9.6,,1981-08-23
22.78,32.15,2.43,,1981-08-24
22.92,31.92,1.33,,1981-08-25
21.91,32.61,2.06,,1981-08-26
23.75,32.54,3.27,,1981-08-27
22.84,31.19,3.01,,1981-08-28
22.74,28.79,3.59,,1981-08-29
21.39,31.21,3.29,,1981-08-30
23.35,32.3,1.35,,1981-08-31
23.17,33.15,1.97,,1981-09-01
23.65,30.64,0.73,,1981-09-02
22.65,33.18,9.87,,1981-09-03
22.98,31.42,7.79,,1981-09-04
22.4,30.31,4.19,,1981-09-05
21.76,32.9,6.48,,1981-09-06
23.16,28.84,0.95,,1981-09-07
22.97,30.59,3.85,,1981-09-08
22.08,30.83,4.03,,1981-09-09
23.13,30.05,5.04,,1981-09-10
21.39,33.87,2.14,,1981-09-11
22.55,32.46,4.47,,1981-09-12
23.65,31.76,0.19,,1981-09-13
23.7,29.8,0.59,,1981-09-14
23.12,33.89,4.18,,1981-09-15
23.27,29.36,0.85,,1981-09-16
22.59,33.69,1.51,,1981-09-17
23.23,33.35,0.99,,1981-09-18
23.83,33.61,0.33,,1981-09-19
23.48,30.32,0.74,,1981-09-20
22.84,34.25,0.4,,1981-09-21
22.87,35.75,1.39,,1981-09-22
23.64,34.51,10.15,,1981-09-23
24.36,30.71,1.58,,1981-09-24
23.24,31.72,8.08,,1981-09-25
21.69,34.2,0.85,,1981-09-26
22.99,34.56,1.4,,1981-09-27
23.6,34.22,0.74,,1981-09-28
23.84,35.44,1.92,,1981-09-29
22.94,35.93,0.53,,1981-09-30
22.58,36.63,5.86,,1981-10-01
23.34,32.71,3.37,,1981-10-02
23.92,32.48,0.0,,1981-10-03
22.68,35.29,0.0,,1981-10-04
23.48,36.78,0.0,,1981-10-05
22.84,36.77,0.0,,1981-10-06
23.33,32.32,0.0,,1981-10-07
22.65,36.34,0.26,,1981-10-08
23.63,35.36,1.54,,1981-10-09
23.45,35.44,0.04,,1981-10-10
23.73,36.22,0.59,,1981-10-11
24.7,33.16,0.16,,1981-10-12
24.28,34.8,0.0,,1981-10-13
23.65,36.13,0.0,,1981-10-14
23.0,37.02,0.0,,1981-10-15
21.81,37.27,0.0,,1981-10-16
21.54,37.08,0.0,,1981-10-17
21.59,37.17,0.01,,1981-10-18
21.77,37.42,0.0,,1981-10-19
20.74,37.23,0.0,,1981-10-20
20.65,36.85,0.05,,1981-10-21
20.6,37.35,0.03,,1981-10-22
21.2,37.71,0.16,,1981-10-23
23.43,37.89,0.19,,1981-10-24
23.38,38.63,0.14,,1981-10-25
23.99,37.21,0.26,,1981-10-26
23.81,37.0,0.18,,1981-10-27
23.94,38.26,0.0,,1981-10-28
21.43,36.36,0.0,,1981-10-29
21.28,37.37,0.0,,1981-10-30
22.84,37.27,0.0,,1981-10-31
21.83,37.0,0.0,,1981-11-01
20.95,36.45,0.0,,1981-11-02
21.47,36.24,0.0,,1981-11-03
19.39,35.88,0.0,,1981-11-04
19.78,33.84,0.03,,1981-11-05
18.98,33.35,0.0,,1981-11-06
19.11,35.39,0.0,,1981-11-07
19.13,35.13,0.0,,1981-11-08
18.62,34.46,0.0,,1981-11-09
18.97,34.66,0.0,,1981-11-10
19.54,34.9,0.0,,1981-11-11
18.59,35.31,0.0,,1981-11-12
17.59,34.97,0.0,,1981-11-13
18.48,33.84,0.0,,1981-11-14
19.58,33.76,0.0,,1981-11-15
17.55,34.77,0.0,,1981-11-16
16.63,34.11,0.0,,1981-11-17
15.68,33.84,0.0,,1981-11-18
17.74,33.73,0.0,,1981-11-19
17.29,33.47,0.0,,1981-11-20
16.82,32.09,0.0,,1981-11-21
15.35,30.82,0.0,,1981-11-22
14.64,30.0,0.0,,1981-11-23
15.69,30.49,0.0,,1981-11-24
16.66,31.19,0.0,,1981-11-25
17.01,31.62,0.0,,1981-11-26
16.42,33.35,0.0,,1981-11-27
16.9,31.36,0.0,,1981-11-28
17.68,27.58,0.0,,1981-11-29
15.6,33.21,0.0,,1981-11-30
15.75,33.1,0.0,,1981-12-01
14.77,32.97,0.0,,1981-12-02
16.18,32.75,0.0,,1981-12-03
15.13,32.39,0.0,,1981-12-04
14.76,32.14,0.0,,1981-12-05
14.31,33.02,0.0,,1981-12-06
15.62,33.99,0.0,,1981-12-07
17.73,33.41,0.0,,1981-12-08
17.9,34.26,0.0,,1981-12-09
18.33,35.0,0.0,,1981-12-10
18.58,35.02,0.0,,1981-12-11
16.03,33.87,0.0,,1981-12-12
14.93,32.98,0.0,,1981-12-13
14.46,31.68,0.0,,1981-12-14
15.38,32.58,0.0,,1981-12-15
14.93,33.77,0.0,,1981-12-16
15.73,32.95,0.0,,1981-12-17
15.57,33.04,0.0,,1981-12-18
15.42,33.81,0.0,,1981-12-19
17.3,30.83,0.0,,1981-12-20
15.55,33.33,0.0,,1981-12-21
15.4,32.99,0.0,,1981-12-22
14.95,33.74,0.0,,1981-12-23
15.0,33.72,0.0,,1981-12-24
15.34,33.75,0.0,,1981-12-25
16.34,34.33,0.0,,1981-12-26
16.6,33.81,0.0,,1981-12-27
16.58,33.35,0.0,,1981-12-28
16.02,34.5,0.0,,1981-12-29
17.72,35.3,0.0,,1981-12-30
16.25,34.26,0.0,,1981-12-31
15.55,33.7,0.0,,1982-01-01
15.55,34.12,0.0,,1982-01-02
16.55,34.11,0.0,,1982-01-03
14.98,32.38,0.0,,1982-01-04
13.8,30.65,0.0,,1982-01-05
12.26,29.91,0.0,,1982-01-06
11.93,29.61,0.0,,1982-01-07
12.43,29.91,0.0,,1982-01-08
11.77,29.68,0.0,,1982-01-09
11.66,29.73,0.0,,1982-01-10
11.82,31.09,0.0,,1982-01-11
14.96,33.12,0.0,,1982-01-12
17.86,35.59,0.0,,1982-01-13
20.71,35.74,0.0,,1982-01-14
20.31,36.39,0.0,,1982-01-15
18.8,35.14,0.0,,1982-01-16
18.33,35.25,0.0,,1982-01-17
19.2,35.25,0.0,,1982-01-18
19.14,35.66,0.0,,1982-01-19
18.36,32.81,0.0,,1982-01-20
16.59,26.77,0.0,,1982-01-21
16.28,24.81,0.49,,1982-01-22
13.44,28.86,3.91,,1982-01-23
12.24,27.83,0.24,,1982-01-24
11.16,28.56,0.0,,1982-01-25
12.47,30.43,0.0,,1982-01-26
15.04,30.63,0.0,,1982-01-27
13.8,30.9,0.0,,1982-01-28
12.98,31.4,0.0,,1982-01-29
13.68,31.95,0.0,,1982-01-30
13.95,31.06,0.0,,1982-01-31
13.53,31.55,0.0,,1982-02-01
13.78,33.5,0.0,,1982-02-02
15.91,35.33,0.0,,1982-02-03
17.63,35.85,0.0,,1982-02-04
16.35,34.48,0.0,,1982-02-05
15.74,32.75,0.0,,1982-02-06
14.7,30.03,0.0,,1982-02-07
13.42,28.97,0.0,,1982-02-08
13.33,29.89,0.0,,1982-02-09
13.53,31.06,0.0,,1982-02-10
16.35,32.2,0.0,,1982-02-11
16.06,34.38,0.0,,1982-02-12
17.48,35.25,0.0,,1982-02-13
17.8,36.44,0.0,,1982-02-14
18.91,36.26,0.0,,1982-02-15
19.01,36.3,0.21,,1982-02-16
24.5,32.33,0.28,,1982-02-17
22.74,32.88,0.46,,1982-02-18
24.28,35.61,1.13,,1982-02-19
23.58,35.5,0.02,,1982-02-20
22.66,33.74,0.0,,1982-02-21
21.12,34.11,0.0,,1982-02-22
22.15,34.93,0.0,,1982-02-23
21.09,33.69,0.0,,1982-02-24
21.23,36.27,0.05,,1982-02-25
20.08,35.59,0.0,,1982-02-26
19.0,35.46,0.0,,1982-02-27
17.36,35.7,0.0,,1982-02-28
17.67,35.6,0.0,,1982-03-01
17.5,34.45,0.0,,1982-03-02
17.59,32.57,0.0,,1982-03-03
16.4,32.1,0.0,,1982-03-04
15.18,33.49,0.0,,1982-03-05
15.82,34.79,0.0,,1982-03-06
17.29,36.1,0.0,,1982-03-07
18.5,37.03,0.0,,1982-03-08
19.7,37.91,0.0,,1982-03-09
21.33,39.02,0.32,,1982-03-10
23.4,35.83,0.38,,1982-03-11
24.74,36.14,0.91,,1982-03-12
25.36,36.61,0.0,,1982-03-13
24.69,39.49,0.0,,1982-03-14
23.68,39.45,0.0,,1982-03-15
22.89,39.75,0.0,,1982-03-16
23.55,39.92,0.07,,1982-03-17
25.0,37.03,0.25,,1982-03-18
27.07,36.55,0.0,,1982-03-19
26.41,38.12,0.0,,1982-03-20
23.82,32.43,0.0,,1982-03-21
23.12,30.45,0.0,,1982-03-22
22.94,36.72,0.0,,1982-03-23
23.35,37.83,0.0,,1982-03-24
22.39,39.05,0.0,,1982-03-25
22.69,40.7,0.02,,1982-03-26
25.28,41.12,0.0,,1982-03-27
27.43,40.88,0.06,,1982-03-28
28.13,38.6,0.07,,1982-03-29
25.55,39.94,0.0,,1982-03-30
24.1,39.99,0.0,,1982-03-31
23.85,40.38,0.0,,1982-04-01
22.41,40.73,0.0,,1982-04-02
23.68,40.81,0.0,,1982-04-03
22.2,41.52,0.0,,1982-04-04
22.53,41.2,0.0,,1982-04-05
25.69,39.11,0.0,,1982-04-06
26.94,39.12,0.0,,1982-04-07
25.89,41.25,0.0,,1982-04-08
23.16,40.72,0.0,,1982-04-09
24.79,40.11,0.0,,1982-04-10
25.56,39.52,0.01,,1982-04-11
24.94,41.04,0.0,,1982-04-12
25.04,39.54,0.4,,1982-04-13
27.59,40.43,0.01,,1982-04-14
28.72,34.62,1.09,,1982-04-15
26.76,39.71,0.0,,1982-04-16
25.88,41.34,0.01,,1982-04-17
26.8,39.14,0.0,,1982-04-18
25.1,39.72,0.0,,1982-04-19
25.9,40.85,0.1,,1982-04-20
28.84,37.83,0.08,,1982-04-21
28.78,37.11,0.02,,1982-04-22
27.16,40.11,0.04,,1982-04-23
29.15,40.11,0.1,,1982-04-24
28.1,34.57,0.09,,1982-04-25
27.34,36.11,1.78,,1982-04-26
26.96,37.25,2.67,,1982-04-27
26.68,39.17,0.43,,1982-04-28
26.27,40.57,0.02,,1982-04-29
24.63,39.93,0.0,,1982-04-30
25.54,39.68,0.55,,1982-05-01
27.54,36.98,0.47,,1982-05-02
25.84,38.5,0.17,,1982-05-03
26.51,37.57,0.01,,1982-05-04
26.93,41.44,0.0,,1982-05-05
25.21,41.98,0.0,,1982-05-06
28.23,34.62,0.25,,1982-05-07
26.67,36.64,0.01,,1982-05-08
25.27,30.48,0.5,,1982-05-09
24.12,37.99,1.01,,1982-05-10
26.36,40.51,1.15,,1982-05-11
27.92,40.9,0.38,,1982-05-12
26.85,38.5,1.82,,1982-05-13
27.02,39.24,0.74,,1982-05-14
28.27,38.98,2.79,,1982-05-15
27.58,36.45,1.36,,1982-05-16
27.4,35.03,3.11,,1982-05-17
26.85,35.28,2.86,,1982-05-18
26.49,35.98,0.86,,1982-05-19
26.31,34.18,3.18,,1982-05-20
24.8,38.42,0.37,,1982-05-21
26.26,40.22,0.89,,1982-05-22
27.54,33.75,1.16,,1982-05-23
25.52,35.07,0.55,,1982-05-24
26.51,37.27,1.22,,1982-05-25
27.22,38.55,1.66,,1982-05-26
27.34,32.68,1.5,,1982-05-27
26.18,35.03,0.75,,1982-05-28
26.74,37.4,1.17,,1982-05-29
28.53,34.95,1.19,,1982-05-30
27.06,38.03,3.1,,1982-05-31
27.98,37.11,3.6,,1982-06-01
26.73,33.02,2.1,,1982-06-02
25.91,32.77,0.72,,1982-06-03
25.73,34.33,2.76,,1982-06-04
26.73,35.36,1.33,,1982-06-05
26.19,37.17,0.28,,1982-06-06
27.52,37.46,0.37,,1982-06-07
26.99,38.21,1.24,,1982-06-08
28.4,32.39,0.68,,1982-06-09
26.27,36.74,0.24,,1982-06-10
26.34,38.72,0.2,,1982-06-11
26.62,39.36,0.28,,1982-06-12
27.06,39.74,0.4,,1982-06-13
27.82,36.78,0.36,,1982-06-14
26.93,37.98,0.58,,1982-06-15
27.79,35.27,1.63,,1982-06-16
26.99,33.45,0.69,,1982-06-17
25.31,38.41,0.64,,1982-06-18
24.86,38.26,1.94,,1982-06-19
26.28,38.99,1.11,,1982-06-20
26.85,35.09,1.26,,1982-06-21
25.14,33.82,1.53,,1982-06-22
24.26,35.6,1.47,,1982-06-23
26.28,35.93,3.02,,1982-06-24
26.15,36.68,3.7,,1982-06-25
25.97,32.49,8.88,,1982-06-26
24.16,31.76,16.41,,1982-06-27
23.99,34.49,2.23,,1982-06-28
24.02,34.82,3.21,,1982-06-29
24.66,35.23,1.06,,1982-06-30
25.64,37.25,2.09,,1982-07-01
25.16,35.52,3.63,,1982-07-02
24.29,36.12,2.73,,1982-07-03
24.76,35.47,2.43,,1982-07-04
25.87,37.61,0.46,,1982-07-05
26.07,37.06,3.46,,1982-07-06
25.9,34.24,3.75,,1982-07-07
24.98,34.45,1.53,,1982-07-08
25.15,35.64,1.15,,1982-07-09
25.35,36.08,9.57,,1982-07-10
24.75,32.84,1.88,,1982-07-11
25.08,33.51,5.01,,1982-07-12
24.7,34.31,4.46,,1982-07-13
24.69,30.61,7.92,,1982-07-14
24.21,32.25,3.18,,1982-07-15
24.67,33.23,3.26,,1982-07-16
23.75,34.83,2.43,,1982-07-17
24.46,32.38,2.83,,1982-07-18
24.41,31.15,0.82,,1982-07-19
24.0,33.94,1.9,,1982-07-20
24.04,36.23,1.3,,1982-07-21
23.66,32.89,6.42,,1982-07-22
21.78,32.1,2.76,,1982-07-23
23.41,33.34,3.3,,1982-07-24
23.44,32.63,5.9,,1982-07-25
23.87,33.56,3.51,,1982-07-26
24.44,35.85,1.68,,1982-07-27
24.23,33.98,7.92,,1982-07-28
23.17,36.06,2.12,,1982-07-29
24.58,34.53,3.81,,1982-07-30
25.15,32.06,2.69,,1982-07-31
23.62,30.75,24.37,,1982-08-01
22.68,31.52,1.63,,1982-08-02
23.81,31.05,3.3,,1982-08-03
23.16,32.56,2.8,,1982-08-04
23.42,31.02,8.67,,1982-08-05
23.07,30.31,10.12,,1982-08-06
23.19,28.87,10.58,,1982-08-07
22.35,30.11,9.0,,1982-08-08
22.99,27.7,5.69,,1982-08-09
22.62,29.6,3.52,,1982-08-10
22.33,28.51,9.02,,1982-08-11
21.83,32.44,2.87,,1982-08-12
23.11,33.02,1.98,,1982-08-13
23.16,32.48,2.06,,1982-08-14
22.39,32.08,1.28,,1982-08-15
24.45,34.26,0.88,,1982-08-16
23.56,35.25,2.26,,1982-08-17
24.17,32.25,2.21,,1982-08-18
23.45,30.51,14.54,,1982-08-19
23.23,30.98,8.87,,1982-08-20
22.56,30.97,7.79,,1982-08-21
22.85,30.56,5.25,,1982-08-22
22.59,31.84,6.73,,1982-08-23
23.49,31.08,4.37,,1982-08-24
23.08,30.38,4.48,,1982-08-25
22.23,31.88,9.29,,1982-08-26
22.6,32.2,8.74,,1982-08-27
21.68,31.9,6.92,,1982-08-28
21.87,33.89,0.62,,1982-08-29
23.35,33.48,6.22,,1982-08-30
23.33,31.05,5.63,,1982-08-31
22.2,32.42,1.61,,1982-09-01
23.68,33.26,14.77,,1982-09-02
23.75,31.42,0.5,,1982-09-03
23.49,30.56,3.05,,1982-09-04
22.5,32.68,1.28,,1982-09-05
23.3,31.47,1.17,,1982-09-06
23.12,31.97,0.73,,1982-09-07
22.56,32.1,0.66,,1982-09-08
22.57,31.81,1.17,,1982-09-09
22.75,35.06,1.08,,1982-09-10
23.45,31.8,2.78,,1982-09-11
23.12,32.48,0.81,,1982-09-12
22.87,35.73,0.56,,1982-09-13
22.89,33.06,1.06,,1982-09-14
23.55,31.38,0.39,,1982-09-15
22.27,35.17,0.3,,1982-09-16
22.8,37.57,0.56,,1982-09-17
23.31,36.6,0.97,,1982-09-18
24.06,34.9,1.37,,1982-09-19
24.09,34.25,0.44,,1982-09-20
23.79,35.76,0.62,,1982-09-21
23.25,37.18,0.45,,1982-09-22
23.06,37.33,0.21,,1982-09-23
24.25,34.67,0.12,,1982-09-24
23.03,35.9,0.04,,1982-09-25
23.2,38.1,0.18,,1982-09-26
23.37,38.43,0.06,,1982-09-27
23.79,38.44,0.09,,1982-09-28
24.35,33.54,0.78,,1982-09-29
23.47,35.32,0.82,,1982-09-30
23.52,35.3,0.28,,1982-10-01
22.49,34.53,1.02,,1982-10-02
23.34,32.81,4.13,,1982-10-03
22.97,34.07,3.55,,1982-10-04
22.68,35.21,1.89,,1982-10-05
22.85,35.95,3.56,,1982-10-06
23.69,34.67,0.51,,1982-10-07
24.29,32.58,6.82,,1982-10-08
22.4,35.37,0.17,,1982-10-09
23.31,35.66,1.47,,1982-10-10
23.03,31.06,1.66,,1982-10-11
22.73,33.92,2.49,,1982-10-12
23.36,37.08,0.38,,1982-10-13
22.77,36.92,0.57,,1982-10-14
23.56,36.56,0.47,,1982-10-15
23.66,37.28,0.56,,1982-10-16
23.0,37.62,1.09,,1982-10-17
24.11,37.34,0.03,,1982-10-18
24.44,37.77,0.91,,1982-10-19
24.19,37.65,0.55,,1982-10-20
23.0,38.51,0.27,,1982-10-21
21.4,37.4,0.87,,1982-10-22
22.64,37.18,0.02,,1982-10-23
22.45,37.5,0.0,,1982-10-24
21.5,37.28,0.0,,1982-10-25
21.91,36.67,0.01,,1982-10-26
23.02,36.43,0.02,,1982-10-27
24.81,30.65,1.13,,1982-10-28
23.27,31.58,0.72,,1982-10-29
24.07,30.87,0.84,,1982-10-30
23.36,30.58,0.91,,1982-10-31
23.2,34.82,0.11,,1982-11-01
22.79,36.24,0.02,,1982-11-02
21.07,35.5,0.0,,1982-11-03
19.78,31.76,0.0,,1982-11-04
19.33,35.35,0.0,,1982-11-05
19.7,35.82,0.0,,1982-11-06
18.83,34.69,0.0,,1982-11-07
19.94,35.36,0.0,,1982-11-08
18.21,35.65,0.0,,1982-11-09
18.34,34.69,0.0,,1982-11-10
19.44,34.63,0.0,,1982-11-11
18.08,34.96,0.0,,1982-11-12
16.59,34.71,0.0,,1982-11-13
16.81,34.88,0.0,,1982-11-14
19.73,35.13,0.0,,1982-11-15
19.53,35.35,0.0,,1982-11-16
18.14,35.75,0.0,,1982-11-17
17.37,35.44,0.0,,1982-11-18
17.15,33.26,0.0,,1982-11-19
16.72,32.95,0.0,,1982-11-20
14.05,31.51,0.0,,1982-11-21
15.92,30.61,0.0,,1982-11-22
17.55,32.35,0.0,,1982-11-23
18.53,31.47,0.0,,1982-11-24
15.71,31.36,0.0,,1982-11-25
14.49,30.63,0.0,,1982-11-26
14.25,30.74,0.0,,1982-11-27
13.61,31.1,0.0,,1982-11-28
14.79,31.47,0.0,,1982-11-29
15.87,32.72,0.0,,1982-11-30
15.98,33.02,0.0,,1982-12-01
14.95,32.85,0.0,,1982-12-02
15.09,33.57,0.0,,1982-12-03
15.88,33.79,0.0,,1982-12-04
16.16,29.11,0.0,,1982-12-05
13.82,27.71,0.0,,1982-12-06
15.93,29.49,0.01,,1982-12-07
18.73,27.83,0.71,,1982-12-08
17.98,30.62,0.0,,1982-12-09
18.01,31.43,0.0,,1982-12-10
17.51,29.93,0.0,,1982-12-11
16.9,30.81,0.0,,1982-12-12
15.23,30.86,0.0,,1982-12-13
15.79,32.9,0.0,,1982-12-14
16.7,33.71,0.0,,1982-12-15
17.79,34.54,0.0,,1982-12-16
19.34,33.94,0.0,,1982-12-17
17.15,32.82,0.0,,1982-12-18
16.83,33.05,0.0,,1982-12-19
16.67,35.17,0.0,,1982-12-20
17.26,34.0,0.0,,1982-12-21
17.6,34.83,0.0,,1982-12-22
17.65,34.45,0.0,,1982-12-23
17.63,34.06,0.0,,1982-12-24
17.13,32.12,0.0,,1982-12-25
16.87,31.05,0.0,,1982-12-26
15.64,30.68,0.0,,1982-12-27
14.42,30.2,0.0,,1982-12-28
14.13,30.12,0.0,,1982-12-29
14.73,31.39,0.0,,1982-12-30
16.19,30.65,0.0,,1982-12-31
14.98,32.13,0.0,,1983-01-01
13.76,30.73,0.0,,1983-01-02
14.74,29.09,0.0,,1983-01-03
14.31,27.83,0.0,,1983-01-04
12.98,26.32,0.0,,1983-01-05
11.01,25.13,0.0,,1983-01-06
10.84,26.77,0.0,,1983-01-07
10.78,27.51,0.0,,1983-01-08
12.04,28.59,0.0,,1983-01-09
15.76,28.61,0.0,,1983-01-10
13.45,28.73,0.0,,1983-01-11
12.86,28.14,0.0,,1983-01-12
12.81,27.03,0.0,,1983-01-13
12.44,27.41,0.0,,1983-01-14
13.7,29.07,0.0,,1983-01-15
14.42,30.09,0.0,,1983-01-16
12.76,30.63,0.0,,1983-01-17
13.02,30.7,0.0,,1983-01-18
13.03,30.1,0.0,,1983-01-19
14.14,30.6,0.0,,1983-01-20
16.02,30.93,0.0,,1983-01-21
14.03,31.31,0.0,,1983-01-22
14.28,28.7,0.0,,1983-01-23
15.42,28.14,0.0,,1983-01-24
11.56,27.72,0.0,,1983-01-25
11.26,27.76,0.0,,1983-01-26
10.9,26.92,0.0,,1983-01-27
11.18,26.8,0.0,,1983-01-28
10.9,26.23,0.0,,1983-01-29
10.76,27.48,0.0,,1983-01-30
10.24,27.65,0.0,,1983-01-31
12.67,29.12,0.0,,1983-02-01
13.91,30.29,0.0,,1983-02-02
15.7,32.3,0.0,,1983-02-03
15.44,33.79,0.0,,1983-02-04
16.81,34.1,0.0,,1983-02-05
17.05,33.81,0.0,,1983-02-06
17.87,35.62,0.0,,1983-02-07
19.62,37.57,0.0,,1983-02-08
21.6,37.64,0.0,,1983-02-09
19.93,36.03,0.1,,1983-02-10
21.56,37.61,0.0,,1983-02-11
22.58,37.49,0.8,,1983-02-12
25.77,38.22,0.54,,1983-02-13
24.91,36.94,0.0,,1983-02-14
20.79,36.42,0.0,,1983-02-15
20.49,37.52,0.0,,1983-02-16
19.2,38.57,0.0,,1983-02-17
21.94,38.54,0.0,,1983-02-18
23.89,38.81,0.0,,1983-02-19
21.23,36.92,0.0,,1983-02-20
17.69,35.39,0.0,,1983-02-21
20.19,34.54,0.0,,1983-02-22
20.0,33.06,0.0,,1983-02-23
22.74,34.03,0.0,,1983-02-24
18.48,36.51,0.0,,1983-02-25
19.35,34.76,0.0,,1983-02-26
17.99,32.93,0.0,,1983-02-27
19.44,32.14,0.0,,1983-02-28
18.14,33.43,0.01,,1983-03-01
20.75,31.3,0.0,,1983-03-02
20.45,34.41,0.0,,1983-03-03
20.51,32.72,0.0,,1983-03-04
20.85,34.99,0.0,,1983-03-05
21.14,35.81,0.0,,1983-03-06
20.14,36.63,0.0,,1983-03-07
20.2,36.2,0.0,,1983-03-08
20.11,35.58,0.0,,1983-03-09
18.39,34.97,0.0,,1983-03-10
18.31,33.4,0.0,,1983-03-11
17.64,34.77,0.0,,1983-03-12
17.59,36.02,0.0,,1983-03-13
18.59,36.81,0.0,,1983-03-14
18.98,36.23,0.0,,1983-03-15
18.35,37.02,0.0,,1983-03-16
19.92,37.05,0.0,,1983-03-17
18.51,38.34,0.0,,1983-03-18
19.16,37.34,0.0,,1983-03-19
20.96,39.2,0.0,,1983-03-20
22.48,32.76,0.0,,1983-03-21
19.76,36.4,0.0,,1983-03-22
18.61,37.77,0.0,,1983-03-23
20.83,38.94,0.0,,1983-03-24
22.04,40.53,0.0,,1983-03-25
22.58,41.28,0.0,,1983-03-26
21.8,41.49,0.0,,1983-03-27
24.86,41.63,0.0,,1983-03-28
26.65,40.99,0.0,,1983-03-29
23.19,37.8,0.0,,1983-03-30
21.25,37.2,0.0,,1983-03-31
22.17,38.44,0.0,,1983-04-01
22.18,39.34,0.0,,1983-04-02
25.66,36.8,0.07,,1983-04-03
25.78,38.29,0.0,,1983-04-04
24.9,42.19,0.0,,1983-04-05
23.61,42.04,0.0,,1983-04-06
24.14,40.88,0.0,,1983-04-07
23.54,41.07,0.0,,1983-04-08
22.6,41.11,0.0,,1983-04-09
25.21,41.43,0.01,,1983-04-10
27.71,39.19,0.03,,1983-04-11
28.14,40.37,0.01,,1983-04-12
25.89,40.54,0.0,,1983-04-13
24.45,40.41,0.0,,1983-04-14
22.23,40.0,0.0,,1983-04-15
22.09,40.63,0.0,,1983-04-16
23.38,41.56,0.0,,1983-04-17
24.89,41.73,0.0,,1983-04-18
23.77,42.05,0.0,,1983-04-19
24.45,42.43,0.0,,1983-04-20
26.39,41.17,0.0,,1983-04-21
26.75,41.86,0.0,,1983-04-22
24.5,40.4,0.0,,1983-04-23
24.72,40.69,0.0,,1983-04-24
29.32,39.73,0.0,,1983-04-25
29.29,42.03,0.0,,1983-04-26
27.79,42.29,0.0,,1983-04-27
28.76,43.33,0.0,,1983-04-28
26.81,43.88,0.0,,1983-04-29
25.67,42.66,0.0,,1983-04-30
26.46,42.2,0.12,,1983-05-01
26.75,42.58,0.16,,1983-05-02
26.63,41.3,0.2,,1983-05-03
27.6,42.84,0.01,,1983-05-04
26.84,42.72,0.18,,1983-05-05
26.01,42.73,0.02,,1983-05-06
28.65,43.34,0.05,,1983-05-07
28.09,43.26,0.08,,1983-05-08
28.63,44.14,0.04,,1983-05-09
29.35,43.28,0.0,,1983-05-10
29.44,42.96,1.02,,1983-05-11
29.9,42.53,0.27,,1983-05-12
30.52,39.09,1.28,,1983-05-13
27.28,38.44,0.64,,1983-05-14
25.98,37.13,9.09,,1983-05-15
26.0,37.24,0.19,,1983-05-16
26.94,39.02,1.53,,1983-05-17
27.91,40.22,1.54,,1983-05-18
27.51,39.84,1.18,,1983-05-19
28.17,35.64,0.04,,1983-05-20
28.27,35.33,0.16,,1983-05-21
27.47,35.99,1.66,,1983-05-22
25.64,38.01,2.72,,1983-05-23
26.12,38.12,2.64,,1983-05-24
26.9,35.05,2.79,,1983-05-25
26.3,35.72,6.89,,1983-05-26
26.58,36.82,2.93,,1983-05-27
26.81,39.17,1.66,,1983-05-28
26.04,38.04,6.15,,1983-05-29
25.8,37.47,5.83,,1983-05-30
26.64,39.41,1.53,,1983-05-31
26.74,37.66,2.72,,1983-06-01
26.7,32.94,6.86,,1983-06-02
25.78,36.15,0.73,,1983-06-03
24.12,37.76,1.77,,1983-06-04
25.66,39.17,1.22,,1983-06-05
26.55,37.04,7.68,,1983-06-06
25.58,36.88,4.38,,1983-06-07
26.12,36.12,9.03,,1983-06-08
25.75,33.43,5.71,,1983-06-09
24.59,38.13,1.0,,1983-06-10
26.36,33.34,1.07,,1983-06-11
25.2,33.28,0.57,,1983-06-12
25.22,40.15,0.37,,1983-06-13
25.47,40.43,0.69,,1983-06-14
26.77,35.7,3.72,,1983-06-15
25.41,33.54,1.3,,1983-06-16
25.01,33.08,5.67,,1983-06-17
25.71,34.59,4.56,,1983-06-18
26.49,36.74,3.0,,1983-06-19
25.31,38.25,5.63,,1983-06-20
25.27,33.96,12.77,,1983-06-21
23.87,32.77,12.57,,1983-06-22
25.31,32.53,3.89,,1983-06-23
24.37,31.23,19.11,,1983-06-24
24.25,33.33,0.95,,1983-06-25
24.95,33.81,1.65,,1983-06-26
24.62,36.99,0.75,,1983-06-27
25.38,32.98,0.72,,1983-06-28
24.96,34.69,1.89,,1983-06-29
24.37,35.48,0.77,,1983-06-30
24.29,35.69,0.55,,1983-07-01
25.69,37.12,0.74,,1983-07-02
25.16,37.57,0.74,,1983-07-03
25.41,38.06,0.47,,1983-07-04
24.3,34.01,2.64,,1983-07-05
24.47,34.96,3.94,,1983-07-06
25.4,31.84,9.11,,1983-07-07
24.83,32.54,4.72,,1983-07-08
23.18,35.65,3.74,,1983-07-09
24.72,37.39,1.84,,1983-07-10
25.62,32.01,8.12,,1983-07-11
24.64,33.29,1.36,,1983-07-12
24.56,37.11,1.55,,1983-07-13
25.09,33.21,1.01,,1983-07-14
23.8,32.95,3.48,,1983-07-15
23.46,34.66,2.36,,1983-07-16
25.46,33.99,2.4,,1983-07-17
23.63,33.24,1.13,,1983-07-18
23.88,36.24,2.03,,1983-07-19
25.45,38.07,4.41,,1983-07-20
25.96,33.42,3.41,,1983-07-21
24.9,34.31,3.47,,1983-07-22
24.68,34.25,4.22,,1983-07-23
24.18,35.16,1.87,,1983-07-24
24.86,32.1,5.53,,1983-07-25
24.37,30.98,17.73,,1983-07-26
23.57,31.9,8.4,,1983-07-27
23.49,33.34,4.29,,1983-07-28
24.8,33.83,8.43,,1983-07-29
24.58,29.79,5.79,,1983-07-30
22.58,30.51,1.5,,1983-07-31
22.58,33.08,1.61,,1983-08-01
24.07,34.09,1.05,,1983-08-02
24.9,33.99,7.18,,1983-08-03
23.4,31.85,1.98,,1983-08-04
24.05,31.57,2.12,,1983-08-05
24.4,36.23,0.03,,1983-08-06
24.68,33.79,10.61,,1983-08-07
23.47,31.52,2.62,,1983-08-08
22.36,34.45,0.14,,1983-08-09
23.66,36.81,0.13,,1983-08-10
25.06,34.88,0.95,,1983-08-11
24.26,34.94,0.48,,1983-08-12
22.89,35.02,0.23,,1983-08-13
23.99,31.77,20.67,,1983-08-14
23.39,33.37,5.66,,1983-08-15
23.22,34.08,4.3,,1983-08-16
23.96,31.86,6.08,,1983-08-17
23.34,29.81,7.93,,1983-08-18
23.26,31.39,11.3,,1983-08-19
23.07,30.82,8.4,,1983-08-20
23.78,30.32,7.88,,1983-08-21
22.68,32.72,1.8,,1983-08-22
23.22,31.48,5.85,,1983-08-23
22.41,33.83,1.89,,1983-08-24
23.8,34.98,1.57,,1983-08-25
23.99,30.1,2.84,,1983-08-26
22.6,30.82,1.83,,1983-08-27
22.6,33.54,1.57,,1983-08-28
23.5,34.92,1.1,,1983-08-29
24.82,32.74,2.34,,1983-08-30
23.39,34.6,0.92,,1983-08-31
23.8,36.08,1.78,,1983-09-01
24.39,32.02,3.96,,1983-09-02
23.42,29.98,3.89,,1983-09-03
22.54,35.7,0.83,,1983-09-04
23.09,37.67,4.84,,1983-09-05
23.97,35.6,1.65,,1983-09-06
23.37,32.94,2.21,,1983-09-07
23.5,35.8,0.16,,1983-09-08
24.32,36.0,3.69,,1983-09-09
24.57,35.22,2.97,,1983-09-10
23.54,35.32,0.71,,1983-09-11
23.73,35.28,3.16,,1983-09-12
23.99,35.07,0.8,,1983-09-13
24.34,33.51,1.22,,1983-09-14
23.76,34.45,1.87,,1983-09-15
23.79,34.43,2.08,,1983-09-16
24.15,33.24,7.58,,1983-09-17
23.45,32.28,1.97,,1983-09-18
23.43,34.65,1.55,,1983-09-19
22.74,36.8,0.17,,1983-09-20
23.26,36.3,3.9,,1983-09-21
24.35,32.94,4.27,,1983-09-22
24.02,33.35,0.02,,1983-09-23
22.32,37.19,0.01,,1983-09-24
23.94,37.01,0.02,,1983-09-25
24.73,36.22,0.03,,1983-09-26
21.56,35.5,0.04,,1983-09-27
23.89,37.05,1.38,,1983-09-28
24.23,37.4,0.98,,1983-09-29
23.92,38.43,0.68,,1983-09-30
24.68,37.78,0.45,,1983-10-01
24.8,36.52,1.34,,1983-10-02
25.25,34.52,4.82,,1983-10-03
23.69,35.73,1.51,,1983-10-04
24.1,36.97,2.88,,1983-10-05
24.58,37.51,0.0,,1983-10-06
21.5,37.26,0.0,,1983-10-07
21.41,37.75,0.0,,1983-10-08
20.71,37.61,0.0,,1983-10-09
21.02,37.25,0.0,,1983-10-10
19.96,37.23,0.0,,1983-10-11
20.95,37.76,0.0,,1983-10-12
21.27,37.36,0.0,,1983-10-13
23.15,37.13,0.0,,1983-10-14
20.72,37.46,0.0,,1983-10-15
19.47,36.86,0.0,,1983-10-16
19.52,36.89,0.0,,1983-10-17
20.15,36.4,0.0,,1983-10-18
20.64,36.27,0.0,,1983-10-19
19.92,36.38,0.0,,1983-10-20
22.03,36.99,0.0,,1983-10-21
20.26,36.58,0.0,,1983-10-22
20.11,36.5,0.0,,1983-10-23
18.78,36.44,0.0,,1983-10-24
18.02,36.46,0.0,,1983-10-25
20.42,35.99,0.0,,1983-10-26
18.18,37.03,0.0,,1983-10-27
19.55,36.96,0.0,,1983-10-28
18.37,36.5,0.0,,1983-10-29
18.15,37.03,0.0,,1983-10-30
19.08,37.14,0.0,,1983-10-31
18.23,36.94,0.0,,1983-11-01
19.2,36.76,0.0,,1983-11-02
19.15,36.51,0.0,,1983-11-03
20.86,36.9,0.0,,1983-11-04
21.49,37.0,0.0,,1983-11-05
18.65,37.77,0.0,,1983-11-06
20.2,37.98,0.0,,1983-11-07
20.17,37.6,0.0,,1983-11-08
19.73,37.79,0.0,,1983-11-09
18.78,37.64,0.0,,1983-11-10
18.27,37.14,0.0,,1983-11-11
19.27,36.62,0.0,,1983-11-12
19.35,36.85,0.0,,1983-11-13
18.5,36.69,0.0,,1983-11-14
18.45,36.54,0.0,,1983-11-15
20.16,36.67,0.0,,1983-11-16
19.69,36.8,0.0,,1983-11-17
18.62,36.25,0.0,,1983-11-18
18.15,36.4,0.0,,1983-11-19
17.16,35.89,0.0,,1983-11-20
17.05,35.8,0.0,,1983-11-21
17.43,35.67,0.0,,1983-11-22
17.71,35.75,0.0,,1983-11-23
18.49,36.21,0.0,,1983-11-24
18.02,36.24,0.0,,1983-11-25
18.27,35.46,0.0,,1983-11-26
18.71,33.33,0.0,,1983-11-27
17.85,31.51,0.0,,1983-11-28
17.37,32.67,0.0,,1983-11-29
16.86,33.46,0.0,,1983-11-30
17.34,33.04,0.0,,1983-12-01
17.84,34.42,0.0,,1983-12-02
18.71,35.06,0.01,,1983-12-03
19.03,35.7,0.0,,1983-12-04
20.69,35.0,0.0,,1983-12-05
20.2,35.15,0.0,,1983-12-06
18.63,35.15,0.0,,1983-12-07
18.85,35.06,0.0,,1983-12-08
17.87,34.27,0.0,,1983-12-09
17.17,34.13,0.0,,1983-12-10
17.64,34.08,0.0,,1983-12-11
18.03,34.35,0.0,,1983-12-12
18.18,34.14,0.0,,1983-12-13
17.53,32.69,0.0,,1983-12-14
18.13,34.23,0.0,,1983-12-15
17.18,34.7,0.0,,1983-12-16
18.39,35.55,0.0,,1983-12-17
20.43,36.02,0.0,,1983-12-18
19.15,36.24,0.0,,1983-12-19
17.66,34.94,0.0,,1983-12-20
19.17,35.18,0.0,,1983-12-21
17.98,34.1,0.0,,1983-12-22
16.49,33.18,0.0,,1983-12-23
14.7,31.24,0.0,,1983-12-24
12.93,30.97,0.0,,1983-12-25
13.52,31.04,0.0,,1983-12-26
15.21,29.9,0.0,,1983-12-27
13.37,30.34,0.0,,1983-12-28
14.79,31.76,0.0,,1983-12-29
15.72,32.03,0.0,,1983-12-30
15.26,32.26,0.0,,1983-12-31
14.54,31.48,0.0,8.038734745382696,1984-01-01
15.58,31.27,0.0,7.8328341602125695,1984-01-02
14.22,31.22,0.0,7.733329964948185,1984-01-03
14.37,31.72,0.0,7.584242035390999,1984-01-04
14.62,32.11,0.0,7.4143061706344175,1984-01-05
14.71,31.96,0.0,7.2298295291253565,1984-01-06
14.44,30.73,0.0,6.708125993728971,1984-01-07
14.12,30.58,0.0,6.236236621158054,1984-01-08
14.56,33.2,0.0,6.483015787833599,1984-01-09
16.51,34.3,0.0,6.785440420627847,1984-01-10
17.9,35.06,0.0,7.157091188167059,1984-01-11
17.44,35.23,0.0,8.02855704300676,1984-01-12
16.87,34.94,0.0,8.92536078947947,1984-01-13
16.52,33.37,0.0,8.511026706064326,1984-01-14
15.69,31.03,0.0,8.202724181619468,1984-01-15
14.11,29.53,0.0,7.7275295867050815,1984-01-16
14.03,29.45,0.0,7.4105041607863775,1984-01-17
13.61,30.98,0.0,7.089155488772976,1984-01-18
13.84,31.98,0.0,6.733666740151501,1984-01-19
14.51,32.36,0.0,7.533325760977034,1984-01-20
14.74,32.21,0.0,7.93101554423756,1984-01-21
14.32,32.26,0.0,7.999436216134701,1984-01-22
13.84,31.62,0.0,8.421286080184538,1984-01-23
13.68,32.1,0.0,8.144096250843702,1984-01-24
13.78,32.08,0.0,7.854706127098087,1984-01-25
14.35,32.79,0.0,7.8628575856139555,1984-01-26
14.56,33.77,0.0,7.310058199541155,1984-01-27
15.83,33.82,0.0,7.521144960887569,1984-01-28
15.98,34.14,0.0,7.226124358213225,1984-01-29
17.16,35.0,0.0,6.864627596952967,1984-01-30
16.23,34.26,0.0,6.647577764475673,1984-01-31
15.78,31.9,0.0,7.040030665140172,1984-02-01
14.8,32.36,0.0,6.854986603492021,1984-02-02
15.08,32.42,0.0,7.085899021234149,1984-02-03
15.07,31.17,0.0,8.90103693933697,1984-02-04
12.06,29.32,0.0,9.012334320341944,1984-02-05
11.83,29.34,0.0,8.505547004296213,1984-02-06
11.32,29.97,0.0,8.148345380397105,1984-02-07
11.68,30.21,0.0,7.7634657157680955,1984-02-08
12.08,30.99,0.0,6.9847107405576985,1984-02-09
13.95,32.36,0.0,6.934426713312584,1984-02-10
14.31,33.69,0.0,6.961983488769712,1984-02-11
15.2,34.96,0.0,6.864796308123561,1984-02-12
15.54,35.99,0.0,6.302494510478298,1984-02-13
17.07,36.14,0.0,6.1475375797625444,1984-02-14
18.83,36.86,0.0,7.540168482535867,1984-02-15
19.25,37.03,0.0,9.26836897310193,1984-02-16
17.89,35.99,0.0,10.179608997547618,1984-02-17
16.55,35.49,0.0,9.532785399376682,1984-02-18
16.04,35.25,0.0,9.10175345899344,1984-02-19
16.42,36.0,0.0,9.262908689241524,1984-02-20
15.59,36.05,0.0,8.338680933298821,1984-02-21
18.57,35.87,0.0,8.579056158538835,1984-02-22
18.41,36.32,0.0,8.009430276461114,1984-02-23
18.26,36.5,0.0,8.224523033829348,1984-02-24
20.59,34.27,0.0,7.589338270160469,1984-02-25
22.13,37.54,0.0,9.088340163058799,1984-02-26
20.62,38.53,0.0,9.814606014192972,1984-02-27
20.83,38.33,0.0,11.196926460825441,1984-02-28
18.26,37.61,0.0,10.20093529902248,1984-02-29
17.0,37.21,0.0,8.636915469827885,1984-03-01
19.66,38.54,0.0,8.288709407885287,1984-03-02
17.59,38.88,0.0,9.205616592847724,1984-03-03
18.42,39.75,0.0,8.241364983816533,1984-03-04
20.05,40.34,0.0,7.419743894311023,1984-03-05
22.55,40.69,0.0,7.2500015777018865,1984-03-06
23.26,40.8,0.01,7.190962250754111,1984-03-07
24.27,40.51,0.01,7.52951555061703,1984-03-08
22.09,37.47,0.0,6.683604437996039,1984-03-09
24.71,36.5,0.0,6.684859420515684,1984-03-10
25.87,32.25,0.12,7.069266979733913,1984-03-11
24.92,35.01,0.0,7.123286343427536,1984-03-12
22.95,37.04,0.0,8.06012651929359,1984-03-13
21.39,39.23,0.0,6.93274759710828,1984-03-14
22.19,38.22,0.0,6.8203525632309985,1984-03-15
23.81,38.55,0.0,7.721759675954756,1984-03-16
22.79,39.09,0.0,7.705124446568641,1984-03-17
23.77,41.12,0.0,10.777246396510247,1984-03-18
22.64,40.27,0.0,8.840802841216325,1984-03-19
22.35,39.93,0.0,7.444180118262667,1984-03-20
26.39,38.47,0.0,7.7051223245618745,1984-03-21
28.12,39.37,0.11,10.155445823762614,1984-03-22
25.09,37.55,0.0,8.337853452469743,1984-03-23
23.68,37.38,0.0,11.1197130891626,1984-03-24
21.34,37.28,0.0,10.481799149031307,1984-03-25
19.33,37.49,0.0,9.771768369933795,1984-03-26
19.48,37.42,0.0,9.709911076003163,1984-03-27
19.37,38.23,0.0,8.964217104799536,1984-03-28
19.99,38.84,0.0,10.124755503125876,1984-03-29
20.41,38.9,0.0,10.648211829251048,1984-03-30
20.62,38.7,0.0,9.869812664821636,1984-03-31
21.95,38.96,0.0,10.124832708550082,1984-04-01
24.52,37.76,0.0,8.80245796771818,1984-04-02
24.42,39.14,0.0,6.4944527186915515,1984-04-03
26.12,39.95,0.0,8.635995210843106,1984-04-04
24.09,40.68,0.0,8.751724226526534,1984-04-05
23.62,40.33,0.2,6.96282951083285,1984-04-06
24.0,40.11,1.01,6.627301183677071,1984-04-07
24.88,40.28,0.44,7.229972192242562,1984-04-08
26.04,39.3,1.96,8.434520854748333,1984-04-09
27.01,40.11,0.45,8.69711172599221,1984-04-10
23.4,41.07,0.0,8.636447682706704,1984-04-11
22.8,41.24,0.0,10.505876966102614,1984-04-12
21.99,41.13,0.0,7.86690538007808,1984-04-13
24.39,40.86,0.0,8.045862277755356,1984-04-14
27.01,41.69,0.0,8.30966561477964,1984-04-15
28.65,41.62,0.01,8.328320734617044,1984-04-16
27.89,42.55,0.01,8.981815697909182,1984-04-17
27.45,40.84,0.46,9.61527819741035,1984-04-18
27.66,41.18,0.25,8.67015790614468,1984-04-19
24.24,40.97,0.0,9.299192947936245,1984-04-20
26.78,36.36,0.11,8.21084258244978,1984-04-21
27.05,38.77,0.0,8.314983528509428,1984-04-22
26.07,38.5,0.0,8.874462404361097,1984-04-23
27.21,39.88,0.01,9.446456067909464,1984-04-24
23.92,39.13,0.05,7.520857401396072,1984-04-25
27.03,38.57,0.1,8.74932156202201,1984-04-26
27.34,40.96,0.01,8.17731393904282,1984-04-27
27.86,43.07,0.02,8.712416531266905,1984-04-28
25.15,38.88,5.24,8.545294602897807,1984-04-29
26.75,33.63,1.4,6.875234916714623,1984-04-30
26.96,38.23,0.03,9.255072797691838,1984-05-01
26.62,37.07,0.0,7.198323011811049,1984-05-02
26.94,41.51,0.0,10.212825279416823,1984-05-03
27.09,40.37,0.22,8.233167641353758,1984-05-04
28.11,40.81,0.06,10.306625799200122,1984-05-05
27.48,35.14,1.33,8.628970391943593,1984-05-06
27.61,34.45,1.89,7.243183636030604,1984-05-07
26.2,36.26,4.58,7.301812034035172,1984-05-08
26.9,34.5,3.07,6.501083410479116,1984-05-09
26.67,38.38,0.01,6.088310912486398,1984-05-10
27.27,38.75,0.02,7.482798343916085,1984-05-11
27.4,41.9,0.02,7.271743290882134,1984-05-12
27.85,42.3,0.0,10.112443941121304,1984-05-13
27.04,42.46,0.0,10.059897184720187,1984-05-14
28.15,38.75,0.01,8.245978854616839,1984-05-15
27.54,35.31,1.97,6.832686282673352,1984-05-16
25.11,37.35,2.92,7.75480860249759,1984-05-17
27.02,39.73,0.82,8.542937952878663,1984-05-18
27.34,40.08,2.41,9.483016960706111,1984-05-19
27.02,38.64,3.55,8.663943063641424,1984-05-20
28.5,36.58,0.85,7.914085404363681,1984-05-21
27.01,33.85,0.02,6.831885572558576,1984-05-22
26.51,33.56,0.9,6.706445789759306,1984-05-23
27.16,39.45,1.03,7.214390834078129,1984-05-24
27.84,40.76,0.68,8.761795691493425,1984-05-25
27.48,39.26,0.05,9.792343840229565,1984-05-26
28.2,36.0,0.06,8.538601363072662,1984-05-27
26.93,40.14,0.07,11.009705541559496,1984-05-28
26.04,39.09,0.51,9.675383800797718,1984-05-29
27.02,37.4,0.8,8.29280243965413,1984-05-30
26.08,33.06,14.97,5.639707113798903,1984-05-31
24.69,31.83,3.14,5.405090328299143,1984-06-01
25.55,35.64,0.68,6.650334583766456,1984-06-02
25.87,39.92,0.34,9.787616977664404,1984-06-03
24.79,40.31,0.08,9.425648331201643,1984-06-04
26.85,36.81,3.86,8.961182044725271,1984-06-05
26.71,36.33,1.48,7.7760195146846005,1984-06-06
26.71,38.15,1.56,7.84280428234686,1984-06-07
26.25,38.47,0.59,7.957756488736989,1984-06-08
27.74,38.34,3.2,8.4596327290723,1984-06-09
26.15,39.57,1.91,8.223004358348891,1984-06-10
26.38,39.36,2.4,8.174192623299541,1984-06-11
27.02,35.26,1.01,8.31369539866949,1984-06-12
25.92,31.05,0.93,6.179085497101798,1984-06-13
24.49,36.25,1.01,6.728037744814634,1984-06-14
26.74,39.87,0.51,7.588708870010237,1984-06-15
26.67,37.05,2.18,8.625377411056766,1984-06-16
25.63,31.78,1.51,6.224363236490167,1984-06-17
23.92,37.12,1.38,6.389270308198684,1984-06-18
25.49,38.94,2.31,8.265813569666317,1984-06-19
25.84,38.3,0.27,9.220339162748786,1984-06-20
25.91,37.51,0.75,7.967713482031926,1984-06-21
26.29,35.58,0.73,7.560926177700963,1984-06-22
25.76,37.37,0.84,8.599839951059018,1984-06-23
25.9,37.71,0.1,8.832566027502144,1984-06-24
27.18,38.96,0.03,7.792935973409306,1984-06-25
27.2,38.92,2.22,7.52150154057285,1984-06-26
25.38,38.88,1.3,8.107647216517307,1984-06-27
26.81,37.64,0.01,8.963781962996489,1984-06-28
25.86,39.49,1.2,9.275711185188532,1984-06-29
26.74,40.44,0.88,10.252267635942555,1984-06-30
27.18,35.56,0.1,7.4562793425148195,1984-07-01
26.36,35.62,0.18,7.763745522741617,1984-07-02
25.55,38.69,0.0,7.256728267012331,1984-07-03
26.97,38.33,0.16,8.971542986595628,1984-07-04
26.68,35.43,2.1,8.664591105558548,1984-07-05
25.47,38.02,4.36,7.934560648540755,1984-07-06
27.28,34.8,7.55,4.479354469748538,1984-07-07
25.28,36.87,0.26,7.761854096271584,1984-07-08
25.52,38.86,1.93,8.488823488379508,1984-07-09
26.17,38.15,2.27,9.144242156561944,1984-07-10
26.01,35.55,0.01,8.209712406844933,1984-07-11
24.36,36.04,0.37,7.5740672280329555,1984-07-12
25.71,37.16,1.51,6.760942270617385,1984-07-13
26.16,38.42,3.91,7.68950489842854,1984-07-14
25.62,33.79,2.49,7.623278118234073,1984-07-15
24.16,34.72,3.27,6.240149930663047,1984-07-16
24.14,35.39,2.02,7.095761798128842,1984-07-17
25.1,36.32,2.16,7.818948525868487,1984-07-18
25.59,34.52,2.34,6.545002925166827,1984-07-19
25.53,37.53,1.31,8.096361356599159,1984-07-20
26.01,37.81,0.01,8.27567999716266,1984-07-21
25.27,38.58,0.89,7.9942548950377965,1984-07-22
26.59,36.59,1.0,8.388925048461143,1984-07-23
26.15,36.62,1.8,8.266904060343485,1984-07-24
24.92,34.43,3.78,5.9446863830476495,1984-07-25
25.49,35.79,3.19,6.721939945445142,1984-07-26
24.67,34.6,0.64,7.5067225206031365,1984-07-27
24.18,36.41,1.52,7.583488158286339,1984-07-28
24.59,35.79,2.79,7.926643563406608,1984-07-29
25.31,34.26,2.92,7.2589404426913875,1984-07-30
24.81,36.54,0.19,6.215057394221563,1984-07-31
24.67,34.52,7.53,6.618303491206763,1984-08-01
25.06,31.97,0.58,6.441131960507486,1984-08-02
24.22,33.28,2.53,6.009327949777769,1984-08-03
24.09,35.66,2.71,6.324921964139991,1984-08-04
25.08,32.79,14.83,6.129075141192585,1984-08-05
24.06,31.41,4.29,4.816760869933712,1984-08-06
24.06,33.07,5.13,6.325940704412285,1984-08-07
23.28,36.11,1.53,6.766159000733861,1984-08-08
25.17,35.01,2.48,7.324040288368449,1984-08-09
24.23,33.38,1.3,6.70607268205068,1984-08-10
24.21,33.91,2.29,5.046050983094346,1984-08-11
24.51,37.45,1.12,6.195864869230228,1984-08-12
25.25,34.87,1.78,6.778446791191077,1984-08-13
24.63,32.23,0.73,6.9614787398874185,1984-08-14
24.36,35.09,0.82,6.059903968709989,1984-08-15
23.67,38.9,1.67,6.362445481431906,1984-08-16
25.24,35.15,3.38,6.988591705969851,1984-08-17
23.88,35.31,0.75,7.526925520531762,1984-08-18
23.77,38.19,0.91,6.925065042176205,1984-08-19
25.45,35.61,0.47,7.1988579006408,1984-08-20
23.87,38.28,0.73,7.346805750047381,1984-08-21
24.62,37.31,0.36,6.675235790277688,1984-08-22
24.49,37.68,0.19,7.848391764461019,1984-08-23
25.02,36.68,0.7,7.550423317104767,1984-08-24
25.74,38.31,0.24,7.277630028416013,1984-08-25
26.47,36.89,0.46,8.053881943587541,1984-08-26
26.17,35.39,0.69,6.175396473474987,1984-08-27
25.27,36.42,0.53,5.747875557066726,1984-08-28
26.48,41.66,0.2,9.177182719644161,1984-08-29
25.32,37.22,0.55,8.028532272559575,1984-08-30
25.06,37.13,3.59,6.921936732230493,1984-08-31
24.31,37.64,0.54,7.154415358654666,1984-09-01
25.21,34.59,3.69,7.204166492759805,1984-09-02
24.16,35.47,1.44,7.624288664279346,1984-09-03
24.47,34.27,6.02,6.872975319330199,1984-09-04
23.81,30.27,3.93,4.459863222215316,1984-09-05
22.62,34.24,0.36,7.0703376176402095,1984-09-06
23.7,36.27,3.24,6.064396128815228,1984-09-07
24.1,37.05,2.4,6.390722097161844,1984-09-08
25.58,34.75,1.4,7.290480945853458,1984-09-09
25.07,31.69,1.06,5.434049967357149,1984-09-10
23.55,32.38,2.81,4.928937439180693,1984-09-11
23.98,31.04,3.76,5.374870757739672,1984-09-12
23.57,36.39,0.37,6.0662481153388965,1984-09-13
23.4,35.43,2.87,5.702102429045519,1984-09-14
24.05,33.28,0.79,5.280949879311786,1984-09-15
24.35,39.0,0.67,8.280679741549873,1984-09-16
24.54,35.1,1.42,6.2561760254715395,1984-09-17
24.45,33.59,3.32,5.4436674254714905,1984-09-18
23.9,36.56,1.39,6.289208503142679,1984-09-19
23.77,36.93,2.04,7.447754278081037,1984-09-20
24.61,33.77,2.21,3.7566005081250204,1984-09-21
24.35,34.35,2.78,5.740590458140964,1984-09-22
24.41,36.86,1.39,7.1267219702365585,1984-09-23
23.7,39.04,1.0,7.76599811888334,1984-09-24
24.45,36.92,0.67,7.676136197188254,1984-09-25
24.55,34.85,2.05,6.674919647908593,1984-09-26
24.94,30.63,1.43,4.168545685375477,1984-09-27
22.06,27.9,49.58,3.5590114809178686,1984-09-28
21.77,25.71,17.88,3.293636410447058,1984-09-29
22.09,26.19,10.66,3.090383395053131,1984-09-30
21.95,27.66,5.28,4.211361480673728,1984-10-01
21.69,31.78,5.16,6.150448648902473,1984-10-02
19.9,33.42,0.1,5.770826235969562,1984-10-03
23.52,32.92,0.14,5.817230302411774,1984-10-04
23.27,35.29,0.15,5.900395210156332,1984-10-05
23.11,36.57,0.11,6.017046185118816,1984-10-06
23.15,36.12,0.12,6.512541641330841,1984-10-07
23.51,35.65,0.22,6.882786600932211,1984-10-08
23.55,30.82,0.68,5.1373875771868684,1984-10-09
23.42,32.99,0.31,5.547735827047786,1984-10-10
24.04,32.26,0.57,4.580846122249906,1984-10-11
24.68,32.51,0.44,5.439327166220415,1984-10-12
23.13,32.9,2.06,5.942669575416143,1984-10-13
23.3,34.09,1.4,5.939574280339633,1984-10-14
25.27,32.7,0.22,5.276631639865917,1984-10-15
23.62,35.18,0.04,5.584133949796172,1984-10-16
24.3,35.16,1.65,6.791186408083715,1984-10-17
23.03,35.41,0.59,6.03774886897089,1984-10-18
23.53,36.15,0.23,6.133177994433227,1984-10-19
24.11,37.43,0.03,6.59023082473361,1984-10-20
22.78,37.44,0.11,6.652269373204878,1984-10-21
22.88,36.66,0.48,6.158202688261806,1984-10-22
22.61,36.36,0.0,6.2827058078287115,1984-10-23
19.96,36.57,0.0,5.974082760693492,1984-10-24
21.51,36.67,0.0,6.324258822101713,1984-10-25
19.22,36.92,0.0,7.083740062381863,1984-10-26
20.46,36.76,0.0,7.057667522005349,1984-10-27
19.33,36.58,0.0,7.061888034299255,1984-10-28
18.55,35.64,0.0,6.377352254257912,1984-10-29
19.42,34.83,0.0,6.3125624118616415,1984-10-30
21.58,34.96,0.0,6.309311191346832,1984-10-31
21.14,35.98,0.0,6.924645018466849,1984-11-01
20.8,36.45,0.0,5.9618465085851176,1984-11-02
19.79,36.61,0.0,6.307465699423258,1984-11-03
20.17,36.51,0.0,5.420498089813629,1984-11-04
19.26,36.25,0.0,5.774743472240582,1984-11-05
19.57,36.65,0.0,5.357964448522219,1984-11-06
23.93,35.65,0.0,6.363060704504712,1984-11-07
20.29,36.54,0.0,6.637826315720485,1984-11-08
20.18,36.53,0.0,5.823860880828225,1984-11-09
20.89,36.7,0.0,5.868232792539876,1984-11-10
19.93,36.49,0.0,5.211874718900073,1984-11-11
21.89,35.74,0.05,5.502869574757774,1984-11-12
23.49,34.35,0.0,5.251225994534379,1984-11-13
23.75,34.36,0.01,5.292894937153617,1984-11-14
23.27,35.29,0.0,6.942046382928678,1984-11-15
19.78,36.04,0.0,6.496430293778071,1984-11-16
20.67,34.34,0.0,6.038314267482543,1984-11-17
18.27,36.4,0.0,7.74812275561,1984-11-18
18.8,35.59,0.0,6.429457771071296,1984-11-19
18.61,35.96,0.0,6.72773486274851,1984-11-20
18.46,36.08,0.0,7.076737984167213,1984-11-21
18.36,36.03,0.0,8.337030737800225,1984-11-22
18.09,35.45,0.0,8.454462895450748,1984-11-23
19.12,34.77,0.0,8.604056307582107,1984-11-24
18.09,33.74,0.0,7.9655960890215125,1984-11-25
17.62,29.59,0.0,6.263302936791785,1984-11-26
15.44,33.16,0.0,6.225134258995541,1984-11-27
16.97,33.35,0.0,5.991780433260319,1984-11-28
17.79,33.78,0.0,5.724935521707456,1984-11-29
17.85,33.98,0.0,5.504236361091658,1984-11-30
17.82,33.95,0.0,6.460989193413391,1984-12-01
16.13,34.08,0.0,6.696132896899205,1984-12-02
15.73,33.02,0.0,7.194255700889723,1984-12-03
16.42,33.34,0.0,6.91422519279541,1984-12-04
15.77,30.98,0.0,7.033106409182478,1984-12-05
14.35,33.04,0.0,7.294236425114677,1984-12-06
15.89,32.27,0.0,7.4278863093015834,1984-12-07
15.89,32.25,0.0,7.1118528602718625,1984-12-08
17.05,32.29,0.0,7.927872575856166,1984-12-09
15.85,31.57,0.0,7.800592685776117,1984-12-10
14.75,30.8,0.0,7.310476338493852,1984-12-11
13.82,29.79,0.0,7.281766126907732,1984-12-12
14.35,29.64,0.0,7.268181443617602,1984-12-13
14.07,30.09,0.0,6.505810809230411,1984-12-14
14.89,31.29,0.0,7.114267496455094,1984-12-15
14.46,31.0,0.0,7.044650082315772,1984-12-16
13.63,31.44,0.0,6.250856138996125,1984-12-17
14.51,32.17,0.0,6.6315196144382655,1984-12-18
15.52,31.46,0.0,6.851691114193717,1984-12-19
15.16,30.89,0.0,6.871783066904995,1984-12-20
14.68,30.43,0.0,5.836146429855532,1984-12-21
16.38,30.82,0.0,5.375695066590207,1984-12-22
15.72,30.13,0.0,6.469970114368783,1984-12-23
15.43,31.79,0.0,5.65353241247145,1984-12-24
16.82,32.37,0.0,5.34588475931224,1984-12-25
20.46,33.51,0.0,6.19666883671703,1984-12-26
19.2,33.86,0.0,6.880946694151008,1984-12-27
19.2,33.5,0.0,7.858073544190731,1984-12-28
18.44,31.76,0.0,8.08142794933393,1984-12-29
16.8,27.82,0.0,7.49825265523562,1984-12-30
14.25,28.87,0.0,7.423070728271644,1984-12-31
13.45,28.79,0.0,7.249352061900313,1985-01-01
13.08,30.98,0.0,7.051679344549656,1985-01-02
15.09,32.5,0.0,7.434442817887154,1985-01-03
15.81,33.02,0.0,6.953739459369761,1985-01-04
17.29,31.86,0.0,8.500281034129245,1985-01-05
18.03,33.35,0.0,7.123320406269018,1985-01-06
17.92,33.75,0.0,7.183189521985292,1985-01-07
19.27,34.61,0.0,7.073101825839113,1985-01-08
20.72,34.75,0.0,7.885075627527101,1985-01-09
18.94,35.08,0.0,7.31927494986424,1985-01-10
21.17,34.89,0.0,8.012604574174794,1985-01-11
19.92,31.78,0.0,7.2614879823349225,1985-01-12
20.01,31.14,0.0,5.374446811605851,1985-01-13
17.9,32.72,0.0,6.060129891358544,1985-01-14
20.34,32.01,0.0,7.778973024215516,1985-01-15
18.96,28.46,0.0,5.067735373279352,1985-01-16
16.23,26.49,0.0,7.0787740690535985,1985-01-17
15.25,29.6,0.0,7.721915549971605,1985-01-18
15.06,31.52,0.0,7.867661094030931,1985-01-19
15.42,31.91,0.0,7.700698632738804,1985-01-20
14.92,33.88,0.0,8.158128619128613,1985-01-21
17.03,33.7,0.0,8.123597545576427,1985-01-22
18.56,34.11,0.0,7.986630019890342,1985-01-23
17.74,34.89,0.0,7.249654834197284,1985-01-24
17.75,35.31,0.0,7.075543946487223,1985-01-25
19.18,35.12,0.0,6.461456306659579,1985-01-26
18.76,35.17,0.0,6.400348897490665,1985-01-27
18.04,35.42,0.0,6.713753205042439,1985-01-28
18.4,35.15,0.0,8.558803781219085,1985-01-29
17.91,34.27,0.0,9.10690120717971,1985-01-30
17.1,34.16,0.0,9.115812832181762,1985-01-31
17.03,32.65,0.0,9.097102936909158,1985-02-01
16.12,31.25,0.0,8.532789304253122,1985-02-02
16.23,31.35,0.0,8.613012539851354,1985-02-03
13.86,30.67,0.0,8.214543731368284,1985-02-04
13.04,31.41,0.0,8.751316104008962,1985-02-05
13.07,31.52,0.0,8.818742596198058,1985-02-06
12.87,31.81,0.0,8.808245497819087,1985-02-07
11.94,31.5,0.0,8.312575956637499,1985-02-08
11.79,31.79,0.0,8.231829749968723,1985-02-09
12.36,32.49,0.0,8.519722952950168,1985-02-10
12.77,33.54,0.0,8.29100546049636,1985-02-11
13.32,34.18,0.0,9.132306471811287,1985-02-12
14.57,34.83,0.0,10.020832340546345,1985-02-13
14.99,35.28,0.0,10.647562161915102,1985-02-14
16.41,35.1,0.0,10.374667531574955,1985-02-15
16.51,34.31,0.0,10.12650972075483,1985-02-16
17.69,33.36,0.0,9.678455449225844,1985-02-17
14.08,33.82,0.0,8.5326955095899,1985-02-18
15.28,34.49,0.0,8.336026489975618,1985-02-19
15.58,35.37,0.0,8.267620167500636,1985-02-20
15.18,35.04,0.0,8.567603661406494,1985-02-21
15.19,35.15,0.0,8.217263176971183,1985-02-22
14.36,35.69,0.0,8.575169427410158,1985-02-23
15.94,36.51,0.0,9.176039411399993,1985-02-24
16.46,36.1,0.0,10.462967544168487,1985-02-25
17.01,35.03,0.0,10.324868804651059,1985-02-26
17.29,33.08,0.0,8.22613293004442,1985-02-27
17.27,33.37,0.0,8.729569218906855,1985-02-28
16.4,33.69,0.0,8.949601823252262,1985-03-01
16.32,35.31,0.0,8.54916142172155,1985-03-02
17.37,35.69,0.0,8.345632517979354,1985-03-03
19.0,36.32,0.0,8.804444767159978,1985-03-04
19.69,37.39,0.0,8.618156456250015,1985-03-05
20.38,38.28,0.0,9.581393991170728,1985-03-06
20.66,38.75,0.0,10.907677805897631,1985-03-07
19.34,38.37,0.0,9.994642609066817,1985-03-08
20.8,38.37,0.0,9.959442026395568,1985-03-09
21.67,37.4,0.0,10.690926607488127,1985-03-10
22.52,34.9,0.0,7.858731363163288,1985-03-11
22.03,38.54,0.0,8.416418156193837,1985-03-12
23.8,35.95,0.0,8.195103749570182,1985-03-13
20.73,38.73,0.0,8.482272287252725,1985-03-14
22.85,40.14,0.0,7.475553722010215,1985-03-15
23.75,40.42,0.0,9.706600763282868,1985-03-16
25.88,40.11,0.0,5.8102893093008845,1985-03-17
25.56,39.41,0.0,7.303165858129084,1985-03-18
26.03,38.3,0.0,7.509544906509658,1985-03-19
26.2,39.81,0.0,10.064743551863113,1985-03-20
25.39,40.09,0.0,9.774739377732606,1985-03-21
24.82,39.65,0.0,8.847137174129822,1985-03-22
23.69,40.09,0.0,8.441341620089233,1985-03-23
22.88,39.93,0.0,9.64110916694193,1985-03-24
21.88,39.57,0.0,9.403042753753937,1985-03-25
25.26,37.16,0.0,7.186557499042071,1985-03-26
23.59,40.48,0.0,10.295958862520948,1985-03-27
21.78,39.32,0.0,7.381302181548262,1985-03-28
26.19,39.79,0.25,9.283746164934874,1985-03-29
21.94,37.65,0.0,7.002917190258248,1985-03-30
21.34,37.5,0.0,7.83567823398087,1985-03-31
20.67,38.51,0.0,8.107065504803384,1985-04-01
21.89,38.45,0.0,8.85434264542883,1985-04-02
21.37,37.45,0.0,9.84565173844823,1985-04-03
20.22,37.44,0.0,9.801473348831884,1985-04-04
24.05,37.57,0.0,10.092638815594103,1985-04-05
19.89,37.64,0.0,9.83486733382064,1985-04-06
19.79,39.01,0.0,11.329104123704091,1985-04-07
20.8,39.87,0.0,11.256442035403465,1985-04-08
24.26,39.37,0.0,9.701911095114783,1985-04-09
24.42,38.99,0.0,8.975350067695341,1985-04-10
23.09,39.87,0.0,9.655114476832816,1985-04-11
22.86,39.88,0.03,7.496735682756172,1985-04-12
25.4,40.29,0.06,8.422823697579512,1985-04-13
26.02,38.2,0.0,6.973449391256208,1985-04-14
26.12,38.75,0.0,7.953030960832604,1985-04-15
23.25,39.28,0.0,9.253447282923162,1985-04-16
21.71,38.92,0.0,9.155734930326268,1985-04-17
20.89,39.22,0.0,9.514514934482754,1985-04-18
20.05,39.37,0.0,10.29972593264166,1985-04-19
21.65,39.33,0.0,9.286836933741924,1985-04-20
21.06,38.81,0.0,9.874276296064384,1985-04-21
20.58,40.17,0.0,9.74076617504149,1985-04-22
20.45,40.86,0.0,9.188279819009503,1985-04-23
23.04,41.44,0.0,9.373360459333426,1985-04-24
26.73,40.53,0.0,8.461161575778473,1985-04-25
28.66,41.65,0.02,7.529778416685892,1985-04-26
29.41,39.52,0.15,8.038517776186525,1985-04-27
28.58,41.71,0.08,7.9817755217693165,1985-04-28
27.99,41.68,0.0,8.266828619116596,1985-04-29
25.81,41.76,0.04,7.516101721388423,1985-04-30
29.81,41.67,0.32,7.589870732904409,1985-05-01
28.21,40.18,0.44,8.98014567451203,1985-05-02
28.39,41.26,0.0,9.627436964868087,1985-05-03
28.27,41.88,0.63,9.5724030232767,1985-05-04
29.08,39.29,0.39,10.22597787299819,1985-05-05
27.97,40.78,0.08,9.096122254378917,1985-05-06
25.08,40.96,0.0,7.274705026117134,1985-05-07
25.88,40.1,0.0,9.226965301131807,1985-05-08
27.39,37.96,0.05,9.399723936977413,1985-05-09
26.26,40.55,0.0,9.652709268393721,1985-05-10
25.91,41.4,0.63,9.477841560733902,1985-05-11
28.32,40.42,2.78,9.797995314302174,1985-05-12
28.79,38.82,2.07,8.89573114918783,1985-05-13
29.36,40.29,0.57,8.85940948070554,1985-05-14
28.63,39.41,3.07,9.533100195430224,1985-05-15
25.59,39.66,0.07,8.77575531238057,1985-05-16
25.39,39.44,0.75,8.350595534623285,1985-05-17
27.11,36.0,1.75,7.764435322996877,1985-05-18
27.38,35.76,1.59,6.514831902597774,1985-05-19
26.64,37.5,2.87,7.8967711671825676,1985-05-20
27.49,38.18,0.04,8.74873073347396,1985-05-21
27.9,39.02,1.04,9.315137499957393,1985-05-22
28.04,39.43,0.38,9.49927291548176,1985-05-23
26.88,36.96,0.77,8.96667188119774,1985-05-24
26.71,35.48,0.48,7.287863963746814,1985-05-25
26.7,40.64,0.75,7.756356958533217,1985-05-26
28.12,41.64,0.64,9.773485638455524,1985-05-27
27.16,36.79,0.9,8.765602157536282,1985-05-28
25.84,37.22,0.41,8.332519778656334,1985-05-29
26.11,40.16,0.76,8.884333097355892,1985-05-30
26.9,41.51,0.14,9.342235369636455,1985-05-31
27.42,40.29,0.22,9.853327552745505,1985-06-01
27.11,40.86,0.04,9.369405098059511,1985-06-02
28.48,40.3,0.15,9.439400715900033,1985-06-03
27.67,42.15,0.14,9.332248553928173,1985-06-04
28.22,41.23,0.11,9.71782327975034,1985-06-05
28.39,39.5,2.94,7.9703884680978065,1985-06-06
27.77,39.33,1.52,8.009334017702978,1985-06-07
26.93,38.14,0.37,8.750081046742116,1985-06-08
26.98,36.51,1.32,8.446689073289026,1985-06-09
26.81,36.31,0.32,8.53208707127295,1985-06-10
26.84,33.69,0.25,7.703242969293646,1985-06-11
25.96,34.0,0.76,7.621130548821788,1985-06-12
25.96,36.29,0.25,7.148663310756458,1985-06-13
25.69,36.52,0.28,8.253733474751344,1985-06-14
26.54,35.35,3.1,8.637675529813505,1985-06-15
25.08,36.25,0.94,8.540158697232071,1985-06-16
25.36,36.62,1.67,8.368193798395522,1985-06-17
26.38,36.18,1.57,7.0444314811048026,1985-06-18
25.02,36.49,1.5,6.674836248381041,1985-06-19
26.13,34.75,2.31,7.431889433020818,1985-06-20
25.73,38.28,0.99,8.696541632051435,1985-06-21
26.06,36.12,1.04,8.301047739560236,1985-06-22
26.25,35.75,0.8,7.631321862654175,1985-06-23
26.5,37.28,0.94,7.320406279613334,1985-06-24
26.48,37.48,1.1,8.490991535339418,1985-06-25
25.76,32.0,8.22,4.721047318120944,1985-06-26
24.85,34.1,4.45,6.482553295843145,1985-06-27
24.83,30.75,4.96,4.347948866648932,1985-06-28
25.09,36.08,1.66,7.3454345643900325,1985-06-29
25.88,37.37,3.13,8.571898915757233,1985-06-30
25.81,33.39,2.11,6.891043796683883,1985-07-01
25.27,35.48,2.69,7.0442576677060105,1985-07-02
25.57,33.56,6.94,6.174178645974604,1985-07-03
24.31,34.88,6.39,5.819976482960301,1985-07-04
23.92,35.0,1.31,7.038763690405105,1985-07-05
25.09,34.06,2.44,5.780684530991089,1985-07-06
25.25,31.11,1.48,6.389825500651658,1985-07-07
23.41,35.02,2.2,6.467495899857163,1985-07-08
24.51,34.86,2.51,7.426740546009925,1985-07-09
23.99,31.38,9.1,5.804081118349759,1985-07-10
23.07,30.44,16.08,5.27092533093071,1985-07-11
22.53,29.05,12.26,4.674008192914179,1985-07-12
23.19,30.23,9.35,5.389747005999808,1985-07-13
22.98,34.61,1.01,7.243741707725492,1985-07-14
22.89,33.63,0.16,7.330505485015232,1985-07-15
22.41,33.65,0.21,6.053246522099623,1985-07-16
22.84,35.97,0.19,6.881527400828616,1985-07-17
24.45,36.83,0.13,7.372928360350708,1985-07-18
25.01,34.51,0.36,7.354223572429271,1985-07-19
23.88,30.15,8.09,5.336080883882364,1985-07-20
22.79,33.77,1.43,6.067061479395296,1985-07-21
23.5,34.45,2.41,5.454648090959844,1985-07-22
23.75,36.29,2.18,7.310325896607644,1985-07-23
24.82,35.86,0.79,6.995891506628752,1985-07-24
24.34,33.73,1.09,6.556426420130433,1985-07-25
24.5,31.76,1.57,5.370127552599315,1985-07-26
24.2,33.58,0.19,6.8475951836719675,1985-07-27
24.62,36.15,0.6,7.28580914027869,1985-07-28
25.33,35.41,1.77,7.241476354035564,1985-07-29
24.09,29.82,1.25,5.190068842269568,1985-07-30
23.89,33.33,5.29,6.091480869751767,1985-07-31
23.99,35.69,5.11,6.927699630727798,1985-08-01
25.04,31.29,19.96,4.11027495983803,1985-08-02
23.83,29.72,5.14,3.915706400291542,1985-08-03
23.26,28.29,38.64,4.008709468441506,1985-08-04
22.87,31.92,8.35,5.507306436406083,1985-08-05
23.08,31.09,7.61,5.395318171310754,1985-08-06
23.66,28.24,5.95,4.466834897464334,1985-08-07
22.41,30.06,5.65,4.872100930508691,1985-08-08
23.05,29.33,4.06,5.128719193004902,1985-08-09
23.06,30.15,3.9,3.41814239744384,1985-08-10
22.86,30.47,0.89,4.395323415922158,1985-08-11
22.59,29.87,4.49,5.292134521509416,1985-08-12
22.88,31.63,1.36,3.49658762843148,1985-08-13
23.44,33.13,4.12,5.494546830042473,1985-08-14
23.53,30.39,4.6,5.400883262198065,1985-08-15
23.02,30.6,6.97,3.907282492916601,1985-08-16
22.57,30.86,9.64,4.76366279353156,1985-08-17
23.14,30.42,8.86,4.610940114350475,1985-08-18
21.96,32.74,1.77,5.226006433159084,1985-08-19
23.23,34.57,2.48,6.187427815946456,1985-08-20
24.64,30.7,4.5,5.449656844363745,1985-08-21
23.31,33.05,2.83,6.055767560491685,1985-08-22
23.29,33.21,1.79,6.349790051808106,1985-08-23
23.31,32.02,7.26,4.646626285960633,1985-08-24
22.28,31.76,4.63,4.99693335846865,1985-08-25
23.12,30.19,2.61,4.2069137104940495,1985-08-26
23.1,31.67,0.57,5.484086136546207,1985-08-27
22.19,34.39,5.23,5.982431008949528,1985-08-28
23.77,31.31,3.46,5.186648750976729,1985-08-29
23.01,30.69,5.86,5.106208433635889,1985-08-30
23.54,28.62,4.49,4.826964769291785,1985-08-31
21.87,30.99,5.49,4.412227408500252,1985-09-01
22.37,30.65,5.77,5.567874013591042,1985-09-02
23.24,30.82,8.21,5.69216811504305,1985-09-03
21.61,30.34,6.18,4.883403605643339,1985-09-04
22.93,30.64,0.7,5.6127557204614185,1985-09-05
22.65,33.85,8.31,5.262408360124737,1985-09-06
22.75,30.18,5.68,4.511548972407342,1985-09-07
22.71,28.9,2.92,4.926676061574703,1985-09-08
22.04,32.77,0.62,4.834434067363257,1985-09-09
22.81,31.67,3.1,5.836044699178947,1985-09-10
22.53,31.32,2.37,5.245741135252203,1985-09-11
23.08,31.95,3.35,4.179267582678774,1985-09-12
23.58,30.98,4.04,4.781803627233955,1985-09-13
23.22,30.05,1.99,5.505806899966454,1985-09-14
22.18,32.28,1.69,5.343542711577434,1985-09-15
23.13,31.52,3.29,5.730920104772047,1985-09-16
22.08,28.73,2.56,4.080665998482042,1985-09-17
22.82,29.46,0.84,3.9620587097015196,1985-09-18
22.05,35.46,0.4,5.972197975366331,1985-09-19
21.98,35.33,0.84,6.0897685665131736,1985-09-20
23.92,34.04,0.03,6.152097058301553,1985-09-21
22.69,35.17,0.65,5.746684168254055,1985-09-22
23.08,34.33,2.07,6.015015723701578,1985-09-23
24.11,31.02,0.37,5.5485680595166365,1985-09-24
23.11,32.56,1.2,5.005409049044911,1985-09-25
23.79,32.14,2.08,5.420459502217121,1985-09-26
22.64,33.66,2.04,5.406053879775635,1985-09-27
22.88,33.24,0.17,5.767235881954128,1985-09-28
24.24,30.19,0.7,5.52052504575613,1985-09-29
22.38,34.74,0.01,6.166643198977372,1985-09-30
23.1,36.73,0.24,6.4469656744884,1985-10-01
23.29,33.55,0.44,5.677394746157407,1985-10-02
23.12,33.48,1.12,5.775377731031885,1985-10-03
23.16,35.86,0.51,5.422203103893721,1985-10-04
22.59,35.81,0.2,5.727319370743162,1985-10-05
22.72,35.44,0.07,5.775015669723194,1985-10-06
21.17,35.14,0.0,5.499625957385712,1985-10-07
21.12,36.95,0.0,5.383122581221304,1985-10-08
22.22,36.11,0.02,6.848819625382299,1985-10-09
23.91,34.41,0.02,6.463683974621292,1985-10-10
24.51,32.37,0.0,5.540380165087931,1985-10-11
22.77,35.39,0.02,5.69758737126475,1985-10-12
23.19,35.9,0.0,6.089999685463631,1985-10-13
21.36,35.51,0.0,6.214311962625792,1985-10-14
21.68,35.55,0.0,6.172966154035516,1985-10-15
21.0,36.38,0.0,6.420570626145897,1985-10-16
21.34,35.44,0.0,6.66783589030196,1985-10-17
20.72,36.57,0.0,6.586191611872298,1985-10-18
18.97,36.04,0.0,6.72574705320404,1985-10-19
18.84,36.04,0.0,7.336310876586993,1985-10-20
18.77,34.97,0.0,6.7836949782266345,1985-10-21
20.02,35.91,0.0,7.357659253127717,1985-10-22
18.8,35.58,0.0,7.071915431657653,1985-10-23
18.4,35.45,0.0,6.103755727283479,1985-10-24
19.98,36.66,0.0,6.153482639707851,1985-10-25
20.74,36.47,0.0,5.882544379212715,1985-10-26
17.83,36.41,0.0,6.642686820476752,1985-10-27
19.53,34.86,0.0,6.586400495015108,1985-10-28
21.28,35.61,0.01,6.048124822593555,1985-10-29
23.23,34.1,0.0,5.488988696609881,1985-10-30
21.75,35.73,0.0,7.037799947281593,1985-10-31
18.82,36.02,0.0,8.505236515302471,1985-11-01
16.85,34.96,0.0,8.659504200231344,1985-11-02
16.75,34.51,0.0,7.690380491032086,1985-11-03
15.75,35.29,0.0,7.252381955715383,1985-11-04
16.39,35.75,0.0,6.923493141739081,1985-11-05
17.34,35.57,0.0,7.009924402868444,1985-11-06
18.5,33.34,0.0,5.339400766425279,1985-11-07
18.08,35.77,0.0,5.718708541095776,1985-11-08
19.43,35.41,0.0,5.233953157441618,1985-11-09
20.13,35.53,0.0,6.37143230079904,1985-11-10
18.24,35.68,0.0,6.196311430082067,1985-11-11
19.65,35.73,0.0,7.032607338821331,1985-11-12
18.89,35.73,0.0,6.963983497538403,1985-11-13
18.92,35.8,0.0,8.405618187220805,1985-11-14
17.78,36.28,0.0,6.941315956176284,1985-11-15
19.98,36.73,0.0,7.67528793282713,1985-11-16
20.01,36.41,0.0,6.639047408823171,1985-11-17
20.45,36.44,0.0,6.486521865471675,1985-11-18
21.17,34.84,0.0,6.254803475945729,1985-11-19
18.2,35.43,0.0,7.194318109768129,1985-11-20
17.06,35.59,0.0,6.8934047235621145,1985-11-21
18.38,36.72,0.0,5.799909560821919,1985-11-22
20.19,36.42,0.0,5.107462056923357,1985-11-23
19.94,36.71,0.0,5.413699466883828,1985-11-24
19.25,36.47,0.0,5.557561197148185,1985-11-25
20.88,36.63,0.0,5.264688213582595,1985-11-26
20.68,37.04,0.0,6.64206978773054,1985-11-27
20.05,34.65,0.0,6.659559487143491,1985-11-28
20.64,35.96,0.0,7.683691501217645,1985-11-29
19.54,35.44,0.0,8.374609413002108,1985-11-30
16.72,34.5,0.0,8.181798296610651,1985-12-01
17.25,33.12,0.0,8.368624275058776,1985-12-02
16.25,30.96,0.0,7.881822439359748,1985-12-03
14.42,29.53,0.0,7.231638165481991,1985-12-04
16.18,30.79,0.0,7.4868954449379945,1985-12-05
16.25,31.77,0.0,7.787739181566854,1985-12-06
16.08,31.54,0.0,6.917313486494071,1985-12-07
14.24,32.94,0.0,6.157387495275186,1985-12-08
17.99,34.13,0.0,6.104503225659805,1985-12-09
17.52,33.55,0.0,5.929885300054906,1985-12-10
17.37,32.92,0.0,6.984110379856209,1985-12-11
16.17,31.0,0.0,7.417487342450076,1985-12-12
15.63,30.59,0.0,6.838333300603305,1985-12-13
15.55,28.82,0.0,6.794827505267883,1985-12-14
13.58,27.78,0.0,6.710234242330107,1985-12-15
12.55,26.93,0.0,6.586692682719819,1985-12-16
13.23,28.77,0.0,6.0210538195597945,1985-12-17
14.26,30.31,0.0,6.488382167241941,1985-12-18
14.73,30.65,0.0,6.9942945066264475,1985-12-19
15.44,29.38,0.0,6.852662607002347,1985-12-20
13.61,30.66,0.0,7.53426347335668,1985-12-21
15.08,31.01,0.0,7.716186274001762,1985-12-22
13.88,31.18,0.0,7.387552534440763,1985-12-23
15.8,31.46,0.0,8.05802989866006,1985-12-24
14.77,30.58,0.0,7.891926930277237,1985-12-25
13.86,29.34,0.0,7.207867866765411,1985-12-26
14.4,31.75,0.0,7.5919806592518,1985-12-27
15.49,32.45,0.0,7.293271230326181,1985-12-28
16.25,33.57,0.0,7.470772935978396,1985-12-29
16.3,33.83,0.0,7.026951325410717,1985-12-30
15.29,31.86,0.0,7.740860324410077,1985-12-31
13.22,31.81,0.0,7.128768945822672,1986-01-01
13.92,32.33,0.0,6.262593280255581,1986-01-02
14.45,32.54,0.0,5.0454703889036345,1986-01-03
14.81,32.96,0.0,5.370708874960333,1986-01-04
14.96,32.41,0.0,6.378179661293816,1986-01-05
13.69,30.73,0.0,6.795348618185544,1986-01-06
13.27,31.18,0.0,6.8338335755375335,1986-01-07
13.91,31.91,0.0,6.632498664296936,1986-01-08
14.54,31.78,0.0,7.4665509087355355,1986-01-09
13.47,31.39,0.0,6.78324107737377,1986-01-10
13.05,31.49,0.0,5.781759595628374,1986-01-11
12.86,31.02,0.0,5.719492767998126,1986-01-12
12.36,28.36,0.0,7.7118258269196724,1986-01-13
12.3,28.61,0.0,7.433085962232362,1986-01-14
12.3,28.97,0.0,7.46418215371592,1986-01-15
12.14,29.33,0.0,7.558846587237077,1986-01-16
12.97,29.8,0.0,7.121156408241927,1986-01-17
13.07,30.46,0.0,7.129717707984949,1986-01-18
13.1,31.33,0.0,6.795496907764678,1986-01-19
12.78,30.86,0.0,6.600556641398046,1986-01-20
14.29,31.65,0.0,6.715071123170803,1986-01-21
16.01,32.12,0.0,7.415065142642904,1986-01-22
15.87,32.09,0.0,7.619020743229417,1986-01-23
15.21,31.3,0.0,7.6499322949288056,1986-01-24
14.18,32.49,0.0,7.326197358688249,1986-01-25
14.85,33.45,0.0,7.2340065334601595,1986-01-26
15.6,34.27,0.0,7.636545388622093,1986-01-27
15.22,34.64,0.0,8.165720028485042,1986-01-28
15.54,35.12,0.0,7.937679259667589,1986-01-29
15.92,35.86,0.0,7.616178235091553,1986-01-30
17.16,37.02,0.0,6.243783893999208,1986-01-31
19.74,37.8,0.0,5.935962130850094,1986-02-01
19.83,36.93,0.0,7.226984100599647,1986-02-02
21.72,35.22,0.0,9.226409247261435,1986-02-03
20.76,35.87,0.0,8.844485558613247,1986-02-04
20.14,35.81,0.0,8.889917090394222,1986-02-05
20.46,36.55,0.0,7.82244148589298,1986-02-06
19.22,33.25,0.0,8.690726945648183,1986-02-07
17.79,31.58,0.0,8.749627877681458,1986-02-08
16.1,33.77,0.0,8.23043091013939,1986-02-09
17.78,35.59,0.0,7.1834575157429645,1986-02-10
19.52,36.4,0.0,8.101590807552586,1986-02-11
18.72,36.68,0.0,8.262749267898954,1986-02-12
17.78,36.0,0.0,9.060992037732575,1986-02-13
18.99,36.47,0.0,9.299796636692868,1986-02-14
18.39,35.84,0.0,8.31823600334823,1986-02-15
18.3,35.1,0.0,8.335318058256826,1986-02-16
17.91,35.8,0.0,7.533456472797822,1986-02-17
18.32,37.2,0.0,7.9371379162154225,1986-02-18
20.45,36.73,0.0,8.635262405519516,1986-02-19
21.68,36.9,0.0,9.82687443928036,1986-02-20
19.25,37.7,0.0,9.287553594898341,1986-02-21
18.85,37.31,0.0,8.606649949904519,1986-02-22
20.35,37.67,0.0,7.911973485259748,1986-02-23
21.19,38.06,0.0,9.382867094463355,1986-02-24
20.48,37.78,0.0,7.582948127311936,1986-02-25
20.87,37.98,0.0,8.339031406553106,1986-02-26
20.78,38.24,0.0,9.22390373917527,1986-02-27
22.04,37.16,0.0,8.044962342836993,1986-02-28
19.32,37.59,0.0,9.275424011928775,1986-03-01
18.9,38.02,0.0,9.666583546907736,1986-03-02
20.26,37.85,0.0,9.217008376604895,1986-03-03
20.09,36.98,0.0,7.826748873771522,1986-03-04
19.27,38.51,0.0,7.208713165451557,1986-03-05
20.01,36.78,0.0,8.42857568131238,1986-03-06
20.01,35.23,0.0,8.221260047788785,1986-03-07
20.52,37.07,0.0,8.161398421044677,1986-03-08
20.03,36.86,0.0,7.036162193162518,1986-03-09
20.6,38.11,0.01,7.209307023354142,1986-03-10
23.37,37.27,0.0,8.402440406139869,1986-03-11
25.3,39.28,0.0,9.741451657329383,1986-03-12
22.03,38.41,0.0,9.669736561486106,1986-03-13
21.09,38.41,0.0,8.17394519778319,1986-03-14
20.76,38.71,0.0,9.002466570804946,1986-03-15
23.02,38.91,0.0,8.597660155362096,1986-03-16
25.95,31.88,3.55,5.7895678534180215,1986-03-17
24.81,30.83,1.89,4.890599753641504,1986-03-18
23.11,35.94,0.05,5.931673521416732,1986-03-19
20.89,37.74,0.0,9.84423095773265,1986-03-20
21.23,35.48,0.0,10.020951698869087,1986-03-21
20.26,36.17,0.0,7.297102641637348,1986-03-22
22.67,36.34,0.0,6.266844426304734,1986-03-23
24.17,39.39,0.0,7.374082425720498,1986-03-24
26.54,39.32,0.01,9.460357002601976,1986-03-25
26.84,37.6,0.0,6.728316641883271,1986-03-26
27.25,38.07,0.0,8.703933022021683,1986-03-27
24.77,40.09,0.0,12.185028026207439,1986-03-28
23.97,40.29,0.0,9.361730890481063,1986-03-29
25.25,40.9,0.13,6.481849220175402,1986-03-30
27.38,41.97,0.1,7.347928813134077,1986-03-31
27.64,41.25,0.02,8.139650562421432,1986-04-01
29.35,40.05,0.02,7.236433322624743,1986-04-02
28.91,42.78,0.01,9.292348609186572,1986-04-03
27.68,40.41,0.01,7.89698962957228,1986-04-04
28.53,40.55,0.01,6.84152833791046,1986-04-05
27.92,40.7,0.07,10.678017171044704,1986-04-06
26.68,39.91,0.0,8.783592696888892,1986-04-07
27.46,40.89,0.1,6.598608297494638,1986-04-08
28.07,40.77,0.25,8.70492505961365,1986-04-09
28.99,37.41,0.02,8.000535008919663,1986-04-10
28.42,40.0,0.0,8.728648679862676,1986-04-11
28.28,42.03,0.0,8.376630193850346,1986-04-12
28.18,41.87,0.05,8.097415284006239,1986-04-13
29.48,40.73,0.05,9.392262309108348,1986-04-14
28.93,40.29,0.06,8.705342577410828,1986-04-15
28.3,43.52,0.05,8.408931794907124,1986-04-16
27.26,43.43,0.11,8.016177632726826,1986-04-17
28.69,42.08,0.16,9.373388658513399,1986-04-18
30.47,38.61,0.08,8.588989009404406,1986-04-19
29.52,39.58,0.01,8.73422150665478,1986-04-20
28.72,41.0,0.54,9.271472280972935,1986-04-21
28.6,38.09,0.17,8.961973812524583,1986-04-22
27.08,39.35,0.0,9.637187352493024,1986-04-23
28.14,37.92,0.25,8.759444537551195,1986-04-24
26.74,41.14,0.29,9.623634472437619,1986-04-25
29.01,41.55,0.08,10.410988930992048,1986-04-26
29.08,41.45,0.2,9.699193530141745,1986-04-27
28.28,39.95,0.03,9.347990491820061,1986-04-28
24.72,40.38,0.0,7.9424629810737795,1986-04-29
24.67,40.89,0.0,7.472617007990792,1986-04-30
23.25,41.71,0.0,7.427825027976151,1986-05-01
26.33,41.17,0.35,9.058088910205207,1986-05-02
27.99,37.35,1.61,7.816920814240058,1986-05-03
26.52,36.22,2.51,7.892112163867,1986-05-04
27.72,39.81,0.62,8.324521856575998,1986-05-05
25.95,42.33,0.04,9.344860164862126,1986-05-06
26.64,42.25,0.06,7.007493683552821,1986-05-07
26.71,39.87,0.04,6.0875262025354155,1986-05-08
24.09,37.6,0.01,7.56133015775078,1986-05-09
27.92,38.71,0.08,6.928106502971803,1986-05-10
28.41,35.81,0.05,8.093307138987806,1986-05-11
26.68,39.24,0.06,9.007818120701915,1986-05-12
29.2,40.78,0.02,9.108962682909997,1986-05-13
30.11,38.91,0.19,9.566402858001403,1986-05-14
29.41,40.87,0.12,10.624176307142823,1986-05-15
28.45,40.33,0.17,10.132870291565316,1986-05-16
27.66,38.82,0.48,9.642149637106726,1986-05-17
28.19,34.91,0.28,5.20719661765798,1986-05-18
26.43,39.04,0.34,7.473494474839879,1986-05-19
27.84,40.53,0.5,6.962034166448418,1986-05-20
29.19,39.48,4.5,9.042013672033127,1986-05-21
27.83,33.81,6.77,6.83819215695736,1986-05-22
26.22,37.32,2.26,6.491404951405946,1986-05-23
26.31,39.56,0.03,8.178408444358334,1986-05-24
26.94,41.14,0.02,8.064568911403546,1986-05-25
26.28,38.03,5.71,8.622957994686397,1986-05-26
26.88,31.9,9.01,6.324785016293901,1986-05-27
25.47,33.73,7.82,6.102212398152786,1986-05-28
25.0,38.15,0.47,5.844274949127935,1986-05-29
26.79,40.9,0.35,7.587288395929836,1986-05-30
27.48,40.34,0.01,9.116708051658877,1986-05-31
29.09,39.98,0.02,9.701971408217487,1986-06-01
28.28,40.76,0.0,9.081397904749432,1986-06-02
27.94,41.77,0.0,9.672524749553515,1986-06-03
28.15,41.48,0.02,8.380421394452078,1986-06-04
27.1,38.75,0.27,8.355675322090727,1986-06-05
27.51,35.61,0.51,8.226886386881779,1986-06-06
26.65,34.84,1.46,8.025978108158588,1986-06-07
25.67,39.42,0.87,7.912310866060389,1986-06-08
26.22,38.3,1.49,8.657596227475901,1986-06-09
27.43,34.68,1.87,8.25377623678902,1986-06-10
24.82,35.72,0.05,8.234724094275835,1986-06-11
25.02,37.68,1.51,6.957726702721076,1986-06-12
26.29,38.85,2.62,8.081321425487245,1986-06-13
25.84,35.01,0.48,8.20331836363102,1986-06-14
24.42,38.91,0.62,7.177857645762111,1986-06-15
26.49,40.48,2.88,8.703698955214376,1986-06-16
26.33,39.16,5.57,7.3571051234369795,1986-06-17
25.67,37.04,5.17,8.478127731728499,1986-06-18
26.95,35.92,3.65,7.444716519654181,1986-06-19
26.81,37.6,1.72,8.046015902676269,1986-06-20
27.48,39.35,1.26,8.05089445030592,1986-06-21
26.88,38.88,0.14,9.068742102513971,1986-06-22
26.73,38.82,1.98,8.898538891225481,1986-06-23
27.25,38.07,1.75,9.132080572596678,1986-06-24
26.85,33.06,4.68,6.0316883751584704,1986-06-25
25.1,35.19,1.09,7.235918161967961,1986-06-26
24.92,37.15,0.14,7.438595995993582,1986-06-27
25.53,38.4,1.05,7.22842018265542,1986-06-28
26.68,38.15,4.24,8.746669685755181,1986-06-29
26.74,36.79,2.08,7.641040441380166,1986-06-30
25.54,38.34,2.38,8.526087104754325,1986-07-01
24.91,35.87,5.3,7.520636019350342,1986-07-02
25.1,35.44,0.8,6.290271071480765,1986-07-03
25.32,36.65,0.28,8.472002115332097,1986-07-04
25.43,36.84,2.57,7.802397216473141,1986-07-05
24.67,34.54,6.01,5.640802495696913,1986-07-06
24.51,35.22,3.12,6.460230775216798,1986-07-07
24.82,37.15,2.14,7.535713870668542,1986-07-08
25.87,36.32,2.43,6.808584187894462,1986-07-09
25.51,36.8,1.29,8.31958887465495,1986-07-10
24.84,32.14,8.12,5.115658357020243,1986-07-11
23.13,34.62,2.89,6.677201524688762,1986-07-12
25.02,34.68,2.17,7.363596357425553,1986-07-13
25.41,32.52,3.12,4.944511601244086,1986-07-14
24.61,33.57,3.18,5.871527256425256,1986-07-15
23.36,33.08,7.66,4.778465559511179,1986-07-16
24.39,36.01,1.2,7.460292932060579,1986-07-17
23.74,35.0,2.17,7.048843926851173,1986-07-18
24.95,34.33,5.12,5.855965531968805,1986-07-19
25.37,33.07,3.39,5.656057153395,1986-07-20
24.73,34.66,4.22,6.559761273931184,1986-07-21
24.42,31.93,4.58,5.898051789851023,1986-07-22
23.74,32.55,2.66,5.3965056668997,1986-07-23
23.89,34.6,1.41,6.635140279984347,1986-07-24
24.13,35.29,2.61,7.33752260583437,1986-07-25
24.4,35.32,3.71,7.194378515846789,1986-07-26
23.78,28.36,3.8,4.53609635899786,1986-07-27
23.2,27.49,6.9,4.620364670208266,1986-07-28
21.84,32.74,0.95,5.806864939602807,1986-07-29
24.23,35.18,0.5,7.5762929623415305,1986-07-30
25.46,35.88,3.68,7.453687713149304,1986-07-31
23.75,32.39,1.52,6.465667805107962,1986-08-01
22.45,34.32,0.6,5.100532311490695,1986-08-02
23.91,35.92,0.64,7.0975442688591395,1986-08-03
23.75,36.34,19.87,7.1806494443430395,1986-08-04
23.9,28.67,22.97,3.529802165412407,1986-08-05
23.2,29.35,13.82,4.263321945966604,1986-08-06
23.51,30.24,11.46,4.278416987776013,1986-08-07
22.28,33.76,0.76,6.323911131658544,1986-08-08
23.44,32.6,1.45,6.250913605186903,1986-08-09
23.57,33.05,2.15,5.502883407381011,1986-08-10
24.03,34.75,2.04,6.450680489841437,1986-08-11
24.36,30.11,7.52,4.1371867291865065,1986-08-12
22.97,30.95,4.08,5.0541632469030695,1986-08-13
21.29,32.51,2.22,4.780265685107471,1986-08-14
21.98,34.13,0.35,5.7731731112552644,1986-08-15
23.75,34.6,1.22,6.197831625160493,1986-08-16
24.16,34.54,2.72,6.949639539520185,1986-08-17
22.79,35.38,1.25,6.977691246565048,1986-08-18
23.29,33.58,2.81,4.920351690053612,1986-08-19
24.24,33.22,5.71,6.0859949554795545,1986-08-20
23.61,31.28,6.71,5.34077267506492,1986-08-21
23.77,34.37,1.93,4.7004867446734115,1986-08-22
24.14,31.93,0.57,4.7224269495348565,1986-08-23
23.4,35.68,1.1,5.7793563023529515,1986-08-24
24.37,35.57,6.21,7.065730417704087,1986-08-25
24.01,33.28,3.76,4.801113249454885,1986-08-26
23.94,33.24,5.69,5.422987308373496,1986-08-27
22.88,33.65,0.22,6.463452108788288,1986-08-28
22.96,34.58,1.73,6.209066188789787,1986-08-29
23.23,33.81,2.56,5.860119027893515,1986-08-30
23.79,33.48,6.38,5.717658214874852,1986-08-31
23.63,29.87,3.65,4.462952398543592,1986-09-01
23.17,32.01,2.58,5.773686670453287,1986-09-02
22.91,33.31,0.68,5.939752269971537,1986-09-03
23.12,34.07,5.5,6.2423127304010455,1986-09-04
23.48,30.1,7.4,4.341105054105678,1986-09-05
22.73,30.45,6.21,5.018210641000665,1986-09-06
22.86,30.99,6.83,5.119734882600188,1986-09-07
23.68,31.37,4.96,5.403830127420009,1986-09-08
22.66,32.62,5.25,5.319217519838387,1986-09-09
22.55,30.71,2.59,4.8638945761576,1986-09-10
24.1,32.34,4.58,5.796385080136826,1986-09-11
23.42,31.8,1.61,3.7032439976129,1986-09-12
23.24,31.7,1.45,5.215947322550544,1986-09-13
22.28,30.27,14.42,3.9031813384596044,1986-09-14
22.16,32.63,0.92,5.55638406120962,1986-09-15
21.85,33.79,2.19,5.872340599435329,1986-09-16
22.22,33.9,3.81,5.413502604852193,1986-09-17
22.78,34.5,6.63,6.02115263410236,1986-09-18
24.23,30.95,3.23,3.5248832149712572,1986-09-19
23.93,32.35,5.67,5.473197484087043,1986-09-20
23.41,28.53,14.15,3.3541023112095227,1986-09-21
22.81,29.9,10.24,4.469395623838183,1986-09-22
21.97,30.42,4.64,3.9642458130548954,1986-09-23
23.57,29.57,3.12,4.387481831366091,1986-09-24
23.78,33.46,3.07,4.430540502228274,1986-09-25
22.74,29.77,1.08,4.5519509005987295,1986-09-26
22.22,32.54,0.76,5.5148006813740675,1986-09-27
22.57,35.82,1.17,6.245492099926077,1986-09-28
22.73,36.28,2.54,6.10988974228137,1986-09-29
23.24,32.86,3.2,5.3009970405202775,1986-09-30
23.22,32.99,0.76,5.296610145925679,1986-10-01
22.39,34.66,0.89,5.738337642358103,1986-10-02
23.1,36.39,0.22,6.1516383913666015,1986-10-03
23.21,36.25,0.17,6.099453395645428,1986-10-04
23.66,32.92,0.1,4.466298141929486,1986-10-05
23.37,35.45,0.14,6.171258014041965,1986-10-06
23.36,35.84,0.18,6.017014176208726,1986-10-07
22.07,36.66,0.0,5.79031589495948,1986-10-08
20.87,36.67,0.0,6.119849673060638,1986-10-09
20.78,36.11,0.0,6.261255169178736,1986-10-10
22.09,36.64,0.0,6.3110277070791385,1986-10-11
21.56,36.9,0.0,6.236339330580765,1986-10-12
22.18,36.89,0.0,6.258998441538205,1986-10-13
20.31,36.03,0.0,6.4903414298048085,1986-10-14
20.55,36.02,0.0,6.1241207878848964,1986-10-15
21.83,36.5,0.0,6.460165234519862,1986-10-16
21.73,37.03,0.0,6.114814600793838,1986-10-17
23.22,37.74,0.0,6.070156601369649,1986-10-18
24.85,33.46,0.0,5.7676378618088044,1986-10-19
23.02,36.1,0.0,6.286039278942296,1986-10-20
22.16,37.16,0.0,7.164090976531967,1986-10-21
20.36,37.04,0.0,7.120064095425925,1986-10-22
22.08,37.58,0.0,6.241536310028251,1986-10-23
20.68,37.51,0.13,5.8035110071696225,1986-10-24
24.02,32.12,0.07,5.579555764560896,1986-10-25
23.28,36.32,0.01,5.816445542995268,1986-10-26
23.55,36.3,0.07,6.408655228161736,1986-10-27
23.37,30.49,5.8,5.080561053261566,1986-10-28
22.53,32.14,0.67,5.2683261596725774,1986-10-29
22.7,33.9,0.98,5.74640039892936,1986-10-30
22.93,33.65,1.51,5.1552976511873325,1986-10-31
24.08,34.71,0.06,4.407083885609351,1986-11-01
21.61,36.86,0.0,6.696150722656052,1986-11-02
21.01,36.87,0.0,6.6521268655575145,1986-11-03
21.31,37.48,0.0,5.831936461324381,1986-11-04
22.95,36.7,0.09,5.833752028669022,1986-11-05
24.53,37.15,0.07,6.045118176276433,1986-11-06
23.55,37.91,0.0,6.790158279433545,1986-11-07
21.27,36.44,0.12,6.806421771341803,1986-11-08
21.34,35.72,0.33,6.250938005723544,1986-11-09
20.84,35.21,0.0,6.6699465469409,1986-11-10
19.38,35.06,0.0,7.603274178885875,1986-11-11
19.26,34.44,0.0,8.053745248912769,1986-11-12
17.43,34.07,0.0,8.000648499140418,1986-11-13
16.06,33.8,0.0,7.472495599534091,1986-11-14
15.72,33.53,0.0,6.9679390708613935,1986-11-15
17.09,34.25,0.0,6.391711934410041,1986-11-16
18.25,35.23,0.0,5.583062729343151,1986-11-17
19.1,35.57,0.0,6.014408382018847,1986-11-18
18.88,35.23,0.0,6.00040338888945,1986-11-19
19.03,34.27,0.0,5.616475686141907,1986-11-20
17.83,33.36,0.0,6.901444213884469,1986-11-21
17.37,31.05,0.01,6.670549929864888,1986-11-22
18.73,32.22,0.0,6.918900128262244,1986-11-23
17.79,34.05,0.0,6.644136340192916,1986-11-24
18.56,34.56,0.0,6.447076148493477,1986-11-25
20.29,35.07,0.0,6.664853749687512,1986-11-26
19.08,33.19,0.0,6.34415868486354,1986-11-27
19.22,34.54,0.0,6.751138624124199,1986-11-28
18.7,34.0,0.0,7.045382484948371,1986-11-29
18.38,33.63,0.0,7.066442010475003,1986-11-30
17.53,33.05,0.0,7.279491239841716,1986-12-01
15.99,31.97,0.0,7.498726152394953,1986-12-02
16.32,31.98,0.0,7.319197893621089,1986-12-03
16.81,31.4,0.0,7.648145141328822,1986-12-04
16.17,30.57,0.0,7.759015133177561,1986-12-05
14.4,30.0,0.0,7.078447812446567,1986-12-06
13.98,30.17,0.0,6.588000806101256,1986-12-07
14.09,30.73,0.0,6.680040953525261,1986-12-08
14.19,30.9,0.0,6.790867770660293,1986-12-09
14.61,31.93,0.0,6.570528204019614,1986-12-10
15.23,32.68,0.0,6.095819115983061,1986-12-11
14.99,32.27,0.0,5.617854123225785,1986-12-12
15.34,32.18,0.0,6.74525146850789,1986-12-13
15.24,31.41,0.0,7.184067116065859,1986-12-14
14.77,30.17,0.0,6.4804994953333095,1986-12-15
15.54,27.86,0.0,6.021066041225587,1986-12-16
15.51,30.73,0.0,7.667044653790587,1986-12-17
15.92,27.32,0.0,7.166000564523859,1986-12-18
14.3,26.63,0.0,7.618643660969028,1986-12-19
12.41,26.0,0.0,6.809900436359284,1986-12-20
11.69,27.53,0.0,6.801139850480801,1986-12-21
13.04,29.22,0.0,6.697678825148516,1986-12-22
14.01,32.34,0.0,6.206968435080185,1986-12-23
15.14,33.1,0.0,5.5648598791361845,1986-12-24
15.99,33.18,0.0,6.182608496904342,1986-12-25
14.88,30.82,0.0,7.529530396098835,1986-12-26
13.41,29.27,0.0,6.565279968210751,1986-12-27
14.44,29.18,0.0,7.248267351790784,1986-12-28
14.01,31.03,0.0,7.616281213995417,1986-12-29
13.93,30.17,0.0,7.098596202418249,1986-12-30
14.62,30.02,0.0,6.482867174767244,1986-12-31
15.87,30.78,0.0,6.597590874690393,1987-01-01
17.06,31.67,0.0,6.825878297900819,1987-01-02
16.75,32.69,0.0,5.105755107966091,1987-01-03
16.84,33.21,0.0,6.64986216644488,1987-01-04
17.15,32.19,0.0,8.230776989205367,1987-01-05
14.94,30.76,0.0,7.715711313714032,1987-01-06
13.41,29.92,0.0,7.109939359308974,1987-01-07
13.34,30.68,0.0,6.721830593224279,1987-01-08
15.93,29.99,0.0,7.047658683165597,1987-01-09
14.76,31.79,0.0,6.813439524821539,1987-01-10
15.87,28.16,0.0,5.867185970409493,1987-01-11
16.9,32.93,0.0,7.527248246954358,1987-01-12
16.91,33.71,0.0,7.649065783128401,1987-01-13
16.82,34.77,0.0,7.232250338969809,1987-01-14
16.43,35.26,0.0,7.226170453695322,1987-01-15
16.34,35.23,0.0,5.695882490486162,1987-01-16
17.63,35.74,0.0,6.178248175714744,1987-01-17
17.68,36.1,0.0,6.846806745209858,1987-01-18
16.88,35.56,0.0,6.594176787713505,1987-01-19
17.76,36.12,0.0,7.203069820571226,1987-01-20
18.77,36.37,0.0,8.353179051461217,1987-01-21
20.62,34.78,0.0,9.572638466488911,1987-01-22
18.64,36.54,0.0,9.912094258508755,1987-01-23
18.29,34.68,0.0,8.904956102544126,1987-01-24
17.42,34.16,0.0,8.113306676171817,1987-01-25
15.99,33.5,0.0,9.08295014593174,1987-01-26
15.82,32.55,0.0,8.925765453412668,1987-01-27
14.95,32.74,0.0,7.810469394471349,1987-01-28
16.58,33.53,0.0,7.54032530660286,1987-01-29
16.68,34.67,0.0,7.231905219590782,1987-01-30
17.76,35.31,0.0,8.46896209200735,1987-01-31
16.14,34.46,0.0,7.770620468659846,1987-02-01
16.11,34.28,0.0,7.994039246841219,1987-02-02
16.19,34.47,0.0,8.731748653833195,1987-02-03
18.03,33.99,0.0,8.03168379512398,1987-02-04
19.82,34.07,0.0,8.249293777331667,1987-02-05
19.87,33.17,0.0,8.392054769210587,1987-02-06
19.0,32.93,0.0,8.071251573973006,1987-02-07
16.88,34.57,0.0,8.228632890943345,1987-02-08
17.1,33.57,0.0,8.660722034840246,1987-02-09
16.58,33.88,0.0,7.9396745926385535,1987-02-10
17.57,35.33,0.0,6.18201023005999,1987-02-11
18.87,34.74,0.0,6.552827982266387,1987-02-12
18.54,34.32,0.0,8.18009424966499,1987-02-13
18.82,34.85,0.0,8.335947786659684,1987-02-14
17.16,34.98,0.0,7.746985462468181,1987-02-15
17.72,34.8,0.0,7.898387262036475,1987-02-16
18.43,36.71,0.0,8.366444872258345,1987-02-17
19.47,37.06,0.0,8.122834154065101,1987-02-18
20.46,37.99,0.0,7.02317073850652,1987-02-19
21.43,38.85,0.0,5.612294882577058,1987-02-20
21.19,39.7,0.0,7.486399265596981,1987-02-21
21.65,39.46,0.0,9.458697258821806,1987-02-22
20.64,39.7,0.0,9.053869185332443,1987-02-23
20.81,40.37,0.0,8.681304608372502,1987-02-24
20.25,40.12,0.0,8.03424537225072,1987-02-25
19.67,37.89,0.0,8.817038445298627,1987-02-26
20.34,38.48,0.0,8.940752607820702,1987-02-27
18.75,36.62,0.0,10.39149817401168,1987-02-28
17.01,35.68,0.0,9.535047776416846,1987-03-01
17.7,34.77,0.0,10.015558287274112,1987-03-02
19.88,32.35,0.0,9.533164420575863,1987-03-03
15.33,34.03,0.0,8.409296171749302,1987-03-04
16.62,35.2,0.0,8.178044667408678,1987-03-05
18.49,35.9,0.0,7.424874825549507,1987-03-06
20.33,35.64,0.0,6.201099357877183,1987-03-07
20.4,38.11,0.0,7.7667113731821935,1987-03-08
22.72,34.46,0.0,8.978961043769612,1987-03-09
22.78,37.23,0.0,9.661335252413904,1987-03-10
20.42,37.52,0.0,7.686313689243262,1987-03-11
20.78,38.83,0.0,10.338329523209229,1987-03-12
19.83,38.73,0.0,10.66468983176249,1987-03-13
22.99,38.58,0.0,9.707274704885052,1987-03-14
23.88,38.37,0.0,6.74457780067952,1987-03-15
25.89,36.88,0.0,6.983302693841639,1987-03-16
25.39,39.31,1.92,7.77182277511709,1987-03-17
27.77,38.77,2.37,5.702231404563088,1987-03-18
26.22,40.94,0.05,6.939985095266293,1987-03-19
25.6,42.12,1.35,7.7849229716893555,1987-03-20
26.18,39.27,0.14,5.431991703515703,1987-03-21
26.87,40.17,1.01,8.958794972723716,1987-03-22
24.88,39.13,3.64,9.4636108305655,1987-03-23
22.14,39.17,0.73,8.9831913263993,1987-03-24
21.33,38.18,0.0,7.983067786358367,1987-03-25
22.42,39.82,0.02,6.871398817582349,1987-03-26
27.21,38.3,0.0,6.388910606802246,1987-03-27
27.48,38.48,0.02,5.460416244255876,1987-03-28
25.69,34.19,0.0,6.486132337133251,1987-03-29
24.06,36.56,0.0,6.838078756537135,1987-03-30
21.52,39.51,0.0,7.862732937655611,1987-03-31
21.11,38.03,0.0,9.000258173023415,1987-04-01
21.5,39.03,0.0,6.8043773489444845,1987-04-02
25.65,39.88,1.26,6.492204765603272,1987-04-03
25.43,39.23,0.02,8.124137602703414,1987-04-04
27.7,40.29,0.0,9.390454854601357,1987-04-05
25.6,40.27,0.0,10.65384777672626,1987-04-06
23.93,40.72,0.0,10.762008656277327,1987-04-07
20.11,40.5,0.0,10.899846222334197,1987-04-08
19.63,40.01,0.0,10.531356668804635,1987-04-09
20.14,40.74,0.0,9.968699162807203,1987-04-10
21.86,41.79,0.0,10.67779575382501,1987-04-11
21.99,41.88,0.0,9.828694558564584,1987-04-12
22.0,42.35,0.0,9.387146246941017,1987-04-13
23.71,42.06,0.0,7.991339537661244,1987-04-14
24.83,41.69,0.06,6.658860268020762,1987-04-15
24.6,41.96,0.0,10.218563994112001,1987-04-16
22.51,41.77,0.0,11.010641321907165,1987-04-17
24.0,39.17,0.0,10.212886303134697,1987-04-18
22.27,38.71,0.0,10.284505456569287,1987-04-19
21.29,38.51,0.0,11.000705111381148,1987-04-20
21.98,37.61,0.0,11.182738858936837,1987-04-21
20.8,38.04,0.0,10.959587078898776,1987-04-22
21.11,39.02,0.0,10.237242191337163,1987-04-23
21.33,40.37,0.0,10.283876479817161,1987-04-24
23.9,41.47,0.0,11.892204408611084,1987-04-25
24.36,41.17,0.0,12.880607778205592,1987-04-26
23.93,40.18,0.0,11.850435036990055,1987-04-27
24.8,40.18,0.0,10.406763877042497,1987-04-28
23.17,41.04,0.0,9.945300645985936,1987-04-29
24.26,41.61,0.0,9.430979691857221,1987-04-30
25.22,41.55,0.0,10.056619828441976,1987-05-01
25.37,41.44,0.0,10.301941751965627,1987-05-02
25.28,42.77,0.0,11.082742606439897,1987-05-03
23.3,42.28,0.0,11.215076724913393,1987-05-04
24.3,42.75,0.0,8.130330920698928,1987-05-05
25.77,43.08,0.0,8.98795069023473,1987-05-06
24.84,43.33,0.0,8.277602463491258,1987-05-07
25.96,43.55,0.0,7.834853646033278,1987-05-08
28.21,44.54,0.0,8.252410468061441,1987-05-09
26.34,43.33,0.0,9.162195980925683,1987-05-10
27.43,42.78,0.0,8.618825901823655,1987-05-11
26.96,42.49,0.0,7.959866351274314,1987-05-12
28.03,42.52,0.0,9.253478623270622,1987-05-13
28.87,42.28,0.0,8.276701967740967,1987-05-14
29.78,42.86,0.0,8.69146918657815,1987-05-15
27.74,43.67,0.0,9.406545631659494,1987-05-16
27.6,44.2,0.0,7.691117931175113,1987-05-17
30.52,42.27,0.0,7.510201561409186,1987-05-18
30.56,41.65,0.0,9.587938119597839,1987-05-19
30.4,40.51,0.0,10.02549872106365,1987-05-20
30.59,42.08,0.12,8.616823979160948,1987-05-21
30.27,41.91,0.19,9.78334356650795,1987-05-22
30.27,39.51,0.09,10.215254415220933,1987-05-23
29.24,39.39,0.07,8.621611532929757,1987-05-24
29.44,41.49,0.2,10.004079936866232,1987-05-25
28.95,42.05,0.18,9.664467124538126,1987-05-26
29.22,43.3,0.42,11.052148984153963,1987-05-27
29.24,42.66,0.49,11.007575920640495,1987-05-28
28.98,41.3,0.78,11.011824928719928,1987-05-29
29.13,37.54,0.44,9.793135848589506,1987-05-30
27.15,38.06,1.84,9.852053063440712,1987-05-31
26.78,37.57,1.23,7.541908269026271,1987-06-01
27.42,38.0,0.85,7.280826014206518,1987-06-02
28.11,38.32,2.44,8.055873161664987,1987-06-03
28.58,35.54,3.43,6.26258082038705,1987-06-04
28.23,36.62,1.17,8.236176737354006,1987-06-05
24.94,29.35,5.12,5.494024047085221,1987-06-06
24.61,35.41,1.53,5.34778133848781,1987-06-07
25.87,39.07,1.02,8.46420904281955,1987-06-08
26.32,40.45,0.0,8.438181590121863,1987-06-09
27.61,41.14,0.06,8.951096171928054,1987-06-10
27.88,41.24,0.11,8.3216502907389,1987-06-11
29.31,41.75,0.17,8.925162239359825,1987-06-12
30.59,42.28,0.39,10.600053151163321,1987-06-13
28.17,40.6,0.58,9.089397043500503,1987-06-14
28.24,38.62,0.52,7.855394312335372,1987-06-15
27.81,38.13,1.13,8.680467778061537,1987-06-16
26.62,39.28,2.81,7.419968207829283,1987-06-17
28.93,40.45,1.23,8.723539838658958,1987-06-18
28.57,40.66,2.36,8.075868923922478,1987-06-19
27.67,39.15,0.71,8.92762937764758,1987-06-20
27.13,39.41,0.02,8.612143351057032,1987-06-21
27.14,41.08,0.27,7.936834911108963,1987-06-22
27.44,42.3,0.71,10.432868683476318,1987-06-23
26.42,40.3,0.35,9.546674261054607,1987-06-24
27.63,39.11,1.54,8.248150779240177,1987-06-25
26.74,35.52,6.8,7.490126630696261,1987-06-26
25.33,33.22,17.27,6.723575322736508,1987-06-27
25.9,35.59,2.04,7.494499515064813,1987-06-28
26.56,37.13,1.21,7.951320373462245,1987-06-29
26.72,38.07,3.08,8.639504968379589,1987-06-30
25.96,37.55,3.95,8.277200046074995,1987-07-01
25.32,40.46,1.19,8.16199205057378,1987-07-02
26.42,39.12,0.69,7.3302575286603195,1987-07-03
26.96,40.52,0.6,8.445050688879236,1987-07-04
27.02,40.18,0.43,8.929286131566633,1987-07-05
27.81,38.53,0.13,9.144477284453684,1987-07-06
27.07,35.88,0.83,5.61943773252562,1987-07-07
26.12,38.36,0.73,7.200899409243797,1987-07-08
27.1,36.47,1.35,7.2012722762620225,1987-07-09
27.2,37.44,4.98,7.67746039538833,1987-07-10
27.29,33.7,9.29,6.695575167970303,1987-07-11
25.92,33.79,3.15,5.480958997570248,1987-07-12
24.62,37.53,1.64,7.831095694614328,1987-07-13
25.55,37.54,4.65,7.594242109050856,1987-07-14
26.12,38.37,2.46,7.325096273745178,1987-07-15
26.99,37.62,2.6,7.931144102291825,1987-07-16
24.45,31.44,10.12,4.877777035460084,1987-07-17
23.53,36.14,2.12,5.860494778385868,1987-07-18
24.79,38.39,2.99,7.019438640304614,1987-07-19
26.03,36.06,0.48,7.841889127710639,1987-07-20
26.39,32.59,0.23,5.77373352377021,1987-07-21
25.45,38.92,0.0,7.925213994945178,1987-07-22
25.36,40.35,0.07,7.550466206097353,1987-07-23
27.13,38.36,0.51,9.200469419568556,1987-07-24
26.55,35.16,2.36,7.421367826340759,1987-07-25
25.0,34.09,2.93,5.206569229380456,1987-07-26
25.62,36.88,1.87,6.434590264942709,1987-07-27
25.5,38.06,3.03,6.562457136607538,1987-07-28
26.39,38.55,1.1,8.005220649300336,1987-07-29
26.8,34.99,10.95,6.459506650226732,1987-07-30
24.97,34.68,4.3,5.282927329110172,1987-07-31
23.93,34.11,6.5,5.3101829976107915,1987-08-01
25.48,34.95,9.42,6.782522311054409,1987-08-02
25.77,31.69,5.03,4.781267278505018,1987-08-03
25.21,30.78,3.51,5.224470663906188,1987-08-04
24.81,32.12,7.91,5.526445598940725,1987-08-05
24.96,33.17,3.72,6.534651777848494,1987-08-06
24.63,33.16,3.69,5.3020034357829084,1987-08-07
24.9,33.97,0.23,6.842951695381973,1987-08-08
24.9,33.21,2.54,5.811442188465222,1987-08-09
23.64,34.58,3.74,7.169656496503234,1987-08-10
24.77,30.4,1.32,4.202002894256833,1987-08-11
23.29,33.66,0.09,6.091638066674231,1987-08-12
24.03,32.94,1.18,5.594747637150962,1987-08-13
24.61,36.0,5.52,7.085014854286834,1987-08-14
24.35,31.64,5.3,5.290038901201979,1987-08-15
23.1,34.79,2.03,6.224311522101626,1987-08-16
25.52,36.2,2.92,6.877809601349303,1987-08-17
24.96,32.78,2.24,5.350645691695688,1987-08-18
24.53,32.12,1.59,5.025524347903111,1987-08-19
24.68,34.31,1.67,4.675539801292914,1987-08-20
25.02,33.91,3.08,5.386893522222039,1987-08-21
23.96,35.41,1.38,5.9571193089132,1987-08-22
24.03,32.57,1.6,5.289303584738495,1987-08-23
25.23,32.91,6.69,6.125861438006715,1987-08-24
24.6,30.83,3.31,3.889243513115491,1987-08-25
24.21,33.3,5.74,6.0804312626552175,1987-08-26
24.22,32.91,3.33,4.65840760743837,1987-08-27
23.02,34.44,1.9,5.774913322987842,1987-08-28
24.35,38.36,1.37,6.813137316518276,1987-08-29
25.18,33.99,3.05,5.526554017164153,1987-08-30
25.55,32.53,0.92,5.647688033846323,1987-08-31
24.18,35.12,0.77,6.295783999964943,1987-09-01
24.34,35.12,0.72,6.421116146196495,1987-09-02
22.89,36.7,2.68,6.78870404886031,1987-09-03
25.46,35.15,3.08,5.889188301517315,1987-09-04
25.22,32.69,3.3,4.964075406371515,1987-09-05
24.53,34.59,0.32,6.433984090989988,1987-09-06
24.03,37.68,0.49,6.838135604188447,1987-09-07
23.85,38.14,3.47,7.026208001333135,1987-09-08
24.96,36.26,5.05,6.488052463678372,1987-09-09
23.9,33.97,1.9,4.625792733214583,1987-09-10
24.18,33.31,4.55,6.034741756280455,1987-09-11
24.06,37.92,2.88,7.585574764538833,1987-09-12
24.48,35.59,3.92,6.692227098261728,1987-09-13
25.08,31.49,9.44,4.7053911390391265,1987-09-14
23.48,32.45,2.6,5.263847078849906,1987-09-15
23.61,34.58,5.31,5.9952938173716,1987-09-16
22.89,37.73,0.08,6.985592537579894,1987-09-17
24.01,37.62,0.75,7.066807601056965,1987-09-18
24.98,34.44,5.15,6.920543379232318,1987-09-19
24.09,33.14,2.89,6.22479608345686,1987-09-20
24.22,35.87,0.69,5.414738389510397,1987-09-21
25.42,35.08,0.28,6.6695502083065845,1987-09-22
23.88,36.47,0.77,5.6911619520481365,1987-09-23
24.35,39.59,0.01,6.84363685154434,1987-09-24
24.71,37.34,9.7,7.504847823617597,1987-09-25
24.71,31.92,14.13,4.931228177159688,1987-09-26
23.53,32.58,0.86,4.691655835156322,1987-09-27
22.99,35.63,0.05,6.2502755320073025,1987-09-28
23.72,36.89,0.08,6.691246021022403,1987-09-29
23.84,38.6,0.02,6.91420099413438,1987-09-30
24.11,38.12,0.21,7.262503888080908,1987-10-01
24.65,37.92,0.18,7.263135228072098,1987-10-02
24.49,38.15,0.59,6.9690607015230155,1987-10-03
24.62,38.85,0.01,7.071668334936445,1987-10-04
23.64,39.32,0.24,7.01002052766325,1987-10-05
24.49,38.05,0.27,7.300096233997599,1987-10-06
25.87,37.44,0.61,7.58429102825722,1987-10-07
24.88,37.5,0.26,7.261174804067405,1987-10-08
25.35,35.91,1.59,5.270130866672145,1987-10-09
25.3,36.91,0.13,6.178350756006989,1987-10-10
26.26,38.51,0.27,6.968495444586116,1987-10-11
25.61,36.9,0.76,7.468670116448404,1987-10-12
25.06,35.8,0.29,6.439294386754552,1987-10-13
25.19,37.98,0.49,6.557673445916411,1987-10-14
24.92,39.34,0.08,6.664181786157265,1987-10-15
24.26,39.14,0.0,6.613661877272037,1987-10-16
25.2,37.23,0.8,6.718086439562953,1987-10-17
25.31,35.82,0.1,5.708730661052674,1987-10-18
24.65,35.72,0.0,5.394767437113516,1987-10-19
24.06,38.28,0.0,6.551070141303999,1987-10-20
23.85,37.99,0.0,6.404064300676759,1987-10-21
22.51,38.0,0.0,6.698412409572427,1987-10-22
22.37,34.65,0.0,4.734972169706953,1987-10-23
23.67,35.6,0.0,6.007327318355847,1987-10-24
20.87,36.52,0.0,6.9872039209229175,1987-10-25
20.57,36.56,0.0,6.982728317385717,1987-10-26
19.39,36.36,0.0,7.103607403513808,1987-10-27
19.3,36.11,0.0,6.437179587289134,1987-10-28
20.3,36.64,0.0,6.5156955087409925,1987-10-29
20.77,37.21,0.0,6.895655182651159,1987-10-30
20.33,37.27,0.0,7.566247639375441,1987-10-31
18.57,36.52,0.0,7.9659909004913185,1987-11-01
17.43,36.43,0.0,7.595039441396229,1987-11-02
17.7,35.97,0.0,7.201738408345187,1987-11-03
18.46,36.62,0.0,6.99152227652177,1987-11-04
19.6,36.91,0.0,7.16354760239385,1987-11-05
18.98,36.97,0.0,7.26092293316288,1987-11-06
18.48,37.44,0.0,7.326741106077563,1987-11-07
18.05,37.32,0.0,6.732663819970789,1987-11-08
18.1,36.77,0.0,6.4755864799165215,1987-11-09
19.13,36.43,0.0,6.305595390221585,1987-11-10
20.72,36.95,0.0,6.904679767185013,1987-11-11
20.43,36.07,0.0,7.160489230022529,1987-11-12
18.93,36.6,0.0,8.738806511660998,1987-11-13
18.38,36.3,0.0,7.633400736037848,1987-11-14
18.84,36.13,0.0,6.5372876746791615,1987-11-15
19.15,36.15,0.0,7.2516393583728975,1987-11-16
19.29,36.26,0.0,7.824456055890214,1987-11-17
19.74,35.5,0.0,8.710846353519717,1987-11-18
18.55,34.86,0.0,8.338497560969852,1987-11-19
18.49,33.75,0.0,7.640755532235034,1987-11-20
17.93,34.31,0.0,7.037204469285682,1987-11-21
18.55,34.67,0.0,6.633750969978774,1987-11-22
19.93,35.71,0.0,5.783617559226491,1987-11-23
19.91,36.53,0.0,7.537373768809637,1987-11-24
20.15,36.85,0.0,8.746973426929536,1987-11-25
19.59,37.24,0.0,8.91608194424779,1987-11-26
19.23,37.78,0.0,8.849030137202563,1987-11-27
19.89,37.78,0.0,7.731025758137237,1987-11-28
19.33,37.73,0.0,7.867880419939386,1987-11-29
19.62,37.73,0.0,7.921290929803297,1987-11-30
19.63,38.03,0.0,6.880417886312942,1987-12-01
19.32,36.84,0.0,7.283899781946446,1987-12-02
19.07,37.16,0.0,6.594953700431093,1987-12-03
19.27,36.39,0.0,7.7391485642922975,1987-12-04
19.52,35.59,0.0,8.288030675335683,1987-12-05
17.61,34.03,0.0,7.178090455770071,1987-12-06
17.76,32.3,0.0,6.885169272858859,1987-12-07
18.02,34.2,0.0,6.463173208666044,1987-12-08
19.12,34.78,0.0,6.9210905086628705,1987-12-09
17.55,34.33,0.0,7.66253386590474,1987-12-10
16.05,33.65,0.0,7.594779113304751,1987-12-11
15.31,34.11,0.0,7.143004691306054,1987-12-12
16.26,34.31,0.0,7.855866274342343,1987-12-13
16.27,34.25,0.0,7.7725000754725455,1987-12-14
15.63,33.9,0.0,8.230680870959592,1987-12-15
14.69,33.55,0.0,7.792657092658536,1987-12-16
14.1,33.24,0.0,8.522487886258768,1987-12-17
14.39,32.05,0.0,8.17649736310672,1987-12-18
15.08,31.67,0.0,8.07680629516163,1987-12-19
15.11,32.12,0.0,7.842788280010947,1987-12-20
17.03,32.03,0.0,7.997385042808813,1987-12-21
17.74,32.21,0.0,8.04959414698879,1987-12-22
15.01,31.93,0.0,7.7055110332760055,1987-12-23
14.79,32.38,0.0,6.7390759723995135,1987-12-24
16.22,32.86,0.0,6.506983308300429,1987-12-25
17.46,33.38,0.0,6.139362569219091,1987-12-26
16.2,31.11,0.0,6.628156810897864,1987-12-27
17.04,30.86,0.0,7.332624078215561,1987-12-28
16.87,31.92,0.0,6.943359245359134,1987-12-29
17.28,32.45,0.0,6.8936609523303645,1987-12-30
18.2,31.79,0.0,7.036156333320848,1987-12-31
18.44,31.91,0.0,7.6614455592629565,1988-01-01
17.93,28.48,0.0,5.9656482682354435,1988-01-02
15.62,28.48,0.0,6.520762695861486,1988-01-03
12.54,26.86,0.0,6.8568708187340635,1988-01-04
11.84,29.49,0.0,7.149049270335454,1988-01-05
14.96,30.45,0.0,7.2968042532204604,1988-01-06
15.48,30.63,0.0,7.381329133100182,1988-01-07
14.95,29.92,0.0,7.385600176964458,1988-01-08
14.74,30.73,0.0,7.554199573080368,1988-01-09
14.42,30.57,0.0,7.941220388031846,1988-01-10
13.51,29.21,0.0,7.713419780623165,1988-01-11
12.35,28.79,0.0,7.365202970322738,1988-01-12
12.81,28.87,0.0,6.992178998235138,1988-01-13
14.27,31.96,0.0,7.706996739011494,1988-01-14
16.63,33.13,0.0,6.892376012159588,1988-01-15
17.57,33.85,0.0,7.609191319119328,1988-01-16
19.45,35.33,0.0,8.07223487518035,1988-01-17
19.27,35.69,0.0,7.278600165579397,1988-01-18
18.82,35.72,0.0,6.743778425418865,1988-01-19
17.07,35.11,0.0,6.280608882399144,1988-01-20
17.72,35.2,0.0,6.696417922561027,1988-01-21
19.81,35.15,0.0,8.308471034190632,1988-01-22
17.31,34.32,0.0,8.31079384918569,1988-01-23
16.91,34.56,0.0,8.399380146275192,1988-01-24
18.19,35.49,0.0,8.975054578752001,1988-01-25
18.3,35.57,0.0,9.189576238475746,1988-01-26
19.12,36.01,0.0,9.081151125507649,1988-01-27
20.32,36.57,0.0,8.207206541882881,1988-01-28
20.6,35.53,0.0,7.475515897243163,1988-01-29
21.91,36.6,0.0,6.035984751262637,1988-01-30
20.64,36.74,0.0,7.104685474340919,1988-01-31
23.79,37.2,0.0,8.693793159349426,1988-02-01
19.82,36.83,0.0,10.020883882109576,1988-02-02
18.08,36.59,0.0,9.27128200395499,1988-02-03
18.17,36.98,0.0,7.652712005040468,1988-02-04
19.26,36.37,0.0,8.451966499363465,1988-02-05
19.0,36.56,0.0,8.29546428479401,1988-02-06
19.14,36.87,0.0,7.284365800121906,1988-02-07
21.82,37.93,0.0,7.464092030984404,1988-02-08
17.58,28.4,0.0,8.707058764536562,1988-02-09
13.52,28.76,0.0,8.31557833806756,1988-02-10
13.44,30.46,0.0,7.4496347514683166,1988-02-11
15.6,31.75,0.0,8.743619207756124,1988-02-12
15.11,32.38,0.0,8.393015480658756,1988-02-13
17.31,33.49,0.0,8.303209829283219,1988-02-14
17.46,34.81,0.0,8.526275111279904,1988-02-15
17.12,35.55,0.0,8.460572163386765,1988-02-16
19.34,36.22,0.0,9.85652111203529,1988-02-17
18.04,36.11,0.0,9.632455980924354,1988-02-18
18.34,36.75,0.0,9.355368128766486,1988-02-19
18.41,36.48,0.0,9.748227340137069,1988-02-20
18.3,37.01,0.0,10.841910835369697,1988-02-21
20.39,36.91,0.0,11.640528501136417,1988-02-22
17.84,36.76,0.0,9.917478916222992,1988-02-23
18.99,36.06,0.0,9.746188035029954,1988-02-24
21.54,33.33,0.0,8.621173457856086,1988-02-25
19.63,38.64,0.0,9.646156309270479,1988-02-26
19.98,39.74,0.0,8.567775385163584,1988-02-27
21.22,40.57,0.0,7.49655991398877,1988-02-28
23.02,41.05,0.0,10.37561882646636,1988-02-29
24.01,41.34,0.0,7.046797711536935,1988-03-01
29.35,41.53,0.0,7.3111072334200875,1988-03-02
27.51,39.87,0.0,10.118003848277896,1988-03-03
26.34,39.68,0.0,10.10929040100608,1988-03-04
25.91,40.1,0.0,8.858075002637747,1988-03-05
26.63,40.23,0.0,10.172631556181848,1988-03-06
25.26,37.15,0.0,10.91730025496835,1988-03-07
22.08,37.51,0.0,9.418646975252535,1988-03-08
21.12,36.76,0.0,9.944995496083886,1988-03-09
19.62,38.72,0.0,9.90761661874663,1988-03-10
18.79,38.33,0.0,8.915854643774315,1988-03-11
19.3,38.76,0.0,7.406315484247994,1988-03-12
19.85,38.46,0.0,9.560576670638156,1988-03-13
21.61,38.23,0.0,10.550757854990568,1988-03-14
22.84,38.22,0.0,10.802150807580453,1988-03-15
22.46,38.85,0.0,10.274045974119137,1988-03-16
21.09,39.88,0.0,10.365041133108017,1988-03-17
20.19,39.73,0.0,10.12804629362905,1988-03-18
21.61,39.63,0.0,10.937615815216054,1988-03-19
22.12,38.64,0.0,9.255204839985446,1988-03-20
20.23,38.9,0.0,9.602107179041843,1988-03-21
19.67,39.26,0.0,10.201593687366861,1988-03-22
20.17,39.38,0.0,9.998328342518656,1988-03-23
20.66,40.31,0.0,8.883907401635632,1988-03-24
21.32,40.52,0.0,9.184943987497991,1988-03-25
24.25,39.45,0.0,9.973590460257391,1988-03-26
22.88,39.15,0.01,8.745346401950677,1988-03-27
23.39,39.37,0.0,10.918677945604154,1988-03-28
24.81,41.07,0.0,11.236108735119771,1988-03-29
23.85,40.85,0.0,11.552542553845617,1988-03-30
22.88,41.54,0.0,10.290691986998342,1988-03-31
23.68,41.46,0.0,9.10974563803593,1988-04-01
24.41,41.99,0.0,10.245073470096585,1988-04-02
26.6,40.68,0.01,8.365106296111874,1988-04-03
28.27,41.16,0.03,7.205289801152254,1988-04-04
29.17,43.43,0.0,7.834002076747681,1988-04-05
27.2,43.14,0.0,9.637600539829434,1988-04-06
25.93,42.03,0.02,7.832197267365671,1988-04-07
28.12,40.63,0.0,8.134171970364621,1988-04-08
27.59,42.23,0.0,8.462424794877121,1988-04-09
31.22,41.05,0.24,10.207362936206291,1988-04-10
27.65,43.0,0.0,9.179281907065269,1988-04-11
29.62,42.7,0.0,6.888835217793465,1988-04-12
29.67,41.62,0.19,8.740660184283747,1988-04-13
30.78,41.32,0.09,9.381419790759495,1988-04-14
29.07,42.09,0.25,10.411718497129089,1988-04-15
29.87,40.3,0.06,9.654314105860541,1988-04-16
29.0,36.65,2.02,8.19893145897146,1988-04-17
26.63,34.84,0.02,7.468322535297028,1988-04-18
27.4,39.72,0.01,8.831157801011598,1988-04-19
26.96,40.33,0.46,8.644903844598616,1988-04-20
28.74,39.36,2.14,9.959179347370702,1988-04-21
27.58,40.42,0.52,9.389668037539877,1988-04-22
29.32,40.0,1.27,9.583827587861586,1988-04-23
28.36,39.12,0.88,9.793378235604056,1988-04-24
29.01,37.05,2.48,7.83002137033497,1988-04-25
27.12,35.77,3.17,7.3337864987748755,1988-04-26
26.42,37.01,2.25,4.956138016198111,1988-04-27
27.47,38.57,2.9,6.826438737647038,1988-04-28
26.14,40.71,0.0,10.577790042118457,1988-04-29
25.03,42.19,0.0,8.340357594479759,1988-04-30
23.23,41.56,0.0,8.150498261482504,1988-05-01
23.67,42.04,0.0,9.546571095247899,1988-05-02
26.29,41.42,0.0,9.397889691745618,1988-05-03
28.02,42.02,0.01,8.105944720430575,1988-05-04
30.75,43.18,0.17,8.249319675590655,1988-05-05
29.12,42.05,0.31,7.546885350037371,1988-05-06
27.81,42.22,0.0,8.41266832487743,1988-05-07
25.89,40.91,0.19,8.579433057553489,1988-05-08
25.36,41.29,0.0,9.136823781140816,1988-05-09
26.26,41.76,0.01,7.958912198555378,1988-05-10
27.07,41.92,0.01,8.235561317268212,1988-05-11
29.23,41.44,0.25,9.75158550521001,1988-05-12
29.64,39.97,0.26,10.577083688924516,1988-05-13
28.41,41.25,0.03,9.1716860178211,1988-05-14
28.12,40.76,0.09,9.394489099449395,1988-05-15
27.44,41.92,0.0,10.21954761974162,1988-05-16
25.93,41.28,0.0,10.710315353091843,1988-05-17
25.06,42.06,0.0,8.260048807298514,1988-05-18
25.93,42.24,0.0,6.948921968151126,1988-05-19
24.56,42.33,0.0,7.962086296384686,1988-05-20
24.52,42.74,0.05,7.293182511634156,1988-05-21
28.16,41.03,0.1,7.416836107116787,1988-05-22
28.59,41.14,0.48,9.739657230625419,1988-05-23
29.56,41.96,0.42,10.521491502016879,1988-05-24
28.76,40.72,0.4,9.050937937256853,1988-05-25
28.65,41.83,0.23,9.211143833078145,1988-05-26
29.54,43.46,0.19,8.538894112703307,1988-05-27
29.48,43.24,0.16,10.568178782047916,1988-05-28
29.56,42.27,0.07,10.687271971325673,1988-05-29
29.66,42.75,0.0,9.517507265101543,1988-05-30
29.89,43.42,0.19,11.217486518631253,1988-05-31
26.99,34.25,1.12,8.491905970674239,1988-06-01
25.71,36.68,0.37,8.448873785150326,1988-06-02
26.13,39.53,0.24,8.525082730508755,1988-06-03
29.58,42.35,0.19,10.18825397026124,1988-06-04
28.35,39.87,2.99,10.68088934521253,1988-06-05
26.48,38.28,3.7,9.5843853199018,1988-06-06
26.81,34.75,5.54,7.38396788212633,1988-06-07
26.68,32.27,12.54,4.6852069311587465,1988-06-08
25.92,34.95,2.86,5.825717695321049,1988-06-09
27.65,35.29,0.93,6.34652665273035,1988-06-10
26.58,35.35,1.08,6.959515855506124,1988-06-11
26.53,38.9,1.25,9.134517279384717,1988-06-12
26.43,37.42,2.28,7.430368259154731,1988-06-13
28.23,34.64,0.88,6.140142955634076,1988-06-14
27.92,34.11,3.0,7.498241788131362,1988-06-15
24.71,36.24,0.02,7.606468125318347,1988-06-16
27.35,40.85,1.19,8.209769464071433,1988-06-17
26.7,36.92,2.3,7.637894565677487,1988-06-18
27.38,37.93,1.71,8.145583688759888,1988-06-19
27.21,39.53,0.68,9.340651423069847,1988-06-20
25.52,37.76,2.06,8.732525027443518,1988-06-21
27.17,37.59,1.57,7.736598309099931,1988-06-22
26.35,39.44,2.6,7.859768123403311,1988-06-23
27.3,35.03,1.09,7.5794828748028555,1988-06-24
26.77,35.39,2.3,7.3068118956081625,1988-06-25
25.8,35.79,0.31,8.133344886515694,1988-06-26
25.64,35.81,7.42,8.448436750592414,1988-06-27
25.85,33.11,10.4,6.522896420492975,1988-06-28
25.0,32.96,9.03,6.792371161525567,1988-06-29
24.71,31.23,1.32,5.41518598551677,1988-06-30
24.04,32.61,3.01,5.574361828640215,1988-07-01
24.77,37.42,5.48,7.893236481325542,1988-07-02
24.65,36.9,1.33,7.891801697201628,1988-07-03
23.83,36.82,0.86,7.807107460480417,1988-07-04
25.15,33.44,10.66,6.77868131333686,1988-07-05
24.32,33.85,12.7,6.363050579262113,1988-07-06
24.45,34.15,8.84,6.54278167570112,1988-07-07
25.27,32.72,5.01,3.9326708192544872,1988-07-08
24.75,36.37,2.51,6.800718359855477,1988-07-09
25.39,34.05,0.83,6.168035420258681,1988-07-10
24.62,36.24,0.62,6.730282418323844,1988-07-11
25.82,35.0,1.1,7.58910532611686,1988-07-12
25.59,34.79,4.18,6.893633722089282,1988-07-13
24.04,34.4,1.38,4.763970365730832,1988-07-14
25.29,36.22,1.56,7.7349446927729915,1988-07-15
26.09,34.52,7.09,7.8245814851248285,1988-07-16
23.94,28.99,5.63,4.264907947348588,1988-07-17
22.21,31.8,3.75,4.81764727438055,1988-07-18
23.32,33.83,4.4,5.940193014762636,1988-07-19
24.7,33.44,3.4,6.0471490346040895,1988-07-20
24.88,32.85,2.28,6.376772028980454,1988-07-21
24.2,33.05,1.04,6.006543755688855,1988-07-22
25.45,32.98,2.78,7.066785495686063,1988-07-23
24.94,34.95,15.86,6.5388381172738566,1988-07-24
23.97,33.46,0.71,6.53512602474853,1988-07-25
23.86,34.65,1.73,6.81821320693487,1988-07-26
24.7,35.5,3.56,7.34776523993433,1988-07-27
25.09,32.06,3.65,5.624643768818469,1988-07-28
23.66,34.21,3.01,5.934294278836667,1988-07-29
24.12,32.71,5.55,5.832637404203254,1988-07-30
23.28,31.13,10.2,5.648299080395706,1988-07-31
23.85,32.18,8.22,5.825617954055211,1988-08-01
23.32,29.8,13.24,3.7639901246378042,1988-08-02
23.14,32.19,4.1,5.247166320494637,1988-08-03
24.18,34.39,2.85,6.720025594177913,1988-08-04
25.5,32.17,4.73,5.319974078336662,1988-08-05
24.18,31.9,9.81,5.245243092094131,1988-08-06
23.7,32.42,10.83,5.3236647040972835,1988-08-07
23.84,32.14,6.84,5.945471876417954,1988-08-08
22.87,32.33,9.98,5.940782315217838,1988-08-09
23.83,33.86,2.38,6.470112730014546,1988-08-10
24.65,30.38,5.59,4.465209532309564,1988-08-11
23.49,31.51,3.88,5.178491075095962,1988-08-12
23.16,29.28,8.08,4.298339883615378,1988-08-13
22.68,30.84,1.34,5.6221491266914425,1988-08-14
23.04,30.46,22.08,4.860235427658683,1988-08-15
23.06,27.56,8.96,4.2559977866279315,1988-08-16
22.4,29.97,15.39,5.011143210646606,1988-08-17
23.2,29.61,10.4,4.031992270057519,1988-08-18
23.1,30.48,2.37,4.4315754434643955,1988-08-19
22.67,29.26,10.33,4.602724953540133,1988-08-20
22.93,30.86,9.73,5.062393336672669,1988-08-21
23.22,28.27,34.22,2.673048626381202,1988-08-22
23.16,29.84,1.43,5.214351947692963,1988-08-23
23.27,29.79,5.42,2.553509495908684,1988-08-24
22.69,29.25,4.72,4.161140280995325,1988-08-25
22.12,30.54,1.86,4.732731775541325,1988-08-26
22.79,30.71,4.18,4.96575461637784,1988-08-27
22.35,32.44,2.09,5.605447822635956,1988-08-28
22.15,31.9,2.98,5.6415575786135514,1988-08-29
23.12,31.42,3.81,5.509074607414403,1988-08-30
23.86,29.21,5.87,4.306270951195496,1988-08-31
22.9,30.53,6.27,5.134339601702474,1988-09-01
22.77,31.62,4.41,5.157057754331623,1988-09-02
23.69,31.23,2.27,3.4506445829061017,1988-09-03
23.46,32.4,1.42,4.958000319661574,1988-09-04
23.17,31.53,0.36,4.897886273536737,1988-09-05
21.64,32.53,0.71,3.929732061806682,1988-09-06
22.29,34.47,2.88,6.263284103009622,1988-09-07
22.96,31.48,4.13,4.412946172429035,1988-09-08
22.95,28.5,3.89,3.5207520489649373,1988-09-09
22.56,28.69,9.41,2.221570278955552,1988-09-10
22.77,27.53,9.12,4.276953327663911,1988-09-11
22.29,33.17,2.08,5.503868164314712,1988-09-12
23.36,34.38,3.67,5.6865593187989605,1988-09-13
23.5,29.71,2.57,3.152890803987601,1988-09-14
23.35,30.89,4.66,5.193940069184102,1988-09-15
23.58,33.9,4.03,5.672495780360973,1988-09-16
23.19,31.79,1.03,4.754329674850549,1988-09-17
22.69,31.19,0.04,4.5184890601811025,1988-09-18
22.1,34.22,0.07,5.877922889987496,1988-09-19
24.1,35.27,0.12,6.483011441149654,1988-09-20
24.0,33.79,0.16,5.0404365457095945,1988-09-21
24.18,33.17,0.32,5.449313358741565,1988-09-22
23.06,30.65,2.77,4.6875855497638215,1988-09-23
23.47,31.55,2.95,4.410254022505538,1988-09-24
22.83,31.78,4.9,5.483100972458588,1988-09-25
22.16,33.0,4.83,5.220672004840285,1988-09-26
22.44,33.65,3.11,5.468367083142557,1988-09-27
23.12,31.33,4.76,5.328186853719564,1988-09-28
23.21,32.59,0.25,5.5870911843884645,1988-09-29
23.17,33.8,2.73,4.920381127548537,1988-09-30
22.64,34.52,3.24,5.772524729657413,1988-10-01
24.08,33.16,3.47,5.91929105883363,1988-10-02
22.28,30.52,0.48,5.407357448005473,1988-10-03
21.34,34.33,0.11,5.693596426654162,1988-10-04
22.78,35.01,0.0,6.444837605147055,1988-10-05
21.31,34.32,0.0,5.771812297144943,1988-10-06
22.46,35.43,0.0,6.466429428638916,1988-10-07
20.07,35.3,0.0,6.264274762836861,1988-10-08
21.19,36.66,0.0,6.194645292573351,1988-10-09
22.35,37.13,0.0,6.13041761420034,1988-10-10
23.47,36.38,0.0,6.270413349919135,1988-10-11
23.83,34.02,0.0,5.9680552533015385,1988-10-12
22.53,35.69,0.0,5.489664220711978,1988-10-13
23.39,35.9,0.02,6.258984010063946,1988-10-14
21.69,36.81,0.0,6.307176018228748,1988-10-15
21.41,37.0,0.0,6.389317886767267,1988-10-16
21.87,36.81,0.0,5.477987210166516,1988-10-17
20.56,36.06,0.0,5.8202001524993205,1988-10-18
20.98,35.84,0.0,6.407174145277979,1988-10-19
21.3,36.55,0.0,6.481398201824661,1988-10-20
20.25,36.59,0.0,6.269940801317289,1988-10-21
21.48,36.46,0.0,5.7717824285271915,1988-10-22
20.18,36.37,0.0,5.491490200870637,1988-10-23
21.14,36.31,0.0,5.820433971387083,1988-10-24
21.69,36.59,0.0,5.403502945655733,1988-10-25
22.08,36.55,0.0,6.475807416855703,1988-10-26
18.58,36.52,0.0,6.756049801244814,1988-10-27
18.63,36.17,0.0,7.155288663023723,1988-10-28
20.33,35.43,0.0,6.9449425771588995,1988-10-29
20.91,36.32,0.0,6.893889094470197,1988-10-30
21.2,34.31,0.0,6.043401509753555,1988-10-31
20.24,34.67,0.0,5.0943884886667625,1988-11-01
20.2,34.67,0.0,6.390126402946409,1988-11-02
18.27,34.7,0.0,6.618282726156431,1988-11-03
18.99,35.07,0.0,6.056379287789158,1988-11-04
19.95,35.79,0.0,6.7962777192354755,1988-11-05
17.16,35.91,0.0,7.452967114748985,1988-11-06
16.57,34.85,0.0,7.014307572432905,1988-11-07
16.6,34.88,0.0,7.023674454360615,1988-11-08
17.23,35.25,0.0,7.316644096831346,1988-11-09
17.49,35.45,0.0,7.136986339632939,1988-11-10
16.93,35.32,0.0,7.522610902604444,1988-11-11
18.14,35.97,0.0,6.61062542229987,1988-11-12
18.22,35.57,0.0,7.318814169173303,1988-11-13
18.14,34.8,0.0,7.345757466682062,1988-11-14
16.97,34.27,0.0,6.9491876997369655,1988-11-15
16.72,34.59,0.0,6.456371214419083,1988-11-16
17.39,34.77,0.0,6.435510022485515,1988-11-17
17.72,35.3,0.0,7.014706280574611,1988-11-18
17.46,35.28,0.0,6.080348891458814,1988-11-19
17.66,34.7,0.0,5.529693481514751,1988-11-20
17.21,34.96,0.0,6.213911516259855,1988-11-21
18.91,35.2,0.0,5.818642901997201,1988-11-22
21.26,36.36,0.0,5.568369200870961,1988-11-23
21.09,36.35,0.0,6.723753428928389,1988-11-24
20.42,35.99,0.0,5.4982715012293095,1988-11-25
19.62,36.11,0.0,5.46584863596268,1988-11-26
23.06,33.5,0.18,5.400089399590289,1988-11-27
22.05,27.87,0.15,4.469285725520757,1988-11-28
21.33,35.04,0.07,4.839102546642243,1988-11-29
22.26,29.84,0.02,6.147568722676836,1988-11-30
19.93,33.13,0.0,6.434195608736405,1988-12-01
20.35,35.33,0.0,6.909128030116324,1988-12-02
19.52,36.72,0.0,7.569389793822632,1988-12-03
19.02,35.11,0.0,7.919840866562408,1988-12-04
17.67,34.82,0.0,7.875078990343572,1988-12-05
18.56,34.88,0.0,7.3377475870586055,1988-12-06
18.26,34.76,0.0,6.238753297945168,1988-12-07
18.31,34.82,0.0,6.837665655743617,1988-12-08
18.43,32.12,0.0,6.4463820706928185,1988-12-09
16.17,31.64,0.0,6.308185257659543,1988-12-10
14.12,31.68,0.0,6.892614477790449,1988-12-11
14.4,30.03,0.0,7.357011229485276,1988-12-12
13.98,30.97,0.0,7.0321392121442905,1988-12-13
14.46,32.24,0.0,6.925879610180332,1988-12-14
15.48,30.56,0.0,7.433460666420717,1988-12-15
15.43,29.8,0.0,6.92101656494672,1988-12-16
15.16,32.37,0.0,7.025318145598501,1988-12-17
15.92,32.67,0.0,8.364553792698572,1988-12-18
15.29,32.28,0.0,8.236699940412612,1988-12-19
15.25,31.45,0.0,7.4778847597759714,1988-12-20
15.19,32.0,0.0,6.557188515134338,1988-12-21
14.46,28.77,0.0,7.620325568178963,1988-12-22
12.37,25.16,0.0,7.288781540095275,1988-12-23
10.41,26.49,0.0,6.754040735757297,1988-12-24
12.78,27.96,0.0,7.118905955771189,1988-12-25
13.82,29.77,0.0,6.981126943628446,1988-12-26
16.32,28.97,0.0,7.077171358126364,1988-12-27
14.73,29.56,0.0,6.707339992964022,1988-12-28
15.08,29.29,0.0,6.500316865504463,1988-12-29
14.13,29.45,0.0,6.818218137697861,1988-12-30
12.88,28.0,0.0,7.488911959359837,1988-12-31
10.53,26.4,0.0,7.284972847164494,1989-01-01
9.35,25.21,0.0,6.564222121461715,1989-01-02
8.66,26.11,0.0,6.591800071780424,1989-01-03
10.13,26.98,0.0,6.774516858044644,1989-01-04
10.56,27.77,0.0,6.680413750526634,1989-01-05
12.32,27.05,0.0,6.573443342321071,1989-01-06
12.66,27.96,0.0,7.056763514650494,1989-01-07
13.17,29.86,0.0,7.287618333193496,1989-01-08
13.23,30.3,0.0,7.4936451757574565,1989-01-09
13.95,30.58,0.0,7.727164930717789,1989-01-10
13.43,29.12,0.0,7.876959423870087,1989-01-11
13.71,29.52,0.0,7.543251969112544,1989-01-12
13.86,30.35,0.0,7.841130781893167,1989-01-13
14.0,31.35,0.0,7.790987627744668,1989-01-14
13.43,32.46,0.0,7.449120487510273,1989-01-15
14.82,31.75,0.0,7.605013604293682,1989-01-16
14.8,31.96,0.0,7.836597786011771,1989-01-17
14.36,30.04,0.0,7.611724624594227,1989-01-18
13.85,30.38,0.0,7.688483495415316,1989-01-19
14.35,32.56,0.0,8.355495382218583,1989-01-20
14.78,32.34,0.0,8.546090505235084,1989-01-21
12.87,29.87,0.0,7.460437123715142,1989-01-22
11.7,30.54,0.0,7.618755324274337,1989-01-23
11.94,31.45,0.0,8.070218941097197,1989-01-24
12.13,32.14,0.0,8.260456022431079,1989-01-25
14.2,32.17,0.0,8.943443295221964,1989-01-26
13.64,32.34,0.0,8.50176030726419,1989-01-27
13.81,32.54,0.0,8.566313497310585,1989-01-28
13.99,32.76,0.0,8.047684069783882,1989-01-29
15.83,33.04,0.0,8.302784240764884,1989-01-30
15.23,32.84,0.0,9.055965118457856,1989-01-31
14.57,31.17,0.0,8.667118910165152,1989-02-01
14.12,30.2,0.0,8.385150936942996,1989-02-02
13.33,29.24,0.0,7.850828770171228,1989-02-03
13.59,30.29,0.0,7.698358090332201,1989-02-04
14.24,30.14,0.0,7.4523163626000475,1989-02-05
13.56,30.83,0.0,7.334643444533642,1989-02-06
14.56,32.18,0.0,7.990959241549499,1989-02-07
15.18,33.12,0.0,8.228550014937108,1989-02-08
15.4,33.66,0.0,8.579396440628214,1989-02-09
15.91,33.78,0.0,8.562882609017358,1989-02-10
16.35,34.15,0.0,8.271722744119522,1989-02-11
18.05,35.26,0.0,10.353421248267493,1989-02-12
18.69,33.72,0.0,9.913539123692523,1989-02-13
19.22,33.34,0.0,9.416534905367742,1989-02-14
16.09,32.99,0.0,8.757953250068189,1989-02-15
16.8,33.92,0.0,9.426573732734765,1989-02-16
16.99,33.86,0.0,9.894748950904383,1989-02-17
16.07,31.59,0.0,9.792093196434816,1989-02-18
14.84,30.06,0.0,8.921289463089497,1989-02-19
14.0,30.41,0.0,9.231443399449812,1989-02-20
13.67,30.48,0.0,8.912706296324833,1989-02-21
14.86,31.9,0.0,8.683245155726206,1989-02-22
16.8,34.19,0.0,6.980530766963307,1989-02-23
18.62,35.74,0.0,6.89944983398861,1989-02-24
19.7,36.77,0.0,7.325859890159341,1989-02-25
20.96,37.76,0.0,8.761420661420587,1989-02-26
22.09,39.1,0.0,8.563438620560218,1989-02-27
20.19,38.25,0.0,9.738652612820458,1989-02-28
21.08,38.82,0.0,8.796244756933767,1989-03-01
20.06,39.46,0.0,10.43682796574803,1989-03-02
17.98,38.33,0.0,10.302295944126676,1989-03-03
19.85,37.55,0.0,10.012076474531437,1989-03-04
19.93,37.35,0.0,9.753048286658945,1989-03-05
18.61,37.8,0.0,9.23341054750532,1989-03-06
18.47,38.19,0.0,7.964305961549649,1989-03-07
19.05,38.66,0.0,7.480745854719316,1989-03-08
18.97,38.0,0.0,9.91371316154324,1989-03-09
18.68,38.75,0.0,9.23917509706756,1989-03-10
21.65,36.67,0.0,8.184696055717794,1989-03-11
25.7,37.75,0.09,6.964074853180984,1989-03-12
25.66,37.66,0.02,6.976553917129366,1989-03-13
26.99,36.91,0.5,6.8566004521220325,1989-03-14
25.06,32.14,0.16,5.851430954678517,1989-03-15
23.46,35.14,0.0,5.149967042819096,1989-03-16
26.12,37.06,0.03,6.187582599599985,1989-03-17
25.52,37.44,0.08,8.085017822717308,1989-03-18
24.57,37.71,0.0,8.402605592218041,1989-03-19
26.3,39.98,0.0,8.769036070902757,1989-03-20
25.54,39.88,0.0,11.852687991784334,1989-03-21
24.77,37.64,0.0,11.782807945828102,1989-03-22
21.65,34.94,0.0,11.073879802153996,1989-03-23
18.45,36.26,0.0,9.311661695691571,1989-03-24
18.02,36.64,0.0,8.815596989758058,1989-03-25
18.75,36.72,0.0,9.28887730307758,1989-03-26
19.13,38.02,0.0,8.659430231402746,1989-03-27
20.72,38.44,0.0,10.386541961682862,1989-03-28
22.07,38.72,0.0,10.647536164835131,1989-03-29
21.6,38.21,0.0,10.922979485340141,1989-03-30
22.76,39.13,0.0,11.903958273022408,1989-03-31
21.71,38.86,0.0,10.477779713081585,1989-04-01
21.98,39.31,0.0,9.520648994538996,1989-04-02
23.75,40.89,0.0,7.2206309350490905,1989-04-03
25.74,41.39,0.0,7.48257627300988,1989-04-04
23.33,41.06,0.0,7.94225060230922,1989-04-05
23.79,41.46,0.0,8.365885179116495,1989-04-06
21.64,40.97,0.0,9.296528337967207,1989-04-07
22.64,42.17,0.0,9.461575775110031,1989-04-08
22.12,42.27,0.0,10.221696841694254,1989-04-09
22.11,41.92,0.0,7.708998835599409,1989-04-10
27.51,42.79,0.0,7.666496315012357,1989-04-11
24.03,41.51,0.0,7.14819637280292,1989-04-12
22.02,40.84,0.0,10.011009696138132,1989-04-13
21.9,41.58,0.0,8.279095396522376,1989-04-14
24.43,41.34,0.0,7.516619880502833,1989-04-15
25.39,41.98,0.24,8.431678640617214,1989-04-16
28.79,41.31,0.12,10.087819451903549,1989-04-17
23.82,40.1,0.02,6.734903911621639,1989-04-18
26.64,40.86,0.12,9.280416675987372,1989-04-19
24.09,42.01,0.0,8.202921757488857,1989-04-20
25.0,42.17,0.0,7.462393955257854,1989-04-21
25.15,41.03,0.15,9.242781980767035,1989-04-22
27.16,41.62,0.71,8.689325900021798,1989-04-23
30.0,38.9,1.5,9.141790421083556,1989-04-24
27.34,42.11,0.01,7.963986243829943,1989-04-25
26.12,40.97,0.01,8.15955410906169,1989-04-26
26.33,41.78,0.0,10.58529834402754,1989-04-27
26.03,40.43,0.0,9.633439494544266,1989-04-28
27.08,38.24,0.0,6.8300118970383155,1989-04-29
28.19,41.51,0.0,7.633325729757918,1989-04-30
30.19,37.71,0.47,9.225778946933927,1989-05-01
28.16,39.82,0.0,8.752361565060589,1989-05-02
28.42,41.75,0.0,10.600724333964369,1989-05-03
26.98,41.77,0.0,11.329267260020615,1989-05-04
27.47,39.18,0.13,7.553653596768522,1989-05-05
27.01,42.16,0.02,11.080203747876643,1989-05-06
24.96,41.67,0.05,9.584281563572059,1989-05-07
25.29,39.89,0.1,8.621634055365536,1989-05-08
27.4,40.75,0.01,8.742337705122047,1989-05-09
28.07,40.91,0.0,9.217748485142222,1989-05-10
27.87,40.84,0.0,8.602567367710908,1989-05-11
28.18,40.15,0.05,9.918268642364849,1989-05-12
25.35,40.96,0.0,9.042500201998575,1989-05-13
25.22,41.97,0.0,8.42837427587526,1989-05-14
24.64,42.39,0.0,8.97936855642309,1989-05-15
25.59,41.93,0.0,8.092742678291593,1989-05-16
26.41,42.23,0.0,9.11830034698524,1989-05-17
28.08,41.91,0.28,9.981421985539662,1989-05-18
29.4,41.95,0.06,9.109513441577583,1989-05-19
31.04,40.57,0.53,7.863900886681652,1989-05-20
30.25,41.02,1.03,8.892096302706246,1989-05-21
29.85,42.07,1.42,8.966254366381701,1989-05-22
29.43,40.66,0.14,8.8166282223362,1989-05-23
28.6,40.94,0.46,9.060565593369438,1989-05-24
28.24,40.54,0.02,8.90134366343394,1989-05-25
29.51,41.57,1.79,10.381583332495426,1989-05-26
29.74,40.37,1.17,8.780821517091763,1989-05-27
29.53,41.66,0.94,8.72642598986487,1989-05-28
28.06,42.58,0.0,8.65917673967941,1989-05-29
28.09,43.39,0.0,8.533089049822996,1989-05-30
28.42,42.11,0.27,9.727516085688434,1989-05-31
28.47,42.29,0.04,10.137750151737928,1989-06-01
29.32,43.5,0.0,9.036728034263763,1989-06-02
28.96,43.0,0.28,9.7406276036625,1989-06-03
29.21,41.14,0.51,10.638214666458724,1989-06-04
30.38,41.43,0.24,8.361353677488635,1989-06-05
28.87,39.58,0.67,7.867891174087634,1989-06-06
28.61,42.8,0.0,9.33843271326184,1989-06-07
29.05,42.88,0.21,11.5463288327829,1989-06-08
28.31,36.56,0.5,9.25508840501626,1989-06-09
27.31,37.17,0.16,8.200883094130084,1989-06-10
26.7,40.74,0.03,8.382851319069454,1989-06-11
28.48,42.47,0.12,9.660565535326079,1989-06-12
28.45,37.4,0.1,9.261751709556425,1989-06-13
27.91,38.15,0.4,8.085150869255678,1989-06-14
27.54,35.88,0.27,6.415594970001924,1989-06-15
27.71,40.53,1.03,8.486447936515244,1989-06-16
27.22,40.0,0.0,9.314377176559521,1989-06-17
26.8,41.24,0.58,8.843020419638325,1989-06-18
27.11,38.43,3.9,9.459123653856638,1989-06-19
25.49,38.6,0.18,9.816479971925654,1989-06-20
26.14,34.9,0.14,8.211378153885468,1989-06-21
26.21,38.07,0.3,8.233562182837561,1989-06-22
26.39,39.22,0.23,7.691403574269397,1989-06-23
26.9,36.71,0.21,9.599895815638352,1989-06-24
25.6,36.53,0.02,6.876243053770587,1989-06-25
26.22,37.39,1.95,8.464862149760416,1989-06-26
26.18,37.87,2.66,8.191228240447053,1989-06-27
27.21,33.7,2.47,7.450188693744689,1989-06-28
25.22,35.14,2.16,6.283778839449719,1989-06-29
25.02,34.14,4.48,7.103474943007901,1989-06-30
24.49,34.93,4.98,5.976435208560024,1989-07-01
24.27,34.15,0.94,7.526591363523056,1989-07-02
22.67,37.94,0.06,7.387608547358252,1989-07-03
25.45,38.55,2.96,7.839742248353458,1989-07-04
26.01,31.69,9.9,6.231916079698564,1989-07-05
23.66,36.8,0.7,7.068132793546963,1989-07-06
25.45,36.94,5.39,8.528685601095125,1989-07-07
24.74,37.74,4.82,8.116813059566871,1989-07-08
26.17,30.99,4.87,6.0739162614083435,1989-07-09
24.43,32.61,7.81,5.818572914422781,1989-07-10
23.96,35.49,4.78,5.756557216446641,1989-07-11
24.59,35.11,4.68,7.019295961681635,1989-07-12
24.6,30.85,6.0,5.737747999661136,1989-07-13
23.03,31.46,7.24,5.921480590008638,1989-07-14
23.2,35.01,0.07,6.492700695547196,1989-07-15
24.73,34.41,0.35,7.482988065076,1989-07-16
24.94,39.78,0.19,10.257326844520724,1989-07-17
24.83,36.35,0.09,8.316094691349424,1989-07-18
24.55,36.93,0.25,6.966127655488042,1989-07-19
25.19,36.45,2.43,7.456068574809636,1989-07-20
25.58,34.97,5.71,7.463704211882705,1989-07-21
25.73,34.14,6.84,6.432243889161955,1989-07-22
24.68,30.86,1.27,6.216417804081508,1989-07-23
24.04,35.66,0.72,7.4127471911762495,1989-07-24
24.73,33.98,5.88,7.110662001284838,1989-07-25
24.42,32.18,6.26,5.98829678532704,1989-07-26
23.95,34.74,3.47,7.018153538710221,1989-07-27
25.01,33.41,6.6,6.536653148803281,1989-07-28
24.34,34.25,2.5,5.799954347345287,1989-07-29
24.93,34.34,12.8,5.423012277522319,1989-07-30
24.12,33.14,4.76,5.833515727280949,1989-07-31
23.63,33.69,7.92,6.216469288488005,1989-08-01
23.74,32.86,8.9,5.078633511926573,1989-08-02
24.16,34.91,3.14,6.994083649729171,1989-08-03
25.0,29.38,9.8,3.502519851159034,1989-08-04
23.29,32.6,1.51,6.239020170659814,1989-08-05
23.08,28.98,13.44,3.5094298821390364,1989-08-06
23.48,29.21,15.79,5.087385906369603,1989-08-07
23.14,27.7,19.17,2.781617892816781,1989-08-08
23.16,26.12,37.59,2.5231177794387087,1989-08-09
21.95,30.29,3.08,4.761428295067863,1989-08-10
21.72,28.94,0.65,4.101478856753351,1989-08-11
22.84,29.8,14.11,4.972276999208807,1989-08-12
23.15,30.71,11.03,5.212021664107121,1989-08-13
23.73,29.17,3.19,5.19176025041053,1989-08-14
22.76,30.4,10.43,5.091460774510212,1989-08-15
22.81,30.12,0.91,3.8382613071148857,1989-08-16
22.92,31.94,4.76,5.605093286792071,1989-08-17
23.68,30.39,13.57,5.16665238920753,1989-08-18
22.61,28.8,15.05,4.9183732075225075,1989-08-19
23.38,30.6,12.54,1.9330313449833265,1989-08-20
23.19,28.88,7.24,4.122748956421499,1989-08-21
21.88,30.11,9.45,4.982102646355694,1989-08-22
22.31,30.47,2.46,4.278254222747414,1989-08-23
23.49,27.63,6.42,4.865235562823809,1989-08-24
23.15,29.43,8.87,4.930025016725263,1989-08-25
22.61,30.65,2.33,3.4528977163853347,1989-08-26
22.41,30.91,3.84,4.423617567115427,1989-08-27
23.39,30.98,14.62,5.08278487850753,1989-08-28
22.04,30.57,2.2,4.9541664194922665,1989-08-29
23.37,29.52,2.84,5.348312695364698,1989-08-30
22.02,32.22,4.24,5.340226470683351,1989-08-31
23.2,31.56,0.98,4.142370020306363,1989-09-01
24.18,32.2,0.08,4.3435067232711955,1989-09-02
22.84,31.3,8.57,5.155657765910774,1989-09-03
23.21,32.9,3.14,5.698550841819664,1989-09-04
22.23,31.32,5.41,5.330436616122531,1989-09-05
23.46,31.02,18.33,5.259511681105717,1989-09-06
23.03,30.16,11.34,4.191114566789364,1989-09-07
23.05,30.31,0.81,4.040892913793594,1989-09-08
22.67,30.36,5.25,4.690965328173322,1989-09-09
23.17,31.52,6.01,5.3583767188505025,1989-09-10
22.54,30.43,7.78,4.618003893259943,1989-09-11
22.6,30.78,6.62,5.012771167820486,1989-09-12
23.0,31.69,0.36,5.21260986786896,1989-09-13
23.8,30.43,0.34,5.129497868424609,1989-09-14
23.53,32.54,1.02,5.370893690341056,1989-09-15
22.62,32.56,1.59,5.527887518182687,1989-09-16
23.74,28.65,0.98,4.816912796343359,1989-09-17
21.54,32.89,0.23,5.9635119402960886,1989-09-18
21.51,33.3,2.75,5.20192168616706,1989-09-19
22.16,33.83,0.84,5.597001755089124,1989-09-20
23.16,32.25,2.86,5.331939392483404,1989-09-21
23.16,28.96,6.84,3.9745822953697623,1989-09-22
22.29,32.67,0.63,4.813793512369108,1989-09-23
22.35,33.45,1.5,5.484367128168232,1989-09-24
22.96,33.52,2.02,5.212679615391836,1989-09-25
23.75,30.79,1.29,4.732266501837863,1989-09-26
21.81,32.64,0.75,5.640805386032776,1989-09-27
21.85,34.13,0.71,5.139713383851464,1989-09-28
22.23,34.24,0.34,5.8550962452199915,1989-09-29
23.2,32.19,0.93,4.9960341693659505,1989-09-30
23.66,31.0,0.46,4.978592664262666,1989-10-01
23.55,34.41,0.3,5.9956140340408135,1989-10-02
24.61,31.59,1.36,4.364409250328056,1989-10-03
23.92,30.5,1.65,4.873881605200287,1989-10-04
22.2,33.62,0.07,5.920501885795079,1989-10-05
23.16,31.28,3.59,4.97991174658417,1989-10-06
23.06,30.15,1.02,4.472812362064168,1989-10-07
23.04,32.78,0.53,5.089347003374204,1989-10-08
24.36,32.5,0.65,4.435386090537994,1989-10-09
23.33,32.35,0.21,4.970867006053506,1989-10-10
23.19,35.91,0.0,5.616420927663692,1989-10-11
22.8,36.41,0.08,5.7568954011432805,1989-10-12
22.88,35.0,0.04,5.384973303699991,1989-10-13
23.41,33.05,0.04,5.295152223003532,1989-10-14
22.28,34.93,0.02,5.070682069784834,1989-10-15
22.23,34.4,0.04,5.704691741384335,1989-10-16
22.56,33.85,0.02,5.582518842851231,1989-10-17
22.58,34.42,0.0,6.654726513940657,1989-10-18
22.22,34.33,0.0,6.1269569885415756,1989-10-19
20.0,34.15,0.0,5.707769895093661,1989-10-20
21.3,33.56,0.0,6.176805798747055,1989-10-21
20.46,33.79,0.0,5.945798009831136,1989-10-22
20.17,34.65,0.0,4.982057493178402,1989-10-23
21.89,35.06,0.0,5.587006399993541,1989-10-24
18.91,34.91,0.0,6.525965761787117,1989-10-25
16.02,34.98,0.0,6.578941534026339,1989-10-26
17.42,35.68,0.0,5.865046934646307,1989-10-27
20.07,35.54,0.0,5.418680261374201,1989-10-28
21.02,35.25,0.0,5.163467313961529,1989-10-29
20.14,35.85,0.0,5.922772068044908,1989-10-30
19.36,34.34,0.0,6.817516376408934,1989-10-31
19.5,34.11,0.0,7.045549992764531,1989-11-01
17.44,33.7,0.0,6.980256718490689,1989-11-02
16.64,33.73,0.0,6.459349023172349,1989-11-03
18.19,34.4,0.0,6.584451328360637,1989-11-04
19.82,34.92,0.0,6.4312390248158895,1989-11-05
19.22,34.83,0.0,6.362462385551423,1989-11-06
18.68,36.11,0.0,7.254636303586907,1989-11-07
19.87,34.84,0.0,6.944325924170191,1989-11-08
18.99,35.05,0.0,6.642993855002112,1989-11-09
18.58,35.42,0.0,6.536135253432405,1989-11-10
17.78,34.32,0.0,6.539474905137447,1989-11-11
16.8,34.2,0.0,6.904744833495033,1989-11-12
18.49,33.67,0.0,7.536443119697853,1989-11-13
18.12,33.37,0.0,7.529217570679413,1989-11-14
17.74,33.75,0.0,6.181230119391026,1989-11-15
19.3,33.12,0.0,6.494590574984359,1989-11-16
18.74,33.97,0.0,6.079206457917589,1989-11-17
19.09,34.48,0.0,5.970099669890384,1989-11-18
19.05,34.86,0.0,6.510961666408866,1989-11-19
19.01,35.02,0.0,7.077910390515564,1989-11-20
18.2,34.58,0.0,7.139947874404625,1989-11-21
18.01,35.33,0.0,7.060270222106041,1989-11-22
18.47,35.4,0.0,7.142053723582159,1989-11-23
18.92,35.39,0.0,6.216141345312382,1989-11-24
19.81,35.25,0.0,7.63842414752138,1989-11-25
17.24,34.8,0.0,7.209259954097513,1989-11-26
17.72,34.88,0.0,7.748299107716803,1989-11-27
16.81,34.73,0.0,6.804997359348287,1989-11-28
16.63,34.75,0.0,7.463969261064938,1989-11-29
16.44,34.72,0.0,7.459125190386324,1989-11-30
16.59,34.83,0.0,7.766844021255205,1989-12-01
16.5,34.13,0.0,7.0332164531634875,1989-12-02
19.26,33.41,0.0,6.877468780630489,1989-12-03
18.75,31.78,0.0,6.594543948242739,1989-12-04
19.83,33.03,0.0,7.38780186124205,1989-12-05
19.04,32.28,0.0,7.587332199944649,1989-12-06
17.83,32.86,0.0,6.949646584327795,1989-12-07
18.08,33.43,0.0,7.308009947104724,1989-12-08
19.13,33.48,0.0,7.921305071374157,1989-12-09
15.13,33.96,0.0,7.539705992530754,1989-12-10
16.76,34.55,0.0,7.2331977217539585,1989-12-11
16.94,34.06,0.0,7.171329442426105,1989-12-12
18.63,32.33,0.0,7.099449298498338,1989-12-13
17.41,34.33,0.0,7.523256582325882,1989-12-14
18.59,32.9,0.0,7.827480304585024,1989-12-15
15.12,31.95,0.0,7.158427525089201,1989-12-16
15.69,31.41,0.0,7.146289831018047,1989-12-17
16.39,29.87,0.0,6.4331082059732765,1989-12-18
15.45,30.76,0.0,7.937228834656974,1989-12-19
13.6,29.98,0.0,7.349904022584372,1989-12-20
15.01,30.87,0.0,7.322059276756891,1989-12-21
15.27,29.54,0.0,6.864888236287962,1989-12-22
14.38,29.51,0.0,6.5462959401832315,1989-12-23
15.9,27.41,0.0,6.162520166644183,1989-12-24
13.79,29.83,0.0,6.499784730428936,1989-12-25
13.47,30.89,0.0,6.027057527190689,1989-12-26
14.79,32.07,0.0,5.513290050899233,1989-12-27
18.58,33.58,0.06,5.076619429977176,1989-12-28
21.44,34.08,0.19,5.91781279677175,1989-12-29
23.03,32.95,0.41,4.016118863366795,1989-12-30
22.51,32.42,0.0,4.862319621673921,1989-12-31
20.86,33.28,0.0,7.016325206322592,1990-01-01
17.71,32.91,0.0,6.58145648541453,1990-01-02
17.84,33.64,0.0,6.480939434867009,1990-01-03
18.17,34.29,0.0,5.5829688738382925,1990-01-04
17.8,33.87,0.0,6.016273814417543,1990-01-05
16.45,34.35,0.0,5.764002640318686,1990-01-06
17.74,34.42,0.0,7.981546963759303,1990-01-07
18.1,31.77,0.0,7.826950376724734,1990-01-08
18.34,32.73,0.0,6.958396989759268,1990-01-09
19.97,33.01,0.0,7.819372602274255,1990-01-10
18.56,33.35,0.0,6.459707393300863,1990-01-11
18.99,34.53,0.0,6.956512848851194,1990-01-12
18.49,34.36,0.0,6.106878938366422,1990-01-13
19.29,34.8,0.0,7.271064230552192,1990-01-14
17.48,34.53,0.0,7.444096021963128,1990-01-15
18.35,35.04,0.0,8.054857580674208,1990-01-16
17.68,35.63,0.0,7.866896312011531,1990-01-17
18.21,35.32,0.0,8.033757923443531,1990-01-18
18.59,35.87,0.0,6.725769908376529,1990-01-19
21.16,36.4,0.0,5.663101834503805,1990-01-20
18.54,32.43,0.0,8.237677880774973,1990-01-21
18.87,31.0,0.0,8.398897708672036,1990-01-22
16.32,29.07,0.0,7.01914795921745,1990-01-23
15.83,31.97,0.0,7.139424676101206,1990-01-24
16.33,33.0,0.0,7.494447230067578,1990-01-25
17.19,31.42,0.0,8.175465592777345,1990-01-26
16.8,31.78,0.0,7.468494113233089,1990-01-27
17.51,33.47,0.0,7.936604445335159,1990-01-28
18.58,33.56,0.0,8.245682437276876,1990-01-29
18.03,32.81,0.0,7.532724939242358,1990-01-30
17.37,35.88,0.0,7.427284607066032,1990-01-31
18.01,36.31,0.0,7.570249057280283,1990-02-01
17.51,35.54,0.0,8.532689749692743,1990-02-02
18.03,35.73,0.0,8.940954400160404,1990-02-03
20.66,33.98,0.0,9.304339021773048,1990-02-04
17.8,32.61,0.0,8.74485882367975,1990-02-05
15.48,32.14,0.0,8.195482613284803,1990-02-06
16.2,31.12,0.0,7.64368376204199,1990-02-07
16.05,31.91,0.0,7.702157343531442,1990-02-08
15.4,33.03,0.0,7.601655690460451,1990-02-09
15.34,32.36,0.0,9.025000028201932,1990-02-10
15.15,31.28,0.0,8.96228022330563,1990-02-11
13.64,31.49,0.0,8.396276367353172,1990-02-12
13.74,32.6,0.0,8.032769575938168,1990-02-13
15.63,34.69,0.0,7.940669770540393,1990-02-14
16.96,35.77,0.0,7.062349541757038,1990-02-15
18.58,36.88,0.0,6.457557687142215,1990-02-16
19.66,37.76,0.0,6.583312071269296,1990-02-17
20.01,38.49,0.0,7.672653466416071,1990-02-18
20.06,37.89,0.0,7.768205772953604,1990-02-19
22.2,37.35,0.0,8.537084825677168,1990-02-20
19.13,37.35,0.0,8.74498785073823,1990-02-21
17.96,36.24,0.0,9.283814714284471,1990-02-22
17.91,34.26,0.0,10.539056682833904,1990-02-23
18.86,29.21,0.0,9.286936350708208,1990-02-24
14.28,30.52,0.0,7.754355404840375,1990-02-25
14.92,32.24,0.0,8.73041624319866,1990-02-26
17.13,33.22,0.0,9.34480866257046,1990-02-27
16.52,34.48,0.0,9.205699080500167,1990-02-28
17.1,34.98,0.0,8.687511591459046,1990-03-01
17.95,36.09,0.0,8.388488050736669,1990-03-02
19.26,37.35,0.0,8.180434612138413,1990-03-03
20.25,38.56,0.0,9.856934940963884,1990-03-04
19.97,38.3,0.0,10.786627195783932,1990-03-05
19.57,38.89,0.0,11.064525082700476,1990-03-06
19.32,37.06,0.0,11.068869623421005,1990-03-07
18.24,36.66,0.0,10.991573514867587,1990-03-08
18.5,36.39,0.0,10.495221814311812,1990-03-09
19.52,35.88,0.0,11.419372041828524,1990-03-10
18.23,34.2,0.0,10.623941685085246,1990-03-11
18.82,34.54,0.0,11.027276189581183,1990-03-12
17.72,32.84,0.0,9.18077400363972,1990-03-13
18.25,35.82,0.0,9.028748185149134,1990-03-14
20.08,36.56,0.0,9.295357074327702,1990-03-15
19.18,37.71,0.0,9.704190052807474,1990-03-16
19.26,38.24,0.0,10.010538796172654,1990-03-17
19.53,39.07,0.0,10.02517700596196,1990-03-18
20.26,37.65,0.0,10.96979180003045,1990-03-19
20.89,36.61,0.0,10.7922636195793,1990-03-20
19.37,35.65,0.0,10.498756476337899,1990-03-21
18.14,35.38,0.0,9.523190327838247,1990-03-22
18.37,35.3,0.0,10.366612248283868,1990-03-23
18.62,35.77,0.0,11.06820062962971,1990-03-24
18.37,36.11,0.0,10.604386306838455,1990-03-25
16.87,37.18,0.0,8.484589642986123,1990-03-26
19.64,38.59,0.0,8.599517512813806,1990-03-27
22.37,40.32,0.0,9.357479233023962,1990-03-28
23.08,41.24,0.0,9.748693537815672,1990-03-29
23.63,41.65,0.0,9.805918323016032,1990-03-30
27.28,41.65,0.0,9.769004649907547,1990-03-31
24.34,41.95,0.0,11.40807660647512,1990-04-01
21.59,41.71,0.0,9.130135902060527,1990-04-02
23.3,42.29,0.0,6.869619896119862,1990-04-03
23.22,42.85,0.0,7.6869473365578465,1990-04-04
24.79,41.76,0.0,7.5037783292366855,1990-04-05
24.64,42.52,0.02,7.0876727828156065,1990-04-06
26.94,41.87,0.01,7.312001851658888,1990-04-07
28.36,41.55,0.01,8.274193814131175,1990-04-08
29.81,41.68,0.0,7.964712346633738,1990-04-09
28.71,42.18,0.0,8.495668831425554,1990-04-10
30.1,41.78,0.14,10.12147846703515,1990-04-11
30.79,42.09,0.04,9.345890626326948,1990-04-12
28.36,41.45,0.02,8.743190283551098,1990-04-13
27.25,41.06,0.02,6.35720133376877,1990-04-14
28.81,39.64,0.1,9.30149189799221,1990-04-15
27.59,41.2,0.0,7.556791477997715,1990-04-16
26.98,41.12,0.01,8.831671940720163,1990-04-17
28.78,41.26,0.0,8.418944350508582,1990-04-18
26.9,40.37,0.0,6.722055500480875,1990-04-19
26.04,38.93,0.0,8.201473596906215,1990-04-20
26.95,40.66,0.0,8.453179063787845,1990-04-21
26.51,42.88,0.0,7.577982805884022,1990-04-22
25.88,42.76,0.0,10.224472940166379,1990-04-23
28.41,41.43,0.0,10.92112462855799,1990-04-24
28.4,42.16,0.0,8.574419482475902,1990-04-25
28.9,41.29,0.36,10.214417446320672,1990-04-26
29.09,42.11,0.22,8.538324666741175,1990-04-27
30.96,38.7,0.08,7.975490134287915,1990-04-28
28.6,37.29,0.15,7.950190793520724,1990-04-29
28.02,40.03,0.21,8.491224717475601,1990-04-30
29.67,41.85,0.0,10.1365441823129,1990-05-01
29.23,40.14,0.0,10.510178760687197,1990-05-02
26.95,41.26,0.0,9.427087596184965,1990-05-03
28.56,41.17,0.09,9.375772038106176,1990-05-04
28.39,41.97,0.06,9.551536949788492,1990-05-05
29.75,40.99,1.28,10.868994190258013,1990-05-06
28.86,39.63,1.13,9.582300413887435,1990-05-07
29.39,40.66,1.45,9.412398424284643,1990-05-08
28.39,38.26,1.45,9.185342633153107,1990-05-09
27.97,35.31,1.42,8.032322066532473,1990-05-10
27.76,37.83,0.07,7.960968777507902,1990-05-11
27.8,39.12,0.44,9.641399190396342,1990-05-12
28.28,40.12,0.09,8.340864830468856,1990-05-13
27.9,41.01,0.42,10.451794523570744,1990-05-14
27.87,41.0,0.62,10.379904346806459,1990-05-15
28.72,39.01,0.13,9.219222987573225,1990-05-16
27.84,40.58,0.0,9.141512032297838,1990-05-17
28.98,41.3,1.16,9.57817660870373,1990-05-18
29.28,41.31,1.46,9.346335419719003,1990-05-19
30.55,42.82,1.18,9.961245535733237,1990-05-20
29.24,38.62,0.97,9.612193728677333,1990-05-21
27.8,39.81,0.74,10.16067981036663,1990-05-22
27.49,39.83,0.04,8.654766981346938,1990-05-23
29.07,40.19,0.07,8.342613883344473,1990-05-24
29.14,40.33,2.69,9.281573304122325,1990-05-25
28.66,34.99,5.48,8.025396951046435,1990-05-26
27.21,38.65,0.72,8.914766447803578,1990-05-27
27.52,34.45,11.73,7.637072184639703,1990-05-28
25.95,36.78,2.72,7.472674925430532,1990-05-29
26.88,38.84,0.23,8.608911008186354,1990-05-30
27.21,38.35,2.4,7.241201406156866,1990-05-31
28.19,38.35,1.71,8.539707844357183,1990-06-01
27.63,37.97,2.07,8.815674347907139,1990-06-02
27.57,35.91,2.04,7.601036677855107,1990-06-03
27.46,39.61,0.63,7.701218232081957,1990-06-04
28.7,40.09,3.33,7.522294561183176,1990-06-05
29.09,36.76,4.67,8.63053220373883,1990-06-06
27.37,34.53,3.42,7.778025774016463,1990-06-07
27.41,36.38,0.04,7.81564731892034,1990-06-08
26.61,39.5,0.02,7.609377193233033,1990-06-09
28.17,40.91,0.05,8.648125421082637,1990-06-10
28.35,40.48,1.36,9.13995728926815,1990-06-11
28.09,36.97,0.62,9.148136398098657,1990-06-12
27.13,37.17,1.58,7.881403333805087,1990-06-13
26.33,37.12,0.23,8.446234924461471,1990-06-14
26.45,38.44,0.22,7.500611737351947,1990-06-15
27.24,39.56,0.64,9.057653761415876,1990-06-16
28.18,37.05,0.89,9.256914678109098,1990-06-17
26.81,39.27,0.48,7.819653238126266,1990-06-18
27.71,41.46,0.57,9.329732936840019,1990-06-19
27.37,37.0,7.17,8.005835279435416,1990-06-20
27.04,36.05,8.02,7.866537577176623,1990-06-21
26.37,38.47,2.02,8.77882543232162,1990-06-22
26.29,37.22,10.08,8.130388201567259,1990-06-23
26.43,33.92,16.21,6.903406754979204,1990-06-24
25.43,32.16,0.57,6.127721297348715,1990-06-25
25.48,36.9,2.44,8.147628216142563,1990-06-26
25.46,35.96,4.11,8.059254163794167,1990-06-27
25.78,35.29,3.82,7.5689390110964485,1990-06-28
25.35,34.34,7.84,6.360152308086943,1990-06-29
25.91,38.63,0.55,8.009652997580242,1990-06-30
25.87,37.9,3.05,8.866787793638276,1990-07-01
25.57,33.54,6.61,6.674165960067092,1990-07-02
24.39,33.92,3.11,5.442514505424762,1990-07-03
24.09,35.97,1.93,6.536110946001666,1990-07-04
25.91,37.65,2.18,7.587667280629612,1990-07-05
25.45,37.38,0.21,7.299079649036865,1990-07-06
25.68,37.99,2.54,8.2508549878632,1990-07-07
26.61,37.02,2.87,8.51502137629809,1990-07-08
25.62,30.84,3.89,5.517071965414207,1990-07-09
23.64,34.4,1.53,6.8123014101538155,1990-07-10
23.99,36.04,2.35,7.441831064669453,1990-07-11
25.27,33.9,2.79,4.684840052907254,1990-07-12
24.57,34.46,2.44,6.0334585773782985,1990-07-13
25.1,32.94,5.76,6.235789125053487,1990-07-14
24.78,31.74,6.76,4.3784222667680845,1990-07-15
24.9,32.92,1.96,5.61383726387187,1990-07-16
24.39,34.14,0.03,6.630994230818098,1990-07-17
25.14,35.66,4.08,4.835645848716515,1990-07-18
24.25,33.12,4.5,5.996580665719762,1990-07-19
24.02,32.23,3.56,6.276243784957456,1990-07-20
22.3,30.42,10.43,4.682082093581299,1990-07-21
22.12,32.3,3.16,4.8743660454849165,1990-07-22
23.21,31.27,2.71,5.149013958678989,1990-07-23
23.13,32.18,3.45,5.665922953532726,1990-07-24
24.26,35.87,1.84,6.1277642755377775,1990-07-25
25.66,35.9,3.25,7.785247186682085,1990-07-26
24.73,31.15,7.96,3.9856578005726067,1990-07-27
22.86,33.01,2.31,6.146442150203893,1990-07-28
23.37,32.9,4.03,6.164854354706064,1990-07-29
23.54,33.67,6.26,6.1315907761516995,1990-07-30
23.77,31.47,11.79,3.5308848286107817,1990-07-31
23.77,28.77,9.34,4.382957116872551,1990-08-01
23.49,30.5,8.61,4.855365072469782,1990-08-02
22.91,29.73,12.17,5.37849367192738,1990-08-03
22.12,30.96,3.4,4.279785038932294,1990-08-04
23.56,30.87,2.04,5.361134667239993,1990-08-05
22.87,33.12,3.1,5.696467933143397,1990-08-06
23.43,32.26,3.14,5.845870686591974,1990-08-07
24.05,35.07,1.56,6.677011823698181,1990-08-08
24.19,33.87,1.75,6.582567088362772,1990-08-09
24.36,33.91,1.16,5.947054667191549,1990-08-10
23.5,33.4,0.78,6.025009517699848,1990-08-11
24.59,34.68,5.84,7.008507180968143,1990-08-12
24.41,32.83,7.49,6.293544291968237,1990-08-13
24.12,30.41,7.75,4.480175060856711,1990-08-14
23.46,29.72,1.66,5.305263656908979,1990-08-15
22.14,32.49,3.9,5.244208228972838,1990-08-16
22.31,32.74,3.39,5.794251693738748,1990-08-17
23.46,31.67,0.5,5.21702944762506,1990-08-18
22.73,34.05,0.12,6.3697532627861495,1990-08-19
24.38,34.59,0.77,5.683828949441255,1990-08-20
23.58,32.98,0.76,5.450133263219604,1990-08-21
24.14,35.59,1.08,6.474070236525582,1990-08-22
24.68,36.11,0.55,6.732734246761641,1990-08-23
24.48,35.85,1.34,6.643818017685037,1990-08-24
24.85,31.76,1.9,6.02063206792573,1990-08-25
23.58,35.33,1.85,6.907937419308423,1990-08-26
24.81,35.94,4.31,6.428426919811339,1990-08-27
24.57,35.09,1.19,6.4340964833405465,1990-08-28
23.83,34.47,3.77,5.374027029267314,1990-08-29
23.61,29.97,8.72,4.383252403769793,1990-08-30
23.79,34.96,3.53,6.188474912045396,1990-08-31
23.82,29.91,14.65,5.571081418170406,1990-09-01
22.52,34.23,1.35,5.4109846668621016,1990-09-02
23.46,33.22,0.63,5.53393884677385,1990-09-03
24.22,34.89,4.06,6.250651290098086,1990-09-04
23.64,33.44,5.34,5.134391997995649,1990-09-05
24.12,33.6,1.17,5.376570068146422,1990-09-06
23.97,33.73,1.48,3.830301382524943,1990-09-07
23.14,35.43,0.95,7.045074030119952,1990-09-08
22.86,37.2,0.03,6.362282971737191,1990-09-09
23.9,37.9,3.48,6.794591260566354,1990-09-10
24.7,35.68,4.86,5.9110469285843354,1990-09-11
24.43,31.21,3.85,4.794248782778304,1990-09-12
23.54,33.03,5.27,5.808355752633425,1990-09-13
23.79,34.27,0.92,5.502023567710203,1990-09-14
23.77,32.98,1.04,6.269852042569242,1990-09-15
22.06,35.46,1.92,6.738362886529676,1990-09-16
23.5,34.79,4.58,6.244293066385404,1990-09-17
23.8,34.25,0.12,6.247395656412485,1990-09-18
24.08,35.88,1.44,6.336205127932966,1990-09-19
24.24,36.76,0.08,6.274942763385092,1990-09-20
24.12,37.04,0.01,6.021984387949375,1990-09-21
23.26,38.12,0.41,7.1028771201521606,1990-09-22
24.95,37.39,0.89,6.699669640591052,1990-09-23
24.46,37.53,0.85,6.569288600705869,1990-09-24
25.26,37.43,2.48,6.5161895122677675,1990-09-25
25.29,36.24,0.29,6.689033234357389,1990-09-26
24.63,38.55,0.0,6.430088211064317,1990-09-27
24.97,38.51,0.45,7.062965727809494,1990-09-28
25.4,34.6,0.54,7.191115387461466,1990-09-29
24.07,36.56,0.66,7.651912182638569,1990-09-30
24.08,37.09,0.29,6.4711037881011375,1990-10-01
25.23,37.09,1.05,6.861608340001187,1990-10-02
25.49,36.6,1.27,5.996922372576836,1990-10-03
24.3,37.92,0.34,6.299625074213097,1990-10-04
24.21,38.72,0.0,6.972653140293902,1990-10-05
24.69,39.15,0.01,7.186927361926506,1990-10-06
25.95,38.09,0.09,6.859895023362737,1990-10-07
24.5,39.22,0.0,6.794492244505543,1990-10-08
24.43,39.88,0.0,6.9223193922805,1990-10-09
22.94,39.69,0.0,6.485645177734978,1990-10-10
24.86,39.73,0.0,6.591941890892305,1990-10-11
25.99,40.24,0.0,6.893187867272117,1990-10-12
24.27,40.12,0.0,7.036384809321915,1990-10-13
25.63,38.86,0.0,7.603487485706399,1990-10-14
25.5,36.08,0.0,6.742993458170761,1990-10-15
24.61,35.35,0.0,6.2859304168206425,1990-10-16
22.79,36.87,0.0,6.538874885254234,1990-10-17
21.79,37.77,0.0,6.077568233976769,1990-10-18
22.93,37.57,0.0,5.985267304786361,1990-10-19
23.44,38.72,0.0,7.4126806131656595,1990-10-20
21.59,38.66,0.0,7.333173069068552,1990-10-21
21.55,38.57,0.0,5.867635165101339,1990-10-22
22.54,38.46,0.0,6.824679550866281,1990-10-23
20.88,38.64,0.0,7.968113321189063,1990-10-24
19.29,38.2,0.0,7.598481190908399,1990-10-25
21.25,36.1,0.0,6.115985430267403,1990-10-26
20.65,37.56,0.0,6.698809056307314,1990-10-27
21.9,37.61,0.0,6.223787129623225,1990-10-28
20.81,38.55,0.0,6.55140384007758,1990-10-29
20.3,39.18,0.0,5.9894964773911665,1990-10-30
20.74,39.01,0.0,5.8219229277213955,1990-10-31
22.15,38.58,0.0,6.561521874706527,1990-11-01
24.69,38.18,0.04,5.985819007411391,1990-11-02
25.56,39.06,0.0,6.407635957857508,1990-11-03
22.95,38.96,0.0,6.991649569240383,1990-11-04
21.69,38.7,0.0,7.925598020029211,1990-11-05
20.01,38.01,0.0,7.990885768500204,1990-11-06
19.04,38.18,0.0,8.590629094612838,1990-11-07
20.78,37.61,0.0,7.910970967147291,1990-11-08
19.79,37.6,0.0,6.411915656686223,1990-11-09
20.53,35.24,0.0,5.641124392017682,1990-11-10
20.52,37.11,0.15,5.851222131938296,1990-11-11
23.03,37.6,0.0,5.645206741395731,1990-11-12
22.37,36.87,0.0,5.833935907299236,1990-11-13
19.03,36.23,0.0,6.214390888800139,1990-11-14
20.5,36.53,0.0,5.503760924426927,1990-11-15
21.45,36.97,0.0,7.865980104348072,1990-11-16
21.39,36.38,0.0,7.846304614906844,1990-11-17
20.78,35.39,0.0,7.482889952728326,1990-11-18
19.75,35.74,0.0,6.916549134832243,1990-11-19
20.17,36.86,0.0,7.104757726564459,1990-11-20
20.8,36.85,0.0,7.628753943582905,1990-11-21
20.79,37.04,0.0,7.85458297159725,1990-11-22
20.2,37.15,0.0,8.99681607316754,1990-11-23
21.15,37.39,0.0,9.219063867890057,1990-11-24
18.55,36.57,0.0,7.775268383570552,1990-11-25
20.12,36.75,0.0,6.561572822435204,1990-11-26
19.25,36.86,0.0,7.163912152903235,1990-11-27
18.64,37.09,0.0,7.637416230333453,1990-11-28
19.27,37.3,0.0,7.602476446401965,1990-11-29
18.62,36.46,0.0,6.407704287548881,1990-11-30
17.7,36.83,0.0,7.035679792143197,1990-12-01
17.46,36.46,0.0,7.464616256592976,1990-12-02
18.39,36.22,0.0,7.4415839667620665,1990-12-03
17.91,35.68,0.0,7.5119800608366525,1990-12-04
18.02,34.54,0.0,8.555510925162169,1990-12-05
15.81,33.39,0.0,7.047328946131331,1990-12-06
15.6,33.63,0.0,6.494066664229123,1990-12-07
16.64,35.04,0.0,5.448537041896254,1990-12-08
18.17,36.23,0.0,5.966084557891971,1990-12-09
19.94,36.96,0.0,5.791843548967841,1990-12-10
21.45,36.79,0.0,5.44703785653692,1990-12-11
21.0,34.79,0.0,6.919676426932598,1990-12-12
20.14,34.26,0.0,7.846224035959715,1990-12-13
17.83,34.38,0.0,7.4056611952945355,1990-12-14
18.82,35.4,0.0,8.209196200859642,1990-12-15
20.59,34.79,0.0,7.862391903881271,1990-12-16
21.18,36.68,0.0,7.890855759083023,1990-12-17
21.18,36.88,0.0,6.5439013523814795,1990-12-18
21.81,36.99,0.0,6.352133556573759,1990-12-19
22.13,37.03,0.0,6.921830809995464,1990-12-20
22.4,36.61,0.06,5.805302163506983,1990-12-21
22.67,34.92,0.06,6.896156855525475,1990-12-22
22.16,33.74,0.01,8.080125602046609,1990-12-23
20.46,31.66,0.02,6.782378850694216,1990-12-24
19.72,34.02,0.0,7.636908069989476,1990-12-25
18.47,33.88,0.0,7.78105370008093,1990-12-26
17.85,31.46,0.0,7.51230307350333,1990-12-27
16.26,32.34,0.0,6.214544510802985,1990-12-28
16.64,33.91,0.0,7.697016072679948,1990-12-29
18.39,32.14,0.0,8.920824393964223,1990-12-30
13.75,28.59,0.0,8.101002058676071,1990-12-31
13.9,27.87,0.0,7.539412699769586,1991-01-01
13.45,28.58,0.0,7.534687101945738,1991-01-02
13.17,29.34,0.0,7.413518981904035,1991-01-03
13.63,30.94,0.0,7.172620213458229,1991-01-04
14.62,31.73,0.0,7.069847283120514,1991-01-05
15.71,32.05,0.0,6.706994113039879,1991-01-06
15.72,32.94,0.0,7.05117598334564,1991-01-07
16.58,32.46,0.0,7.634316204745071,1991-01-08
16.48,32.16,0.0,8.24988325011339,1991-01-09
18.02,31.17,0.0,8.289409965775596,1991-01-10
17.47,31.52,0.0,7.281876859438637,1991-01-11
17.03,31.98,0.0,7.533013146910625,1991-01-12
17.21,32.31,0.0,7.313493753966562,1991-01-13
17.08,31.8,0.0,7.460223895602149,1991-01-14
17.13,32.79,0.0,6.50011255909136,1991-01-15
17.76,35.4,0.0,7.406038985744496,1991-01-16
18.46,33.86,0.0,8.891041258598516,1991-01-17
18.42,32.92,0.0,8.292449798635213,1991-01-18
17.3,33.35,0.0,8.200880968885437,1991-01-19
16.88,33.53,0.0,7.763600455634976,1991-01-20
16.95,33.45,0.0,8.278869854813466,1991-01-21
17.11,33.01,0.0,7.9413816283480285,1991-01-22
18.29,33.32,0.0,7.789049437604505,1991-01-23
17.88,35.38,0.0,8.275010411542276,1991-01-24
19.32,35.03,0.0,8.218103087883934,1991-01-25
21.08,34.37,0.0,7.951406320075332,1991-01-26
18.8,36.0,0.0,8.372062699404056,1991-01-27
20.24,35.91,0.0,8.730391040525753,1991-01-28
18.95,37.38,0.0,9.523826867418613,1991-01-29
20.34,36.57,0.0,9.894170384279171,1991-01-30
18.03,35.87,0.0,8.521164864390201,1991-01-31
19.74,35.7,0.0,9.206134885016676,1991-02-01
17.47,34.96,0.0,7.61029001507539,1991-02-02
17.53,35.74,0.0,6.8220697010503155,1991-02-03
18.43,35.79,0.0,8.091126999031038,1991-02-04
17.12,34.95,0.0,8.534890860684243,1991-02-05
16.75,35.14,0.0,8.022733891163012,1991-02-06
17.81,36.16,0.0,7.538233864049156,1991-02-07
19.27,37.05,0.0,7.269893144752465,1991-02-08
20.1,37.37,0.0,7.126395062500811,1991-02-09
20.84,38.44,0.0,7.795687943235475,1991-02-10
21.85,38.06,0.0,6.914167201095803,1991-02-11
22.42,37.75,0.0,8.941251946617355,1991-02-12
22.19,38.2,0.0,7.886508853920715,1991-02-13
24.13,38.32,0.0,8.090384100859652,1991-02-14
25.77,34.91,0.0,7.574206270743891,1991-02-15
23.15,37.18,0.0,8.97256967275524,1991-02-16
21.83,37.6,0.0,8.447004331732355,1991-02-17
21.36,38.31,0.0,6.80056497527133,1991-02-18
22.7,39.84,0.0,9.146263064614828,1991-02-19
23.96,39.99,0.0,11.5235755771676,1991-02-20
22.8,38.81,0.0,10.855804966765696,1991-02-21
23.46,39.46,0.0,10.073433937071773,1991-02-22
22.57,40.46,0.0,9.513602973235844,1991-02-23
22.51,40.14,0.0,8.297501998622323,1991-02-24
22.34,39.35,0.01,7.1215489336044415,1991-02-25
22.24,38.77,0.0,8.055941153954622,1991-02-26
21.72,39.01,0.0,5.763518403202324,1991-02-27
24.69,38.7,0.01,9.023145741596274,1991-02-28
21.92,29.03,0.0,5.441272684105763,1991-03-01
21.75,34.73,0.24,5.931227160352263,1991-03-02
21.69,37.06,0.0,6.971709190237886,1991-03-03
22.17,37.87,0.0,9.824842000461794,1991-03-04
21.77,37.3,0.0,9.564197481493405,1991-03-05
21.29,37.85,0.01,8.224199285850908,1991-03-06
21.58,38.38,0.0,8.903272501702872,1991-03-07
21.48,38.86,0.0,8.1252799271232,1991-03-08
23.26,39.96,0.0,9.088099098183259,1991-03-09
23.44,40.94,0.0,9.281613637125957,1991-03-10
22.4,41.63,0.0,6.822596728350159,1991-03-11
24.69,40.21,0.36,8.563546817548245,1991-03-12
27.28,39.58,0.02,10.144143768470823,1991-03-13
27.64,36.63,3.49,7.297642308646624,1991-03-14
26.61,35.03,1.03,6.649413423918357,1991-03-15
22.95,37.35,0.0,8.029364167546822,1991-03-16
20.39,36.84,0.0,8.625149598628655,1991-03-17
21.49,37.98,0.0,8.816155671247321,1991-03-18
23.02,39.21,0.0,8.541528363842925,1991-03-19
22.08,39.39,0.0,10.177771754081482,1991-03-20
23.13,38.61,0.0,9.685419468481589,1991-03-21
21.98,39.27,0.0,9.155691148836697,1991-03-22
26.53,37.18,0.11,7.560481279819762,1991-03-23
26.53,39.2,0.07,6.517760441175086,1991-03-24
26.29,39.2,0.0,9.877948239708683,1991-03-25
25.51,40.1,0.0,10.826404331337418,1991-03-26
24.4,40.23,0.0,12.010639549786061,1991-03-27
24.65,40.68,0.0,11.560205603258616,1991-03-28
24.56,41.0,0.0,8.880178147723244,1991-03-29
25.67,42.6,0.0,8.224660595160179,1991-03-30
27.5,43.18,0.0,7.426838044149858,1991-03-31
25.19,41.9,0.0,10.705911229994495,1991-04-01
26.96,41.15,0.0,11.363615725531616,1991-04-02
25.44,35.44,0.0,7.410539372400631,1991-04-03
24.56,39.27,0.0,9.924316941603621,1991-04-04
22.61,39.61,0.0,9.406469067635875,1991-04-05
22.0,39.88,0.0,7.7148744016289355,1991-04-06
23.82,40.52,0.0,8.668539907528636,1991-04-07
22.64,40.96,0.01,8.483937745240206,1991-04-08
27.18,40.82,0.03,8.286986427905836,1991-04-09
26.74,39.61,0.01,7.975271002666863,1991-04-10
26.52,38.79,0.53,7.096122287547207,1991-04-11
29.19,41.57,0.0,6.377443627527843,1991-04-12
25.29,42.0,0.15,7.081133932043179,1991-04-13
29.18,39.13,0.55,8.734261283652943,1991-04-14
28.14,39.02,0.02,6.410178093640706,1991-04-15
28.96,41.53,0.03,8.094999378991064,1991-04-16
30.96,43.48,0.0,8.568439075124422,1991-04-17
29.78,42.58,0.26,10.227513471047953,1991-04-18
28.88,40.55,1.31,10.738830680693857,1991-04-19
27.98,42.75,0.24,8.98919574527622,1991-04-20
29.07,42.29,0.0,9.895982862750769,1991-04-21
30.1,42.29,0.0,9.54767827444332,1991-04-22
29.24,44.57,0.0,8.24226006149206,1991-04-23
30.67,43.68,0.0,9.141265834877878,1991-04-24
30.78,42.95,0.0,11.138497236343824,1991-04-25
30.08,42.59,0.04,10.63121317170662,1991-04-26
29.4,39.44,3.43,10.636666698698246,1991-04-27
28.34,34.84,3.17,5.247923134663987,1991-04-28
26.88,37.74,1.25,7.895479098978807,1991-04-29
26.6,41.25,0.0,9.331720509178165,1991-04-30
25.8,43.09,0.0,9.708551506492322,1991-05-01
26.42,42.18,0.0,8.385098391594642,1991-05-02
27.3,37.06,6.18,8.758613958523839,1991-05-03
26.58,31.65,0.91,4.159922360786154,1991-05-04
25.73,37.45,0.0,6.229993861966314,1991-05-05
27.01,40.29,0.0,7.812024827695052,1991-05-06
28.04,41.35,0.02,8.991020871232406,1991-05-07
28.92,38.0,0.14,9.279872574241375,1991-05-08
28.81,43.2,0.16,10.893805075275994,1991-05-09
29.04,42.8,0.18,10.847640413390492,1991-05-10
29.07,41.35,0.21,10.600875157103872,1991-05-11
28.3,36.76,0.38,9.009083478919123,1991-05-12
27.76,40.12,0.07,9.80525943671904,1991-05-13
26.42,36.46,0.07,8.151739289802446,1991-05-14
27.53,36.93,0.15,7.5099731460932615,1991-05-15
27.79,37.56,1.34,6.666334749472167,1991-05-16
27.93,39.83,1.52,8.679815398982226,1991-05-17
28.23,36.35,3.39,7.693766063964058,1991-05-18
26.65,36.67,2.15,7.612530431963674,1991-05-19
27.15,32.95,2.55,5.6286164015629785,1991-05-20
26.55,35.45,4.55,6.562399720668407,1991-05-21
27.35,34.78,6.24,6.983633185800344,1991-05-22
26.23,33.41,6.93,6.283131321824718,1991-05-23
24.55,33.02,10.02,5.048779324563636,1991-05-24
23.68,30.42,8.34,5.024627466945932,1991-05-25
24.03,30.84,6.76,5.238159514578856,1991-05-26
24.79,33.83,5.75,5.245671687755721,1991-05-27
25.1,31.82,3.9,4.76853280630837,1991-05-28
24.21,31.66,1.66,5.8447987017736205,1991-05-29
24.9,35.13,1.65,6.6942978507664,1991-05-30
25.29,36.89,2.91,6.697147053046133,1991-05-31
26.77,36.9,2.33,7.354786149713654,1991-06-01
25.89,38.47,0.24,7.5707420581137095,1991-06-02
26.65,39.08,0.15,7.34042279994926,1991-06-03
27.61,43.32,0.0,8.17650575862172,1991-06-04
25.84,39.86,0.89,8.389915782081356,1991-06-05
27.42,36.3,1.85,8.472272068854215,1991-06-06
27.3,37.36,0.85,7.572423803799819,1991-06-07
26.87,39.93,0.06,8.235760806979414,1991-06-08
27.1,40.55,0.75,8.220851857465403,1991-06-09
28.06,39.33,1.63,9.174143572845134,1991-06-10
27.37,36.02,2.83,8.304225628716077,1991-06-11
26.63,38.5,0.4,7.277253203883223,1991-06-12
25.87,37.86,2.01,7.587549548157692,1991-06-13
27.14,37.54,0.29,8.83803087946303,1991-06-14
27.11,36.74,5.15,6.499993066574893,1991-06-15
25.72,37.14,2.09,8.0115367840401,1991-06-16
26.04,38.68,0.18,7.8886813407433,1991-06-17
26.64,39.37,1.93,7.869782986120867,1991-06-18
26.19,38.44,6.53,8.189551829264252,1991-06-19
26.62,33.64,1.74,7.1269812621109265,1991-06-20
25.12,30.46,4.16,5.868084631149211,1991-06-21
23.97,35.07,4.13,6.007769255910401,1991-06-22
24.88,36.5,0.38,6.571138012560682,1991-06-23
26.65,36.52,7.2,8.377976248807778,1991-06-24
25.58,35.95,1.66,7.667716858877668,1991-06-25
25.27,34.26,8.16,6.845472795278034,1991-06-26
25.37,34.46,4.88,6.856750607153581,1991-06-27
25.01,31.19,8.34,5.721375031221069,1991-06-28
24.12,35.32,1.87,6.818620057517151,1991-06-29
24.45,35.31,0.84,5.86671890609376,1991-06-30
25.32,32.43,0.02,6.094406660693363,1991-07-01
24.86,35.77,0.4,7.246121899112895,1991-07-02
25.03,36.46,0.33,7.226354859929998,1991-07-03
24.82,33.85,2.1,5.427938024008597,1991-07-04
25.08,36.66,1.73,6.5093688564559935,1991-07-05
25.46,36.59,3.4,7.363236611674337,1991-07-06
25.4,35.72,0.39,7.415413093875752,1991-07-07
25.75,35.64,1.76,5.7308080238896775,1991-07-08
24.73,35.15,2.7,5.435690670348947,1991-07-09
24.4,30.77,1.05,6.009064091053969,1991-07-10
23.95,36.61,0.11,6.04332568225741,1991-07-11
26.1,38.92,0.27,8.142240431761048,1991-07-12
26.6,35.8,0.52,8.337146382564521,1991-07-13
25.25,32.79,0.68,5.393178293984468,1991-07-14
24.56,30.94,6.83,5.687253237038496,1991-07-15
23.6,32.06,7.6,5.884833635257306,1991-07-16
23.76,34.45,0.97,5.634833488410408,1991-07-17
24.98,34.25,2.45,6.455615004050494,1991-07-18
24.43,34.59,4.94,6.946829806946087,1991-07-19
25.0,31.03,6.34,2.957830170245921,1991-07-20
23.65,30.37,2.7,5.282100213384774,1991-07-21
22.83,34.63,0.39,6.213096687988552,1991-07-22
23.61,35.03,0.53,6.8947364223374805,1991-07-23
24.75,35.2,0.98,6.55518110034329,1991-07-24
25.2,35.35,1.2,5.875011419250323,1991-07-25
25.62,33.09,4.41,6.237533324066233,1991-07-26
24.13,32.46,4.73,5.032489659483016,1991-07-27
23.68,34.69,1.72,5.211355732903461,1991-07-28
24.25,35.25,1.45,6.476723602125347,1991-07-29
25.04,33.61,0.29,6.664533682547546,1991-07-30
25.29,32.53,0.34,5.998855571686376,1991-07-31
23.31,36.51,0.34,6.222259850673602,1991-08-01
24.21,35.85,0.6,7.637710456420823,1991-08-02
25.55,30.47,0.37,6.261687909334034,1991-08-03
24.1,34.32,6.48,5.016123721029184,1991-08-04
24.09,34.65,1.33,6.684218304176218,1991-08-05
24.57,33.19,16.56,4.1545461372075545,1991-08-06
23.82,29.1,4.83,4.413050216319121,1991-08-07
23.13,30.4,3.8,3.460725823720589,1991-08-08
23.86,32.04,3.17,5.920017234875919,1991-08-09
23.92,29.51,17.96,4.463707912491112,1991-08-10
23.31,27.57,14.8,4.417670949827355,1991-08-11
22.04,29.68,19.05,4.965667360868063,1991-08-12
23.06,30.55,7.4,5.174869884588296,1991-08-13
23.24,31.5,9.75,5.445954318565985,1991-08-14
23.14,32.42,5.46,5.234676595047962,1991-08-15
23.09,31.13,6.29,5.328688771081681,1991-08-16
24.29,28.51,10.2,4.1884692704251085,1991-08-17
23.47,30.34,11.35,3.3432885983616334,1991-08-18
23.41,28.06,5.13,4.934590916050389,1991-08-19
22.05,28.87,1.99,2.3699692485743804,1991-08-20
22.71,32.7,1.4,5.855122797037047,1991-08-21
22.42,31.48,2.37,5.191585758484456,1991-08-22
23.04,31.16,2.76,3.5748621398494547,1991-08-23
23.17,32.42,4.57,5.71947790171007,1991-08-24
23.12,31.23,6.47,5.214749122489248,1991-08-25
23.36,30.61,4.44,4.644050229974609,1991-08-26
23.52,27.39,6.14,4.610187016021179,1991-08-27
21.54,31.36,5.36,5.038952593951277,1991-08-28
23.5,28.25,10.41,4.0867158242985955,1991-08-29
22.77,27.07,17.16,4.480206174269721,1991-08-30
22.85,28.06,8.23,4.824295004638049,1991-08-31
22.25,30.4,4.43,5.340515880971687,1991-09-01
23.11,29.22,5.54,5.036760561701741,1991-09-02
23.47,31.11,0.06,4.5532614917661665,1991-09-03
22.73,31.95,2.48,5.721845038834979,1991-09-04
22.04,32.64,1.3,5.857826973981146,1991-09-05
22.05,32.09,0.6,4.896352612464423,1991-09-06
23.26,31.39,4.07,5.486521741538204,1991-09-07
22.53,33.3,0.38,5.624876078792889,1991-09-08
23.79,33.96,1.92,6.316324972679808,1991-09-09
23.32,32.96,2.11,5.919595411482671,1991-09-10
23.98,32.96,0.22,5.864363132121768,1991-09-11
24.28,32.89,1.63,4.7317447799641865,1991-09-12
23.32,33.35,0.03,5.943626752915175,1991-09-13
22.44,34.8,0.1,6.080389549998266,1991-09-14
23.14,36.43,0.07,6.407282646350691,1991-09-15
23.89,35.04,0.11,6.258136596137459,1991-09-16
24.64,31.55,0.24,5.579350618515179,1991-09-17
23.83,30.2,0.06,4.510956071416502,1991-09-18
22.82,32.19,0.04,5.4124661319776814,1991-09-19
22.9,34.57,0.05,5.890904744470118,1991-09-20
22.95,36.45,0.02,6.433971215513594,1991-09-21
23.08,37.04,0.07,6.530518808093826,1991-09-22
24.96,34.89,2.69,6.303181477480892,1991-09-23
23.81,33.92,0.41,6.111559767697025,1991-09-24
23.05,35.81,2.92,5.89592227623409,1991-09-25
23.19,35.84,4.25,6.05811892456956,1991-09-26
23.93,35.82,0.87,6.2021458217861145,1991-09-27
24.43,37.22,0.15,6.5486673858719175,1991-09-28
24.34,35.69,0.19,6.464085516916689,1991-09-29
25.08,35.43,0.17,6.669836411759941,1991-09-30
24.19,36.04,1.08,5.4689712978295715,1991-10-01
24.16,36.97,0.61,6.034234910778238,1991-10-02
24.21,33.68,2.41,5.531614493644516,1991-10-03
22.97,34.3,0.6,5.845296106623633,1991-10-04
24.13,33.85,3.47,6.1447953048755215,1991-10-05
23.07,33.17,1.02,5.605373896871303,1991-10-06
23.98,34.39,0.65,5.762661640717699,1991-10-07
22.91,35.59,0.09,5.807306317376309,1991-10-08
23.62,36.28,0.12,5.931869478714947,1991-10-09
24.4,35.68,0.02,5.757389408246835,1991-10-10
24.28,37.41,0.09,5.949979238972006,1991-10-11
23.0,37.4,0.04,6.224356675776647,1991-10-12
24.3,35.55,2.76,6.117954892224072,1991-10-13
24.23,35.06,2.26,6.029338757956111,1991-10-14
23.98,34.63,1.46,6.1324630476672795,1991-10-15
24.2,33.28,1.09,5.907625983994954,1991-10-16
24.02,33.14,2.97,5.61587917843257,1991-10-17
23.76,34.45,0.54,5.764876933279201,1991-10-18
23.39,35.1,0.14,5.229392904682727,1991-10-19
22.03,36.81,0.0,5.787476673079863,1991-10-20
19.2,36.6,0.0,5.704659031485175,1991-10-21
20.38,35.64,0.05,5.894703106739553,1991-10-22
22.05,36.32,0.04,5.4872486363327395,1991-10-23
21.84,36.89,0.64,5.8981312006499556,1991-10-24
21.63,36.23,2.18,5.325654978886574,1991-10-25
22.13,36.27,0.07,5.153858268556093,1991-10-26
22.52,37.52,0.01,5.582457256094628,1991-10-27
21.66,36.73,0.08,6.678192361203505,1991-10-28
21.62,36.77,0.0,6.644147286319585,1991-10-29
21.98,36.98,0.0,5.545966413265256,1991-10-30
21.91,36.61,0.02,5.577782333426069,1991-10-31
24.46,36.92,0.13,5.708598464552428,1991-11-01
21.91,36.79,0.0,6.063616563481551,1991-11-02
21.51,36.78,0.0,5.166271313751087,1991-11-03
21.85,36.72,0.0,5.761339268867781,1991-11-04
19.28,35.32,0.0,7.449282678458553,1991-11-05
19.37,35.92,0.0,7.469378782909277,1991-11-06
20.06,35.32,0.0,7.598509788242169,1991-11-07
17.85,35.09,0.0,7.0575720235493415,1991-11-08
17.5,35.06,0.0,6.380700384869017,1991-11-09
18.2,34.7,0.0,6.76376033111063,1991-11-10
18.04,34.54,0.0,6.965816408173452,1991-11-11
18.62,34.59,0.0,6.445471964131454,1991-11-12
18.09,34.83,0.0,6.259951849678323,1991-11-13
18.43,35.01,0.0,7.067869122285325,1991-11-14
18.86,34.31,0.0,7.416019680404413,1991-11-15
18.39,34.28,0.0,6.685804337626327,1991-11-16
18.76,34.68,0.0,7.394591674392062,1991-11-17
17.96,35.63,0.0,7.681016482693114,1991-11-18
17.08,33.18,0.0,5.720941467730811,1991-11-19
18.76,35.38,0.0,5.494752661139143,1991-11-20
19.26,35.52,0.0,5.267822082001547,1991-11-21
19.68,36.39,0.0,5.472562696024908,1991-11-22
19.94,36.72,0.0,7.220290982632551,1991-11-23
18.95,35.91,0.0,8.242473471739997,1991-11-24
18.29,35.78,0.0,8.332219910327877,1991-11-25
17.33,34.76,0.0,7.9201171581627285,1991-11-26
18.01,34.57,0.0,6.74717332975106,1991-11-27
18.86,34.97,0.0,6.741765696265659,1991-11-28
17.38,35.02,0.0,6.178248363555629,1991-11-29
18.6,34.67,0.0,7.049543631744323,1991-11-30
17.57,34.26,0.0,6.653244512028711,1991-12-01
17.97,34.34,0.0,6.465873307841296,1991-12-02
18.0,34.34,0.0,5.813435045879138,1991-12-03
18.37,35.22,0.0,4.9436501699668876,1991-12-04
19.98,35.82,0.0,7.459618666656689,1991-12-05
19.2,34.82,0.0,7.885394050016501,1991-12-06
18.31,35.12,0.0,7.4906934110603265,1991-12-07
18.99,33.6,0.0,7.26032088256142,1991-12-08
17.7,33.56,0.0,7.183097503255344,1991-12-09
17.78,33.66,0.0,7.308219742479604,1991-12-10
19.03,32.56,0.0,7.381612256528962,1991-12-11
18.33,33.58,0.0,8.64697819178141,1991-12-12
18.39,32.49,0.0,8.54053846894206,1991-12-13
16.27,31.26,0.0,8.063699642064652,1991-12-14
14.69,28.4,0.0,7.276068300237685,1991-12-15
14.65,27.96,0.0,6.672374490117411,1991-12-16
14.72,28.87,0.0,6.893165987711361,1991-12-17
14.88,29.39,0.0,6.790007867194145,1991-12-18
15.38,31.38,0.0,7.263213376922604,1991-12-19
15.51,31.6,0.0,7.183698024357493,1991-12-20
16.24,30.38,0.0,7.405389227762283,1991-12-21
14.53,28.35,0.0,7.1354446558974765,1991-12-22
14.51,26.85,0.0,6.924008213975588,1991-12-23
12.44,29.27,0.0,7.401276149350999,1991-12-24
11.4,29.34,0.0,6.9504145431517745,1991-12-25
15.44,30.28,0.0,6.594203070387607,1991-12-26
14.13,30.32,0.0,6.671844402157484,1991-12-27
15.0,30.13,0.0,7.263088740599483,1991-12-28
14.56,29.4,0.0,7.1961358523533825,1991-12-29
12.9,29.66,0.0,7.397499757911138,1991-12-30
12.66,26.66,0.0,6.691022158829386,1991-12-31
13.15,27.25,0.0,6.870814612355469,1992-01-01
13.51,27.63,0.0,7.368975828449628,1992-01-02
13.12,27.29,0.0,7.687196432368291,1992-01-03
12.7,26.38,0.0,7.567809299108571,1992-01-04
11.98,25.89,0.0,7.071976902626628,1992-01-05
12.04,26.42,0.0,7.217926295107921,1992-01-06
11.42,28.01,0.0,7.2445220610516,1992-01-07
11.86,28.16,0.0,7.502870524526818,1992-01-08
12.5,26.48,0.0,7.257875607190147,1992-01-09
12.79,27.35,0.0,7.022782135082769,1992-01-10
12.43,26.13,0.0,6.60673130505696,1992-01-11
12.07,27.33,0.0,6.600899924532931,1992-01-12
11.84,28.97,0.0,6.9936400890919534,1992-01-13
11.68,28.88,0.0,7.893547382398481,1992-01-14
10.48,28.35,0.0,7.101735614216044,1992-01-15
14.17,31.34,0.0,7.660603238802407,1992-01-16
15.47,31.73,0.0,7.37794845805701,1992-01-17
16.21,32.11,0.0,6.705048097586511,1992-01-18
18.33,29.72,0.0,7.669803962958337,1992-01-19
18.58,30.72,0.0,5.563015307410502,1992-01-20
17.23,34.36,0.0,7.556148699173496,1992-01-21
18.07,32.89,0.0,8.791850449892484,1992-01-22
18.41,31.6,0.0,8.80866469623979,1992-01-23
17.6,28.68,0.0,7.9521663649404735,1992-01-24
17.95,32.41,0.02,7.96136659971261,1992-01-25
17.41,33.04,0.0,6.169272513313126,1992-01-26
18.01,31.65,0.0,6.719166160609075,1992-01-27
15.78,30.9,0.0,6.573447314944599,1992-01-28
15.87,32.71,0.0,6.848162508501511,1992-01-29
16.72,33.04,0.0,8.40692246808185,1992-01-30
17.55,33.05,0.0,8.121638383471156,1992-01-31
18.31,33.63,0.0,8.267402937867303,1992-02-01
15.26,32.15,0.0,8.85039036509627,1992-02-02
14.56,32.59,0.0,8.656086259444264,1992-02-03
16.56,31.89,0.0,8.896395468518437,1992-02-04
16.12,32.85,0.0,8.469210170208134,1992-02-05
16.54,33.86,0.0,8.92596877216565,1992-02-06
17.77,34.24,0.0,9.776120455248867,1992-02-07
18.14,35.19,0.0,9.748932131384718,1992-02-08
19.52,35.41,0.0,9.955098222291403,1992-02-09
19.72,33.95,0.0,9.210655071768226,1992-02-10
19.76,33.78,0.0,9.181293113765085,1992-02-11
18.48,33.33,0.0,9.623598379818484,1992-02-12
17.45,33.0,0.0,9.570180141572344,1992-02-13
18.31,33.5,0.0,9.665178467891359,1992-02-14
16.82,32.79,0.0,8.635651533783701,1992-02-15
16.18,32.83,0.0,9.389759679650604,1992-02-16
15.82,33.3,0.0,8.801200072105164,1992-02-17
15.5,34.08,0.0,8.975949272445948,1992-02-18
15.73,35.11,0.0,8.719415127412356,1992-02-19
16.3,36.16,0.0,8.90521874083985,1992-02-20
16.65,37.12,0.0,8.620226774342703,1992-02-21
16.96,38.16,0.0,9.654553957823019,1992-02-22
17.56,38.7,0.0,11.187509900594371,1992-02-23
20.29,35.71,0.0,11.697285639612488,1992-02-24
16.99,32.69,0.0,9.224297112557437,1992-02-25
16.9,32.66,0.0,8.816457190520104,1992-02-26
16.4,33.87,0.0,8.91288575024821,1992-02-27
16.79,35.67,0.0,8.910744645634574,1992-02-28
17.55,36.91,0.0,9.088046705798112,1992-02-29
18.16,37.03,0.0,8.2758447390582,1992-03-01
21.85,37.98,0.03,8.908609193053215,1992-03-02
21.94,37.07,0.37,7.252193415587271,1992-03-03
22.87,35.46,0.0,7.977871692009391,1992-03-04
19.29,38.18,0.0,8.639546249549058,1992-03-05
20.75,37.16,0.0,7.518920484512996,1992-03-06
21.72,36.14,0.0,6.593991626048121,1992-03-07
21.2,36.57,0.0,8.234128185565568,1992-03-08
19.77,36.98,0.0,9.075433982700833,1992-03-09
20.49,38.04,0.0,9.64294119246735,1992-03-10
18.96,38.03,0.0,8.633143242321351,1992-03-11
20.21,37.04,0.0,8.444246757137224,1992-03-12
21.57,38.5,0.0,8.933749265315639,1992-03-13
21.54,38.82,0.0,10.539439055252515,1992-03-14
21.37,39.05,0.0,9.935978521462339,1992-03-15
21.2,38.85,0.0,10.174494024823208,1992-03-16
21.67,39.77,0.0,10.400149566419048,1992-03-17
21.99,39.57,0.0,10.673725074522814,1992-03-18
24.64,36.86,0.0,10.827743537464858,1992-03-19
22.4,33.91,0.01,7.2649563384765,1992-03-20
22.27,35.49,0.0,5.098583590883071,1992-03-21
24.91,36.68,0.0,5.869711832529248,1992-03-22
26.1,36.88,0.0,7.260621706095303,1992-03-23
25.0,38.14,0.0,9.576797963928154,1992-03-24
24.98,39.88,0.0,9.81700842619167,1992-03-25
25.07,35.49,0.0,10.953468336068974,1992-03-26
22.72,36.38,0.01,7.8305872109021335,1992-03-27
23.43,38.57,0.0,8.131110313591579,1992-03-28
24.97,38.81,0.0,10.786708967982554,1992-03-29
24.03,39.78,0.0,10.377022018241146,1992-03-30
23.19,40.97,0.0,10.866531733114652,1992-03-31
24.06,42.36,0.0,11.129969012479348,1992-04-01
24.47,42.11,0.0,9.828264923811293,1992-04-02
25.43,41.78,0.0,8.016034393538034,1992-04-03
24.85,42.59,0.0,9.5961632435426,1992-04-04
25.17,41.61,0.0,7.88943729600889,1992-04-05
26.13,39.25,0.0,8.610780401099177,1992-04-06
25.41,37.58,0.0,8.2487969194142,1992-04-07
23.84,39.32,0.0,8.451625621732866,1992-04-08
23.67,40.11,0.0,7.029216904869614,1992-04-09
25.19,31.44,0.37,5.926840944163112,1992-04-10
24.55,37.03,2.16,5.418131452160651,1992-04-11
26.49,38.08,0.13,7.739664861148804,1992-04-12
27.16,39.77,0.01,8.36976944402696,1992-04-13
24.15,40.76,0.0,10.392073941175363,1992-04-14
24.83,42.53,0.04,7.250401674916104,1992-04-15
26.22,42.41,0.0,8.558208766083519,1992-04-16
26.64,42.14,0.0,10.121998448101424,1992-04-17
27.71,41.17,0.03,10.434971405032112,1992-04-18
25.39,40.46,0.03,7.392551863896156,1992-04-19
27.07,41.41,0.06,9.06678390378893,1992-04-20
29.59,39.31,3.56,7.907843037846442,1992-04-21
27.08,40.11,0.0,7.883200299776744,1992-04-22
23.72,40.79,0.0,9.713603798896408,1992-04-23
22.97,40.4,0.0,10.240737279976278,1992-04-24
22.88,40.67,0.0,10.691404154442784,1992-04-25
24.98,40.37,0.0,9.278295076923095,1992-04-26
25.94,40.79,0.0,9.538833549153127,1992-04-27
23.2,41.08,0.0,9.792344721657894,1992-04-28
27.35,39.98,0.0,8.509583273228243,1992-04-29
27.99,42.55,0.0,6.623344475004332,1992-04-30
26.2,42.55,0.29,8.06553983215215,1992-05-01
27.85,40.17,0.0,9.624798008419098,1992-05-02
29.13,41.22,0.0,11.111560265226306,1992-05-03
29.61,41.04,0.0,10.509989554957142,1992-05-04
28.77,37.66,1.5,9.43548070075638,1992-05-05
27.13,39.65,0.0,8.36626556173452,1992-05-06
27.49,41.11,0.0,9.588514110537844,1992-05-07
24.32,39.92,0.15,8.036342664443865,1992-05-08
26.28,40.68,0.0,10.438511543389831,1992-05-09
27.55,40.62,0.17,9.80311435745074,1992-05-10
28.92,39.3,1.44,10.287093723556845,1992-05-11
28.71,39.66,1.41,8.783023139405019,1992-05-12
27.13,39.6,1.14,9.034375272113436,1992-05-13
28.1,37.99,1.27,8.551907622114648,1992-05-14
27.97,34.51,1.18,7.727650574631202,1992-05-15
26.11,37.89,1.46,6.586483653413718,1992-05-16
28.5,40.26,1.28,8.954825726245796,1992-05-17
29.08,41.93,0.33,9.081160501081957,1992-05-18
27.27,41.45,0.44,10.349509619064586,1992-05-19
27.62,39.39,1.27,9.833321110184333,1992-05-20
27.3,37.49,1.81,8.776305816069021,1992-05-21
27.29,35.89,1.47,7.78405788695033,1992-05-22
27.7,37.78,1.14,7.920931505357828,1992-05-23
27.94,37.09,2.19,5.733000405480336,1992-05-24
27.91,37.2,2.99,6.48703601105701,1992-05-25
26.27,36.7,3.53,8.107753322263829,1992-05-26
26.17,38.02,2.05,8.4579797235917,1992-05-27
27.29,37.93,1.9,7.997386896191001,1992-05-28
27.91,37.0,2.42,7.27503995564532,1992-05-29
26.4,39.83,1.8,8.336200474517407,1992-05-30
27.1,39.17,0.61,9.28123504121683,1992-05-31
28.08,38.18,0.57,8.956865337882663,1992-06-01
27.4,38.07,0.3,8.645946926545609,1992-06-02
26.83,36.36,0.76,7.786360776105484,1992-06-03
26.26,38.02,0.56,7.55981880360386,1992-06-04
27.23,37.09,10.73,7.2615478798044,1992-06-05
26.28,38.39,0.01,7.389209692794528,1992-06-06
27.62,36.6,9.8,7.575380993657185,1992-06-07
25.71,37.72,2.16,7.7013963969489945,1992-06-08
26.82,40.51,0.92,9.333138910914961,1992-06-09
26.94,39.72,0.84,9.298020361284783,1992-06-10
26.44,38.86,0.37,9.414807367487702,1992-06-11
26.25,39.95,1.44,9.612499535878154,1992-06-12
27.66,35.11,4.46,8.335492547333123,1992-06-13
26.05,34.05,0.03,6.0715029297334855,1992-06-14
26.36,39.23,0.19,7.979503368221035,1992-06-15
26.76,39.64,0.79,9.501677837129273,1992-06-16
25.97,40.97,0.5,10.068923669470845,1992-06-17
26.59,40.41,0.38,9.559319384951268,1992-06-18
27.36,38.49,0.38,8.452639846864678,1992-06-19
26.43,39.92,0.44,6.756560128778527,1992-06-20
27.8,40.5,0.28,9.411032770851039,1992-06-21
27.52,41.31,0.3,10.432271227996564,1992-06-22
26.22,39.4,1.64,8.78293595347115,1992-06-23
27.47,36.83,4.31,8.760113166843391,1992-06-24
26.57,36.78,1.44,7.4297903020989295,1992-06-25
26.04,35.92,1.83,7.981858577274685,1992-06-26
26.13,34.95,2.22,7.527906134803333,1992-06-27
24.11,36.0,4.33,7.198115978185996,1992-06-28
25.26,37.53,1.98,7.889429612620818,1992-06-29
25.76,31.38,11.81,5.405546480587962,1992-06-30
24.88,31.79,8.07,6.195142775682538,1992-07-01
24.79,34.75,4.46,5.698245757359151,1992-07-02
25.34,33.76,3.52,6.908513156028601,1992-07-03
24.2,37.4,0.01,7.718827481676934,1992-07-04
25.36,38.49,2.17,9.23555546564534,1992-07-05
25.64,33.85,1.33,7.534174760891899,1992-07-06
24.42,35.76,1.75,6.297055068018916,1992-07-07
25.04,36.3,0.11,7.112432600192533,1992-07-08
24.32,37.36,1.51,6.714071063402776,1992-07-09
25.73,37.28,1.78,8.378707125603862,1992-07-10
24.26,36.44,4.0,5.61148400058969,1992-07-11
25.82,33.72,5.97,7.262516466512668,1992-07-12
24.71,34.77,2.81,5.967427798148975,1992-07-13
24.54,33.32,5.87,5.837397908238259,1992-07-14
23.84,32.45,9.48,5.053763614047051,1992-07-15
22.32,36.73,0.28,6.760876942332783,1992-07-16
23.84,35.63,8.51,7.227503882213415,1992-07-17
24.07,31.0,12.66,4.216890288042767,1992-07-18
23.07,34.26,0.24,6.765520046162075,1992-07-19
23.89,34.2,2.89,5.555805529926648,1992-07-20
24.73,33.65,5.53,6.52159995173571,1992-07-21
24.35,32.86,10.21,4.576343992053041,1992-07-22
23.87,32.53,1.4,5.415191314923727,1992-07-23
23.62,33.32,2.02,6.462276426385278,1992-07-24
23.35,32.72,8.93,5.3108131244364625,1992-07-25
24.05,32.46,5.88,5.292217112619299,1992-07-26
23.76,33.67,4.44,5.010459138670571,1992-07-27
23.44,35.33,1.05,6.297842555348757,1992-07-28
23.62,33.65,5.64,5.5830671854210765,1992-07-29
24.41,35.19,5.4,6.020460936095838,1992-07-30
24.33,34.99,3.55,5.8380335591022385,1992-07-31
24.34,31.73,9.95,6.151400960137874,1992-08-01
22.19,33.23,5.28,5.249508786695798,1992-08-02
23.45,34.85,1.72,6.5236634384293115,1992-08-03
24.06,33.52,2.92,5.7058581765427405,1992-08-04
23.96,30.89,3.91,5.434106543255868,1992-08-05
23.62,31.6,1.64,5.128258898666384,1992-08-06
23.43,32.64,2.43,6.49784133013626,1992-08-07
23.03,32.81,2.39,5.708306322886673,1992-08-08
23.03,34.02,2.74,6.39765003130958,1992-08-09
23.97,29.89,8.25,3.0882631676481678,1992-08-10
22.84,32.68,5.9,5.650530447761517,1992-08-11
23.8,31.52,6.62,5.749466521236524,1992-08-12
23.78,28.93,16.52,4.394375011873078,1992-08-13
22.82,31.5,7.99,5.543862825005095,1992-08-14
22.29,31.49,9.68,5.253417130295322,1992-08-15
23.3,33.42,2.05,5.664473008277255,1992-08-16
23.22,34.04,2.04,5.887844284133642,1992-08-17
23.48,32.89,1.81,4.425733500239124,1992-08-18
23.76,31.37,5.06,5.6510142032608,1992-08-19
22.65,34.4,2.49,6.309177297984539,1992-08-20
23.52,32.06,15.4,5.424516848179979,1992-08-21
23.49,27.73,13.99,3.3806112260682246,1992-08-22
22.08,30.37,3.26,5.013219302182133,1992-08-23
22.68,30.05,7.15,5.069621538020262,1992-08-24
22.27,31.16,5.77,3.8831575221867634,1992-08-25
23.47,30.2,2.34,5.697517469119188,1992-08-26
21.96,30.96,2.46,3.6735159153220187,1992-08-27
22.57,30.28,7.15,3.746785001095644,1992-08-28
22.54,30.04,11.31,4.661763960178871,1992-08-29
22.83,29.24,8.15,4.222559136855985,1992-08-30
23.02,30.91,4.29,4.6248151994032884,1992-08-31
22.28,30.47,3.77,5.379911903120875,1992-09-01
22.64,31.38,5.3,4.411156890025194,1992-09-02
23.49,32.22,1.65,5.96374913300266,1992-09-03
22.71,33.06,0.52,5.1168048246489315,1992-09-04
22.78,32.09,8.32,5.202419508792365,1992-09-05
23.94,29.0,7.47,5.197218228577303,1992-09-06
22.65,31.3,4.51,5.394899110270427,1992-09-07
23.22,32.0,2.95,5.692513761307059,1992-09-08
23.47,32.93,0.77,5.813836780725332,1992-09-09
23.36,32.56,2.01,5.736305786244469,1992-09-10
21.98,31.48,2.04,5.489086287461871,1992-09-11
22.94,32.24,2.78,5.605520796983526,1992-09-12
22.48,34.73,0.19,5.8278518518860345,1992-09-13
23.28,34.96,4.92,5.377888701715007,1992-09-14
23.52,31.56,4.14,4.943509258522646,1992-09-15
22.07,30.51,0.02,3.984452376767272,1992-09-16
22.03,34.25,0.1,6.053674401285662,1992-09-17
22.46,32.83,0.0,6.134439598649103,1992-09-18
21.24,32.94,1.11,5.323680787603173,1992-09-19
23.26,33.05,0.42,4.457582414723869,1992-09-20
21.79,34.92,0.14,5.957725291604021,1992-09-21
22.22,35.42,0.08,6.409801166069627,1992-09-22
21.5,35.47,0.0,5.771803677621498,1992-09-23
22.39,35.21,0.0,6.0045560592905085,1992-09-24
22.1,36.58,0.0,6.024415901108573,1992-09-25
23.41,37.67,0.0,6.070153771521818,1992-09-26
24.11,38.36,0.0,6.428720906444535,1992-09-27
24.13,37.8,0.23,6.622432855976766,1992-09-28
23.92,36.49,0.06,7.266609912921085,1992-09-29
23.53,34.63,0.17,6.1149041593106865,1992-09-30
23.32,36.59,0.02,6.65453708702643,1992-10-01
21.75,36.21,0.01,6.063567003820867,1992-10-02
23.08,37.22,0.06,6.445641864983217,1992-10-03
24.9,37.07,0.02,6.519878448210215,1992-10-04
25.25,36.59,0.06,5.9856795212898986,1992-10-05
24.5,37.86,0.01,5.663719577691631,1992-10-06
24.69,39.55,0.0,7.201309531157728,1992-10-07
22.69,39.02,0.0,6.506082793921963,1992-10-08
23.31,37.74,0.17,6.972589026258057,1992-10-09
24.15,37.07,0.19,6.47671087357524,1992-10-10
25.27,37.83,0.02,6.225373405453714,1992-10-11
23.84,37.28,0.43,6.679607963294462,1992-10-12
24.43,37.94,0.42,6.605401033110509,1992-10-13
25.46,38.48,0.01,6.194978290523216,1992-10-14
25.56,38.02,0.31,6.597932391759496,1992-10-15
23.33,38.94,0.17,5.80555582618315,1992-10-16
22.93,37.99,1.02,6.26814022198338,1992-10-17
23.2,37.27,1.21,5.811187311749923,1992-10-18
22.42,39.03,0.0,7.043437374415236,1992-10-19
23.37,37.83,0.0,6.437051841458877,1992-10-20
23.3,37.85,0.08,6.2253677992624015,1992-10-21
23.41,37.95,0.0,6.087534713352337,1992-10-22
21.62,37.97,0.0,6.077186938254812,1992-10-23
22.73,37.13,0.7,6.429275736234306,1992-10-24
22.22,37.91,0.0,7.16553406253289,1992-10-25
21.07,37.67,0.0,7.250929781370702,1992-10-26
18.48,36.85,0.0,7.242231378491418,1992-10-27
21.08,37.55,0.0,6.858256215603018,1992-10-28
20.06,37.42,0.0,6.135662177795669,1992-10-29
21.71,36.62,0.0,5.256466212790161,1992-10-30
21.17,37.11,0.0,5.942455823575962,1992-10-31
22.38,37.66,0.0,6.514039572221813,1992-11-01
20.86,38.12,0.0,7.080036341172332,1992-11-02
18.93,37.8,0.0,6.161162381411386,1992-11-03
20.17,37.14,0.0,5.601497911759748,1992-11-04
19.11,36.76,0.0,5.471802395249535,1992-11-05
21.45,37.2,0.0,5.806965073554549,1992-11-06
22.33,37.19,0.0,5.824643274232332,1992-11-07
23.89,35.96,0.06,5.094000206033866,1992-11-08
23.85,33.47,0.0,5.51614882118928,1992-11-09
20.88,33.63,0.0,6.877912712783888,1992-11-10
18.73,34.67,0.0,7.312545549612545,1992-11-11
18.06,32.17,0.0,6.536068399378379,1992-11-12
18.13,34.21,0.0,7.023543156479532,1992-11-13
17.96,33.92,0.0,6.625129156563454,1992-11-14
17.65,33.55,0.0,7.250293923288104,1992-11-15
17.0,33.51,0.0,6.141457013101986,1992-11-16
18.55,34.71,0.0,5.64825008753939,1992-11-17
19.75,35.44,0.0,6.209538081539888,1992-11-18
20.02,34.15,0.0,7.385826159286443,1992-11-19
19.53,34.64,0.0,7.766967427095312,1992-11-20
18.53,33.55,0.0,8.036837655932203,1992-11-21
16.91,31.45,0.0,7.903474202539674,1992-11-22
16.71,31.44,0.0,8.047242779560683,1992-11-23
16.67,31.59,0.0,7.58922839177915,1992-11-24
17.59,31.88,0.0,7.353651480047519,1992-11-25
17.3,30.13,0.0,7.781574488331681,1992-11-26
14.64,29.8,0.0,7.222692295042237,1992-11-27
15.71,29.86,0.0,7.262633276571438,1992-11-28
15.42,30.14,0.0,7.138270170037057,1992-11-29
14.17,30.12,0.0,6.897086783071442,1992-11-30
13.68,29.81,0.0,6.315159974519498,1992-12-01
15.27,31.89,0.0,6.200867467842242,1992-12-02
16.21,32.99,0.0,5.557816964662378,1992-12-03
18.8,33.29,0.0,6.443199031412429,1992-12-04
18.51,32.24,0.0,6.699426016619142,1992-12-05
17.85,30.7,0.02,7.00991918608265,1992-12-06
15.35,32.75,0.0,7.173380415322276,1992-12-07
15.52,33.16,0.0,6.72734230154333,1992-12-08
15.55,34.34,0.0,5.7173187747593515,1992-12-09
16.84,34.65,0.0,6.225530935584601,1992-12-10
17.12,35.23,0.0,6.07029125062903,1992-12-11
17.25,35.27,0.0,7.417990287045349,1992-12-12
17.29,35.23,0.0,8.48896343589138,1992-12-13
19.28,33.81,0.0,8.668350728085397,1992-12-14
16.53,33.1,0.0,8.034938275724928,1992-12-15
15.77,32.48,0.0,7.477707283090128,1992-12-16
18.24,32.47,0.0,7.49144392077715,1992-12-17
17.71,32.69,0.0,7.4670591006484335,1992-12-18
16.4,33.11,0.0,7.660065692592034,1992-12-19
15.8,32.83,0.0,7.540151358696672,1992-12-20
15.35,31.65,0.0,7.504751301661033,1992-12-21
14.52,30.24,0.0,7.348253118956175,1992-12-22
14.92,29.8,0.0,7.209334948065439,1992-12-23
13.57,30.19,0.0,7.49142899592034,1992-12-24
12.7,30.29,0.0,6.731528214591858,1992-12-25
13.81,30.77,0.0,6.281413770523623,1992-12-26
13.23,32.03,0.0,6.013731956985963,1992-12-27
15.59,33.12,0.0,6.1315849345344535,1992-12-28
15.19,32.99,0.0,5.893211209936736,1992-12-29
15.93,34.18,0.0,6.683108889341452,1992-12-30
18.25,34.07,0.0,8.581879583592977,1992-12-31
18.08,34.97,0.0,9.632374092228632,1993-01-01
18.84,33.45,0.0,9.013122649093843,1993-01-02
18.63,34.33,0.0,8.06692433202398,1993-01-03
17.75,32.8,0.0,8.11480713814211,1993-01-04
16.23,26.6,0.0,7.084514513031041,1993-01-05
13.46,26.24,0.0,7.8868001583515435,1993-01-06
11.58,25.01,0.0,7.571997622180598,1993-01-07
10.93,25.34,0.0,7.185580036299811,1993-01-08
10.31,24.91,0.0,7.242139099776506,1993-01-09
10.19,25.61,0.0,6.914579260502532,1993-01-10
11.23,26.56,0.0,7.357021521186201,1993-01-11
12.21,27.4,0.0,7.259308874610698,1993-01-12
12.67,28.32,0.0,7.2515987489309435,1993-01-13
13.06,27.69,0.0,6.856603502209011,1993-01-14
13.17,29.23,0.0,7.0630117937257415,1993-01-15
13.78,29.67,0.0,7.433576653840096,1993-01-16
13.6,29.35,0.0,7.485039893457552,1993-01-17
13.47,29.77,0.0,7.293289148150755,1993-01-18
13.85,30.15,0.0,7.472738005175392,1993-01-19
14.06,30.25,0.0,7.994697372573034,1993-01-20
12.69,29.28,0.0,7.743819062429576,1993-01-21
13.06,28.2,0.0,7.863984859767056,1993-01-22
12.75,29.07,0.0,7.74623835233192,1993-01-23
13.79,29.86,0.0,7.743855289724625,1993-01-24
12.97,29.25,0.0,7.171551660762582,1993-01-25
12.28,30.57,0.0,7.161106276380483,1993-01-26
13.2,31.21,0.0,7.171844240479318,1993-01-27
13.2,31.35,0.0,7.359901576740414,1993-01-28
13.29,31.65,0.0,6.74044899119092,1993-01-29
14.11,33.92,0.0,6.603843430049843,1993-01-30
16.09,35.65,0.0,6.901796614617428,1993-01-31
17.35,35.91,0.0,6.6268902423530145,1993-02-01
18.44,35.56,0.0,7.2550437671163595,1993-02-02
18.06,33.68,0.01,7.709803283605855,1993-02-03
20.06,30.18,0.0,7.0107580171958945,1993-02-04
18.16,33.21,0.0,9.221998951653639,1993-02-05
18.9,33.51,0.0,9.687081147117055,1993-02-06
18.44,32.01,0.0,9.508332981538743,1993-02-07
16.99,32.55,0.0,9.533333221804833,1993-02-08
16.87,33.0,0.0,9.847007577384451,1993-02-09
16.16,33.33,0.0,8.660874275565703,1993-02-10
16.61,35.29,0.0,8.855003913695032,1993-02-11
17.05,36.1,0.0,7.639670166135089,1993-02-12
18.27,36.91,0.0,6.481312172153821,1993-02-13
18.54,36.41,0.0,6.877148700322548,1993-02-14
18.66,36.87,0.0,7.785383281744938,1993-02-15
18.28,36.11,0.0,7.7712692066835185,1993-02-16
17.75,34.98,0.0,8.207023801417469,1993-02-17
18.15,34.57,0.0,9.17078584840417,1993-02-18
17.88,34.72,0.0,10.078815048421031,1993-02-19
17.45,33.72,0.0,9.5375593721774,1993-02-20
17.26,33.44,0.0,9.079567529776865,1993-02-21
18.09,34.83,0.0,8.557180932121954,1993-02-22
18.56,37.42,0.0,7.73483727148118,1993-02-23
21.37,36.16,0.0,7.010147441555211,1993-02-24
22.32,37.44,0.0,8.597956827865712,1993-02-25
22.07,37.48,0.0,9.130880778801673,1993-02-26
20.61,37.7,0.0,8.438244380451748,1993-02-27
21.28,37.52,0.0,8.122153040512954,1993-02-28
20.67,36.59,0.0,5.412514398644634,1993-03-01
24.23,37.39,0.0,5.437580311717478,1993-03-02
22.87,40.6,0.0,10.237053220704732,1993-03-03
22.56,40.35,0.0,10.33256563676184,1993-03-04
22.3,40.98,0.0,10.143207567590126,1993-03-05
20.93,40.48,0.0,8.179469488287333,1993-03-06
24.06,40.49,0.08,6.117234739602974,1993-03-07
23.12,36.94,0.02,6.918349101540377,1993-03-08
21.88,39.26,0.0,6.501203274080212,1993-03-09
24.77,38.97,0.0,7.195817892753445,1993-03-10
26.24,39.46,0.12,7.3829140134119,1993-03-11
26.65,40.18,0.0,8.57219543258425,1993-03-12
23.02,40.53,0.0,9.913190990767774,1993-03-13
24.86,38.21,0.0,10.536776636624241,1993-03-14
25.33,36.21,0.03,5.753310653881185,1993-03-15
27.12,38.87,0.02,5.963980136582534,1993-03-16
24.99,39.47,0.0,9.787087417836636,1993-03-17
22.42,37.08,0.01,11.334366696731255,1993-03-18
20.73,35.1,0.0,11.640301275590284,1993-03-19
17.98,32.23,0.0,10.232225008717188,1993-03-20
15.97,32.65,0.0,9.122121657929855,1993-03-21
15.9,34.4,0.0,8.413721476641193,1993-03-22
16.07,35.55,0.0,9.237990510618665,1993-03-23
17.07,37.05,0.0,9.798180445968482,1993-03-24
19.04,37.9,0.0,9.958644291413082,1993-03-25
19.59,38.94,0.0,8.553039987403425,1993-03-26
20.93,40.19,0.0,8.447507028581446,1993-03-27
20.63,40.36,0.0,9.024005300010039,1993-03-28
21.67,40.68,0.0,8.93600862028829,1993-03-29
22.74,41.01,0.0,10.548807805763246,1993-03-30
22.71,41.43,0.0,11.625622636286364,1993-03-31
22.92,41.1,0.0,12.070866511045617,1993-04-01
21.63,40.27,0.0,8.88750642162379,1993-04-02
21.96,40.68,0.0,9.821902360293908,1993-04-03
21.61,40.71,0.0,8.617292143921885,1993-04-04
23.11,40.58,0.0,11.140370053783435,1993-04-05
22.15,40.71,0.05,10.054188592994583,1993-04-06
27.04,38.87,0.0,8.816046470425709,1993-04-07
25.37,38.41,0.0,8.057008376369499,1993-04-08
24.56,40.81,0.0,11.048300433346489,1993-04-09
22.54,40.54,0.0,10.871849171188705,1993-04-10
23.6,37.39,0.0,8.518811109811917,1993-04-11
23.38,41.21,0.0,9.173557410674537,1993-04-12
22.44,41.6,0.0,8.782789402044349,1993-04-13
24.82,42.06,0.0,8.823421959450831,1993-04-14
25.93,41.45,0.0,6.208557144375311,1993-04-15
27.87,40.46,0.0,9.386492392562246,1993-04-16
26.92,42.63,0.0,11.655928137376879,1993-04-17
26.5,40.78,0.0,10.775037323377282,1993-04-18
27.42,39.66,0.0,8.370255608313439,1993-04-19
26.45,42.15,0.0,8.073896180085013,1993-04-20
24.98,41.63,0.0,9.239511235893854,1993-04-21
25.51,43.15,0.0,10.450633447564076,1993-04-22
26.29,42.46,0.0,9.964022379631098,1993-04-23
25.83,41.03,0.0,7.801696444963856,1993-04-24
26.42,43.12,0.0,7.3114919697370695,1993-04-25
27.42,41.89,0.12,10.176890498159812,1993-04-26
29.68,38.6,0.22,9.039945585920206,1993-04-27
29.13,38.22,0.01,9.70560953495836,1993-04-28
29.02,42.27,0.01,9.879431177406797,1993-04-29
29.73,41.36,0.42,9.199145889627863,1993-04-30
28.58,42.0,0.0,7.8623318453511315,1993-05-01
27.72,41.37,0.0,7.2585739746352615,1993-05-02
25.97,41.78,0.01,8.713067527058785,1993-05-03
28.46,41.29,0.69,9.629351627934325,1993-05-04
29.04,39.41,0.19,10.097125709803013,1993-05-05
28.36,40.75,0.02,10.688640813894423,1993-05-06
27.67,40.81,0.04,9.93337405481429,1993-05-07
28.16,42.51,0.01,8.945740263298632,1993-05-08
27.18,42.61,0.0,7.734617533322192,1993-05-09
28.04,41.35,0.0,8.61617882645391,1993-05-10
28.77,40.28,0.12,9.058475892656244,1993-05-11
28.95,42.47,0.0,8.147788879744208,1993-05-12
24.85,40.92,0.02,8.632217229011044,1993-05-13
28.29,39.49,0.0,8.09212983680748,1993-05-14
28.58,41.03,0.08,8.265262131764512,1993-05-15
27.41,42.61,0.0,9.01772486201329,1993-05-16
28.05,41.66,0.6,10.24804163343507,1993-05-17
28.26,42.33,0.47,10.773334079319898,1993-05-18
27.67,40.62,0.27,10.282292794660645,1993-05-19
28.28,39.81,0.25,9.396495171466489,1993-05-20
27.76,40.71,0.1,9.070699948779026,1993-05-21
28.74,42.07,0.19,9.803737555551413,1993-05-22
28.31,41.73,0.0,9.230855849461284,1993-05-23
28.49,42.39,0.16,9.935865963875983,1993-05-24
28.13,42.0,0.22,10.753059007187595,1993-05-25
27.73,42.74,0.0,10.622920743505919,1993-05-26
25.3,42.2,0.09,8.865791723878424,1993-05-27
25.79,42.28,0.1,9.645653890841894,1993-05-28
28.18,41.17,0.85,10.157421794172556,1993-05-29
28.48,40.07,0.99,9.624178614524636,1993-05-30
28.4,36.07,7.6,8.461286920490995,1993-05-31
26.21,35.4,8.45,8.011079584421005,1993-06-01
26.3,37.64,1.22,8.667886686966128,1993-06-02
26.22,37.31,1.15,6.424874603586443,1993-06-03
26.15,39.15,0.0,8.388513712437389,1993-06-04
26.88,39.05,1.31,8.869965587268469,1993-06-05
27.79,35.27,7.49,7.27540746432065,1993-06-06
26.67,37.79,0.7,7.346925071892704,1993-06-07
26.98,39.13,1.36,7.246471322701293,1993-06-08
27.42,35.71,0.46,7.335473931747734,1993-06-09
27.25,39.8,0.04,7.629016798424266,1993-06-10
27.44,41.33,1.05,8.167078673148392,1993-06-11
27.59,42.12,1.45,8.565578327905659,1993-06-12
27.49,38.73,6.45,9.2657209865376,1993-06-13
27.2,38.45,0.09,9.03594795627329,1993-06-14
27.56,38.19,0.07,8.543208756207287,1993-06-15
27.84,39.53,0.32,9.938445021915564,1993-06-16
27.93,36.64,6.47,8.208233159431396,1993-06-17
27.22,34.69,14.81,6.259054200206424,1993-06-18
26.2,38.22,0.62,7.260287538324933,1993-06-19
27.01,40.8,0.02,8.54104686348438,1993-06-20
26.62,40.8,1.45,10.2912941956751,1993-06-21
26.24,39.15,0.42,9.813544416674267,1993-06-22
26.75,38.39,2.6,8.768026684336752,1993-06-23
26.3,38.31,2.66,7.466877732215609,1993-06-24
26.48,38.71,0.39,8.0816944906543,1993-06-25
27.23,39.92,1.91,9.053754756248535,1993-06-26
27.34,35.04,0.05,8.387166451092872,1993-06-27
25.43,39.33,0.23,8.114540727243849,1993-06-28
26.98,38.47,1.63,8.789201384823036,1993-06-29
26.22,38.01,0.49,7.242834613968203,1993-06-30
26.58,38.56,0.29,8.6768602126736,1993-07-01
25.69,38.65,0.6,8.786437445613815,1993-07-02
26.58,34.56,6.92,5.094914060446495,1993-07-03
25.58,36.75,0.24,6.532919052435144,1993-07-04
25.76,38.29,0.42,8.779686602938838,1993-07-05
25.75,38.06,1.05,7.371537657891659,1993-07-06
26.59,37.26,3.82,7.717688796923012,1993-07-07
25.88,36.35,4.54,7.31566957912959,1993-07-08
25.46,35.12,3.53,7.709019221931785,1993-07-09
24.68,36.81,0.63,6.024295447166738,1993-07-10
24.85,35.45,7.84,6.67642642555964,1993-07-11
24.79,32.63,15.1,6.786250245776782,1993-07-12
24.99,31.88,13.64,6.01360266711003,1993-07-13
24.51,31.48,4.26,5.465362281909006,1993-07-14
23.85,33.9,3.96,6.534267684389211,1993-07-15
24.82,35.78,1.86,7.004284443451497,1993-07-16
24.92,36.8,0.0,6.45311413884577,1993-07-17
25.17,38.01,3.43,8.32369256548488,1993-07-18
25.6,35.14,4.82,7.085930457531736,1993-07-19
24.4,36.94,2.01,7.882909774728845,1993-07-20
25.12,33.0,10.91,6.709749515504907,1993-07-21
24.43,30.04,10.35,5.021307752296576,1993-07-22
24.15,31.64,1.38,5.248310648919677,1993-07-23
24.49,33.51,5.45,6.139502007570691,1993-07-24
24.16,34.3,1.18,6.190665265867544,1993-07-25
24.5,35.35,0.56,6.382595549162086,1993-07-26
24.41,35.22,0.5,6.241014793822892,1993-07-27
24.94,36.55,1.12,6.6591458028864965,1993-07-28
25.45,37.65,0.73,7.505073522036543,1993-07-29
25.49,34.1,10.74,4.108926765346721,1993-07-30
23.79,32.78,2.48,4.386441637818129,1993-07-31
24.29,35.25,1.93,6.440922208330987,1993-08-01
24.87,34.56,9.27,6.695038246762519,1993-08-02
24.28,33.13,2.73,5.803790887896872,1993-08-03
24.71,35.42,0.93,7.152398472821096,1993-08-04
24.72,33.01,7.11,4.542284695189175,1993-08-05
23.81,36.71,0.0,6.669029280830764,1993-08-06
25.53,34.2,3.01,6.6736377798022595,1993-08-07
24.89,35.24,2.85,6.423329164340964,1993-08-08
24.51,33.77,3.37,5.922981828160147,1993-08-09
23.62,34.29,0.25,6.3839483839642455,1993-08-10
24.09,34.56,2.93,5.996920462944004,1993-08-11
25.27,36.84,1.3,6.815261749736021,1993-08-12
25.19,34.2,12.48,6.052063899504723,1993-08-13
23.87,31.85,1.27,5.678534017355753,1993-08-14
22.59,32.48,7.52,5.712649023068996,1993-08-15
24.12,35.91,4.66,5.973412307702961,1993-08-16
24.35,32.38,14.13,5.721489316849346,1993-08-17
23.78,30.36,11.43,4.132177330057054,1993-08-18
23.27,29.78,12.67,4.251772503862263,1993-08-19
23.44,30.11,6.03,5.357340822885265,1993-08-20
22.33,33.81,0.42,5.885672522436123,1993-08-21
22.93,30.6,4.67,3.8780637557073705,1993-08-22
21.88,31.81,1.12,5.181470067558718,1993-08-23
22.3,32.01,0.15,4.798675978298626,1993-08-24
23.65,35.92,0.34,6.417724440269582,1993-08-25
23.98,32.52,0.68,5.80602289889275,1993-08-26
22.82,36.08,0.25,5.999068302622154,1993-08-27
24.39,34.23,0.26,6.687670524308745,1993-08-28
24.67,33.62,1.82,6.487685919770304,1993-08-29
23.67,30.43,10.75,4.17510692553261,1993-08-30
22.85,30.75,16.55,4.159798628835565,1993-08-31
23.91,30.14,8.86,3.8275716538274973,1993-09-01
23.3,28.23,5.64,4.975558699219152,1993-09-02
22.79,32.89,0.56,5.764754724544245,1993-09-03
24.07,36.64,0.16,6.602477155301232,1993-09-04
24.21,35.23,0.63,5.497041385142404,1993-09-05
23.22,32.67,2.14,5.953862619291981,1993-09-06
22.72,33.39,1.19,5.716186754125499,1993-09-07
24.17,34.78,1.34,6.529782906084255,1993-09-08
24.28,34.68,2.77,5.870423320234122,1993-09-09
23.25,32.98,3.63,5.630915312911745,1993-09-10
23.39,32.45,5.5,5.63419054070155,1993-09-11
24.24,33.6,1.86,6.1959513521757446,1993-09-12
24.05,31.26,3.62,3.694469087380115,1993-09-13
23.46,32.94,1.27,5.869247020669537,1993-09-14
23.54,33.65,1.95,5.27828268280233,1993-09-15
24.46,34.81,3.29,5.88102020394155,1993-09-16
23.09,35.86,0.46,6.435120053885533,1993-09-17
23.88,33.63,3.54,4.929605035209621,1993-09-18
24.26,34.7,7.55,5.541379235481037,1993-09-19
23.33,31.44,0.53,5.444009772821967,1993-09-20
22.79,34.22,1.82,6.432956177079474,1993-09-21
22.95,35.38,0.17,5.948087418125869,1993-09-22
23.4,37.0,1.04,7.05059597626168,1993-09-23
24.67,35.45,0.44,6.623100868894302,1993-09-24
23.69,32.34,1.11,5.685123085353254,1993-09-25
23.31,36.67,0.8,6.835591680042142,1993-09-26
22.98,38.05,0.24,6.948318950194442,1993-09-27
23.84,36.77,0.12,6.9167176621241495,1993-09-28
23.85,36.34,0.68,6.6206235395669335,1993-09-29
23.97,37.39,0.07,6.094122514618024,1993-09-30
25.11,38.97,0.12,6.431397114915682,1993-10-01
25.17,39.64,0.61,7.339379052318775,1993-10-02
23.39,38.04,0.07,6.4847487313725924,1993-10-03
25.03,38.04,0.02,7.33956660903392,1993-10-04
24.94,36.39,0.06,6.536332662121576,1993-10-05
24.46,39.27,0.03,6.418414960854543,1993-10-06
23.59,38.34,0.29,6.7675020671419475,1993-10-07
24.89,38.34,1.52,6.430509932445877,1993-10-08
24.78,38.21,0.51,6.315832478243372,1993-10-09
25.06,35.54,0.19,6.167878643073049,1993-10-10
24.98,37.52,0.52,5.858371717652526,1993-10-11
24.36,37.97,0.04,5.522382157483621,1993-10-12
23.42,38.06,0.0,6.3350781547650525,1993-10-13
22.95,38.54,0.0,5.932720223100013,1993-10-14
22.1,38.75,0.0,6.342198083163896,1993-10-15
20.82,38.92,0.0,6.225838511699392,1993-10-16
22.75,39.15,0.0,6.153506188289093,1993-10-17
22.93,38.76,0.02,5.843722087795691,1993-10-18
23.77,38.87,0.0,5.76532479427844,1993-10-19
25.29,38.42,0.0,5.935410190154895,1993-10-20
24.25,38.88,0.0,5.886893716613807,1993-10-21
24.81,38.99,0.08,6.565885271047837,1993-10-22
25.53,37.6,0.02,5.94436055024485,1993-10-23
25.31,38.03,0.32,6.243501903530152,1993-10-24
26.3,37.56,0.36,5.977633254364406,1993-10-25
26.17,39.58,0.0,6.381949549834391,1993-10-26
24.17,37.18,0.0,5.774636948035299,1993-10-27
24.23,39.34,0.0,6.663091582366155,1993-10-28
22.66,38.79,0.01,6.293483149717594,1993-10-29
22.55,39.25,0.02,5.996557114863494,1993-10-30
22.32,38.63,0.0,7.002687731965186,1993-10-31
20.73,38.79,0.0,7.675835629780438,1993-11-01
19.87,38.07,0.0,6.153233694666017,1993-11-02
21.54,37.53,0.0,6.239582794402177,1993-11-03
23.4,38.02,0.0,6.16086156099019,1993-11-04
20.24,37.12,0.0,6.214817577228908,1993-11-05
21.67,37.46,0.0,5.866090541767313,1993-11-06
20.71,37.71,0.0,6.6570951647132395,1993-11-07
19.94,37.36,0.0,6.487863203097409,1993-11-08
19.03,37.55,0.0,6.570760996825063,1993-11-09
19.1,36.54,0.0,5.493244930597014,1993-11-10
21.18,37.85,0.0,6.190055727711055,1993-11-11
21.58,37.85,0.0,5.86177305795026,1993-11-12
21.97,36.71,0.0,6.491069019428407,1993-11-13
20.28,37.73,0.0,6.787265768197563,1993-11-14
22.24,36.23,0.0,7.654151617959594,1993-11-15
21.14,35.65,0.0,6.786358350700861,1993-11-16
20.66,35.41,0.0,6.97191726662774,1993-11-17
18.6,35.25,0.0,5.761093778656519,1993-11-18
20.05,36.47,0.0,6.016428478586759,1993-11-19
20.24,37.0,0.0,5.927156025552863,1993-11-20
20.73,37.36,0.0,5.7081573648797095,1993-11-21
22.85,38.18,0.0,6.0289419080564794,1993-11-22
21.87,38.18,0.0,6.204751023955004,1993-11-23
22.98,37.94,0.0,4.28664082247735,1993-11-24
22.64,37.08,0.0,5.327372107661528,1993-11-25
22.83,37.79,0.0,8.269875655849896,1993-11-26
22.4,36.57,0.0,7.366750832209527,1993-11-27
23.34,32.7,0.0,5.60989591885014,1993-11-28
20.43,35.13,0.0,7.506306501363705,1993-11-29
20.06,34.48,0.0,7.351910584063342,1993-11-30
19.42,34.95,0.0,7.1315735789675365,1993-12-01
21.27,35.88,0.0,6.0589729342981045,1993-12-02
22.17,35.2,0.0,5.520970690493651,1993-12-03
22.18,34.55,0.0,6.428364138386412,1993-12-04
21.72,34.33,0.0,7.884355825390787,1993-12-05
19.76,34.52,0.0,7.644719496364192,1993-12-06
18.87,32.86,0.0,7.281572704363057,1993-12-07
17.39,33.3,0.0,7.626431397499476,1993-12-08
17.19,32.68,0.0,7.609236677032372,1993-12-09
16.93,33.09,0.0,7.624859158133067,1993-12-10
16.58,32.59,0.0,7.8438686931534365,1993-12-11
16.7,31.77,0.0,7.86401102728246,1993-12-12
16.06,31.24,0.0,7.805404195226964,1993-12-13
14.91,31.44,0.0,7.1452444651040885,1993-12-14
17.11,32.06,0.0,6.730169513997304,1993-12-15
16.32,32.25,0.0,6.164818496857561,1993-12-16
16.67,33.74,0.0,6.083183103837927,1993-12-17
17.37,33.82,0.0,7.688419139694944,1993-12-18
16.23,32.9,0.0,8.24875897496818,1993-12-19
15.48,30.9,0.0,7.910554976503942,1993-12-20
16.23,30.5,0.0,7.615671801186461,1993-12-21
15.31,30.0,0.0,7.202356978370952,1993-12-22
15.29,29.78,0.0,7.005964102949645,1993-12-23
14.56,31.8,0.0,7.441104174881491,1993-12-24
15.68,31.3,0.0,7.836105274460929,1993-12-25
16.01,32.02,0.0,7.543092607093129,1993-12-26
16.14,33.46,0.0,7.096520124096571,1993-12-27
16.12,33.88,0.0,6.639781814751623,1993-12-28
16.06,30.75,0.0,7.831957308714231,1993-12-29
13.12,29.52,0.0,8.276399861613502,1993-12-30
11.89,29.09,0.0,7.9893217040823155,1993-12-31
11.4,27.51,0.0,7.749008864449899,1994-01-01
10.39,26.94,0.0,6.8041240817715805,1994-01-02
10.71,29.25,0.0,7.234682309912989,1994-01-03
13.85,30.42,0.0,7.233049099862173,1994-01-04
15.1,31.99,0.0,7.219239348711508,1994-01-05
16.5,32.95,0.0,7.26074210150759,1994-01-06
17.57,34.29,0.0,6.266451144729164,1994-01-07
19.27,34.19,0.0,6.1385004577871864,1994-01-08
18.11,30.2,0.0,7.083112864677329,1994-01-09
17.46,32.53,0.0,7.3503995675139056,1994-01-10
16.87,33.03,0.0,7.1316544853116275,1994-01-11
15.72,32.84,0.0,8.115325527051738,1994-01-12
14.26,32.03,0.0,8.30276207623914,1994-01-13
13.7,29.26,0.0,8.704562149695265,1994-01-14
11.26,28.32,0.0,7.73199035512702,1994-01-15
10.34,28.69,0.0,6.21164319385021,1994-01-16
11.63,32.14,0.0,6.232340825969427,1994-01-17
16.36,35.24,0.0,6.679785362926704,1994-01-18
22.54,34.59,0.0,6.085289152014507,1994-01-19
20.28,32.81,0.0,8.3517213400019,1994-01-20
19.38,34.27,0.0,7.279299173361843,1994-01-21
20.12,35.48,0.0,7.121949920960042,1994-01-22
19.95,33.94,0.0,6.702106351871474,1994-01-23
18.86,35.97,0.0,6.967394098309859,1994-01-24
17.83,35.34,0.0,7.404044951396287,1994-01-25
17.36,35.93,0.0,7.535695572442671,1994-01-26
18.12,35.53,0.0,7.906518835373003,1994-01-27
17.43,35.87,0.0,9.064320041104743,1994-01-28
17.74,32.06,0.0,8.649326144588555,1994-01-29
15.16,30.26,0.0,8.889491605298272,1994-01-30
13.07,29.93,0.0,8.45258060403312,1994-01-31
12.64,29.67,0.0,8.01098664967729,1994-02-01
14.45,29.81,0.0,7.528645472853261,1994-02-02
15.15,31.29,0.0,6.233009448555167,1994-02-03
15.33,32.08,0.0,6.235463584103121,1994-02-04
15.73,33.18,0.0,7.324515149582541,1994-02-05
14.67,33.4,0.0,8.152644842366664,1994-02-06
16.01,34.21,0.0,9.426968753784875,1994-02-07
17.0,35.33,0.0,9.432924004062132,1994-02-08
17.24,35.51,0.0,9.540958310229973,1994-02-09
16.65,35.81,0.0,8.823032619535672,1994-02-10
16.11,35.43,0.0,8.471229946926737,1994-02-11
17.33,35.71,0.0,8.373597671203648,1994-02-12
18.07,36.62,0.0,8.142876790269426,1994-02-13
18.87,36.59,0.0,9.217202592006077,1994-02-14
19.3,36.54,0.0,9.235306526857105,1994-02-15
17.99,35.76,0.0,8.674595990147305,1994-02-16
17.85,36.41,0.0,8.141640456290641,1994-02-17
19.11,37.19,0.0,7.8219315355179,1994-02-18
18.39,36.33,0.0,9.959722745292572,1994-02-19
17.87,35.14,0.0,10.325700840134406,1994-02-20
16.64,34.16,0.0,10.222454586529317,1994-02-21
14.15,32.45,0.0,9.1328095517126,1994-02-22
16.01,34.34,0.0,9.305211575003902,1994-02-23
17.59,35.52,0.0,9.934422002085887,1994-02-24
17.82,35.93,0.0,9.494605339433335,1994-02-25
17.51,36.61,0.0,9.581839824407199,1994-02-26
17.88,37.46,0.0,9.516715887824988,1994-02-27
17.32,38.03,0.0,8.787156638766172,1994-02-28
19.28,37.8,0.0,8.33140054485928,1994-03-01
19.9,37.22,0.0,7.402895433921521,1994-03-02
24.05,36.09,0.01,7.058723650460602,1994-03-03
22.4,36.85,0.0,8.571059714092257,1994-03-04
21.79,36.05,0.01,9.464858730785721,1994-03-05
20.51,36.19,0.0,8.16121091520934,1994-03-06
20.73,37.83,0.0,8.36515038739726,1994-03-07
21.03,38.98,0.0,8.835665420283528,1994-03-08
22.96,39.51,0.0,9.3422469792328,1994-03-09
23.15,37.87,0.0,10.669273871075845,1994-03-10
21.73,38.31,0.0,8.44433427918826,1994-03-11
22.73,39.79,0.0,9.458811717520291,1994-03-12
22.87,40.07,0.0,7.566675649975731,1994-03-13
28.02,38.52,0.0,8.941717612543638,1994-03-14
27.59,35.92,0.0,7.001835558563799,1994-03-15
26.52,37.98,0.0,7.47890209447048,1994-03-16
24.85,40.3,0.0,10.294824560196387,1994-03-17
23.58,38.77,0.0,10.421463989293306,1994-03-18
22.65,39.76,0.0,9.922956760492857,1994-03-19
22.66,40.59,0.0,8.094330980142775,1994-03-20
23.4,39.9,0.0,8.85919569232193,1994-03-21
24.7,40.2,0.0,7.4637152894872685,1994-03-22
25.69,40.75,0.0,8.430723693734585,1994-03-23
25.64,41.16,0.0,9.697130266899732,1994-03-24
24.78,40.68,0.0,9.838451674067215,1994-03-25
24.18,41.29,0.0,9.665588096296752,1994-03-26
26.12,40.9,0.03,7.470912297149986,1994-03-27
28.0,40.97,0.0,8.566858113833423,1994-03-28
24.34,42.49,0.0,9.977044096296018,1994-03-29
24.41,41.68,0.0,10.060599670261047,1994-03-30
26.5,42.18,0.0,8.492294711335315,1994-03-31
26.25,42.77,0.0,7.287450553567268,1994-04-01
24.97,41.16,0.0,7.655418748956051,1994-04-02
24.64,40.47,0.02,7.463737211056885,1994-04-03
22.73,38.52,0.05,8.268534351170166,1994-04-04
20.7,37.69,0.0,7.273664539758316,1994-04-05
21.22,38.61,0.0,10.164575264961853,1994-04-06
26.35,38.69,0.0,10.683678469074671,1994-04-07
22.95,37.66,0.0,9.025287144242732,1994-04-08
24.42,39.54,0.0,11.271762555068834,1994-04-09
22.71,40.34,0.0,10.855489919794508,1994-04-10
23.23,41.5,0.0,9.68646827152046,1994-04-11
23.22,42.4,0.0,9.506725729204298,1994-04-12
23.97,42.88,0.0,9.999813428354678,1994-04-13
23.38,42.1,0.0,8.070970161660478,1994-04-14
27.63,42.97,0.0,5.670669071408597,1994-04-15
25.88,43.11,0.0,7.186835614582588,1994-04-16
26.77,42.78,0.18,7.926715319564624,1994-04-17
26.6,43.28,0.01,8.857163905686704,1994-04-18
27.59,42.53,0.72,8.357552023427328,1994-04-19
27.91,42.13,0.08,9.45424350314963,1994-04-20
29.82,42.5,1.28,9.37464432312764,1994-04-21
26.61,44.28,0.0,10.514356367673674,1994-04-22
26.96,43.87,0.0,12.679842509378119,1994-04-23
25.75,43.42,0.01,9.402457168391503,1994-04-24
27.03,39.18,8.68,8.334369983163752,1994-04-25
26.24,40.56,0.15,7.074282810015429,1994-04-26
25.9,41.37,0.0,7.164782416861005,1994-04-27
26.04,39.36,0.0,8.810705776707431,1994-04-28
25.25,40.97,0.01,7.94069923738766,1994-04-29
29.03,37.8,0.37,9.218613059361846,1994-04-30
24.81,39.17,0.0,7.487646424186642,1994-05-01
22.8,38.14,0.0,7.191715649479007,1994-05-02
22.77,38.37,0.1,6.461857560856384,1994-05-03
26.01,39.18,0.29,6.478990454834525,1994-05-04
26.01,38.23,1.17,7.4678912658761245,1994-05-05
28.5,34.5,3.7,5.374527968131577,1994-05-06
27.44,40.07,0.21,7.683865779149893,1994-05-07
25.81,41.45,0.0,7.615446142312446,1994-05-08
25.32,42.3,0.0,7.192269981115215,1994-05-09
26.89,41.22,0.24,9.202511190259802,1994-05-10
29.06,38.53,0.0,8.391989421975996,1994-05-11
28.07,41.14,0.59,8.65486311294446,1994-05-12
29.67,39.44,0.93,9.661058898156902,1994-05-13
27.57,41.6,0.04,9.570654666693958,1994-05-14
27.73,41.59,0.27,9.710538953096629,1994-05-15
28.38,41.75,1.06,9.27884722086339,1994-05-16
29.25,42.24,1.65,9.594615582003788,1994-05-17
29.18,38.56,4.11,8.992013963863446,1994-05-18
29.61,37.92,0.11,7.946056823929317,1994-05-19
29.91,41.51,0.0,9.283360487436848,1994-05-20
28.33,40.61,0.01,9.281647420787976,1994-05-21
29.41,41.41,0.01,8.962968164554157,1994-05-22
28.17,42.29,0.0,8.890324670260595,1994-05-23
27.74,42.18,0.02,10.509811923522994,1994-05-24
28.85,40.36,0.01,9.523851843415592,1994-05-25
28.45,38.72,0.37,9.617697963379847,1994-05-26
28.24,38.88,0.11,9.14278099573728,1994-05-27
28.13,39.52,0.51,7.905135091043052,1994-05-28
29.96,40.5,1.18,8.283111126548054,1994-05-29
28.25,41.27,0.12,6.9993441243344,1994-05-30
28.58,42.47,0.0,8.344167286249636,1994-05-31
27.47,42.34,0.27,9.630820134854098,1994-06-01
27.93,39.58,0.12,9.322947727357926,1994-06-02
27.25,38.99,0.0,9.028495361130373,1994-06-03
28.59,39.22,0.77,8.72970771874066,1994-06-04
29.01,39.73,3.54,8.061224017368515,1994-06-05
28.04,35.79,1.84,8.725439264128728,1994-06-06
26.88,36.31,0.87,8.757518738537515,1994-06-07
26.43,38.86,1.48,8.64431609475221,1994-06-08
27.63,38.99,1.53,9.003563499965363,1994-06-09
27.08,38.12,1.39,9.187071640851315,1994-06-10
27.15,37.28,3.79,8.304486012387866,1994-06-11
27.29,38.08,0.66,7.720246782355164,1994-06-12
27.16,38.66,0.93,8.296759249862843,1994-06-13
28.2,40.01,0.0,9.915420414798989,1994-06-14
27.97,38.15,3.48,9.134193316812127,1994-06-15
26.62,34.86,4.63,7.98203473425907,1994-06-16
26.27,33.36,11.33,6.461604278394772,1994-06-17
25.19,32.97,2.37,6.268806418715493,1994-06-18
25.21,36.9,0.14,6.614302458679329,1994-06-19
25.71,39.85,0.05,9.296937871150304,1994-06-20
26.43,37.95,0.18,9.075189602330452,1994-06-21
26.29,38.69,0.0,8.580901532877458,1994-06-22
26.84,39.15,0.12,8.908403087621398,1994-06-23
26.82,34.18,7.73,7.56718143916221,1994-06-24
25.3,37.71,0.51,8.053063795533218,1994-06-25
26.74,38.4,0.13,7.7535881273087615,1994-06-26
25.51,39.64,0.04,7.659392513098459,1994-06-27
27.11,37.38,0.85,8.962763547486633,1994-06-28
26.64,38.93,0.0,8.181029782445796,1994-06-29
27.12,40.65,1.37,10.274542187308569,1994-06-30
25.88,35.62,11.76,7.45002858436679,1994-07-01
25.18,35.11,1.59,7.458584902764339,1994-07-02
25.36,33.98,6.36,6.918990919966986,1994-07-03
24.39,35.47,0.42,6.9193619916900495,1994-07-04
25.17,37.59,2.49,8.589380751711271,1994-07-05
25.25,36.19,0.32,8.509826571592047,1994-07-06
23.86,36.34,4.54,7.638723976218022,1994-07-07
25.25,31.28,13.39,5.400795110530065,1994-07-08
24.44,32.38,6.23,5.383313486007729,1994-07-09
23.73,37.01,0.1,7.298613856777128,1994-07-10
25.28,37.46,1.89,7.703594759560913,1994-07-11
25.2,36.66,2.78,8.427103419161458,1994-07-12
25.24,35.72,2.0,7.984603047473875,1994-07-13
25.35,35.53,0.59,7.49824628996607,1994-07-14
25.14,35.13,0.84,5.051471169609003,1994-07-15
26.49,37.44,0.93,7.258702229775498,1994-07-16
24.98,37.52,1.73,7.808031455735649,1994-07-17
25.57,34.3,2.13,6.242062256208399,1994-07-18
24.72,37.26,0.67,7.6248536002703196,1994-07-19
25.5,37.39,3.65,8.11534438118155,1994-07-20
24.58,30.26,21.6,3.3654718717606387,1994-07-21
24.27,28.43,11.56,4.433506765633597,1994-07-22
22.51,31.86,9.67,5.476163199916114,1994-07-23
23.49,35.56,0.45,6.5247725542227215,1994-07-24
24.14,37.06,0.88,7.396761226121471,1994-07-25
24.89,35.73,7.93,5.570035126279063,1994-07-26
24.92,34.84,0.12,7.109037961943629,1994-07-27
23.43,36.03,0.47,7.110570902231568,1994-07-28
25.19,37.39,1.6,7.9590928953761395,1994-07-29
25.44,36.19,1.89,8.269202578370857,1994-07-30
25.25,34.58,2.81,7.377237089612527,1994-07-31
25.55,31.07,0.78,4.7048750048261585,1994-08-01
24.74,30.37,4.98,5.424463803888774,1994-08-02
24.11,31.92,12.66,4.568774395459682,1994-08-03
22.96,29.21,7.15,4.927453823754441,1994-08-04
23.42,29.84,2.79,4.285659270365177,1994-08-05
22.22,29.2,43.66,4.243279518710804,1994-08-06
22.05,30.59,2.64,4.87234071081463,1994-08-07
22.65,30.3,4.34,4.6076832977339075,1994-08-08
23.0,31.06,5.54,5.289837325516482,1994-08-09
23.53,28.91,4.66,3.98265706080914,1994-08-10
23.28,30.01,2.78,5.085101979449371,1994-08-11
22.55,31.72,3.37,5.399255411570255,1994-08-12
23.23,30.14,3.76,4.906531407308552,1994-08-13
23.96,29.32,26.66,4.780115366654023,1994-08-14
23.19,29.39,8.44,4.485807045126048,1994-08-15
22.89,30.77,6.1,3.378017341120325,1994-08-16
23.78,32.41,3.89,5.424346786038793,1994-08-17
22.95,32.31,16.86,5.417205268770139,1994-08-18
24.07,28.42,13.11,4.675967698527667,1994-08-19
23.3,27.75,10.93,3.0224693237278313,1994-08-20
22.9,27.62,13.76,4.054354638432423,1994-08-21
22.33,32.2,1.63,3.285255956452584,1994-08-22
23.12,34.2,0.31,5.985123537950265,1994-08-23
23.83,31.2,5.28,4.270688928748415,1994-08-24
23.72,30.34,4.81,5.323602507710207,1994-08-25
22.81,31.92,2.36,4.894674620905829,1994-08-26
23.52,30.72,10.71,4.138444503139502,1994-08-27
23.21,30.09,7.96,4.8683100310386385,1994-08-28
22.92,30.85,2.78,4.015421253580025,1994-08-29
23.47,31.52,3.44,5.2930694493576125,1994-08-30
22.68,30.86,3.0,5.1930079333841865,1994-08-31
22.93,31.54,0.23,3.881664775273515,1994-09-01
23.08,32.65,0.7,4.84562439853821,1994-09-02
22.62,32.71,0.37,5.87061828646205,1994-09-03
23.1,33.12,1.1,5.238263060208173,1994-09-04
23.29,30.92,0.17,4.460562564885547,1994-09-05
23.22,31.38,0.39,5.291144637813652,1994-09-06
23.53,33.51,0.34,5.076120361602515,1994-09-07
22.92,31.44,15.34,5.269133295326057,1994-09-08
23.88,29.03,12.07,4.010463909590341,1994-09-09
23.27,28.5,4.98,3.4445771381011694,1994-09-10
23.41,28.58,14.32,3.8749376915715636,1994-09-11
23.67,27.19,12.84,3.2230815849998775,1994-09-12
22.5,31.3,0.61,4.456636602787326,1994-09-13
22.82,33.91,0.42,5.797369757220701,1994-09-14
22.8,33.09,1.23,5.69969602205081,1994-09-15
23.67,30.62,0.68,4.087023663439213,1994-09-16
23.24,31.58,1.6,4.4438841974041265,1994-09-17
23.21,30.28,10.38,5.16107294359803,1994-09-18
21.89,30.63,3.5,4.475592676737401,1994-09-19
23.31,31.96,0.63,4.6277654354675635,1994-09-20
22.61,33.78,0.1,5.661377573648301,1994-09-21
22.46,33.88,0.81,5.143456129042131,1994-09-22
23.42,33.66,0.08,6.168061364350212,1994-09-23
22.17,34.57,1.8,5.604233933617424,1994-09-24
23.16,34.23,4.0,5.773827639140064,1994-09-25
22.88,35.58,0.06,5.787047254780824,1994-09-26
22.91,35.63,0.05,5.853544159131044,1994-09-27
23.48,35.82,0.34,5.87137904081659,1994-09-28
23.27,35.28,1.99,5.616340789069366,1994-09-29
24.05,34.22,1.47,6.017092985512676,1994-09-30
23.72,33.79,0.5,4.779123695239331,1994-10-01
23.49,30.67,0.04,5.268463495430967,1994-10-02
21.05,33.04,0.81,4.796245428915737,1994-10-03
22.19,33.18,1.76,5.495308477900488,1994-10-04
22.73,33.21,3.01,5.624085680952587,1994-10-05
23.05,32.26,1.03,5.128876705037878,1994-10-06
23.23,33.83,1.19,5.158549362330688,1994-10-07
23.22,33.52,3.41,5.2673880807760565,1994-10-08
23.75,32.18,1.42,5.323330057888066,1994-10-09
23.26,35.52,0.0,6.335005632453888,1994-10-10
23.44,37.5,0.0,6.333331210902185,1994-10-11
23.43,34.02,4.49,5.1721891501882284,1994-10-12
24.05,30.75,0.59,4.45568171890209,1994-10-13
22.77,32.22,0.02,5.815221282791373,1994-10-14
21.52,33.37,0.32,4.532323434278609,1994-10-15
22.65,33.92,0.13,4.915381379911587,1994-10-16
23.55,34.28,0.33,5.538909737927914,1994-10-17
22.65,35.22,3.17,5.678361472859195,1994-10-18
23.75,30.88,1.81,3.376299027981535,1994-10-19
23.67,34.32,0.09,5.615841643293075,1994-10-20
23.14,35.6,0.48,5.4649285468543995,1994-10-21
23.09,36.22,0.97,5.99825545455023,1994-10-22
23.75,36.4,0.56,6.04198445133781,1994-10-23
24.19,37.4,0.0,5.40229844856888,1994-10-24
23.5,36.11,0.58,5.888531925195705,1994-10-25
24.03,36.5,0.52,5.779551966415961,1994-10-26
24.44,36.44,0.54,5.958348558163725,1994-10-27
23.77,36.6,0.16,5.612507548911748,1994-10-28
23.62,36.6,0.03,6.660779340554543,1994-10-29
24.39,35.79,0.15,5.221474393606514,1994-10-30
24.27,35.18,0.08,5.115050564804361,1994-10-31
23.56,36.01,0.1,5.614151917108911,1994-11-01
24.37,35.85,0.03,5.487310595707503,1994-11-02
23.06,36.05,0.0,5.902564912033891,1994-11-03
21.19,36.0,0.0,6.030904915244112,1994-11-04
21.7,36.18,0.0,6.544105694558465,1994-11-05
20.02,36.45,0.0,6.14379096796054,1994-11-06
20.1,35.31,0.0,5.890247753061624,1994-11-07
20.96,35.76,0.0,5.833843129166573,1994-11-08
19.87,35.02,0.0,6.516840039168924,1994-11-09
19.15,35.03,0.0,6.171340108965459,1994-11-10
18.35,34.51,0.0,6.213392350278772,1994-11-11
17.69,34.44,0.0,6.275663162316526,1994-11-12
18.35,34.22,0.0,5.156276677995648,1994-11-13
18.6,32.07,0.0,4.425880464323858,1994-11-14
18.22,35.34,0.0,5.70660726468272,1994-11-15
19.21,33.84,0.0,4.914978070555911,1994-11-16
18.79,35.01,0.0,5.457004462913944,1994-11-17
18.72,33.27,0.0,7.24180361303566,1994-11-18
16.95,33.3,0.0,7.127043096955404,1994-11-19
16.05,33.56,0.0,6.978332968419108,1994-11-20
15.81,33.1,0.0,7.331209742636701,1994-11-21
15.05,32.2,0.0,6.818498848898612,1994-11-22
15.63,32.5,0.0,6.595215509274539,1994-11-23
15.98,31.68,0.0,6.637826286658702,1994-11-24
17.13,31.19,0.0,6.277896200092086,1994-11-25
16.29,31.55,0.0,6.302766896544647,1994-11-26
15.75,32.25,0.0,5.677296284645605,1994-11-27
15.48,32.25,0.0,6.162276563091784,1994-11-28
15.37,31.92,0.0,6.327273602979129,1994-11-29
14.9,31.67,0.0,6.182129844362087,1994-11-30
15.84,31.76,0.0,6.324274698969742,1994-12-01
15.83,31.61,0.0,6.463726655571709,1994-12-02
15.5,31.37,0.0,6.821121300277469,1994-12-03
15.01,30.49,0.0,6.909148279067519,1994-12-04
14.75,28.48,0.0,7.100560940706074,1994-12-05
13.2,27.86,0.0,6.939071796837477,1994-12-06
12.11,27.72,0.0,6.901790155011651,1994-12-07
12.75,28.42,0.0,7.288528258610301,1994-12-08
13.23,29.07,0.0,7.405578270941978,1994-12-09
13.3,28.87,0.0,7.170257899115861,1994-12-10
13.06,29.15,0.0,6.719500389473765,1994-12-11
13.56,29.92,0.0,6.975705111967899,1994-12-12
14.15,29.84,0.0,7.069038258741778,1994-12-13
12.89,29.67,0.0,7.123098442989337,1994-12-14
13.42,29.21,0.0,7.376107557149792,1994-12-15
14.01,29.27,0.0,7.836023848297717,1994-12-16
12.94,27.4,0.0,7.103726825883156,1994-12-17
11.32,28.5,0.0,7.024858066687638,1994-12-18
12.08,28.86,0.0,6.955203386728686,1994-12-19
13.94,30.31,0.0,7.102629986672707,1994-12-20
14.12,30.24,0.0,7.185788569208081,1994-12-21
13.58,31.17,0.0,6.451149567404949,1994-12-22
13.56,32.39,0.0,7.143658100953617,1994-12-23
16.06,32.81,0.0,7.555558936343377,1994-12-24
16.94,34.02,0.0,7.763390173215064,1994-12-25
15.69,33.75,0.0,8.488862134638175,1994-12-26
15.68,33.73,0.0,7.943143211913206,1994-12-27
14.86,31.51,0.0,7.295172829588763,1994-12-28
13.99,30.7,0.0,7.334462398246367,1994-12-29
13.99,29.57,0.0,6.71616994040559,1994-12-30
14.17,29.72,0.0,7.03090015751263,1994-12-31
14.07,30.05,0.0,7.002654585616856,1995-01-01
14.18,30.44,0.0,6.664190137670377,1995-01-02
14.13,31.13,0.0,7.257476763034815,1995-01-03
13.24,31.28,0.0,7.094766868567869,1995-01-04
12.47,31.34,0.0,6.844596422822446,1995-01-05
13.2,30.23,0.0,7.2253091555705415,1995-01-06
12.57,30.51,0.0,6.216518596003256,1995-01-07
13.22,30.71,0.0,6.240466906833075,1995-01-08
14.96,30.76,0.0,7.73811560940855,1995-01-09
14.07,28.97,0.0,7.453562171381306,1995-01-10
12.45,27.37,0.0,7.279932969101566,1995-01-11
11.07,27.2,0.0,6.841017120318955,1995-01-12
11.25,28.73,0.0,6.182502050898177,1995-01-13
12.46,30.11,0.0,7.2512557328636875,1995-01-14
13.03,30.84,0.0,7.278239860749243,1995-01-15
13.44,30.46,0.0,7.439689717850227,1995-01-16
14.07,29.64,0.0,7.598178721997129,1995-01-17
12.56,29.36,0.0,7.567961422907143,1995-01-18
13.52,29.38,0.0,7.922938335699143,1995-01-19
13.47,30.18,0.0,7.483215543301594,1995-01-20
13.95,31.36,0.0,7.6081647725219606,1995-01-21
15.89,32.4,0.0,7.518227002524817,1995-01-22
16.22,31.21,0.0,7.635443774281015,1995-01-23
14.25,30.14,0.0,7.52191874220403,1995-01-24
13.75,29.3,0.0,7.37087623583194,1995-01-25
15.0,28.89,0.0,7.200206562586861,1995-01-26
14.23,29.4,0.0,6.746160987632226,1995-01-27
14.51,29.53,0.0,6.79432835500873,1995-01-28
15.61,32.28,0.0,7.027586157161948,1995-01-29
15.38,32.32,0.0,7.186645928570453,1995-01-30
15.32,30.41,0.0,7.779690452690636,1995-01-31
14.37,31.15,0.0,7.906177638675052,1995-02-01
15.23,32.16,0.0,8.499935514244118,1995-02-02
16.22,31.54,0.0,8.643669279468776,1995-02-03
15.42,31.2,0.0,7.7555423996724295,1995-02-04
14.79,30.85,0.0,8.810810579725729,1995-02-05
15.3,28.9,0.0,7.995885571563375,1995-02-06
14.68,30.56,0.0,7.696622805676102,1995-02-07
13.16,31.31,0.0,7.36684786325736,1995-02-08
14.93,31.7,0.0,6.67617125604184,1995-02-09
16.79,34.43,0.0,6.889507589516297,1995-02-10
16.92,34.32,0.0,7.473914562442988,1995-02-11
17.7,32.37,0.0,7.888912294960338,1995-02-12
16.57,31.27,0.0,8.78109564881447,1995-02-13
13.55,32.64,0.0,8.018005403286443,1995-02-14
15.13,33.03,0.0,8.858987650374793,1995-02-15
14.8,32.34,0.0,8.643959207502679,1995-02-16
14.96,32.69,0.0,9.485120510005755,1995-02-17
16.34,33.1,0.0,8.354061229060537,1995-02-18
16.03,33.84,0.0,8.498893614948575,1995-02-19
16.56,34.42,0.0,9.553834465383101,1995-02-20
15.6,34.53,0.0,9.256196835563372,1995-02-21
15.82,34.56,0.0,9.029932331741142,1995-02-22
16.05,34.56,0.0,8.528487033440516,1995-02-23
16.5,35.19,0.0,7.496005080646423,1995-02-24
18.2,36.24,0.0,7.021566300636274,1995-02-25
20.48,36.31,0.0,5.751932431799543,1995-02-26
20.86,37.56,0.0,4.941540292556099,1995-02-27
20.46,37.66,0.0,6.908420705167319,1995-02-28
21.42,37.79,0.0,6.789541617085973,1995-03-01
21.1,38.57,0.0,7.581480666047373,1995-03-02
19.6,38.37,0.0,10.026891842989373,1995-03-03
19.46,37.01,0.0,10.48228358823075,1995-03-04
19.24,37.46,0.0,9.157353232019414,1995-03-05
19.89,36.45,0.0,8.07412218265521,1995-03-06
19.28,38.43,0.0,8.246525313754104,1995-03-07
20.27,39.36,0.0,7.506515878275834,1995-03-08
22.12,40.29,0.0,7.169522672960237,1995-03-09
23.07,40.43,0.0,6.6606068703212795,1995-03-10
23.74,41.2,0.0,5.067667350009082,1995-03-11
25.04,37.22,0.21,8.197383005486525,1995-03-12
24.8,39.55,0.0,5.277660718862751,1995-03-13
26.0,41.34,0.0,10.192076611978054,1995-03-14
24.47,38.14,0.0,10.702236656440979,1995-03-15
23.96,40.48,0.01,5.554568449453325,1995-03-16
26.59,40.75,0.0,7.15360663667695,1995-03-17
26.9,39.05,0.0,7.192830319549059,1995-03-18
25.64,40.22,0.0,9.30474964344176,1995-03-19
23.64,40.21,0.0,10.076059259838186,1995-03-20
23.7,39.74,0.0,9.158955358391768,1995-03-21
24.89,38.66,0.0,6.248799874552822,1995-03-22
26.97,38.41,0.0,5.73716691985054,1995-03-23
26.59,39.86,0.0,9.717559076689103,1995-03-24
23.68,39.63,0.0,10.30864258571296,1995-03-25
23.39,39.34,0.0,11.177890067395586,1995-03-26
22.62,39.57,0.0,11.150523349862487,1995-03-27
21.24,40.24,0.0,10.734568418954165,1995-03-28
22.01,40.94,0.0,11.288720911292554,1995-03-29
21.92,40.77,0.0,10.533910426756133,1995-03-30
22.84,41.74,0.0,9.345099275688233,1995-03-31
23.88,42.22,0.0,7.806056449813655,1995-04-01
26.31,43.06,0.0,7.656804570007734,1995-04-02
25.72,41.22,0.04,8.797329913835522,1995-04-03
27.3,40.95,0.07,7.829188438620635,1995-04-04
26.66,40.69,0.0,7.107277598401229,1995-04-05
26.82,40.22,0.0,8.90430643601085,1995-04-06
25.12,41.18,0.0,9.735144947922473,1995-04-07
25.23,41.31,0.0,7.508578110568273,1995-04-08
26.05,40.19,0.05,6.952717381040515,1995-04-09
26.69,40.89,0.0,8.522214184839795,1995-04-10
26.23,41.46,0.02,6.050444116563219,1995-04-11
27.65,42.04,0.0,8.154951835622542,1995-04-12
27.47,41.44,0.02,8.867809643179948,1995-04-13
28.83,39.39,1.48,7.633785748570642,1995-04-14
28.58,41.1,0.02,9.00448109838791,1995-04-15
30.73,36.47,2.33,7.28480531069313,1995-04-16
27.71,37.88,1.0,4.818069533923729,1995-04-17
27.6,40.47,0.03,6.887880478263222,1995-04-18
28.02,42.39,0.0,9.089939154387206,1995-04-19
27.46,43.25,0.0,7.171783804161879,1995-04-20
28.16,40.55,0.25,10.034231694165605,1995-04-21
26.98,39.03,0.25,8.264792278396211,1995-04-22
27.51,40.15,0.09,7.369789593373313,1995-04-23
28.16,39.84,0.22,7.041669272645665,1995-04-24
28.62,40.53,0.13,7.82760961741911,1995-04-25
30.9,40.82,2.35,8.906077439113336,1995-04-26
27.44,42.34,0.0,8.46248896490659,1995-04-27
26.98,42.27,0.0,7.153762188857847,1995-04-28
26.85,41.59,0.41,7.441105773052221,1995-04-29
26.6,41.64,0.0,7.404158777528881,1995-04-30
27.41,41.53,0.19,9.614147910271441,1995-05-01
28.06,40.42,0.25,9.634521547929845,1995-05-02
27.92,40.43,0.01,8.219777517289605,1995-05-03
28.14,41.23,0.0,8.846865299751721,1995-05-04
28.05,40.8,0.23,8.94943070000719,1995-05-05
30.18,41.16,0.02,7.700579044792091,1995-05-06
29.71,41.46,0.0,9.556725889777471,1995-05-07
28.67,41.64,0.11,9.247595532869848,1995-05-08
28.45,39.39,0.26,9.261445944667368,1995-05-09
28.33,37.81,4.7,6.051078914396229,1995-05-10
27.49,33.05,1.25,5.849694713843873,1995-05-11
26.84,38.07,0.07,7.179077997748445,1995-05-12
28.19,41.88,0.0,6.724473324116066,1995-05-13
27.56,41.26,0.12,10.414909046089981,1995-05-14
29.15,41.25,0.12,9.066455366488308,1995-05-15
28.79,40.26,0.0,9.122612403155674,1995-05-16
28.91,36.94,0.0,7.787849500460121,1995-05-17
27.83,37.83,0.0,7.666780913919127,1995-05-18
27.73,36.03,0.13,7.319299033800583,1995-05-19
27.96,40.77,0.0,7.552812822024259,1995-05-20
28.69,41.83,0.0,8.456363744947884,1995-05-21
27.79,40.58,0.02,8.193942202410822,1995-05-22
27.86,41.4,0.09,8.645057380451767,1995-05-23
29.2,40.75,0.11,9.336453033243059,1995-05-24
28.51,38.65,0.33,9.157399897678184,1995-05-25
28.17,37.98,3.41,8.562746426224418,1995-05-26
28.38,39.64,0.33,8.7443291318684,1995-05-27
26.62,40.42,0.04,9.539061925278032,1995-05-28
27.42,40.17,1.41,10.314739623167542,1995-05-29
26.64,38.48,0.65,8.139787573261378,1995-05-30
27.46,38.74,1.01,8.369544403542232,1995-05-31
27.44,39.38,1.09,7.943266404373191,1995-06-01
28.66,41.92,0.3,8.149078125934793,1995-06-02
27.77,42.88,0.0,9.845599735380974,1995-06-03
28.2,42.07,0.56,10.761036672196676,1995-06-04
29.38,38.41,2.18,8.964704457554628,1995-06-05
27.11,36.38,0.49,8.022123675129366,1995-06-06
27.71,35.13,4.04,7.104118319686606,1995-06-07
27.55,35.69,1.18,7.546224696648628,1995-06-08
26.5,37.21,0.85,8.38709861804776,1995-06-09
26.18,40.51,0.15,8.195126551392987,1995-06-10
28.03,42.64,0.09,9.287734856045155,1995-06-11
28.61,41.96,0.7,9.24239366990553,1995-06-12
28.07,39.28,0.1,8.829884003513326,1995-06-13
28.51,39.64,0.75,9.221113839926176,1995-06-14
28.23,41.74,0.09,8.405811522396275,1995-06-15
28.48,40.57,3.83,9.611081873410091,1995-06-16
27.77,38.31,0.31,8.680989111491483,1995-06-17
27.85,37.32,1.06,8.118957314076441,1995-06-18
27.2,40.76,1.19,9.652626019319317,1995-06-19
27.02,38.43,1.47,8.06939081808794,1995-06-20
27.32,35.99,2.25,8.437113620956277,1995-06-21
26.09,36.09,4.39,7.049415118437068,1995-06-22
27.21,39.46,0.05,8.786502016197838,1995-06-23
26.77,35.36,8.45,7.862187832076498,1995-06-24
24.56,34.78,2.61,5.955822440101343,1995-06-25
25.73,31.8,5.83,5.278134656173754,1995-06-26
24.74,35.6,0.87,7.146644811759133,1995-06-27
25.7,37.42,0.95,9.242707884743394,1995-06-28
25.5,33.86,16.01,7.091711171337527,1995-06-29
24.96,34.52,1.81,6.608385980471362,1995-06-30
24.95,36.04,1.47,6.843874051713,1995-07-01
26.02,35.28,1.32,6.874650442826169,1995-07-02
26.18,38.45,0.23,9.359609116957818,1995-07-03
26.4,32.76,1.99,7.186352815524463,1995-07-04
23.2,36.79,0.11,7.835733380943277,1995-07-05
25.36,37.6,0.39,8.157811142457,1995-07-06
27.37,38.53,0.82,8.87735283973137,1995-07-07
26.32,34.03,2.18,6.5088605255761145,1995-07-08
25.69,33.69,1.19,5.4549101527849695,1995-07-09
25.35,31.91,29.9,5.813118668242672,1995-07-10
23.97,35.52,5.17,4.732969044031796,1995-07-11
24.5,36.89,0.0,7.010493224339595,1995-07-12
25.72,37.66,0.04,7.75702363915533,1995-07-13
26.05,38.13,0.01,8.37634906279342,1995-07-14
26.29,37.59,1.11,8.237581323177984,1995-07-15
26.97,36.74,1.11,7.961330259127194,1995-07-16
26.2,34.96,0.31,7.632191270503174,1995-07-17
24.39,35.75,1.72,5.194744586906093,1995-07-18
26.46,35.28,1.5,5.7974544241608275,1995-07-19
25.95,35.41,7.98,6.451868244976932,1995-07-20
25.86,34.04,3.83,5.706459989294989,1995-07-21
24.52,32.5,8.61,4.259951010886274,1995-07-22
24.18,33.22,4.64,5.8645611363617345,1995-07-23
23.69,33.22,7.09,6.204493552739676,1995-07-24
24.44,34.1,3.58,5.438338529669677,1995-07-25
24.01,29.23,9.95,5.130997705725801,1995-07-26
22.92,33.56,0.43,6.326804463141888,1995-07-27
23.74,34.9,2.87,6.011712141853067,1995-07-28
25.37,34.96,7.74,5.987781973373507,1995-07-29
25.38,33.66,4.08,6.13460306939232,1995-07-30
24.37,34.09,5.09,6.199166869200659,1995-07-31
24.82,30.93,17.22,3.8605839284737034,1995-08-01
23.33,31.39,8.13,5.05821429817073,1995-08-02
24.35,31.51,12.15,5.28293618597611,1995-08-03
24.26,31.2,8.11,4.771323229172201,1995-08-04
23.9,29.89,1.24,4.729960300767595,1995-08-05
23.95,34.18,2.84,5.798201511013817,1995-08-06
23.81,34.13,5.59,6.444742364971134,1995-08-07
24.2,27.45,12.23,2.5056932712970883,1995-08-08
22.78,29.48,22.76,4.277694143548186,1995-08-09
22.33,30.58,10.43,5.184951033264931,1995-08-10
23.89,28.02,10.55,3.715419750895418,1995-08-11
22.96,29.16,7.18,5.063623478686056,1995-08-12
23.54,28.56,7.95,4.726304613020893,1995-08-13
23.3,30.03,16.25,4.982410184770125,1995-08-14
23.51,30.72,12.56,4.616542831668908,1995-08-15
22.78,30.98,3.65,5.236688901199504,1995-08-16
22.77,32.72,1.51,4.613407332760155,1995-08-17
24.08,31.2,4.98,5.379398296076742,1995-08-18
23.14,32.36,7.02,5.0882216392666955,1995-08-19
23.45,30.87,2.3,5.343986293747576,1995-08-20
23.03,32.62,2.04,3.971641162525468,1995-08-21
24.11,30.7,2.67,5.526343879833175,1995-08-22
23.45,29.95,14.01,4.027276124287076,1995-08-23
23.24,32.83,0.61,5.400996009830461,1995-08-24
23.72,28.71,5.16,4.053866702226954,1995-08-25
22.74,31.26,4.84,5.642114313475584,1995-08-26
22.34,31.04,7.53,4.503830704550981,1995-08-27
23.3,31.9,5.16,5.534031721052423,1995-08-28
24.01,30.31,9.17,5.20467246455602,1995-08-29
23.95,28.88,10.6,3.118631627466088,1995-08-30
22.88,29.79,1.79,5.419827560268544,1995-08-31
21.45,30.17,2.75,4.661641114016813,1995-09-01
22.62,32.19,9.15,5.434305199828357,1995-09-02
23.11,30.32,4.64,4.1814733799596775,1995-09-03
22.75,32.49,0.33,5.3502849947104005,1995-09-04
23.02,33.6,1.02,5.989161878951936,1995-09-05
23.82,30.69,9.04,5.2480323526238974,1995-09-06
23.12,32.47,4.97,5.48431902548773,1995-09-07
24.6,32.2,3.84,4.894368761725306,1995-09-08
24.17,32.43,0.6,5.654325711298415,1995-09-09
22.84,33.35,2.15,4.427431388237489,1995-09-10
24.09,33.81,1.44,5.9538160586665185,1995-09-11
24.13,31.74,2.83,5.2944003999645375,1995-09-12
23.79,32.56,0.26,6.15233308732701,1995-09-13
22.69,31.52,3.9,4.6908324320997465,1995-09-14
23.29,33.21,0.24,5.701971921639112,1995-09-15
24.23,32.65,3.88,5.713051976329086,1995-09-16
23.55,29.11,4.77,4.11576615218285,1995-09-17
22.79,31.69,1.21,4.0292497642291885,1995-09-18
23.36,34.59,0.14,5.730310424495045,1995-09-19
23.6,34.79,4.63,5.808671115964573,1995-09-20
23.72,32.19,4.63,5.302932801539016,1995-09-21
23.38,32.81,0.51,5.357185638936535,1995-09-22
23.55,30.85,4.15,4.106411939641479,1995-09-23
23.44,32.02,2.35,4.480733494812368,1995-09-24
23.48,31.97,2.86,5.2941105843824126,1995-09-25
23.25,33.16,1.13,4.295738514433378,1995-09-26
23.63,36.99,0.02,6.668751065871077,1995-09-27
23.37,36.46,0.06,6.346490420676424,1995-09-28
24.34,32.92,0.15,5.852937716279479,1995-09-29
23.85,34.83,0.1,5.842107916909745,1995-09-30
23.12,35.37,0.17,6.254148312248067,1995-10-01
24.51,33.73,0.13,5.151587998259853,1995-10-02
24.78,32.47,1.29,4.765423501099394,1995-10-03
24.01,35.29,0.89,6.451034101689274,1995-10-04
23.47,35.64,0.78,6.3799919652069415,1995-10-05
24.17,34.92,0.17,5.898043819756038,1995-10-06
23.68,36.95,0.93,6.497107804186614,1995-10-07
24.57,35.06,0.05,6.211772072162883,1995-10-08
24.1,34.67,0.06,5.782693677535659,1995-10-09
24.86,33.94,0.03,6.000403683565487,1995-10-10
24.13,36.35,0.03,6.293928631234583,1995-10-11
23.66,35.24,0.0,6.294551157635747,1995-10-12
23.83,37.03,0.03,6.046005634755796,1995-10-13
24.01,37.51,0.03,6.491246480922923,1995-10-14
21.37,37.53,0.0,6.191510250222039,1995-10-15
22.68,37.58,0.04,5.994661387252814,1995-10-16
23.94,33.62,0.01,5.671125514934727,1995-10-17
23.18,37.66,0.03,5.810297236424926,1995-10-18
23.37,37.8,0.01,6.227327925653923,1995-10-19
23.59,36.23,0.33,6.364255343735429,1995-10-20
24.48,36.16,1.1,6.2838849215932555,1995-10-21
23.61,37.37,1.21,6.361004276766237,1995-10-22
24.87,36.6,0.09,6.051682943270529,1995-10-23
23.62,38.12,0.0,5.708217405339328,1995-10-24
22.83,37.89,0.0,5.536090226144384,1995-10-25
23.53,36.91,0.08,6.015663389515286,1995-10-26
23.42,36.88,0.0,6.92364431336651,1995-10-27
20.93,36.88,0.0,7.865881272942182,1995-10-28
20.25,35.73,0.0,7.654431998464659,1995-10-29
20.46,36.69,0.0,6.346723355392354,1995-10-30
23.46,36.73,0.0,5.925311971022207,1995-10-31
24.1,35.78,0.0,6.304509439180613,1995-11-01
22.18,34.96,0.0,6.890969324718751,1995-11-02
19.02,35.39,0.0,5.586846087439968,1995-11-03
20.26,36.09,0.0,4.492396858353029,1995-11-04
22.45,35.74,0.0,5.388933889314306,1995-11-05
24.15,36.61,0.0,5.735690961923185,1995-11-06
23.48,33.07,0.0,6.215069942252746,1995-11-07
20.31,36.75,0.01,6.902114738598198,1995-11-08
22.07,35.77,0.87,6.587512942787931,1995-11-09
23.69,34.63,0.0,6.132144941468675,1995-11-10
21.55,34.58,0.0,6.957967673051553,1995-11-11
19.28,34.01,0.0,6.8076802091613,1995-11-12
17.98,34.24,0.0,7.279188107172523,1995-11-13
16.16,33.99,0.0,7.2566368551201945,1995-11-14
16.39,34.03,0.0,6.516748551229015,1995-11-15
16.16,34.36,0.0,6.930456826215505,1995-11-16
16.71,34.32,0.0,8.164083014720365,1995-11-17
15.78,33.51,0.0,8.049632417332194,1995-11-18
15.56,32.96,0.0,7.635625400353801,1995-11-19
14.69,33.2,0.0,7.487675281037137,1995-11-20
14.54,33.27,0.0,7.41243201802916,1995-11-21
15.35,32.99,0.0,7.555182515084386,1995-11-22
16.19,32.24,0.0,7.313761336601981,1995-11-23
16.96,30.5,0.0,6.512248822402979,1995-11-24
16.12,32.47,0.0,6.207182191288024,1995-11-25
16.8,32.74,0.0,6.329120288391408,1995-11-26
17.45,33.38,0.0,6.684678507062855,1995-11-27
17.28,34.21,0.0,6.871237493983039,1995-11-28
16.99,34.41,0.0,7.025793714650774,1995-11-29
16.78,33.96,0.0,7.5993653813631,1995-11-30
15.3,33.82,0.0,7.017362769481766,1995-12-01
16.08,34.69,0.0,6.023719277365819,1995-12-02
17.19,35.08,0.0,7.452303534014438,1995-12-03
18.52,32.08,0.0,6.713178938792886,1995-12-04
16.88,33.81,0.0,4.908946955910542,1995-12-05
19.33,32.7,0.0,5.928039346828556,1995-12-06
19.3,33.26,0.0,6.278311408379037,1995-12-07
18.56,35.2,0.0,6.998437507122221,1995-12-08
19.15,35.36,0.0,6.768381743463642,1995-12-09
17.18,34.73,0.0,6.8399021301653296,1995-12-10
18.58,32.18,0.0,7.6025439457433555,1995-12-11
18.27,34.7,0.0,7.5520053969444865,1995-12-12
17.98,34.37,0.0,7.080452759811335,1995-12-13
18.56,34.35,0.0,7.022952026095236,1995-12-14
19.19,35.55,0.0,6.873827996826112,1995-12-15
19.96,35.37,0.0,6.936246118829851,1995-12-16
19.94,35.13,0.0,8.041431634710328,1995-12-17
19.12,34.96,0.0,6.702433362646541,1995-12-18
19.61,34.73,0.0,6.828180439859751,1995-12-19
19.62,32.05,0.0,5.487703638527338,1995-12-20
19.49,34.35,0.0,6.3500351528113335,1995-12-21
18.98,34.01,0.0,5.816162682422786,1995-12-22
19.37,34.17,0.0,6.681704154425484,1995-12-23
19.04,31.83,0.0,7.901829067074808,1995-12-24
16.85,30.3,0.0,7.697043312285905,1995-12-25
14.24,29.69,0.0,7.062612877645896,1995-12-26
13.61,29.94,0.0,6.9091271720393035,1995-12-27
15.32,30.81,0.0,6.904913133852129,1995-12-28
13.94,31.54,0.0,6.850045821079031,1995-12-29
13.87,32.34,0.0,7.294541259838738,1995-12-30
13.91,32.32,0.0,7.410784695660867,1995-12-31
14.08,33.3,0.0,7.654563206925289,1996-01-01
14.71,33.57,0.0,7.696803656586883,1996-01-02
14.53,33.57,0.0,7.668658335924538,1996-01-03
16.02,33.97,0.0,7.6312458229786655,1996-01-04
16.03,34.09,0.0,7.666650891115255,1996-01-05
16.26,33.92,0.0,8.019119173264711,1996-01-06
16.96,31.95,0.0,7.801978691759897,1996-01-07
14.56,33.35,0.0,8.21402523186151,1996-01-08
15.35,31.52,0.0,6.828370143172996,1996-01-09
14.21,33.7,0.0,7.290391627756146,1996-01-10
14.81,34.34,0.0,6.784083443323847,1996-01-11
14.69,33.29,0.0,6.764815906901535,1996-01-12
14.58,32.88,0.0,6.07619484676675,1996-01-13
15.24,32.51,0.0,6.576342693153662,1996-01-14
15.08,33.19,0.0,7.0726211558378065,1996-01-15
16.69,33.74,0.0,7.759608466437698,1996-01-16
17.29,33.98,0.0,6.864178331755373,1996-01-17
17.16,34.61,0.0,6.349911968901169,1996-01-18
18.02,33.83,0.0,5.81283770018518,1996-01-19
19.19,33.25,0.0,6.961233577061457,1996-01-20
18.86,34.07,0.0,7.031430762087279,1996-01-21
19.35,34.61,0.0,8.128234043139932,1996-01-22
18.87,35.38,0.0,8.286709235441444,1996-01-23
19.0,35.59,0.0,7.269801390353048,1996-01-24
19.27,36.25,0.0,5.593827086628137,1996-01-25
19.4,35.62,0.0,7.334274854014212,1996-01-26
20.07,36.67,0.0,8.056289415660174,1996-01-27
19.36,36.69,0.0,8.607079143659641,1996-01-28
18.72,36.43,0.0,7.928140828242461,1996-01-29
18.48,36.58,0.0,7.326699121031227,1996-01-30
18.27,36.51,0.0,7.58595580226578,1996-01-31
18.91,35.88,0.0,7.348993596335005,1996-02-01
19.23,37.44,0.0,7.890229491981544,1996-02-02
19.94,37.45,0.0,7.362702155164123,1996-02-03
21.62,37.35,0.0,8.355408977451273,1996-02-04
21.38,36.0,0.0,8.181052130046455,1996-02-05
19.3,37.55,0.0,8.065796876157865,1996-02-06
19.26,36.2,0.0,7.9166521447476885,1996-02-07
17.41,35.81,0.0,8.234902943845523,1996-02-08
16.51,36.19,0.0,7.818056135354467,1996-02-09
17.25,36.35,0.0,6.831870464175125,1996-02-10
19.76,35.53,0.0,7.284623481672164,1996-02-11
21.01,37.39,0.0,5.787240867904916,1996-02-12
21.45,37.11,0.0,6.984847242748234,1996-02-13
19.39,36.9,0.0,6.64688421488218,1996-02-14
22.15,37.62,0.0,8.217895951284785,1996-02-15
20.99,37.96,0.0,7.729610833261738,1996-02-16
21.67,37.82,0.0,9.00409337472338,1996-02-17
20.14,35.89,0.0,10.397433073226258,1996-02-18
18.01,33.21,0.0,9.727311965133989,1996-02-19
16.37,33.88,0.0,8.987119714072,1996-02-20
16.87,33.98,0.0,9.161581635700218,1996-02-21
17.34,36.06,0.0,9.01111159288629,1996-02-22
18.83,37.45,0.0,9.687289745611968,1996-02-23
20.52,38.48,0.0,9.371413657522064,1996-02-24
20.13,38.57,0.0,9.081621825305708,1996-02-25
20.63,38.12,0.0,7.8976335237806135,1996-02-26
25.88,40.08,0.0,6.016613492080701,1996-02-27
21.35,38.22,0.0,8.978833620069,1996-02-28
21.19,36.56,0.0,8.569947825204506,1996-02-29
20.26,34.98,0.0,7.996812004926075,1996-03-01
21.25,37.33,0.0,8.615091817521396,1996-03-02
21.57,38.54,0.0,7.49492072467562,1996-03-03
22.69,39.28,0.0,8.06405222708035,1996-03-04
23.33,40.52,0.0,8.695026444676213,1996-03-05
22.38,40.5,0.0,11.360616854331804,1996-03-06
21.35,39.78,0.05,9.732551584740358,1996-03-07
23.06,40.9,0.0,9.403559208150684,1996-03-08
23.43,40.41,0.0,6.868468048803138,1996-03-09
23.42,39.43,0.0,9.621759423170968,1996-03-10
22.72,39.64,0.0,7.4733806107127005,1996-03-11
26.01,32.76,0.0,7.728927654548873,1996-03-12
25.32,36.98,0.0,8.066214041682606,1996-03-13
23.87,37.56,0.0,9.269091563369148,1996-03-14
22.02,37.03,0.0,8.8364484448803,1996-03-15
21.34,37.72,0.0,8.563394784650798,1996-03-16
22.89,38.75,0.0,9.70299873253413,1996-03-17
22.61,38.76,0.0,9.813568413950186,1996-03-18
21.58,39.38,0.0,9.937239451901055,1996-03-19
21.35,39.4,0.0,9.10742970444932,1996-03-20
21.94,39.95,0.0,9.74106072749535,1996-03-21
21.96,40.55,0.0,8.999300005957018,1996-03-22
22.56,40.03,0.0,9.886294306128258,1996-03-23
21.68,38.32,0.01,11.058424858660159,1996-03-24
20.25,37.8,0.0,10.1656715560985,1996-03-25
19.92,37.8,0.0,10.213429733475074,1996-03-26
21.5,38.67,0.0,8.887407214829036,1996-03-27
23.61,39.81,0.0,9.928189929791202,1996-03-28
22.83,39.93,0.0,11.0361960442431,1996-03-29
21.22,39.63,0.0,10.431236443535882,1996-03-30
21.55,40.39,0.0,9.322547197757546,1996-03-31
19.9,40.38,0.0,8.865679169071802,1996-04-01
21.59,41.01,0.0,8.106329544764625,1996-04-02
23.72,40.16,0.0,6.339738341891564,1996-04-03
25.46,40.96,0.0,6.343483220900186,1996-04-04
26.06,40.86,0.0,7.082019749654682,1996-04-05
26.16,40.96,0.0,5.843307354503637,1996-04-06
25.95,40.59,0.0,5.318689655807884,1996-04-07
25.47,36.32,0.0,6.724690010565447,1996-04-08
22.56,39.27,0.0,8.982068840611651,1996-04-09
22.28,38.72,0.0,10.075877634763742,1996-04-10
21.29,38.6,0.0,9.660632779374803,1996-04-11
20.64,39.29,0.0,8.246499203230577,1996-04-12
23.15,40.82,0.0,7.478016491514505,1996-04-13
25.45,41.57,0.01,7.453302582563064,1996-04-14
28.82,39.21,0.4,11.207968798222296,1996-04-15
26.8,38.25,0.0,6.448341104236643,1996-04-16
27.92,39.83,0.31,6.67783298244257,1996-04-17
29.09,38.73,1.57,5.596884512605007,1996-04-18
27.02,40.08,0.11,6.704084736961799,1996-04-19
27.03,41.31,0.02,7.162350958146421,1996-04-20
27.49,40.79,0.5,8.227904904401836,1996-04-21
27.45,40.26,0.78,8.701829502549334,1996-04-22
27.52,41.46,0.05,9.47932463923191,1996-04-23
25.32,42.15,0.0,10.25048321336651,1996-04-24
26.0,42.06,0.07,7.797627642532778,1996-04-25
27.19,42.35,0.11,9.238999044398145,1996-04-26
28.2,41.59,0.18,8.488710395846304,1996-04-27
28.51,41.43,0.0,9.38010991976374,1996-04-28
25.06,42.02,0.0,8.54884479819586,1996-04-29
24.84,42.24,0.0,8.040215025698894,1996-04-30
24.21,41.89,0.0,8.073204194374561,1996-05-01
24.14,42.95,0.0,8.850746441992284,1996-05-02
23.44,42.01,0.0,7.8952703326875575,1996-05-03
24.74,42.34,0.0,8.970991257772601,1996-05-04
24.96,42.97,0.0,5.8906527341459745,1996-05-05
24.75,42.59,0.01,8.670683661595277,1996-05-06
27.96,40.58,4.5,8.9740326411984,1996-05-07
28.66,40.88,4.07,8.551697667711995,1996-05-08
27.7,37.51,14.43,8.133948711279787,1996-05-09
26.39,35.44,3.12,5.708684684504229,1996-05-10
26.28,37.61,0.05,6.5090988732205295,1996-05-11
27.98,41.97,0.48,7.042415233521157,1996-05-12
28.19,42.34,0.68,8.729124173942765,1996-05-13
28.76,41.57,0.23,9.686439727557186,1996-05-14
29.5,40.95,0.41,9.781589681847864,1996-05-15
29.06,40.93,0.47,9.351149683853196,1996-05-16
29.21,41.27,0.1,8.807704889046043,1996-05-17
29.04,41.76,1.32,9.375359377067019,1996-05-18
28.77,41.96,3.05,9.800234873887401,1996-05-19
28.2,40.71,0.2,8.970153628764926,1996-05-20
28.82,39.9,0.75,9.32766578182174,1996-05-21
28.03,40.54,0.23,8.289801330375365,1996-05-22
27.86,40.14,1.76,8.999965525647157,1996-05-23
28.52,38.17,2.73,6.781113833204288,1996-05-24
28.23,39.39,1.41,8.461129305015348,1996-05-25
28.08,39.84,0.31,7.489723030458987,1996-05-26
27.35,39.6,0.67,7.623114790823615,1996-05-27
28.55,40.22,0.33,9.47103838928772,1996-05-28
28.16,41.27,0.19,10.527012632556355,1996-05-29
26.5,39.16,0.62,10.329839772170429,1996-05-30
26.72,37.44,0.67,8.444828410071732,1996-05-31
26.73,38.78,0.79,8.319635158272092,1996-06-01
26.3,39.15,4.64,9.154870074125313,1996-06-02
27.42,33.62,3.03,6.586060876501061,1996-06-03
25.8,32.48,4.44,6.157334624317791,1996-06-04
25.12,33.93,2.88,6.701536519471054,1996-06-05
25.81,36.1,4.79,6.11808322567431,1996-06-06
26.93,37.65,3.33,8.149951511035592,1996-06-07
25.72,38.59,2.03,8.458525446106098,1996-06-08
27.27,35.14,8.11,5.726264611563733,1996-06-09
25.23,36.47,0.2,7.244843576928025,1996-06-10
25.45,32.57,16.8,5.773601110655272,1996-06-11
25.03,35.25,2.91,6.751463946071084,1996-06-12
25.26,37.74,2.87,6.910132127394622,1996-06-13
25.67,36.79,4.72,7.953185683895571,1996-06-14
25.89,37.97,0.72,7.7815429860497165,1996-06-15
25.38,38.81,0.09,8.395585197546223,1996-06-16
25.79,38.62,0.56,8.24834215483898,1996-06-17
27.02,38.64,0.39,6.593241125252778,1996-06-18
27.5,40.34,0.13,8.249748737728263,1996-06-19
27.41,40.88,0.04,8.446481016650738,1996-06-20
28.16,35.96,0.14,8.482891791297504,1996-06-21
25.9,37.23,0.06,7.75058557349809,1996-06-22
27.28,39.64,0.33,8.447932127110143,1996-06-23
26.58,38.09,0.11,9.084373130685748,1996-06-24
26.66,30.4,7.37,5.05954056623518,1996-06-25
25.32,34.61,4.78,5.911960109312114,1996-06-26
25.66,36.22,1.49,8.321961486477967,1996-06-27
24.81,35.91,0.53,7.181585018014416,1996-06-28
26.37,35.8,8.17,6.9162660269450775,1996-06-29
25.52,34.38,0.18,6.809510784072642,1996-06-30
25.54,33.34,0.54,6.022871574333882,1996-07-01
24.83,33.51,0.88,5.988195305241686,1996-07-02
23.77,38.38,0.22,8.175518858768827,1996-07-03
25.17,38.4,0.27,9.516598031379244,1996-07-04
25.3,33.93,2.72,7.486827673689089,1996-07-05
24.84,32.08,8.76,6.073586881567161,1996-07-06
25.17,34.57,5.11,5.646192767544604,1996-07-07
24.4,37.26,3.88,7.096292437929405,1996-07-08
25.59,37.41,1.07,9.070696447283241,1996-07-09
25.27,35.47,3.61,7.924059199154609,1996-07-10
24.33,35.31,1.22,6.9474620438445225,1996-07-11
24.68,34.66,8.27,6.649325874081086,1996-07-12
24.98,36.11,3.24,7.249694590793369,1996-07-13
25.8,31.49,4.85,6.461925504874346,1996-07-14
23.72,35.29,0.76,7.043183142467561,1996-07-15
24.43,35.96,0.6,6.539451844525875,1996-07-16
25.41,37.59,0.4,8.330559963014126,1996-07-17
24.87,34.93,0.36,7.526592341824607,1996-07-18
25.38,33.01,0.65,6.644960014032577,1996-07-19
25.32,32.91,10.91,6.787073633542369,1996-07-20
25.62,32.24,9.04,6.349650617440449,1996-07-21
24.97,30.85,4.33,4.3901550667156775,1996-07-22
24.59,32.5,8.35,5.7798324248346225,1996-07-23
23.58,34.8,2.46,6.2066003464643575,1996-07-24
24.28,33.23,6.39,6.549100093761191,1996-07-25
24.36,29.5,6.79,3.9673198532177767,1996-07-26
23.28,33.33,3.9,6.064077828509892,1996-07-27
23.45,29.63,8.84,4.9179689579107535,1996-07-28
22.89,32.49,0.61,6.0828382939852235,1996-07-29
23.99,34.99,2.31,6.3936975782226275,1996-07-30
23.56,33.32,9.57,6.515558391027711,1996-07-31
23.12,34.33,3.7,6.446099762658355,1996-08-01
24.1,32.81,11.31,3.6316819807691108,1996-08-02
23.95,34.36,0.94,4.053046276186654,1996-08-03
24.96,31.8,1.51,6.080631443939082,1996-08-04
23.5,33.34,3.24,6.322560731183359,1996-08-05
23.87,32.47,7.38,6.254878765236401,1996-08-06
23.96,32.18,2.64,5.421636095483384,1996-08-07
22.87,33.25,3.35,6.093341958573806,1996-08-08
22.96,34.02,2.43,6.233942729878259,1996-08-09
23.55,30.6,12.61,5.129042860488701,1996-08-10
23.32,31.71,4.11,5.742525659304918,1996-08-11
23.66,31.78,10.58,4.3498527065265025,1996-08-12
23.93,32.53,3.8,4.981222905982017,1996-08-13
23.34,30.05,3.82,5.3816588344285785,1996-08-14
22.7,31.06,5.08,5.177810001350234,1996-08-15
23.18,29.91,11.45,4.704671677271532,1996-08-16
23.38,35.01,0.2,5.896426531822366,1996-08-17
23.27,30.9,3.5,3.3965884609565116,1996-08-18
22.75,29.18,13.13,5.068387790202611,1996-08-19
23.27,30.81,5.06,4.561637350791946,1996-08-20
23.57,29.74,7.33,4.784371992629316,1996-08-21
23.06,30.97,2.77,3.5633245727439466,1996-08-22
22.54,31.47,4.99,5.373050682795394,1996-08-23
23.53,33.02,5.9,5.975294136331098,1996-08-24
23.65,33.96,1.83,6.392961413559585,1996-08-25
22.58,31.73,4.2,5.469047509268593,1996-08-26
23.26,31.18,18.18,3.7960145144759605,1996-08-27
23.93,32.44,10.23,5.525951953984288,1996-08-28
23.24,31.82,2.56,5.272847017819993,1996-08-29
23.45,30.59,0.37,4.555415915459237,1996-08-30
23.46,31.88,0.97,5.371090465487012,1996-08-31
22.93,31.36,1.9,4.773985479294815,1996-09-01
23.57,32.03,2.58,4.38123124076344,1996-09-02
23.27,34.66,2.07,6.204941380845983,1996-09-03
23.51,33.41,2.7,5.952719015329962,1996-09-04
24.4,31.02,0.88,5.351607875889673,1996-09-05
23.34,29.7,1.16,5.674196045014582,1996-09-06
21.64,34.63,0.41,5.7303881138467245,1996-09-07
23.65,32.54,10.95,4.460372894599469,1996-09-08
23.31,30.54,1.36,5.359878548456117,1996-09-09
21.94,32.78,1.34,4.499520750032834,1996-09-10
23.23,30.5,0.76,4.927993608421685,1996-09-11
23.19,34.76,0.6,6.350367591090618,1996-09-12
22.8,33.6,3.21,5.453868752114829,1996-09-13
23.56,31.42,10.06,5.276425022539303,1996-09-14
23.32,32.4,1.9,3.5996035678478613,1996-09-15
23.17,34.32,2.48,4.754006622926052,1996-09-16
22.6,35.12,1.62,6.062923740982793,1996-09-17
23.38,32.24,5.91,5.7152234903990555,1996-09-18
23.1,32.8,5.56,3.720972023149365,1996-09-19
22.97,34.92,0.0,5.993494716203078,1996-09-20
23.95,36.07,1.77,6.54352321185663,1996-09-21
24.51,31.89,5.01,5.044174939916198,1996-09-22
23.1,33.79,1.94,5.760405771607011,1996-09-23
23.12,35.68,0.32,6.168064650277613,1996-09-24
24.53,37.02,1.87,7.496207519805314,1996-09-25
23.51,35.4,1.05,6.0365358544655,1996-09-26
23.05,34.99,0.57,5.788214835839691,1996-09-27
23.51,33.99,1.82,6.082071017438839,1996-09-28
23.78,35.78,2.09,6.756474963860593,1996-09-29
22.51,34.06,1.22,6.382153164851123,1996-09-30
21.27,35.06,1.92,5.850256662463444,1996-10-01
23.64,37.09,0.09,6.076247028727707,1996-10-02
24.68,37.57,0.67,6.413600597851191,1996-10-03
23.52,37.86,0.65,6.0773645547788355,1996-10-04
23.46,35.89,0.66,6.48609878115206,1996-10-05
24.04,34.21,0.4,5.669661244329771,1996-10-06
23.83,35.1,0.82,5.520043492159423,1996-10-07
24.83,37.67,0.14,6.297562936659569,1996-10-08
24.45,37.19,0.44,5.948658004837688,1996-10-09
24.34,37.84,0.11,6.374274503984442,1996-10-10
24.4,38.05,0.06,6.38816364086015,1996-10-11
23.34,36.54,0.08,6.109278491504744,1996-10-12
24.36,34.56,1.87,5.806061696808568,1996-10-13
23.03,34.98,2.1,6.289770201420011,1996-10-14
22.94,36.53,0.76,5.655853455479421,1996-10-15
22.94,37.53,0.49,5.239044496651794,1996-10-16
22.5,37.76,0.02,5.750874161295279,1996-10-17
22.88,38.04,0.06,5.8126480889791265,1996-10-18
23.92,36.66,0.06,4.983587043738594,1996-10-19
23.7,37.44,0.0,5.760264893531982,1996-10-20
23.38,37.58,0.0,6.016105103357104,1996-10-21
22.48,37.52,0.0,6.606009459228759,1996-10-22
20.56,37.01,0.0,6.878028670960864,1996-10-23
20.81,37.09,0.0,6.630693572233388,1996-10-24
20.11,37.18,0.0,6.83627469796352,1996-10-25
20.13,34.72,0.0,5.053888201554382,1996-10-26
22.58,34.64,0.0,5.486983162980859,1996-10-27
23.22,36.43,0.0,6.476549134926519,1996-10-28
20.08,33.75,0.0,6.423022922220105,1996-10-29
18.3,34.09,0.0,7.324364024101909,1996-10-30
18.7,33.68,0.0,6.826258755801907,1996-10-31
18.39,33.79,0.0,7.3678483452506045,1996-11-01
16.18,33.49,0.0,7.823661897118191,1996-11-02
15.3,33.44,0.0,7.45746240429995,1996-11-03
15.74,33.12,0.0,7.266715801995123,1996-11-04
15.9,33.08,0.0,6.982005162464356,1996-11-05
15.75,33.15,0.0,6.910830054531066,1996-11-06
16.55,33.73,0.0,7.120524541820479,1996-11-07
17.38,32.95,0.0,7.158497502515483,1996-11-08
15.93,33.13,0.0,7.5657127051808395,1996-11-09
14.86,31.94,0.0,6.9984767754052015,1996-11-10
14.71,32.58,0.0,6.0193755992788125,1996-11-11
16.61,34.16,0.0,5.494186511926262,1996-11-12
18.38,34.69,0.0,6.4145158595894864,1996-11-13
17.92,35.04,0.0,6.974285139601627,1996-11-14
17.06,34.19,0.0,7.396462094517338,1996-11-15
17.05,33.69,0.0,6.666526732826237,1996-11-16
17.59,33.53,0.0,6.883521834514525,1996-11-17
16.43,33.25,0.0,7.012867785142969,1996-11-18
15.09,33.33,0.0,6.464272256544629,1996-11-19
16.47,34.14,0.0,6.6615451117046085,1996-11-20
15.12,34.26,0.0,7.30584331453039,1996-11-21
15.39,34.45,0.0,6.9597375793242815,1996-11-22
16.1,34.75,0.0,7.016463473225587,1996-11-23
17.29,35.18,0.0,6.624551828557229,1996-11-24
17.94,34.93,0.0,6.586616800092438,1996-11-25
17.31,34.63,0.0,6.675257531876085,1996-11-26
17.11,34.91,0.0,6.926580706365997,1996-11-27
16.96,34.19,0.0,6.768153928046889,1996-11-28
16.35,34.29,0.0,6.866852567391947,1996-11-29
16.3,34.66,0.0,7.49827121810625,1996-11-30
15.87,34.56,0.0,6.747151922925814,1996-12-01
17.69,34.31,0.0,7.737944426012108,1996-12-02
18.78,33.81,0.0,7.671774462011847,1996-12-03
17.46,33.36,0.0,6.5198270201081225,1996-12-04
17.5,33.79,0.0,7.718247957945902,1996-12-05
17.51,34.1,0.0,7.677829402424493,1996-12-06
17.3,34.04,0.0,5.909049976618019,1996-12-07
18.8,35.02,0.0,5.481171984660307,1996-12-08
19.77,34.67,0.0,4.9222365338826375,1996-12-09
19.18,34.42,0.0,6.3591210698448855,1996-12-10
18.04,34.89,0.0,7.109838274632792,1996-12-11
18.1,34.2,0.0,7.617511062916101,1996-12-12
18.04,35.29,0.0,7.842350753483746,1996-12-13
19.07,35.06,0.0,6.8785939548523025,1996-12-14
17.87,34.66,0.0,6.670014002103472,1996-12-15
18.13,34.21,0.0,7.058795501995113,1996-12-16
17.09,33.95,0.0,6.908162744971531,1996-12-17
15.78,33.27,0.0,7.383355683549425,1996-12-18
13.75,32.56,0.0,6.94127709328694,1996-12-19
13.66,32.94,0.0,6.821715532683817,1996-12-20
15.18,33.68,0.0,6.336873968835896,1996-12-21
17.65,33.35,0.0,7.2838286347887164,1996-12-22
16.23,28.69,0.0,6.250327615138228,1996-12-23
15.45,32.26,0.0,7.075705138656571,1996-12-24
15.3,32.99,0.0,7.112783269020629,1996-12-25
17.05,33.65,0.0,7.637017922863804,1996-12-26
14.93,33.29,0.0,6.326806789094329,1996-12-27
14.49,33.03,0.0,6.716422368922879,1996-12-28
14.62,33.28,0.0,6.466350872062468,1996-12-29
15.54,33.06,0.0,7.247451578474212,1996-12-30
15.42,33.62,0.0,7.439155992065733,1996-12-31
16.72,32.0,0.0,7.358999473448916,1997-01-01
16.73,35.07,0.0,7.955455009070035,1997-01-02
15.78,33.97,0.0,8.535740866621994,1997-01-03
15.63,34.5,0.0,7.525339657934262,1997-01-04
15.86,34.44,0.0,7.377420751444763,1997-01-05
16.86,34.98,0.0,7.966447181216732,1997-01-06
17.32,35.06,0.0,7.734415588946462,1997-01-07
19.05,35.15,0.0,8.38147159931611,1997-01-08
18.86,34.2,0.0,8.138350118500092,1997-01-09
17.28,34.49,0.0,6.669353521189434,1997-01-10
16.56,34.64,0.0,7.022945545427084,1997-01-11
17.57,35.24,0.0,6.407428200732495,1997-01-12
16.97,35.57,0.0,5.896370735403024,1997-01-13
18.75,35.46,0.0,6.924024368007182,1997-01-14
19.08,35.44,0.0,7.361087501552313,1997-01-15
19.12,35.65,0.0,8.384353438136062,1997-01-16
18.6,35.46,0.0,7.586267706580537,1997-01-17
17.59,34.74,0.0,7.789182007557962,1997-01-18
16.26,33.98,0.0,7.422881313649832,1997-01-19
16.42,33.2,0.0,8.773047814466732,1997-01-20
15.73,31.63,0.0,8.363237907906637,1997-01-21
16.6,30.94,0.0,7.1132551100789385,1997-01-22
17.49,31.96,0.0,6.742606347518822,1997-01-23
17.12,30.33,0.0,5.99202872316829,1997-01-24
17.78,31.96,0.0,7.453350693905612,1997-01-25
15.82,32.92,0.0,7.518336001157025,1997-01-26
14.17,32.49,0.0,7.24950786064115,1997-01-27
14.17,32.96,0.0,6.931708843434667,1997-01-28
14.75,32.65,0.0,8.695314201029586,1997-01-29
14.91,29.99,0.0,8.894060621649386,1997-01-30
14.29,28.91,0.0,8.260910107822998,1997-01-31
13.01,29.15,0.0,8.126916992033028,1997-02-01
13.25,30.23,0.0,8.012728721137904,1997-02-02
13.51,31.0,0.0,7.982026218229513,1997-02-03
14.83,31.38,0.0,8.161418792842788,1997-02-04
15.89,31.64,0.0,8.761333030590581,1997-02-05
15.46,32.26,0.0,8.818410606689554,1997-02-06
14.95,32.81,0.0,9.248378292082513,1997-02-07
14.82,32.46,0.0,8.971235330061823,1997-02-08
14.59,32.51,0.0,9.08682152944668,1997-02-09
15.09,33.28,0.0,9.405756473569202,1997-02-10
15.15,32.81,0.0,9.834139849332423,1997-02-11
15.38,32.62,0.0,9.368899280512318,1997-02-12
14.77,32.16,0.0,8.84760191993182,1997-02-13
15.19,30.91,0.0,8.816492244957217,1997-02-14
13.78,31.08,0.0,8.003251245016967,1997-02-15
14.35,32.12,0.0,7.983753126460459,1997-02-16
14.33,32.97,0.0,8.080176935024024,1997-02-17
15.14,34.36,0.0,8.158535642394384,1997-02-18
15.56,34.24,0.0,9.847026372240304,1997-02-19
15.0,32.46,0.0,9.385492180712482,1997-02-20
15.07,32.24,0.0,8.319575859460544,1997-02-21
16.22,32.8,0.0,8.851540653910162,1997-02-22
16.78,33.13,0.0,8.747829933534684,1997-02-23
17.13,33.68,0.0,8.316422933954623,1997-02-24
17.89,34.92,0.0,7.883076112881625,1997-02-25
18.51,35.83,0.0,7.531750591890937,1997-02-26
19.1,36.87,0.0,8.079902470665294,1997-02-27
19.75,36.55,0.0,8.011825146479065,1997-02-28
20.99,32.4,0.0,9.221931649946784,1997-03-01
18.61,34.72,0.0,10.0896048513278,1997-03-02
17.7,32.55,0.0,10.050414980087234,1997-03-03
14.4,31.86,0.0,8.739418199836656,1997-03-04
16.48,32.85,0.01,8.902873785071545,1997-03-05
17.61,33.34,0.01,9.175784149935549,1997-03-06
17.62,33.6,0.0,9.04597316258122,1997-03-07
18.25,34.47,0.0,9.401086123604204,1997-03-08
18.53,35.73,0.0,8.930867441192362,1997-03-09
18.38,36.14,0.0,9.580976531195528,1997-03-10
19.53,35.55,0.0,8.202114234360563,1997-03-11
20.45,37.64,0.0,7.454826590767406,1997-03-12
20.7,35.0,0.0,6.56498558843151,1997-03-13
21.64,36.84,0.0,7.390021085066448,1997-03-14
20.45,38.37,0.0,7.761068907602145,1997-03-15
23.2,38.9,0.0,9.62210251941031,1997-03-16
23.49,38.06,0.06,8.035637960425035,1997-03-17
22.96,38.2,0.0,7.5667984620720175,1997-03-18
24.07,37.86,0.0,9.838715436986101,1997-03-19
24.32,39.25,0.0,8.790371256807095,1997-03-20
23.16,40.08,0.0,8.549978883746448,1997-03-21
25.49,40.32,0.03,6.513950736272684,1997-03-22
26.4,39.08,0.0,5.9328331129082015,1997-03-23
28.13,39.21,0.03,7.5867249250068705,1997-03-24
27.29,32.5,1.45,7.008320619413521,1997-03-25
26.08,37.78,0.18,6.852134620221104,1997-03-26
25.2,35.05,5.58,6.3445601759227195,1997-03-27
26.0,36.18,1.22,5.033067313265442,1997-03-28
25.58,34.84,1.87,5.375209947928648,1997-03-29
25.28,33.89,4.76,5.973074492836243,1997-03-30
24.01,36.94,0.08,6.821872015786553,1997-03-31
24.78,39.14,0.09,7.7653909331391775,1997-04-01
22.29,38.66,0.01,6.874262147597968,1997-04-02
22.36,38.49,0.01,7.666254935045664,1997-04-03
22.33,38.22,0.0,7.945731657424949,1997-04-04
22.44,38.76,0.0,7.9822540001876545,1997-04-05
22.7,39.4,0.0,10.514472616450586,1997-04-06
21.31,39.22,0.0,9.997514886821925,1997-04-07
20.69,39.67,0.64,7.952053124568861,1997-04-08
24.92,39.92,0.05,8.370286673607504,1997-04-09
27.67,39.32,0.0,7.121616323938945,1997-04-10
27.82,42.26,0.0,9.691093471681071,1997-04-11
26.13,40.71,0.0,10.547043164687098,1997-04-12
24.88,39.28,0.0,9.057125526246475,1997-04-13
22.7,40.35,0.0,10.981391376509785,1997-04-14
24.06,40.65,0.0,11.210842507583335,1997-04-15
24.46,41.36,0.0,8.799026138546042,1997-04-16
25.18,40.72,0.0,6.2121612762327665,1997-04-17
26.5,38.63,0.07,7.276563878890095,1997-04-18
27.15,36.4,0.0,7.660612354355768,1997-04-19
27.92,40.49,0.09,9.03949299169887,1997-04-20
27.56,39.78,0.49,9.88022832070444,1997-04-21
27.8,35.29,1.76,7.7930051313396085,1997-04-22
25.61,39.57,0.0,8.344828280722881,1997-04-23
25.39,41.31,0.0,7.212859753358001,1997-04-24
25.24,42.82,0.0,8.70270109511189,1997-04-25
24.94,41.29,0.06,8.754304810998667,1997-04-26
26.98,40.1,0.57,9.882754001611511,1997-04-27
26.52,38.75,0.0,8.982421705321412,1997-04-28
23.84,38.87,0.0,7.56423976156747,1997-04-29
22.67,38.64,0.02,8.034546279065435,1997-04-30
27.03,36.68,0.04,8.032991655354138,1997-05-01
27.01,39.76,0.16,7.730752873170026,1997-05-02
27.34,37.06,0.54,8.139848895444574,1997-05-03
26.35,38.74,0.09,9.352199078809456,1997-05-04
26.07,32.96,0.21,6.934932146952121,1997-05-05
25.44,38.03,1.09,6.608218379203902,1997-05-06
26.6,37.76,1.84,7.3485951937607465,1997-05-07
26.85,38.59,0.07,8.053984762623708,1997-05-08
27.11,40.31,0.5,8.348678398206543,1997-05-09
27.02,39.55,1.83,9.683925525933752,1997-05-10
27.36,38.89,0.68,9.213004214527063,1997-05-11
27.59,40.38,0.21,9.492205648168271,1997-05-12
27.57,39.53,0.62,7.970606647335993,1997-05-13
28.14,38.61,3.2,8.967922500088749,1997-05-14
27.62,37.2,1.86,8.51702419144634,1997-05-15
27.17,36.55,0.45,7.856594032966494,1997-05-16
26.93,39.48,0.19,7.7641113249732525,1997-05-17
27.51,37.16,0.12,7.744491278902403,1997-05-18
26.61,39.2,0.12,8.886729307826974,1997-05-19
27.52,38.0,0.82,7.769070340798002,1997-05-20
27.44,38.5,2.02,8.753131744877674,1997-05-21
27.61,40.26,0.98,9.587861607432888,1997-05-22
27.55,37.79,1.24,9.46021402972499,1997-05-23
26.6,38.28,2.93,7.1732873277321385,1997-05-24
27.4,40.23,0.5,7.644809866079494,1997-05-25
28.23,38.93,6.65,8.317001558274654,1997-05-26
27.23,35.48,3.78,7.652194520280796,1997-05-27
26.55,34.83,8.04,4.388457747316687,1997-05-28
25.51,37.81,1.56,6.558548851920552,1997-05-29
27.0,40.29,1.34,7.927145429688388,1997-05-30
27.76,39.87,2.37,8.910672214843279,1997-05-31
27.75,36.01,2.56,7.717034205007134,1997-06-01
27.15,37.35,1.14,7.1904849381417995,1997-06-02
27.02,38.85,0.0,7.602952954692493,1997-06-03
27.7,38.84,2.84,8.427559501518747,1997-06-04
27.15,32.35,6.35,5.876995691293799,1997-06-05
25.8,35.12,1.1,6.275763895281621,1997-06-06
25.75,38.56,0.97,7.233102336140287,1997-06-07
27.63,39.84,0.03,8.523609100094843,1997-06-08
27.02,40.1,4.37,8.425598180483634,1997-06-09
27.44,38.95,2.53,7.889155573711992,1997-06-10
27.06,33.79,4.61,6.573968378759268,1997-06-11
24.93,33.65,6.09,6.674182196465329,1997-06-12
24.89,35.73,1.02,4.728035541721267,1997-06-13
25.51,36.61,0.78,7.314036938429775,1997-06-14
25.31,37.24,1.12,7.236745890900768,1997-06-15
25.52,36.88,1.22,7.703646817138176,1997-06-16
26.57,38.01,1.46,8.792325588002974,1997-06-17
26.0,39.21,1.22,8.426994184761837,1997-06-18
26.03,40.08,0.61,9.337468179108344,1997-06-19
27.1,35.21,1.42,7.410493546260693,1997-06-20
26.73,33.69,4.33,4.875455254436152,1997-06-21
26.02,37.58,0.84,7.035454164587181,1997-06-22
27.56,37.23,2.48,7.716757530882071,1997-06-23
26.13,31.3,8.04,6.017436138715124,1997-06-24
24.58,33.93,0.4,5.618260393580243,1997-06-25
25.74,38.59,1.09,7.258386163426679,1997-06-26
26.68,35.3,0.61,7.703921140437441,1997-06-27
26.63,38.4,1.66,6.86506393255594,1997-06-28
26.7,34.63,2.31,7.097099627192898,1997-06-29
26.29,34.89,0.91,6.262101696681917,1997-06-30
25.9,36.59,4.68,8.250856816279162,1997-07-01
25.1,31.76,4.98,5.6863992644270605,1997-07-02
24.85,35.02,1.48,7.867591196218265,1997-07-03
25.02,36.38,1.2,7.257390530011078,1997-07-04
25.26,36.05,6.58,7.759546533820664,1997-07-05
24.76,32.73,9.22,6.475701330916721,1997-07-06
24.24,35.18,3.64,4.681524920742705,1997-07-07
25.2,35.2,4.79,6.015786174946997,1997-07-08
25.26,36.83,4.49,6.586952495869218,1997-07-09
24.88,34.08,3.13,5.213723283703397,1997-07-10
26.52,37.75,0.4,7.374099326988522,1997-07-11
25.8,33.87,8.15,6.167022982441783,1997-07-12
24.65,36.13,1.49,7.771142082319569,1997-07-13
25.62,34.7,3.18,6.7790075082284655,1997-07-14
25.5,35.44,5.25,6.579161170832835,1997-07-15
24.92,34.98,6.3,6.727492128190886,1997-07-16
24.67,35.94,1.55,7.035071121360081,1997-07-17
25.65,34.03,7.14,5.130248465482532,1997-07-18
25.76,34.78,5.82,6.7279589013106955,1997-07-19
24.95,33.45,5.47,5.160316684993519,1997-07-20
24.14,32.72,3.04,5.3285430108421385,1997-07-21
23.78,32.67,3.48,6.077977953653341,1997-07-22
23.22,35.83,2.84,6.269202465177576,1997-07-23
25.19,35.68,6.52,6.586492858062507,1997-07-24
25.11,33.26,7.05,6.26065757967447,1997-07-25
25.15,34.94,0.96,6.795476815410436,1997-07-26
25.69,34.42,7.91,6.742761063905668,1997-07-27
24.66,34.08,7.67,6.23167020829861,1997-07-28
24.49,34.32,6.45,5.380538668401297,1997-07-29
25.54,35.17,0.81,5.8572274825135455,1997-07-30
24.77,30.97,3.71,4.284126327285623,1997-07-31
23.39,32.21,5.46,5.941139558972163,1997-08-01
23.36,33.89,3.88,6.214395347944072,1997-08-02
24.3,36.19,0.82,6.1386594385197455,1997-08-03
25.2,34.06,6.15,6.6996815548827335,1997-08-04
24.25,32.4,6.45,3.1860628309237895,1997-08-05
24.37,32.47,1.03,6.149116403849204,1997-08-06
23.67,33.6,3.07,6.086925939756553,1997-08-07
24.35,31.71,2.75,4.452893774071971,1997-08-08
23.46,34.56,4.16,6.2648940080568805,1997-08-09
24.24,31.43,7.42,5.608479733722299,1997-08-10
24.63,32.73,9.52,4.339905214020365,1997-08-11
23.96,34.03,3.26,5.62384921585353,1997-08-12
25.32,33.23,2.13,5.952633473205034,1997-08-13
23.84,34.12,1.55,6.230616288531809,1997-08-14
23.97,34.31,3.4,5.936575474207262,1997-08-15
24.63,33.18,3.7,5.300044257972252,1997-08-16
24.12,33.37,3.25,3.2340240812310843,1997-08-17
23.61,33.02,2.07,5.662081236424342,1997-08-18
24.05,33.31,4.53,5.991801934447208,1997-08-19
24.45,33.22,3.87,5.777340764236884,1997-08-20
24.24,32.08,6.05,4.732626303826641,1997-08-21
25.29,34.1,6.36,5.368127859647979,1997-08-22
24.95,32.57,2.58,5.473655904539431,1997-08-23
24.75,33.05,3.07,4.075254140715903,1997-08-24
23.53,35.64,0.89,5.548777449834091,1997-08-25
23.15,36.41,0.27,6.279802195053473,1997-08-26
23.71,36.24,1.46,4.856287926085368,1997-08-27
25.52,34.3,1.6,6.922756255810487,1997-08-28
24.17,34.59,4.29,6.199114718282417,1997-08-29
24.74,30.24,14.46,4.848067300525946,1997-08-30
23.69,28.5,7.2,4.069313434092298,1997-08-31
23.26,31.76,5.5,2.871643280963709,1997-09-01
23.85,30.31,10.02,5.2370430427671675,1997-09-02
23.28,32.89,2.84,5.757937980264391,1997-09-03
23.12,33.93,2.08,5.770866409253765,1997-09-04
23.69,34.89,2.32,5.928639636580296,1997-09-05
23.42,34.0,4.1,5.882421549769511,1997-09-06
24.44,32.09,4.74,4.416766216824654,1997-09-07
24.72,30.6,1.69,5.185239691009762,1997-09-08
22.65,32.96,1.61,5.871632559729364,1997-09-09
22.66,35.18,1.84,6.060673858657354,1997-09-10
24.32,35.83,0.56,6.346943263609185,1997-09-11
24.45,36.74,0.54,6.4205659277421665,1997-09-12
24.02,35.69,5.02,6.552340112910316,1997-09-13
24.44,33.76,2.83,6.223712967453769,1997-09-14
23.8,34.79,5.59,5.388591902041064,1997-09-15
23.92,35.87,0.3,6.0651577723617285,1997-09-16
24.56,34.61,2.02,6.551753963873003,1997-09-17
23.64,33.37,1.46,5.487229267905408,1997-09-18
23.84,36.09,0.72,6.051997111064052,1997-09-19
23.52,37.91,1.98,6.4436905716912,1997-09-20
24.49,37.39,1.65,7.1202657499524165,1997-09-21
25.26,35.01,2.62,5.346377532647571,1997-09-22
25.28,32.35,0.46,4.748487965203353,1997-09-23
24.42,34.49,0.74,4.565689953807356,1997-09-24
24.04,38.01,0.19,6.840289196831436,1997-09-25
23.1,38.4,0.38,6.3914616358964835,1997-09-26
24.06,38.41,0.62,7.151628526627319,1997-09-27
25.93,34.87,0.99,6.7697996604981485,1997-09-28
25.12,35.49,0.56,5.194645732018492,1997-09-29
24.64,37.97,0.35,6.516967497688596,1997-09-30
24.44,39.32,0.33,6.517053363277555,1997-10-01
25.0,39.37,0.57,7.340941900784381,1997-10-02
26.31,38.78,0.3,7.549924800162396,1997-10-03
25.27,35.67,1.19,6.030224748953135,1997-10-04
24.24,37.92,0.49,7.099443412068791,1997-10-05
24.87,36.9,0.73,6.7529253340513,1997-10-06
26.62,37.61,0.4,6.5272571021192585,1997-10-07
25.84,39.18,0.0,5.658655025071023,1997-10-08
25.01,39.75,0.0,6.414319833662369,1997-10-09
25.48,38.44,0.0,8.402131854821615,1997-10-10
25.91,36.81,0.0,7.1593812154438075,1997-10-11
24.76,38.87,0.0,5.832558214943761,1997-10-12
27.14,38.73,0.55,6.573458164699643,1997-10-13
25.99,38.67,0.9,6.311849866926762,1997-10-14
26.57,38.12,0.29,6.185664464221885,1997-10-15
26.5,38.56,2.09,6.8872895297538985,1997-10-16
27.03,35.51,0.52,6.870343208507434,1997-10-17
26.27,37.14,0.0,6.809882015321617,1997-10-18
23.35,37.44,0.0,6.304940458049843,1997-10-19
22.59,38.42,0.0,7.1469381343609495,1997-10-20
23.62,38.29,0.0,7.029743955687502,1997-10-21
26.14,38.03,0.04,7.3003022147465195,1997-10-22
26.62,36.45,0.4,6.772845163483705,1997-10-23
26.43,37.18,1.09,5.054082635358119,1997-10-24
27.0,38.99,0.58,5.295436831967109,1997-10-25
26.55,39.65,0.9,6.292486486998787,1997-10-26
25.04,38.34,0.83,6.680917998746176,1997-10-27
25.36,37.92,0.12,6.6640628964552295,1997-10-28
25.54,38.11,0.13,6.232307223485779,1997-10-29
26.4,39.07,0.06,6.583766544985499,1997-10-30
26.46,39.58,0.0,6.696098953225664,1997-10-31
24.4,39.8,0.0,5.697290116260856,1997-11-01
25.85,38.69,0.0,6.361597609671103,1997-11-02
24.98,39.37,0.0,5.938670243519939,1997-11-03
23.73,39.28,0.0,6.258045927532267,1997-11-04
25.37,38.79,0.0,6.851828513135164,1997-11-05
24.0,38.48,0.0,6.910063872059555,1997-11-06
22.78,38.96,0.0,6.177302731384128,1997-11-07
22.92,38.02,0.0,6.872529619963048,1997-11-08
25.51,38.17,0.0,7.659818369700318,1997-11-09
21.4,37.52,0.0,8.329484825542341,1997-11-10
20.02,36.81,0.0,7.966960462458814,1997-11-11
19.96,36.63,0.0,7.311249676274666,1997-11-12
19.27,36.84,0.0,7.938096290723829,1997-11-13
18.78,36.36,0.0,7.479113529823122,1997-11-14
19.69,36.67,0.0,6.928145310555561,1997-11-15
19.62,37.05,0.0,6.823640607767004,1997-11-16
19.97,36.93,0.0,6.4684244554170105,1997-11-17
19.57,36.0,0.0,6.2326862239160565,1997-11-18
19.34,33.5,0.0,7.815272669089518,1997-11-19
18.11,33.64,0.0,7.308876723577123,1997-11-20
16.91,34.47,0.0,6.76088610350903,1997-11-21
18.1,35.76,0.0,6.655605278653156,1997-11-22
19.19,36.98,0.0,7.60449014709114,1997-11-23
20.07,37.01,0.0,7.800280842995073,1997-11-24
20.01,37.11,0.0,7.405771265440841,1997-11-25
19.95,35.91,0.0,6.227256999445721,1997-11-26
20.38,36.15,0.0,6.7392406076797835,1997-11-27
21.25,36.35,0.0,5.325995206319212,1997-11-28
21.34,36.06,0.0,5.963545757976181,1997-11-29
20.63,30.8,0.0,6.272755606973809,1997-11-30
17.95,34.87,0.0,6.513590529139372,1997-12-01
20.84,31.96,0.0,6.808029859010652,1997-12-02
15.95,34.72,0.0,7.184514334161887,1997-12-03
16.82,34.59,0.0,7.092307489674809,1997-12-04
19.46,35.71,0.0,7.234588390648036,1997-12-05
20.08,35.46,0.0,6.465397280416905,1997-12-06
18.35,36.35,0.0,6.591670207917095,1997-12-07
18.66,34.87,0.0,6.755645488548836,1997-12-08
19.6,35.11,0.02,6.165492573616767,1997-12-09
18.74,34.61,0.0,6.389462073815498,1997-12-10
19.34,30.59,0.0,8.230550815154634,1997-12-11
16.05,27.33,0.0,6.949810799192487,1997-12-12
13.47,29.15,0.0,7.2790231441358335,1997-12-13
13.05,28.46,0.0,6.424310069592713,1997-12-14
16.02,27.48,0.0,6.259585432804191,1997-12-15
14.63,32.08,0.0,6.642715251493467,1997-12-16
17.1,32.18,0.0,7.034212138268955,1997-12-17
16.84,34.09,0.0,7.879142528124966,1997-12-18
16.56,33.91,0.0,7.132615838068127,1997-12-19
17.98,34.31,0.0,7.476189780160591,1997-12-20
15.95,33.59,0.0,7.746462754049402,1997-12-21
15.99,33.86,0.0,7.591329252133963,1997-12-22
16.18,34.1,0.0,7.200584129920514,1997-12-23
16.26,34.48,0.0,7.46949505710445,1997-12-24
15.17,31.44,0.0,8.224991269337504,1997-12-25
13.44,30.52,0.0,8.243225815663319,1997-12-26
14.36,28.74,0.0,8.164357343285094,1997-12-27
12.73,29.27,0.0,7.906560747522133,1997-12-28
12.64,31.1,0.0,7.242952721460672,1997-12-29
18.02,33.63,0.0,7.262920842898306,1997-12-30
18.25,34.08,0.0,5.965571447595377,1997-12-31
19.78,34.49,0.0,6.168019026113961,1998-01-01
19.7,34.37,0.0,7.652411930205751,1998-01-02
21.22,30.78,0.0,8.342169027374371,1998-01-03
18.03,32.54,0.0,9.081988932621199,1998-01-04
15.03,29.49,0.0,8.417089740873307,1998-01-05
12.88,28.12,0.0,7.28143472400209,1998-01-06
12.43,28.26,0.0,6.926250695292212,1998-01-07
12.94,30.82,0.0,7.014205133855026,1998-01-08
16.08,31.6,0.0,7.6398643716603205,1998-01-09
14.88,30.66,0.0,8.107926537578173,1998-01-10
13.98,29.23,0.0,7.799513219992952,1998-01-11
13.22,28.75,0.0,7.16126219895974,1998-01-12
14.26,28.82,0.0,7.651279155649508,1998-01-13
13.39,29.82,0.0,7.330446589211959,1998-01-14
14.36,29.06,0.0,8.051579207580119,1998-01-15
12.05,30.58,0.0,7.854234132687178,1998-01-16
11.99,30.45,0.0,8.195690569517717,1998-01-17
12.1,29.3,0.0,7.529031036638625,1998-01-18
11.7,29.84,0.0,7.629239920338186,1998-01-19
11.64,29.15,0.0,7.455612764115475,1998-01-20
11.15,30.43,0.0,7.531922628835288,1998-01-21
13.23,32.17,0.0,7.702473682248951,1998-01-22
14.83,33.45,0.0,7.619316715727964,1998-01-23
14.83,34.16,0.0,7.640437912456444,1998-01-24
15.62,35.66,0.0,6.432367783518661,1998-01-25
17.09,36.97,0.0,6.300523769982319,1998-01-26
18.5,38.45,0.0,6.40864298959222,1998-01-27
18.67,38.76,0.0,6.930464154820816,1998-01-28
19.67,38.83,0.0,7.574185772696781,1998-01-29
20.94,38.01,0.0,6.252428750073373,1998-01-30
24.01,39.32,0.0,7.570704063993977,1998-01-31
21.13,39.46,0.0,7.276530396618399,1998-02-01
22.51,40.44,0.0,7.321100395576482,1998-02-02
21.53,40.72,0.0,8.208568639459777,1998-02-03
21.84,41.43,0.0,9.097228594903612,1998-02-04
21.87,41.61,0.0,10.422600952206011,1998-02-05
22.48,40.51,0.0,10.858727448655527,1998-02-06
22.27,40.07,0.0,10.037879287963708,1998-02-07
22.94,40.07,0.0,8.662286722555582,1998-02-08
23.76,39.11,0.0,8.451790099356684,1998-02-09
23.21,38.7,0.0,9.834104577973754,1998-02-10
25.39,35.24,0.0,10.479016573512217,1998-02-11
22.81,35.87,0.0,9.416512677977202,1998-02-12
21.63,30.99,0.0,9.270856313549844,1998-02-13
18.03,34.34,0.0,9.09021504375091,1998-02-14
17.72,33.71,0.0,7.870308538644996,1998-02-15
17.63,33.16,0.0,9.076295369920764,1998-02-16
16.75,33.03,0.0,8.877453600049796,1998-02-17
15.87,33.92,0.0,8.702732697780826,1998-02-18
15.95,34.33,0.0,8.10108047760222,1998-02-19
16.39,35.18,0.0,9.383270946094276,1998-02-20
17.49,32.97,0.0,10.911402692532182,1998-02-21
16.2,31.55,0.0,8.874289114690898,1998-02-22
16.27,32.18,0.0,9.012252895616133,1998-02-23
17.27,34.27,0.0,8.29686091801035,1998-02-24
17.63,35.58,0.0,7.507200464918597,1998-02-25
18.95,36.55,0.0,8.647098261193365,1998-02-26
19.23,36.71,0.0,8.95744831452083,1998-02-27
18.78,35.72,0.0,9.11294897897726,1998-02-28
18.96,35.52,0.0,9.97170014857727,1998-03-01
17.48,35.15,0.0,9.857876321038962,1998-03-02
16.53,34.46,0.0,10.412415586401938,1998-03-03
16.67,33.65,0.0,11.004877177558228,1998-03-04
16.01,32.57,0.0,10.872338770202573,1998-03-05
16.52,32.03,0.0,10.150895540667772,1998-03-06
15.63,32.88,0.0,9.424376047108703,1998-03-07
16.61,33.49,0.0,8.778748297212115,1998-03-08
17.58,35.25,0.0,9.249064113898221,1998-03-09
16.79,36.24,0.0,8.973440279254408,1998-03-10
18.21,37.69,0.0,7.891872970876754,1998-03-11
19.46,39.38,0.0,7.261058128105842,1998-03-12
19.47,39.59,0.0,7.0816616349413835,1998-03-13
20.89,37.08,0.0,6.736177105431121,1998-03-14
21.12,36.78,0.0,10.523540996637182,1998-03-15
18.87,32.95,0.0,8.325318881920927,1998-03-16
19.33,35.4,0.0,9.092379827173714,1998-03-17
18.77,35.6,0.0,10.104184095828051,1998-03-18
19.73,36.92,0.0,10.408069196500277,1998-03-19
21.11,37.41,0.0,9.726473999709418,1998-03-20
21.97,38.5,0.0,10.041109520122717,1998-03-21
23.41,38.51,0.0,10.766039231003727,1998-03-22
21.09,38.72,0.0,10.975634013459233,1998-03-23
22.52,39.59,0.0,11.14972572759338,1998-03-24
22.69,39.42,0.0,11.908698699942832,1998-03-25
20.4,39.85,0.0,9.548450723312369,1998-03-26
19.99,39.68,0.0,9.21896975447359,1998-03-27
21.96,39.17,0.0,9.372254353829256,1998-03-28
22.54,39.55,0.0,10.47309107859399,1998-03-29
23.7,39.31,0.0,9.59095109097649,1998-03-30
24.48,41.13,0.0,11.049407495761049,1998-03-31
22.35,41.71,0.0,10.821108779712155,1998-04-01
23.28,42.32,0.0,10.133273751425675,1998-04-02
22.92,42.45,0.0,9.041372152475775,1998-04-03
24.21,42.99,0.02,8.87861931807341,1998-04-04
25.08,43.12,0.0,10.569101655061687,1998-04-05
26.25,42.91,0.0,9.984654010841252,1998-04-06
23.89,42.47,0.0,11.182495368729851,1998-04-07
24.08,42.31,0.07,9.378836391746397,1998-04-08
25.62,42.48,0.0,8.290909693608016,1998-04-09
28.04,39.59,0.02,8.61759519553929,1998-04-10
29.38,42.86,0.0,7.9395738950204,1998-04-11
29.6,43.88,0.0,7.502493148920418,1998-04-12
27.02,43.4,0.0,8.94231934867502,1998-04-13
26.48,40.49,0.0,5.8812032856537755,1998-04-14
28.25,42.37,0.0,7.412261967505175,1998-04-15
27.62,44.26,0.11,9.088890125998542,1998-04-16
27.04,44.33,0.01,6.719566483343008,1998-04-17
26.85,42.79,0.85,11.068460491144856,1998-04-18
30.05,40.87,0.09,8.795934558253137,1998-04-19
29.5,39.84,0.41,7.984629293496782,1998-04-20
29.6,41.2,0.0,5.753113554253819,1998-04-21
31.44,42.21,0.01,10.468428587404969,1998-04-22
30.06,42.87,0.0,11.57868940246637,1998-04-23
29.39,43.93,0.0,8.02961029609986,1998-04-24
29.8,43.27,0.07,7.6129061472879425,1998-04-25
28.32,43.41,0.0,6.042069787185106,1998-04-26
29.71,42.29,0.24,9.573027534914832,1998-04-27
27.76,41.91,1.54,10.01179749249,1998-04-28
30.28,38.78,4.54,9.441258598098088,1998-04-29
29.51,36.27,2.47,5.935665924961421,1998-04-30
27.53,39.76,0.0,8.023275082667775,1998-05-01
28.53,40.41,1.46,9.660029453735705,1998-05-02
28.92,40.19,1.43,8.523469144201982,1998-05-03
29.13,38.14,1.92,7.2756322047351984,1998-05-04
28.84,39.63,0.83,9.300634155167147,1998-05-05
29.66,41.92,0.0,10.898685259356581,1998-05-06
28.3,43.22,0.0,10.21040965351799,1998-05-07
26.63,41.3,0.08,8.792686544803534,1998-05-08
28.47,43.21,0.42,10.480063266974353,1998-05-09
29.01,42.19,0.44,9.550433592371972,1998-05-10
28.74,39.34,3.32,10.072205990098013,1998-05-11
28.21,37.59,2.31,8.705019034164303,1998-05-12
28.18,38.12,1.8,7.826584036031752,1998-05-13
27.87,40.72,1.18,7.421930677695692,1998-05-14
28.88,42.85,0.0,8.682667896647352,1998-05-15
28.68,40.58,1.61,9.496355987474624,1998-05-16
29.23,37.18,1.17,7.557727720618782,1998-05-17
27.79,39.78,0.23,7.687113716866405,1998-05-18
30.06,42.61,0.0,9.249533299692738,1998-05-19
29.53,41.37,0.0,11.595132847101812,1998-05-20
28.52,39.99,0.0,10.015008985539612,1998-05-21
28.46,42.24,0.11,9.083589996910776,1998-05-22
29.47,41.86,0.1,10.469113647657634,1998-05-23
29.45,42.77,0.17,10.581963019570521,1998-05-24
29.5,43.29,0.22,10.007380654885173,1998-05-25
29.52,43.64,0.91,9.19858671983769,1998-05-26
29.92,43.41,1.59,10.354431650636368,1998-05-27
30.13,41.74,0.32,9.783141563767359,1998-05-28
29.48,42.89,0.0,9.319008958358195,1998-05-29
30.97,44.05,0.05,9.535000642357103,1998-05-30
29.34,41.77,1.92,10.338403537568533,1998-05-31
29.25,39.12,1.55,8.577944395291858,1998-06-01
28.35,37.1,4.96,8.408722695045075,1998-06-02
26.08,37.28,0.49,7.006682923778591,1998-06-03
27.35,37.79,1.11,8.06838131400347,1998-06-04
27.85,37.19,7.47,8.15283162331514,1998-06-05
27.17,39.61,1.38,9.208150875874571,1998-06-06
27.21,36.88,9.8,8.109829274002967,1998-06-07
26.68,32.42,9.55,5.633566674747551,1998-06-08
25.55,35.0,4.72,6.325645686159866,1998-06-09
26.37,38.48,0.12,7.373271296257423,1998-06-10
27.18,39.2,1.47,7.610785613183524,1998-06-11
27.82,40.45,2.07,7.352291080377405,1998-06-12
26.92,41.31,0.0,8.215656754495157,1998-06-13
27.39,39.28,0.95,9.419506520277821,1998-06-14
26.93,39.07,2.32,9.582292400242942,1998-06-15
26.85,38.26,0.65,6.6523170045522795,1998-06-16
26.99,40.88,0.0,7.360426640601493,1998-06-17
27.43,38.12,14.01,9.015636297279238,1998-06-18
25.97,36.89,0.03,7.910534364140993,1998-06-19
26.53,35.37,6.6,6.992732782158031,1998-06-20
26.7,37.6,4.2,8.176014110108612,1998-06-21
26.39,35.56,5.3,7.114895721084311,1998-06-22
25.51,38.34,0.01,7.845722868521399,1998-06-23
26.8,39.83,1.3,9.205901050543119,1998-06-24
27.81,37.9,3.85,6.975154445173752,1998-06-25
26.69,37.02,3.9,7.717028279335604,1998-06-26
26.43,37.42,4.2,7.554057141727045,1998-06-27
25.92,35.89,5.79,7.852316093422424,1998-06-28
25.98,37.47,0.23,7.923464156347795,1998-06-29
26.17,38.32,1.59,8.76688953270021,1998-06-30
25.97,32.47,25.88,6.423547235608518,1998-07-01
24.76,32.47,13.32,6.3398799781566595,1998-07-02
23.51,36.83,0.32,7.780826586502632,1998-07-03
24.23,38.13,0.1,7.873322807889661,1998-07-04
25.96,37.92,1.92,8.043907871992346,1998-07-05
26.05,38.28,0.48,7.617016568886236,1998-07-06
25.7,38.75,0.65,7.492560650998591,1998-07-07
27.14,39.1,1.32,8.213904850481486,1998-07-08
27.06,38.38,2.08,8.319387380367829,1998-07-09
26.36,36.3,5.09,7.981192912711007,1998-07-10
24.88,30.43,11.23,5.040055878395225,1998-07-11
23.87,30.44,7.36,5.3596656835964795,1998-07-12
24.03,33.71,2.92,6.222064000608426,1998-07-13
24.51,34.21,2.96,5.028499521090087,1998-07-14
24.34,33.95,0.99,6.374207063757063,1998-07-15
24.62,33.33,3.34,6.735402011375758,1998-07-16
24.81,34.76,6.4,6.010755283099191,1998-07-17
24.32,34.31,5.21,6.841813751548492,1998-07-18
24.8,35.28,3.37,7.002442774385355,1998-07-19
25.23,33.23,4.39,5.9100959655852545,1998-07-20
24.2,32.78,5.79,4.939540377603964,1998-07-21
23.44,31.86,4.1,5.749016772836966,1998-07-22
23.87,34.24,0.98,5.2277594412825925,1998-07-23
24.93,36.52,2.26,7.294315016284798,1998-07-24
25.62,32.35,10.48,4.662770126484342,1998-07-25
25.06,33.49,2.07,6.352761283110125,1998-07-26
24.84,30.34,8.93,5.486476150425019,1998-07-27
23.6,32.08,3.16,2.9888922140295215,1998-07-28
23.73,32.9,4.72,5.553768506109812,1998-07-29
23.83,34.33,9.44,6.527134568271141,1998-07-30
24.63,31.77,19.89,5.79704216295894,1998-07-31
24.25,28.96,9.68,3.488878627825775,1998-08-01
22.83,31.06,3.69,5.134264181890706,1998-08-02
23.81,29.9,20.53,3.931007119095298,1998-08-03
23.35,31.29,3.13,4.014085115204441,1998-08-04
23.88,31.94,3.22,4.122803039663201,1998-08-05
23.78,31.08,3.09,5.585129074204175,1998-08-06
23.57,30.87,3.55,3.7734701885709208,1998-08-07
24.45,32.67,2.37,5.536533385690093,1998-08-08
23.79,33.86,1.44,5.593569287206115,1998-08-09
24.51,34.47,1.72,6.32793967506849,1998-08-10
25.1,33.36,4.69,5.648165779343163,1998-08-11
24.02,31.64,7.82,5.2484055560675325,1998-08-12
23.53,31.34,5.43,3.4759540957549713,1998-08-13
24.82,32.75,4.17,4.96103292506133,1998-08-14
23.63,32.01,2.39,4.1422550798361515,1998-08-15
22.83,32.78,1.19,5.199888220776962,1998-08-16
23.56,32.77,2.26,5.316361722708351,1998-08-17
24.08,33.79,6.5,5.938513248627155,1998-08-18
23.44,32.68,6.07,5.264413987303075,1998-08-19
23.78,30.2,5.52,4.239459896957156,1998-08-20
23.69,32.13,3.87,5.253056499702708,1998-08-21
23.9,32.11,12.64,5.710702449602193,1998-08-22
23.77,32.24,5.68,4.949187134793443,1998-08-23
24.22,31.39,6.7,4.118179821696861,1998-08-24
24.35,29.93,4.1,3.2536840306495565,1998-08-25
23.57,31.79,3.86,5.3997930514095405,1998-08-26
23.28,32.27,4.61,5.265416208113211,1998-08-27
24.44,34.18,4.15,4.05058719124006,1998-08-28
24.75,32.9,0.58,6.311050334394162,1998-08-29
24.47,32.6,0.34,5.44644029191159,1998-08-30
23.72,32.47,0.11,4.920756493281935,1998-08-31
23.27,33.52,0.47,5.850540884157496,1998-09-01
24.16,34.09,0.81,6.202181894511783,1998-09-02
23.82,30.89,10.86,5.297073044005982,1998-09-03
23.7,31.06,6.79,4.541202050435914,1998-09-04
23.47,31.07,12.06,5.121630288025615,1998-09-05
24.47,28.17,36.09,1.923577691310969,1998-09-06
23.23,28.82,20.13,4.0492727030449105,1998-09-07
22.92,27.54,15.07,2.911371737536567,1998-09-08
22.27,29.55,5.15,4.230332071228559,1998-09-09
23.04,32.7,4.39,5.465717642244038,1998-09-10
24.07,30.4,13.56,4.745288439107057,1998-09-11
22.71,30.59,4.91,4.128487340409564,1998-09-12
22.81,32.05,3.2,4.420281515642309,1998-09-13
23.77,32.57,6.78,3.891681773329108,1998-09-14
24.11,29.64,13.7,4.514555548532918,1998-09-15
23.44,29.18,5.26,3.179253394665586,1998-09-16
23.04,30.6,6.91,5.14805421586247,1998-09-17
22.92,31.19,12.55,3.2460708417271316,1998-09-18
22.79,30.36,5.66,5.244957607359432,1998-09-19
22.87,31.77,2.23,5.192015119170385,1998-09-20
22.92,31.57,4.51,5.353797637840456,1998-09-21
23.81,31.51,14.11,5.224951398888764,1998-09-22
24.07,30.75,1.07,5.086001612555919,1998-09-23
22.32,31.9,1.47,5.029151177952328,1998-09-24
22.36,31.83,1.84,4.966112947258708,1998-09-25
23.68,33.86,0.69,5.277203092838625,1998-09-26
22.93,32.25,0.64,4.874312833782338,1998-09-27
23.05,32.72,0.18,5.349899427956997,1998-09-28
22.57,33.39,1.2,5.465039783812267,1998-09-29
23.3,32.61,0.77,5.001973212162983,1998-09-30
23.78,31.73,0.43,5.515465415872306,1998-10-01
22.96,31.28,1.4,4.57208784491482,1998-10-02
24.03,34.65,0.02,5.595644037881919,1998-10-03
24.03,35.67,0.04,6.084672837081879,1998-10-04
23.57,35.21,0.03,5.807818342939084,1998-10-05
23.73,35.34,0.04,5.577524706101778,1998-10-06
23.68,36.34,0.0,5.374509762438117,1998-10-07
23.96,33.82,1.46,5.5252237042194166,1998-10-08
24.09,33.08,0.24,6.052267131857029,1998-10-09
22.71,34.16,0.74,5.6536507525442365,1998-10-10
24.05,34.37,1.74,6.0710774625791535,1998-10-11
24.12,34.74,0.69,6.098254938589329,1998-10-12
24.31,33.24,0.39,5.609425063978874,1998-10-13
22.9,34.71,0.64,5.115944667055041,1998-10-14
23.78,33.65,0.66,4.799729638461462,1998-10-15
23.09,36.92,0.0,5.976850350190535,1998-10-16
26.09,36.82,0.6,6.333154100818172,1998-10-17
24.51,35.54,0.08,6.130021317857483,1998-10-18
23.99,35.09,0.0,5.376088126003625,1998-10-19
24.15,36.35,0.0,5.721148686185444,1998-10-20
23.11,36.76,0.0,5.641732053804335,1998-10-21
22.91,36.15,0.07,5.770519469425092,1998-10-22
24.03,35.8,0.33,5.981551217110632,1998-10-23
24.57,35.85,0.2,5.859667507080791,1998-10-24
24.3,36.55,0.17,5.488273258312905,1998-10-25
23.35,37.23,0.05,5.916169994902274,1998-10-26
21.81,36.41,0.0,5.580421724941092,1998-10-27
23.23,36.26,0.44,5.874328300251227,1998-10-28
24.39,36.1,0.35,6.064791661696574,1998-10-29
21.27,35.6,0.0,6.323083581892112,1998-10-30
21.73,34.79,0.0,6.452895884709834,1998-10-31
19.86,34.7,0.0,6.979906148469068,1998-11-01
17.38,34.42,0.0,6.347464142965751,1998-11-02
18.76,35.15,0.0,5.519812428440347,1998-11-03
21.73,35.5,0.0,5.778566501594269,1998-11-04
23.33,36.15,0.0,5.3536848868080815,1998-11-05
21.56,35.79,0.0,7.215423829901183,1998-11-06
18.79,35.55,0.0,6.996925861534661,1998-11-07
19.62,35.67,0.0,6.3195795876890415,1998-11-08
18.36,34.99,0.0,6.658735871177836,1998-11-09
18.63,35.09,0.0,6.424302914179472,1998-11-10
17.44,33.84,0.0,6.0396773038132725,1998-11-11
17.95,34.41,0.0,6.14030145184906,1998-11-12
17.54,34.57,0.0,6.738841937534306,1998-11-13
18.49,35.14,0.0,7.102563056340462,1998-11-14
19.08,34.73,0.0,8.202938956390568,1998-11-15
17.5,35.31,0.0,7.914021754905683,1998-11-16
19.72,36.14,0.0,6.763056884287927,1998-11-17
20.6,35.58,0.0,5.945859500555425,1998-11-18
20.71,35.89,0.0,5.991510468731885,1998-11-19
20.49,36.0,0.0,5.700302136443074,1998-11-20
20.35,36.84,0.0,5.601931904029853,1998-11-21
20.72,36.36,0.0,5.229215955114222,1998-11-22
24.48,36.45,0.0,4.857500968241444,1998-11-23
21.0,36.72,0.0,6.42439688144554,1998-11-24
19.88,36.82,0.0,7.58095051494745,1998-11-25
18.72,35.19,0.0,7.572218185620759,1998-11-26
18.93,35.37,0.0,6.950289887684738,1998-11-27
18.78,35.32,0.0,7.3448160061529295,1998-11-28
18.37,35.18,0.0,6.790485613705459,1998-11-29
18.32,35.3,0.0,5.583633458484374,1998-11-30
19.32,35.12,0.0,5.822213548759065,1998-12-01
20.93,36.52,0.0,5.986927911190265,1998-12-02
21.5,36.16,0.0,5.360163290398937,1998-12-03
21.98,36.88,0.0,5.424681185312351,1998-12-04
21.54,37.14,0.0,6.468385801526872,1998-12-05
19.74,36.81,0.0,7.139426217014198,1998-12-06
18.64,36.2,0.0,6.723053308090711,1998-12-07
17.37,35.45,0.0,6.028285154631584,1998-12-08
17.74,34.76,0.0,6.227508216407635,1998-12-09
18.3,34.81,0.0,7.535308611353857,1998-12-10
18.96,34.57,0.0,7.3576559257093095,1998-12-11
19.62,33.3,0.0,6.937694020221605,1998-12-12
19.32,32.71,0.0,7.327043071594639,1998-12-13
17.66,31.91,0.0,7.760980858940579,1998-12-14
16.7,30.53,0.0,7.652087908478073,1998-12-15
15.54,29.89,0.0,7.292393889573964,1998-12-16
14.74,29.79,0.0,7.124492245627055,1998-12-17
14.52,29.9,0.0,7.179373251317596,1998-12-18
14.88,29.85,0.0,7.113455085797457,1998-12-19
13.66,29.75,0.0,6.740269862958577,1998-12-20
13.89,30.7,0.0,6.687250584293129,1998-12-21
15.05,30.97,0.0,7.383006262205534,1998-12-22
15.27,32.45,0.0,7.020506255066283,1998-12-23
15.76,32.93,0.0,7.069896061683563,1998-12-24
15.04,32.58,0.0,7.394995417220809,1998-12-25
15.2,32.98,0.0,7.38168326687752,1998-12-26
14.57,32.94,0.0,6.911204657610851,1998-12-27
15.72,33.77,0.0,7.342447155427808,1998-12-28
16.75,33.77,0.0,6.622326058905796,1998-12-29
17.71,34.39,0.0,6.540438136675807,1998-12-30
17.83,33.93,0.0,5.5166005468933275,1998-12-31
17.14,33.4,0.0,6.06483888214588,1999-01-01
18.74,32.81,0.0,7.043206032220967,1999-01-02
19.23,31.67,0.0,7.807217274541696,1999-01-03
19.14,33.03,0.0,8.064318722107862,1999-01-04
16.59,31.76,0.0,7.999055548307043,1999-01-05
16.05,31.04,0.0,8.15354305629304,1999-01-06
13.76,29.33,0.0,7.897452524445763,1999-01-07
14.43,28.38,0.0,7.296550719768232,1999-01-08
13.97,28.91,0.0,7.393930481123212,1999-01-09
13.57,29.76,0.0,6.469471664240076,1999-01-10
14.35,31.33,0.0,7.082430427575558,1999-01-11
16.17,32.38,0.0,7.631550365345796,1999-01-12
17.1,31.6,0.0,7.420092317184631,1999-01-13
18.0,33.0,0.0,6.584906947630386,1999-01-14
18.8,34.29,0.0,5.89237893728628,1999-01-15
18.06,34.25,0.0,6.8770421679831735,1999-01-16
17.34,34.88,0.0,7.602432843755577,1999-01-17
17.2,34.56,0.0,7.147781905838807,1999-01-18
17.42,33.85,0.0,6.210419862505723,1999-01-19
17.08,33.89,0.0,6.5964400077112835,1999-01-20
15.16,33.78,0.0,6.428715071264725,1999-01-21
15.14,33.78,0.0,6.656642939831724,1999-01-22
15.74,34.47,0.0,6.496170464282479,1999-01-23
16.42,33.84,0.0,7.7198647148348485,1999-01-24
16.07,33.42,0.0,8.276185567149161,1999-01-25
16.63,32.28,0.0,8.867720617658794,1999-01-26
16.02,33.35,0.0,8.260042380532699,1999-01-27
15.78,31.65,0.0,8.421157000402356,1999-01-28
15.59,31.62,0.0,8.14782760940116,1999-01-29
15.68,32.73,0.0,7.348803312778461,1999-01-30
15.9,33.35,0.0,7.137371010608057,1999-01-31
15.8,34.99,0.0,6.0437547956703,1999-02-01
17.73,34.47,0.0,6.568550034199254,1999-02-02
17.94,33.15,0.01,7.99101639654282,1999-02-03
19.44,32.08,0.0,9.525214901691024,1999-02-04
15.92,32.35,0.0,8.869216868733844,1999-02-05
14.76,28.17,0.0,8.607224496886792,1999-02-06
12.83,29.3,0.0,7.042584885308427,1999-02-07
13.8,31.6,0.0,6.43578863362855,1999-02-08
16.59,34.52,0.0,6.691097439935486,1999-02-09
17.68,35.37,0.0,7.387083230865601,1999-02-10
17.67,36.19,0.0,8.06009390193864,1999-02-11
17.31,36.02,0.0,8.091740508893622,1999-02-12
17.31,34.25,0.0,6.984670152543333,1999-02-13
20.11,36.89,0.0,6.5783424674850695,1999-02-14
20.37,38.33,0.0,6.481507300377692,1999-02-15
20.38,36.79,0.16,6.180102523663217,1999-02-16
21.27,35.49,0.01,6.492819944145862,1999-02-17
22.32,33.24,0.0,8.262381896525415,1999-02-18
19.7,33.26,0.0,8.760783436458672,1999-02-19
19.38,33.96,0.0,8.453723680935878,1999-02-20
16.11,32.97,0.0,8.320984163800356,1999-02-21
17.38,33.45,0.0,8.606010932549609,1999-02-22
17.7,34.58,0.0,8.814115242584634,1999-02-23
19.41,35.75,0.0,8.902678015754404,1999-02-24
19.59,36.79,0.0,8.759551450609367,1999-02-25
20.33,38.55,0.0,8.638176085708206,1999-02-26
22.43,39.56,0.0,8.18925238999783,1999-02-27
23.28,39.64,0.0,8.060369792674217,1999-02-28
21.5,38.51,0.0,7.6400216109608285,1999-03-01
23.2,39.14,0.0,9.132161485828362,1999-03-02
22.0,39.05,0.0,7.641900847045388,1999-03-03
23.39,39.12,0.0,8.456428195561102,1999-03-04
22.3,38.7,0.0,6.566855599291533,1999-03-05
24.11,39.89,0.0,9.543920511969027,1999-03-06
21.88,39.54,0.0,8.605460888984396,1999-03-07
23.14,38.88,0.0,8.596083023886402,1999-03-08
22.39,40.29,0.0,7.4970775525450515,1999-03-09
21.63,40.58,0.0,8.313073964909547,1999-03-10
22.05,40.11,0.0,9.476574480495378,1999-03-11
23.27,39.23,0.0,11.21937311330372,1999-03-12
21.62,39.62,0.0,8.763132309850583,1999-03-13
21.53,39.52,0.0,7.916466482406922,1999-03-14
21.88,40.9,0.0,8.957643017567056,1999-03-15
24.16,40.91,0.0,5.829033316740462,1999-03-16
27.77,41.05,0.0,7.968887761816736,1999-03-17
26.6,40.31,0.0,10.880734836801341,1999-03-18
24.54,40.71,0.0,9.543387913131975,1999-03-19
23.99,40.21,0.0,11.448766955902151,1999-03-20
22.83,39.44,0.0,11.848713696500845,1999-03-21
21.05,40.3,0.0,8.494342831621896,1999-03-22
22.41,41.53,0.0,9.337905465849861,1999-03-23
25.44,40.91,0.0,10.324460324694599,1999-03-24
23.42,40.77,0.0,10.996629513989323,1999-03-25
22.77,41.5,0.0,10.26257200407949,1999-03-26
21.58,40.84,0.0,9.125714873702986,1999-03-27
24.15,38.28,0.0,6.531329816250991,1999-03-28
24.5,40.11,0.0,6.187389500433659,1999-03-29
25.99,41.12,0.0,5.942009725142593,1999-03-30
23.52,41.23,0.0,7.948923389706386,1999-03-31
23.18,41.65,0.0,9.433482017461042,1999-04-01
23.42,41.02,0.0,10.22273603974392,1999-04-02
22.02,41.0,0.0,9.651289143748532,1999-04-03
20.77,40.49,0.0,8.366639025148201,1999-04-04
23.97,40.0,0.05,8.509602040609934,1999-04-05
26.02,38.83,0.0,9.594714978431657,1999-04-06
24.0,38.02,0.16,7.4124975117486755,1999-04-07
25.1,39.08,0.0,9.533128729546464,1999-04-08
25.34,39.84,0.0,10.519963921415707,1999-04-09
25.2,40.88,0.0,10.300584549937199,1999-04-10
24.9,42.15,0.0,11.835953861670895,1999-04-11
23.24,42.41,0.0,10.617632906244452,1999-04-12
24.24,41.76,0.0,7.021753235807482,1999-04-13
26.17,38.01,0.14,7.523416150686532,1999-04-14
28.67,39.75,0.01,9.61475602557994,1999-04-15
28.62,42.06,0.01,9.113676579652644,1999-04-16
28.24,43.34,0.01,8.61027506941663,1999-04-17
27.1,43.11,0.01,7.7673382256998575,1999-04-18
28.1,42.92,0.0,8.845429185200327,1999-04-19
26.91,42.38,1.85,8.109260443110266,1999-04-20
26.29,41.03,0.13,8.347353431580029,1999-04-21
27.89,42.49,0.01,7.795893473434432,1999-04-22
27.35,43.49,0.04,8.56627868775493,1999-04-23
27.12,41.12,0.64,9.304355277535324,1999-04-24
28.26,38.9,0.04,8.260618045284385,1999-04-25
27.65,41.14,0.0,7.048558285147184,1999-04-26
30.36,41.03,1.23,9.939733694266371,1999-04-27
28.79,39.57,0.24,9.9353343632491,1999-04-28
28.8,38.28,0.01,7.522197847649016,1999-04-29
27.53,42.26,0.0,7.629699951250935,1999-04-30
27.22,42.63,0.0,8.425122083888809,1999-05-01
28.74,41.91,0.42,8.865526223915532,1999-05-02
29.45,42.17,0.13,8.00004970971162,1999-05-03
27.29,41.19,0.29,7.572969582492316,1999-05-04
29.18,42.04,0.01,6.890220757132473,1999-05-05
29.37,41.94,0.12,8.122946645739619,1999-05-06
30.74,41.85,0.24,9.727141568987069,1999-05-07
28.95,42.16,0.6,9.119307848882292,1999-05-08
28.83,42.58,0.0,8.353457065378821,1999-05-09
29.8,42.3,0.04,6.979498771988924,1999-05-10
27.14,43.03,0.09,9.920113191670987,1999-05-11
27.11,37.76,13.19,7.913103893060797,1999-05-12
26.67,39.87,0.17,8.060643468838945,1999-05-13
27.56,37.58,2.97,7.596375336881735,1999-05-14
27.19,33.2,104.16,6.46911009242878,1999-05-15
24.58,33.79,0.83,6.580718535589543,1999-05-16
24.69,37.54,0.0,7.4574763997771365,1999-05-17
26.72,40.14,0.63,6.947935830509648,1999-05-18
27.63,41.51,0.03,7.381914336920641,1999-05-19
26.19,40.68,0.42,7.5876342307357385,1999-05-20
26.64,39.61,0.85,9.1047186910079,1999-05-21
25.99,40.33,0.0,8.899628194231298,1999-05-22
28.52,39.36,4.47,9.034342384181961,1999-05-23
27.0,37.97,1.87,7.426304332203107,1999-05-24
26.58,39.06,1.55,7.918143894015126,1999-05-25
26.79,36.66,1.32,6.61307034893961,1999-05-26
26.19,38.73,1.17,6.563596244860032,1999-05-27
26.15,39.01,0.28,7.331917873051905,1999-05-28
26.42,40.28,0.17,7.6893559730349965,1999-05-29
25.31,39.48,0.0,7.8323009048268295,1999-05-30
27.1,38.5,0.26,7.901220498541615,1999-05-31
26.77,41.38,0.0,7.371562561004055,1999-06-01
27.67,41.06,0.02,7.474475082373317,1999-06-02
27.21,39.16,0.02,9.164553616048826,1999-06-03
27.29,38.26,0.27,7.635315771175884,1999-06-04
27.15,36.86,0.6,8.18773062377084,1999-06-05
26.78,39.47,0.0,7.184621217937375,1999-06-06
26.74,41.08,0.01,7.565676002217591,1999-06-07
27.47,41.82,0.03,7.461746452557112,1999-06-08
28.58,40.82,0.92,8.233174244904356,1999-06-09
27.16,40.38,0.25,8.30512801846318,1999-06-10
27.82,41.3,0.31,8.145970567332698,1999-06-11
28.45,39.14,0.36,9.252170866727715,1999-06-12
28.25,40.03,0.08,8.684088686904541,1999-06-13
28.76,41.11,0.16,7.794712558585035,1999-06-14
27.8,40.97,2.53,8.403297358855387,1999-06-15
25.83,39.79,0.05,8.67145733587849,1999-06-16
27.18,40.72,0.02,8.56131549685747,1999-06-17
26.77,40.05,0.29,8.911920962637435,1999-06-18
27.54,38.71,0.0,8.652667754841865,1999-06-19
27.08,36.34,2.22,7.224115913903267,1999-06-20
25.84,39.67,1.25,8.205823398235252,1999-06-21
26.59,39.8,0.39,8.927406249351009,1999-06-22
27.61,38.42,6.91,8.167691117923669,1999-06-23
26.6,31.69,8.06,5.024434430401429,1999-06-24
24.67,37.16,0.1,7.534094545220867,1999-06-25
25.89,34.35,0.07,6.802410144363672,1999-06-26
25.03,38.48,0.5,7.290780380438567,1999-06-27
27.32,36.64,1.02,7.069917413620369,1999-06-28
25.25,36.7,0.66,7.401112073971943,1999-06-29
25.64,39.54,0.01,7.509728561688213,1999-06-30
27.13,40.56,2.28,8.236620345693467,1999-07-01
26.18,36.56,0.32,7.599866058860292,1999-07-02
25.98,33.7,6.41,5.925870173520017,1999-07-03
25.05,34.39,0.85,4.22344650021324,1999-07-04
25.63,38.65,0.01,6.85241464185917,1999-07-05
25.4,39.15,2.11,8.734727770661987,1999-07-06
26.33,34.82,4.8,7.312256774424858,1999-07-07
25.7,34.16,5.63,6.682446383075074,1999-07-08
25.15,33.58,4.6,5.564485216195857,1999-07-09
24.47,35.94,4.85,6.2338492207514,1999-07-10
24.13,35.88,3.08,7.558455528412621,1999-07-11
25.23,30.29,10.25,5.296292306841469,1999-07-12
24.06,34.8,3.86,6.208755321199502,1999-07-13
24.34,28.95,6.98,3.726531500546362,1999-07-14
22.63,34.42,3.19,6.562652861089118,1999-07-15
24.77,33.53,11.47,6.68043313968038,1999-07-16
25.19,31.64,7.25,5.187490127810045,1999-07-17
23.84,31.82,8.65,5.829081465623079,1999-07-18
23.37,34.01,2.85,5.171345144216042,1999-07-19
24.84,34.49,2.66,6.284529980498353,1999-07-20
24.44,31.52,13.08,5.0151235867349,1999-07-21
24.3,32.07,3.52,5.634336689505227,1999-07-22
24.11,32.1,10.16,4.692416859517804,1999-07-23
24.68,31.38,2.54,5.658032263755195,1999-07-24
23.81,30.84,11.02,5.3334542288434355,1999-07-25
24.01,32.14,6.12,5.3116096995787645,1999-07-26
23.12,31.2,8.2,4.715705571948941,1999-07-27
23.71,33.6,4.66,6.078815738257583,1999-07-28
23.81,31.39,10.77,5.1893273182296715,1999-07-29
24.4,30.07,3.34,4.241876657856252,1999-07-30
23.43,32.38,3.0,5.147927230780402,1999-07-31
24.07,33.75,2.83,5.67407831519638,1999-08-01
23.22,34.69,0.15,5.661001482570588,1999-08-02
24.26,33.36,1.88,5.1500928921001075,1999-08-03
22.99,30.65,7.23,4.495275835473075,1999-08-04
23.21,32.86,0.66,5.7134469537282,1999-08-05
23.99,32.26,3.98,3.6571485678621642,1999-08-06
23.63,31.51,5.6,4.637549403993051,1999-08-07
23.59,29.67,18.32,4.771740264187291,1999-08-08
23.65,29.81,2.56,3.595709185911485,1999-08-09
23.18,32.17,2.01,4.433329112123234,1999-08-10
23.44,33.84,1.15,5.498529139074396,1999-08-11
23.84,30.87,3.73,5.165064789505426,1999-08-12
23.42,31.39,1.81,3.6625997330811826,1999-08-13
23.83,32.09,9.98,5.069372435877412,1999-08-14
23.36,31.55,4.32,5.3231538012419115,1999-08-15
24.1,32.36,4.65,4.403794396665505,1999-08-16
23.49,33.33,4.36,4.976271623996782,1999-08-17
23.7,31.49,6.73,5.166570637231379,1999-08-18
22.82,31.07,3.68,5.399913060715878,1999-08-19
22.29,32.26,1.09,4.206804351625276,1999-08-20
23.49,32.11,3.02,5.3244985213507805,1999-08-21
23.2,30.16,7.93,4.038309898163997,1999-08-22
22.78,26.92,13.51,3.5076400541665795,1999-08-23
21.59,29.03,25.7,3.568120600692206,1999-08-24
22.64,31.81,3.49,5.448969030464655,1999-08-25
23.16,31.2,9.09,2.927955405734739,1999-08-26
23.17,28.89,10.58,3.6131383843010707,1999-08-27
22.8,29.24,24.99,4.708061524250053,1999-08-28
21.97,31.52,0.43,5.41023515503547,1999-08-29
22.72,33.4,1.04,4.978242461650459,1999-08-30
23.35,32.31,1.48,5.78719067859511,1999-08-31
21.83,33.37,0.25,4.727738704529311,1999-09-01
23.65,34.54,1.08,5.101576931294774,1999-09-02
23.82,33.41,5.03,5.5875446652227785,1999-09-03
24.03,32.21,0.55,5.398485757672414,1999-09-04
23.66,31.11,3.12,4.496995556646117,1999-09-05
23.27,31.23,7.18,4.606649683712595,1999-09-06
24.04,29.79,3.77,4.133711921133656,1999-09-07
23.77,29.83,3.37,4.505735722754934,1999-09-08
22.25,30.29,9.69,4.858219793152345,1999-09-09
22.55,31.27,3.14,5.266726874864456,1999-09-10
23.2,29.68,3.58,2.747037959711554,1999-09-11
22.33,30.14,3.05,4.933863966698371,1999-09-12
23.6,32.05,4.03,4.908758937821113,1999-09-13
24.01,30.62,5.83,4.865160605109941,1999-09-14
22.74,31.1,3.99,4.842399776409505,1999-09-15
22.73,32.7,0.24,5.261293049615942,1999-09-16
22.92,33.55,2.47,3.5476903447364476,1999-09-17
23.52,30.67,5.09,5.209794712333472,1999-09-18
22.3,29.79,4.27,4.745456182665734,1999-09-19
22.05,33.46,4.83,5.265865627955142,1999-09-20
24.12,30.44,7.97,4.319496575708179,1999-09-21
23.62,30.96,5.49,4.423965255724067,1999-09-22
21.31,33.8,0.04,5.527532577478397,1999-09-23
23.01,33.45,5.04,5.734330392810389,1999-09-24
23.52,31.98,4.78,5.362407797214634,1999-09-25
22.28,30.32,6.76,4.731057832588919,1999-09-26
22.9,30.67,4.74,4.963287730852724,1999-09-27
22.06,33.61,1.09,5.2676587211442625,1999-09-28
23.36,32.69,1.18,5.229850768834477,1999-09-29
22.79,34.44,0.67,6.153579958445189,1999-09-30
22.82,34.19,2.73,5.8659185664007785,1999-10-01
23.36,32.67,2.56,5.637439510235324,1999-10-02
23.61,32.56,0.15,4.534604860338032,1999-10-03
24.71,35.07,0.25,6.091157310823106,1999-10-04
22.95,35.51,0.37,6.426686187020654,1999-10-05
23.31,33.39,0.1,5.279659527272291,1999-10-06
22.73,33.55,0.02,6.018755881687333,1999-10-07
22.45,35.62,0.09,6.009207228016291,1999-10-08
22.75,36.49,0.11,5.734284867200046,1999-10-09
23.84,36.46,0.28,6.780136871354458,1999-10-10
24.31,36.26,0.17,6.116143164059107,1999-10-11
24.14,36.32,0.06,5.865397815581006,1999-10-12
23.91,37.25,0.0,6.431421016101445,1999-10-13
23.93,35.99,0.16,5.783013703726536,1999-10-14
24.18,32.28,0.36,5.007584069001749,1999-10-15
22.64,33.27,0.04,5.712348398877518,1999-10-16
22.45,36.39,0.0,5.729036280411091,1999-10-17
22.12,36.1,0.0,6.0842235651537635,1999-10-18
22.52,36.59,0.0,6.628013320313473,1999-10-19
21.56,36.34,0.0,5.893630322737597,1999-10-20
20.99,37.17,0.0,6.370785659128086,1999-10-21
21.26,36.91,0.0,7.279902047376646,1999-10-22
22.95,37.92,0.0,6.498607859158527,1999-10-23
21.12,36.89,0.0,5.607225711716302,1999-10-24
22.25,36.84,0.0,6.751357114948567,1999-10-25
21.03,34.88,0.0,5.459435439615869,1999-10-26
22.86,37.45,0.0,5.949015105826246,1999-10-27
20.92,37.41,0.0,7.121782122090664,1999-10-28
19.77,36.28,0.0,6.061676021907355,1999-10-29
20.52,36.21,0.0,6.411357748149707,1999-10-30
20.38,35.93,0.0,6.759435357657624,1999-10-31
19.15,36.06,0.0,6.015111850767519,1999-11-01
18.3,35.77,0.0,7.084966010927089,1999-11-02
19.2,36.01,0.0,6.974752760740315,1999-11-03
21.09,35.97,0.0,6.288031161685915,1999-11-04
19.65,35.51,0.0,8.356736914880274,1999-11-05
19.19,35.46,0.0,8.479587144946995,1999-11-06
18.21,35.27,0.0,8.424689047819372,1999-11-07
17.66,34.77,0.0,7.534010282176131,1999-11-08
18.41,35.75,0.0,6.179194266212564,1999-11-09
19.61,36.65,0.0,5.156687334111882,1999-11-10
19.74,36.6,0.0,6.021792957158829,1999-11-11
23.37,36.78,0.0,6.348140728537262,1999-11-12
21.14,36.93,0.0,7.287180563745305,1999-11-13
20.56,36.29,0.0,7.812819398302683,1999-11-14
18.83,35.82,0.0,6.192107194996898,1999-11-15
18.44,35.79,0.0,6.124933058182863,1999-11-16
21.14,36.03,0.0,6.09072363183945,1999-11-17
20.49,36.3,0.0,7.048787393125405,1999-11-18
19.33,35.82,0.0,6.436394505630583,1999-11-19
19.15,36.92,0.0,7.068156386005183,1999-11-20
18.06,37.09,0.0,6.207859387043501,1999-11-21
17.69,35.99,0.0,8.105195680850096,1999-11-22
16.76,35.62,0.0,7.614349870662267,1999-11-23
17.53,35.73,0.0,7.749220987868852,1999-11-24
17.75,34.95,0.0,7.005292734372032,1999-11-25
20.07,33.99,0.0,6.668392446344862,1999-11-26
20.68,34.41,0.0,6.012881913063578,1999-11-27
18.2,34.64,0.0,6.977081722267251,1999-11-28
17.39,34.38,0.0,6.6697728325057595,1999-11-29
18.41,34.39,0.0,6.579567253318701,1999-11-30
19.1,34.65,0.0,6.6361246786549835,1999-12-01
17.99,35.35,0.0,8.139606479178894,1999-12-02
17.11,34.41,0.0,8.025065371854303,1999-12-03
16.61,34.04,0.0,7.720945999743736,1999-12-04
15.8,32.98,0.0,7.507248423513475,1999-12-05
15.81,33.53,0.0,7.3948079544587735,1999-12-06
16.36,34.22,0.0,7.086042717913105,1999-12-07
16.41,33.94,0.0,7.223687618611721,1999-12-08
16.35,33.11,0.0,7.861922727521005,1999-12-09
16.6,32.72,0.0,7.867625249019286,1999-12-10
16.11,32.51,0.0,7.650258229660347,1999-12-11
16.32,30.94,0.0,7.516855603980788,1999-12-12
16.8,28.76,0.0,6.808451521775653,1999-12-13
16.49,29.03,0.0,6.7507282930000825,1999-12-14
14.62,31.45,0.0,6.710487756001489,1999-12-15
14.55,31.84,0.0,6.606912865551819,1999-12-16
14.68,32.71,0.0,6.004137758033853,1999-12-17
16.14,33.6,0.0,6.443168841701582,1999-12-18
14.79,31.66,0.0,7.661689031687957,1999-12-19
14.48,30.99,0.0,7.582927817089971,1999-12-20
13.98,32.39,0.0,7.21011318570876,1999-12-21
14.53,33.49,0.0,7.260889695514883,1999-12-22
16.57,30.96,0.0,7.708759672971794,1999-12-23
15.04,31.31,0.0,7.36737358848507,1999-12-24
15.85,30.21,0.0,7.803662114110082,1999-12-25
16.19,29.32,0.0,7.798486913333898,1999-12-26
16.04,29.43,0.0,7.755038114342017,1999-12-27
13.83,30.23,0.0,7.144078171635198,1999-12-28
13.04,30.54,0.0,6.726194910001842,1999-12-29
13.73,31.76,0.0,6.298888031140176,1999-12-30
15.12,33.36,0.0,6.63188322204194,1999-12-31
15.86,34.38,0.0,6.238413176130919,2000-01-01
16.21,32.11,0.0,7.624915367403374,2000-01-02
16.34,29.79,0.0,7.4632784273320345,2000-01-03
16.63,31.07,0.0,7.445597055092523,2000-01-04
17.86,30.24,0.0,6.933381362446113,2000-01-05
17.1,30.62,0.0,6.935078373289369,2000-01-06
17.19,31.38,0.0,7.507672976933363,2000-01-07
17.02,31.65,0.0,6.980943178510434,2000-01-08
17.48,31.67,0.0,7.1128442019061575,2000-01-09
17.3,31.24,0.0,7.321610270339288,2000-01-10
17.84,32.42,0.0,7.001043510163614,2000-01-11
17.77,33.48,0.0,6.321049203382274,2000-01-12
18.8,34.41,0.0,5.956445117017068,2000-01-13
18.15,33.09,0.0,6.549263679119748,2000-01-14
18.28,34.7,0.0,6.3411212355046205,2000-01-15
19.97,35.26,0.0,8.00267243976147,2000-01-16
19.09,35.39,0.0,7.810673027140462,2000-01-17
18.6,35.34,0.0,6.999651444702334,2000-01-18
18.09,36.16,0.0,6.597142192242698,2000-01-19
19.4,35.97,0.0,7.088905408234487,2000-01-20
20.35,35.89,0.0,7.096809646989204,2000-01-21
21.11,36.97,0.0,7.111210541453044,2000-01-22
21.82,35.37,0.0,7.132550267755303,2000-01-23
21.29,36.29,0.0,8.564873301759274,2000-01-24
19.13,37.12,0.0,7.607125166529279,2000-01-25
19.58,38.03,0.0,9.541905956810723,2000-01-26
20.94,38.0,0.0,11.70366027212416,2000-01-27
20.98,35.35,0.0,10.49275754309781,2000-01-28
18.72,33.34,0.0,10.023320813979865,2000-01-29
16.97,32.96,0.0,8.630188885457162,2000-01-30
17.88,30.69,0.0,9.114584678259906,2000-01-31
14.46,28.02,0.0,8.571052800621796,2000-02-01
12.88,28.83,0.0,8.329179060077385,2000-02-02
12.29,29.1,0.0,8.275406692225426,2000-02-03
12.38,28.96,0.0,8.352475073794466,2000-02-04
12.7,30.79,0.0,8.570883681950727,2000-02-05
12.86,30.86,0.0,9.008764593074417,2000-02-06
14.0,29.23,0.0,9.31166736972729,2000-02-07
13.08,29.51,0.0,8.280654137068568,2000-02-08
14.68,29.35,0.0,8.788385139048161,2000-02-09
12.0,29.12,0.0,8.26081017628389,2000-02-10
11.83,29.44,0.0,8.23390645741752,2000-02-11
11.49,30.1,0.0,8.44968167914818,2000-02-12
12.2,29.8,0.0,8.441159786918348,2000-02-13
11.92,30.49,0.0,8.175655125336325,2000-02-14
13.0,31.47,0.0,8.519687101791524,2000-02-15
14.0,31.53,0.0,8.622054365217654,2000-02-16
14.58,32.23,0.0,9.096238009076325,2000-02-17
14.98,32.49,0.0,9.136821435618335,2000-02-18
15.79,33.09,0.0,9.159251172530185,2000-02-19
15.81,35.51,0.0,8.311889032430914,2000-02-20
17.87,37.07,0.0,8.65946004644228,2000-02-21
19.08,36.93,0.0,9.775152480320708,2000-02-22
18.73,35.68,0.0,9.243188599395227,2000-02-23
18.69,37.22,0.0,10.260892875384748,2000-02-24
18.73,37.79,0.0,10.701058967731562,2000-02-25
18.68,33.29,0.0,10.314107109992356,2000-02-26
16.41,31.19,0.0,9.599664576754357,2000-02-27
16.08,31.89,0.0,8.697906730969038,2000-02-28
16.52,33.18,0.0,8.748712437648164,2000-02-29
18.85,35.14,0.0,9.654973946843905,2000-03-01
18.15,34.73,0.0,10.002896382908224,2000-03-02
17.38,35.92,0.0,10.015409155724532,2000-03-03
18.6,36.71,0.0,10.438813072683889,2000-03-04
19.4,36.66,0.0,11.096198545769168,2000-03-05
17.79,36.57,0.0,10.511680745886109,2000-03-06
18.45,36.89,0.0,11.901971127413088,2000-03-07
19.37,35.8,0.0,11.769476127859544,2000-03-08
17.58,33.92,0.0,10.712867600277226,2000-03-09
15.65,34.35,0.0,10.103217891213191,2000-03-10
15.44,34.3,0.0,9.505865457547468,2000-03-11
17.72,34.77,0.0,10.985026186505822,2000-03-12
18.38,35.11,0.0,10.701818182024674,2000-03-13
17.56,36.42,0.0,9.151333530126745,2000-03-14
18.95,37.55,0.0,8.69615265020123,2000-03-15
20.41,38.39,0.0,8.308625491143852,2000-03-16
22.99,39.14,0.0,8.748263392605468,2000-03-17
22.35,39.5,0.0,9.177220752829193,2000-03-18
20.4,37.28,0.0,9.112249968340675,2000-03-19
20.0,36.45,0.0,10.122931413860433,2000-03-20
18.26,36.11,0.0,9.10317697276458,2000-03-21
19.55,38.1,0.0,8.716803169572918,2000-03-22
19.19,38.69,0.0,8.431993450708024,2000-03-23
20.25,38.94,0.0,8.772496982510342,2000-03-24
21.03,39.55,0.03,9.062251283421475,2000-03-25
23.24,38.64,0.0,8.990152040280854,2000-03-26
24.56,38.3,0.0,7.746710324090054,2000-03-27
24.72,39.76,0.0,6.6656995089562,2000-03-28
24.69,41.37,0.0,9.861322098830097,2000-03-29
22.85,41.41,0.0,10.747362986886833,2000-03-30
20.79,40.67,0.0,8.516694760150168,2000-03-31
21.99,42.07,0.0,7.299939184835675,2000-04-01
24.54,41.95,0.0,6.166231915576126,2000-04-02
22.71,41.9,0.31,7.580513218361189,2000-04-03
26.16,41.64,0.09,7.557961621220594,2000-04-04
27.43,43.06,0.0,9.601250049991096,2000-04-05
24.82,42.9,0.0,10.523399917430334,2000-04-06
24.3,41.33,0.0,7.564374983851397,2000-04-07
23.16,42.39,0.0,8.395850346671182,2000-04-08
27.37,42.71,0.0,8.050123927978445,2000-04-09
25.47,43.04,0.0,8.568770204575584,2000-04-10
26.42,43.36,0.0,7.205931430771298,2000-04-11
26.64,43.68,0.0,7.8027293335762895,2000-04-12
25.36,43.81,0.0,8.054517980046771,2000-04-13
25.56,43.24,0.0,8.511706266594222,2000-04-14
26.8,44.21,0.0,8.153062124614555,2000-04-15
26.02,43.29,0.05,8.494717645330661,2000-04-16
25.34,43.74,0.0,9.929521482744883,2000-04-17
25.26,43.75,0.0,8.74416588902877,2000-04-18
25.81,41.65,0.0,9.512807441499374,2000-04-19
24.15,41.56,0.0,7.420482139663933,2000-04-20
26.32,40.97,0.08,8.663548850812003,2000-04-21
29.4,38.84,3.53,8.406922252853674,2000-04-22
27.95,40.11,0.01,8.165828965814825,2000-04-23
26.34,42.28,0.0,9.728476044501319,2000-04-24
23.29,41.4,0.0,9.684408104496843,2000-04-25
25.74,42.44,0.0,7.9119055184210705,2000-04-26
26.05,42.88,0.0,7.350953401631368,2000-04-27
24.67,42.92,0.08,7.235159848977868,2000-04-28
26.85,41.42,1.8,9.77574721166796,2000-04-29
28.07,40.67,0.71,8.844440226464169,2000-04-30
28.37,41.08,0.42,8.861459520624079,2000-05-01
27.83,41.78,0.25,8.110291809568706,2000-05-02
28.91,41.81,0.79,8.499219741660312,2000-05-03
27.62,42.95,0.04,8.334640913963614,2000-05-04
27.5,44.57,0.0,8.336078719413402,2000-05-05
26.4,43.41,0.09,8.519997659290429,2000-05-06
28.12,43.51,0.03,9.319883494295365,2000-05-07
25.3,41.76,0.0,8.273314132790224,2000-05-08
29.18,42.71,0.0,7.9572501122134645,2000-05-09
28.42,42.78,0.0,9.912044690019016,2000-05-10
27.43,42.73,0.05,8.226306054875097,2000-05-11
26.87,42.51,0.0,7.50279506935634,2000-05-12
26.29,41.97,0.13,7.063039075151365,2000-05-13
27.85,42.09,0.0,8.804634682227173,2000-05-14
29.22,41.41,0.05,8.375423539946901,2000-05-15
28.83,42.72,0.0,7.455979727938333,2000-05-16
28.49,44.33,0.02,8.618925562598198,2000-05-17
26.87,42.27,0.12,9.378995289019484,2000-05-18
29.91,43.25,0.78,10.124524051060316,2000-05-19
30.43,42.39,0.55,8.399819351072544,2000-05-20
30.84,43.82,0.47,8.888475121862053,2000-05-21
29.46,41.64,1.2,11.665712827946741,2000-05-22
27.79,42.07,0.28,10.447281009247245,2000-05-23
28.38,39.66,0.84,10.508977924747473,2000-05-24
26.72,40.02,0.28,9.029697188693907,2000-05-25
27.46,41.4,0.39,9.847249784556958,2000-05-26
28.06,40.01,0.57,10.177693055579063,2000-05-27
28.4,40.81,0.11,9.333408037316877,2000-05-28
28.89,40.79,0.17,9.181016062147203,2000-05-29
29.29,42.12,0.52,9.479073739204457,2000-05-30
28.65,39.86,0.76,9.023288074957462,2000-05-31
29.42,39.5,0.04,8.015462510901651,2000-06-01
29.42,40.98,0.18,9.92159265663693,2000-06-02
28.79,41.44,1.23,9.757013383887937,2000-06-03
28.5,38.74,1.42,9.723781881011725,2000-06-04
27.07,37.36,1.37,5.904925213700389,2000-06-05
27.47,32.63,2.43,7.469493155854872,2000-06-06
24.94,37.39,1.47,6.802982766730931,2000-06-07
25.79,37.6,2.02,6.792900730756496,2000-06-08
27.12,40.63,0.81,8.122925135706485,2000-06-09
28.05,40.52,0.54,9.231714675699841,2000-06-10
27.26,36.31,0.11,7.666221610353556,2000-06-11
26.3,39.42,0.21,8.71113276729848,2000-06-12
26.89,40.82,0.38,8.888401910117512,2000-06-13
27.57,40.32,1.22,9.650988180393043,2000-06-14
27.39,40.84,0.02,9.078699791649772,2000-06-15
27.55,39.32,3.16,9.536655037410926,2000-06-16
27.08,36.12,5.72,6.535470050203885,2000-06-17
27.31,34.75,9.87,6.793094612488844,2000-06-18
25.59,37.8,0.16,7.299828381379502,2000-06-19
26.79,39.27,0.07,8.094119104321585,2000-06-20
26.74,39.93,0.04,8.345464954368213,2000-06-21
27.38,39.26,5.1,9.62689737761225,2000-06-22
26.73,32.71,0.26,7.751009822649666,2000-06-23
25.35,37.88,0.0,7.753716913346187,2000-06-24
25.83,38.08,4.99,8.032689668478563,2000-06-25
25.96,37.07,2.87,6.080211339317662,2000-06-26
24.81,38.76,0.0,6.408309456355015,2000-06-27
25.83,40.51,0.77,8.343701070810969,2000-06-28
26.82,39.01,2.98,8.276119331270257,2000-06-29
26.05,35.59,0.64,7.16725160064901,2000-06-30
26.04,35.61,8.59,7.95626046183783,2000-07-01
24.5,36.49,3.33,7.186777727660147,2000-07-02
25.69,38.58,0.94,8.568263792768247,2000-07-03
25.76,33.16,11.06,6.789440861579816,2000-07-04
23.99,34.72,1.47,5.248052113637829,2000-07-05
24.49,34.47,0.2,5.06614129248322,2000-07-06
25.09,38.38,0.11,7.585838534154195,2000-07-07
25.92,37.66,0.88,8.568357985407836,2000-07-08
26.45,35.38,6.57,8.75437063862174,2000-07-09
25.74,34.58,1.48,6.858687598514649,2000-07-10
24.38,36.94,1.35,7.469598380738471,2000-07-11
25.0,38.51,1.19,5.264549968455628,2000-07-12
26.27,39.6,0.05,7.52265369032775,2000-07-13
26.6,35.64,19.25,7.829911199629707,2000-07-14
24.57,34.69,2.14,7.201099284456722,2000-07-15
25.0,34.0,3.24,6.828034189462708,2000-07-16
24.67,27.53,16.3,3.7581756487446882,2000-07-17
23.57,29.48,13.1,5.048354537438581,2000-07-18
23.55,32.08,3.29,5.143014141668938,2000-07-19
24.31,33.81,5.05,6.816016503526855,2000-07-20
24.08,32.13,11.91,4.506397671379547,2000-07-21
24.26,33.23,8.14,5.7343114368298185,2000-07-22
23.72,31.36,5.35,4.828112022346916,2000-07-23
23.87,29.85,18.52,3.5689033054446546,2000-07-24
22.52,31.44,2.29,5.587314484678861,2000-07-25
23.32,31.61,3.37,4.979026202877345,2000-07-26
23.66,34.96,0.0,5.85397813496193,2000-07-27
25.06,36.05,8.65,7.354594190448599,2000-07-28
24.03,30.51,3.88,4.48061737635763,2000-07-29
22.85,27.13,12.82,2.8554129473890715,2000-07-30
21.74,32.98,0.14,4.910155164206916,2000-07-31
24.1,35.52,1.09,6.170535186741761,2000-08-01
23.83,32.45,2.36,6.258742860238317,2000-08-02
23.2,30.28,5.92,3.2814585597691885,2000-08-03
24.06,33.29,0.21,5.250056594876786,2000-08-04
22.45,34.52,1.85,5.921520168993188,2000-08-05
23.51,34.8,0.22,6.5109156583582495,2000-08-06
23.82,33.98,1.39,5.790295802952274,2000-08-07
23.99,34.32,3.68,6.57225333655067,2000-08-08
24.06,31.84,9.13,3.596455635479573,2000-08-09
22.83,32.62,1.03,4.9806469182934165,2000-08-10
24.21,32.66,5.11,5.087474422573213,2000-08-11
23.15,31.87,4.03,5.834163660791936,2000-08-12
24.13,31.54,4.71,4.94990302062504,2000-08-13
22.79,32.98,4.8,4.916938605126914,2000-08-14
23.61,30.02,21.38,4.795696969618689,2000-08-15
22.36,30.08,8.34,3.437359440553419,2000-08-16
22.95,31.72,0.17,5.235180075612568,2000-08-17
22.81,31.49,14.26,2.807326030374168,2000-08-18
23.6,30.46,0.8,4.640107218240571,2000-08-19
22.75,32.45,1.13,3.545952573513126,2000-08-20
23.42,33.65,0.05,6.059271740362939,2000-08-21
23.44,34.33,0.94,6.285287463830151,2000-08-22
23.42,33.21,0.76,6.083009189906597,2000-08-23
23.68,34.03,1.4,4.592834123368633,2000-08-24
24.15,35.54,1.0,5.538937088883967,2000-08-25
24.83,35.96,2.74,6.549413527458223,2000-08-26
24.31,35.71,1.74,5.981503546229973,2000-08-27
24.02,36.24,0.54,5.9419350727298825,2000-08-28
24.58,34.9,2.61,6.033856489155767,2000-08-29
24.89,31.22,2.29,5.314342299365468,2000-08-30
24.66,32.89,0.87,5.559495156641379,2000-08-31
23.42,34.7,0.55,6.245263266715288,2000-09-01
23.83,37.54,0.46,6.760297426556972,2000-09-02
25.08,38.38,2.03,7.583689903649874,2000-09-03
25.88,36.79,0.85,7.023715392012736,2000-09-04
26.19,33.93,2.56,5.97075702909787,2000-09-05
24.56,34.16,6.17,4.695319037190309,2000-09-06
24.01,34.9,2.89,6.294931807728568,2000-09-07
23.48,35.78,0.36,6.569965968369649,2000-09-08
23.65,37.41,0.01,6.7961469867119355,2000-09-09
23.13,37.16,0.43,7.095948141721521,2000-09-10
24.88,36.88,0.51,7.190967920809575,2000-09-11
23.78,32.96,0.01,5.509801516555461,2000-09-12
23.26,31.98,11.8,5.176864071078357,2000-09-13
23.65,32.83,3.09,5.148744640488866,2000-09-14
24.23,34.28,1.94,5.782737492830469,2000-09-15
23.27,32.91,6.19,5.4321530634777675,2000-09-16
23.9,30.07,4.41,4.908556579290118,2000-09-17
23.59,35.12,0.53,5.904221619561818,2000-09-18
22.4,34.42,5.76,5.52449100491334,2000-09-19
23.54,34.74,1.69,5.280132183618533,2000-09-20
23.01,34.46,1.94,5.849240920952421,2000-09-21
23.08,37.3,2.34,6.656398669542036,2000-09-22
24.26,35.13,4.74,6.505251095817444,2000-09-23
23.66,30.98,2.4,5.131487285525194,2000-09-24
23.76,35.24,0.0,5.700932969922568,2000-09-25
23.22,38.43,0.36,6.317958683540657,2000-09-26
22.55,36.19,4.56,5.999757543323848,2000-09-27
25.24,34.74,0.02,5.980354706920074,2000-09-28
23.77,35.08,1.9,4.411360944669875,2000-09-29
23.22,35.93,0.37,6.454961192180746,2000-09-30
23.74,35.21,0.91,5.48528229662494,2000-10-01
24.59,37.48,0.88,6.387633406256229,2000-10-02
23.98,37.81,0.05,7.205679317309301,2000-10-03
25.16,36.39,0.33,7.686534751112798,2000-10-04
23.69,36.06,1.14,6.4561636922643295,2000-10-05
24.11,36.88,0.02,5.9470571606272005,2000-10-06
25.72,38.12,0.7,7.267217344403077,2000-10-07
24.24,37.66,1.04,6.400295556259505,2000-10-08
25.08,35.33,0.86,5.789514889734231,2000-10-09
24.13,34.49,0.21,5.682852878429832,2000-10-10
22.86,37.5,0.12,6.243503305820736,2000-10-11
23.26,38.56,0.47,6.222073016289629,2000-10-12
24.59,38.93,0.16,6.230333877989077,2000-10-13
24.63,39.12,0.03,6.38375913925854,2000-10-14
25.98,38.13,0.0,7.28958640131612,2000-10-15
24.76,38.85,0.0,6.239584581426275,2000-10-16
25.17,38.73,0.04,6.697615155323735,2000-10-17
23.56,38.64,0.06,6.21153873189443,2000-10-18
23.84,38.12,0.75,7.213237036834187,2000-10-19
25.35,37.17,1.39,7.436634898264867,2000-10-20
23.23,36.6,0.27,5.682110312490358,2000-10-21
24.07,37.13,0.46,6.562840493639225,2000-10-22
23.33,37.31,0.0,5.87116168169513,2000-10-23
23.21,37.97,0.0,6.634309001378126,2000-10-24
20.73,37.42,0.0,6.924094663087514,2000-10-25
20.72,37.57,0.0,7.112827470951676,2000-10-26
21.13,37.17,0.0,7.088135229546087,2000-10-27
20.4,36.38,0.0,5.533069735321696,2000-10-28
21.51,36.35,0.0,5.541066358840168,2000-10-29
19.73,36.6,0.0,6.548719917593271,2000-10-30
21.0,36.04,0.0,6.199368646859825,2000-10-31
19.59,36.9,0.0,6.8051901926237575,2000-11-01
21.02,35.85,0.0,6.261320978351916,2000-11-02
21.3,37.77,0.0,6.063664527802785,2000-11-03
20.44,38.13,0.0,7.807717652143387,2000-11-04
20.75,37.0,0.0,9.052821502541518,2000-11-05
18.6,36.31,0.0,7.526164905945181,2000-11-06
18.64,36.04,0.0,7.2731108785006,2000-11-07
18.4,36.54,0.0,6.567211612890443,2000-11-08
18.34,36.35,0.0,6.825678443155497,2000-11-09
18.35,36.72,0.0,7.390948399005353,2000-11-10
18.0,36.95,0.0,7.112540772355697,2000-11-11
19.84,35.69,0.0,6.3244570617885385,2000-11-12
19.16,36.23,0.0,7.543298497342312,2000-11-13
17.95,36.12,0.0,6.857161848777444,2000-11-14
18.21,36.3,0.0,6.884645211755796,2000-11-15
18.72,36.22,0.0,6.389439912545788,2000-11-16
19.24,36.25,0.0,6.908573964685831,2000-11-17
18.0,36.23,0.0,6.880731994576105,2000-11-18
18.89,35.96,0.0,5.339526051558517,2000-11-19
19.91,37.08,0.0,6.157129432417346,2000-11-20
18.7,37.01,0.0,6.432626306277489,2000-11-21
18.38,37.01,0.0,6.264237639879861,2000-11-22
18.31,37.06,0.0,6.449651530734428,2000-11-23
18.97,36.05,0.0,5.414349640215091,2000-11-24
19.1,36.4,0.0,5.243336807128739,2000-11-25
18.13,36.68,0.0,7.331282997799854,2000-11-26
17.73,36.04,0.0,8.951492344249267,2000-11-27
18.11,34.82,0.0,8.5102080029908,2000-11-28
16.46,34.09,0.0,6.881608740923576,2000-11-29
16.82,33.1,0.0,7.93148181588481,2000-11-30
15.05,30.66,0.0,7.143595568526131,2000-12-01
14.75,33.08,0.0,7.118429371378596,2000-12-02
14.66,32.94,0.0,7.271276968285657,2000-12-03
14.11,32.56,0.0,7.706971036877171,2000-12-04
14.18,31.73,0.0,7.69662719128414,2000-12-05
14.89,31.91,0.0,7.962408944839535,2000-12-06
15.3,32.03,0.0,7.865470631254704,2000-12-07
13.71,31.57,0.0,6.976727289703361,2000-12-08
16.86,30.85,0.0,7.031389076056693,2000-12-09
17.89,28.05,0.0,6.753294457126363,2000-12-10
17.51,29.3,0.0,7.296889492323105,2000-12-11
17.37,30.29,0.0,7.8874194920196965,2000-12-12
17.0,28.15,0.0,7.813855380702464,2000-12-13
14.63,28.71,0.0,7.19582799714415,2000-12-14
16.2,27.33,0.0,6.945567391313053,2000-12-15
14.16,30.32,0.0,6.487831403201518,2000-12-16
14.84,30.94,0.0,6.795052430073109,2000-12-17
14.93,32.75,0.0,7.057317438366974,2000-12-18
14.79,33.81,0.0,6.514691405608777,2000-12-19
15.26,34.07,0.0,5.765853037063421,2000-12-20
16.77,33.12,0.0,5.208806367258464,2000-12-21
17.48,34.21,0.0,6.236202381410593,2000-12-22
16.61,34.26,0.0,6.823584996922437,2000-12-23
15.67,34.56,0.0,7.18861060115193,2000-12-24
15.45,34.5,0.0,6.562082032533718,2000-12-25
15.59,34.37,0.0,7.006682399644584,2000-12-26
17.05,34.24,0.0,6.929887873942844,2000-12-27
17.76,34.55,0.0,7.375045240919979,2000-12-28
15.28,33.6,0.0,8.04401553137208,2000-12-29
14.45,33.41,0.0,7.666315791545319,2000-12-30
14.53,32.65,0.0,7.4563966034482725,2000-12-31
13.97,32.36,0.0,7.518818277392946,2001-01-01
15.86,31.27,0.0,7.3089083777955715,2001-01-02
14.83,31.45,0.0,7.7063230633149935,2001-01-03
15.25,30.65,0.0,7.724886368240797,2001-01-04
14.04,30.76,0.0,7.644435105672215,2001-01-05
15.24,28.0,0.0,6.794050845967525,2001-01-06
15.37,29.91,0.0,7.188329624033712,2001-01-07
14.26,30.05,0.0,7.33222564759183,2001-01-08
15.13,30.08,0.0,7.28581580400741,2001-01-09
14.27,31.52,0.0,7.743058710835173,2001-01-10
15.22,31.72,0.0,8.303112254710012,2001-01-11
13.66,32.0,0.0,7.121528123011105,2001-01-12
13.74,33.17,0.0,6.084009835089221,2001-01-13
15.14,33.98,0.0,5.912001321419263,2001-01-14
15.21,34.21,0.0,6.114455573378833,2001-01-15
15.34,34.44,0.0,7.168837081015127,2001-01-16
15.88,33.25,0.0,8.680079209916178,2001-01-17
14.81,33.06,0.0,9.424699972664374,2001-01-18
15.41,31.95,0.0,8.751502436358841,2001-01-19
13.98,31.26,0.0,8.230225866501083,2001-01-20
13.21,31.5,0.0,8.288965787432733,2001-01-21
12.5,31.28,0.0,8.833316507402738,2001-01-22
12.44,29.58,0.0,8.31216357075514,2001-01-23
14.93,30.36,0.0,8.29305444894075,2001-01-24
13.25,30.3,0.0,7.629895394400197,2001-01-25
13.0,30.35,0.0,7.640756634985081,2001-01-26
12.82,30.63,0.0,7.628622667476077,2001-01-27
12.96,32.16,0.0,7.733606481134033,2001-01-28
13.58,33.56,0.0,7.0936259013875,2001-01-29
14.53,34.02,0.0,7.055903494752552,2001-01-30
16.26,35.01,0.0,8.538119953006179,2001-01-31
16.0,34.28,0.0,9.84741603777551,2001-02-01
17.36,33.11,0.0,9.57486073242442,2001-02-02
14.81,33.9,0.0,9.320794647378028,2001-02-03
14.82,32.97,0.0,9.105077667295582,2001-02-04
14.68,32.09,0.0,8.285140161551771,2001-02-05
15.82,32.23,0.0,8.543446382893125,2001-02-06
15.95,31.89,0.0,7.973047455278363,2001-02-07
14.57,32.28,0.0,8.237974354972957,2001-02-08
12.66,32.29,0.0,8.503243286874838,2001-02-09
14.06,32.12,0.0,9.654824386863464,2001-02-10
14.33,31.23,0.0,9.669721702203127,2001-02-11
13.1,28.64,0.0,8.80143320561717,2001-02-12
13.2,27.3,0.0,9.102396494789984,2001-02-13
10.67,27.71,0.0,7.845878940017754,2001-02-14
12.84,29.48,0.0,7.904596803687637,2001-02-15
13.43,32.2,0.0,7.4956333694239925,2001-02-16
16.27,33.89,0.0,8.10317029946663,2001-02-17
16.66,34.2,0.0,7.557214313571832,2001-02-18
17.59,35.55,0.0,8.605556275264805,2001-02-19
16.78,36.11,0.0,9.919424835507112,2001-02-20
18.02,36.68,0.0,10.530449239725005,2001-02-21
19.51,35.32,0.0,10.289996448691697,2001-02-22
19.69,35.18,0.0,10.059758189678165,2001-02-23
16.78,35.96,0.0,9.789914706874235,2001-02-24
17.0,37.24,0.0,8.685043967847841,2001-02-25
19.27,38.12,0.0,9.076801417709918,2001-02-26
19.84,39.15,0.0,8.700501416716172,2001-02-27
20.75,37.35,0.0,9.359389353830755,2001-02-28
19.81,37.89,0.0,9.151349244736718,2001-03-01
20.45,39.22,0.0,9.646057226406441,2001-03-02
20.57,39.46,0.0,10.655997176105158,2001-03-03
22.49,39.65,0.0,11.758626340128636,2001-03-04
21.59,38.81,0.0,10.240945927175094,2001-03-05
20.64,37.84,0.0,11.55637616745656,2001-03-06
16.97,36.65,0.0,10.304126348176455,2001-03-07
15.74,36.73,0.0,8.692862407148464,2001-03-08
16.49,37.44,0.0,7.934295411831619,2001-03-09
18.25,38.47,0.0,6.997176009373546,2001-03-10
21.25,39.06,0.0,6.956154728338754,2001-03-11
19.4,39.58,0.0,8.417393861961983,2001-03-12
19.77,39.4,0.0,9.331111948215607,2001-03-13
22.83,38.04,0.0,9.218644055761661,2001-03-14
20.05,38.31,0.0,8.032246964544658,2001-03-15
21.15,38.45,0.0,9.380058842322416,2001-03-16
19.98,38.86,0.0,9.815640463302664,2001-03-17
19.2,38.91,0.0,7.70298947536169,2001-03-18
20.4,39.82,0.0,8.65809292750034,2001-03-19
20.29,40.35,0.0,9.629455632156992,2001-03-20
20.37,40.14,0.0,9.801407297840685,2001-03-21
19.96,40.41,0.0,10.942426427890563,2001-03-22
20.1,39.27,0.0,9.82405225421876,2001-03-23
19.76,39.4,0.0,9.067485957512584,2001-03-24
21.67,39.6,0.0,7.71436800879175,2001-03-25
23.09,40.53,0.0,7.501884910398552,2001-03-26
23.97,41.13,0.0,7.7623998875248486,2001-03-27
22.94,41.15,0.0,9.715550947684449,2001-03-28
21.84,40.95,0.0,8.189196175696871,2001-03-29
26.19,42.08,0.0,7.314733957575608,2001-03-30
23.15,42.16,0.0,7.288987353996499,2001-03-31
22.67,41.37,0.0,8.65865207594887,2001-04-01
21.97,40.82,0.0,7.611193564568184,2001-04-02
21.67,39.52,0.0,6.395218068971568,2001-04-03
26.16,38.67,0.0,8.22989666922853,2001-04-04
24.57,40.71,0.0,10.48667726796986,2001-04-05
24.83,36.44,0.0,8.067315466637561,2001-04-06
23.07,40.08,0.0,10.367768162546216,2001-04-07
22.98,40.63,0.0,10.92604774587395,2001-04-08
22.54,40.32,0.0,10.949497510209873,2001-04-09
22.87,41.73,0.0,10.843109159820793,2001-04-10
23.04,39.95,0.0,10.315244607528518,2001-04-11
23.72,40.57,0.0,9.6984959650078,2001-04-12
26.91,41.07,0.0,6.918556719438351,2001-04-13
24.33,41.85,0.0,7.929016342544247,2001-04-14
27.4,42.67,0.0,7.501215582380641,2001-04-15
29.39,42.36,0.01,7.891918871878358,2001-04-16
29.79,42.1,0.0,9.33722053220311,2001-04-17
29.72,40.56,0.02,9.880140699040165,2001-04-18
27.67,38.59,0.0,8.098835939897576,2001-04-19
27.24,42.5,0.0,8.401926638708794,2001-04-20
29.16,43.95,0.04,6.272465315037074,2001-04-21
28.35,41.85,0.03,10.259108238656554,2001-04-22
29.15,39.46,0.08,9.139139728282503,2001-04-23
28.56,41.2,0.0,8.587742567367552,2001-04-24
27.57,42.1,0.0,8.059373834152202,2001-04-25
28.63,43.46,0.0,9.288337749240155,2001-04-26
27.03,43.88,0.0,9.25761248523601,2001-04-27
27.65,43.29,0.0,8.793585364496964,2001-04-28
26.54,42.51,0.0,7.8811715802310385,2001-04-29
28.52,41.58,0.0,10.327169531825582,2001-04-30
30.31,40.02,2.31,8.752770316208348,2001-05-01
30.57,38.45,0.0,8.118538403015776,2001-05-02
27.03,44.02,0.0,9.680535492931387,2001-05-03
27.02,42.36,0.05,10.030363637231533,2001-05-04
29.11,41.2,1.42,10.366465263155876,2001-05-05
29.04,39.17,0.77,7.493756507869125,2001-05-06
29.21,42.01,0.0,7.848433612124184,2001-05-07
28.41,43.11,0.0,9.740745597996908,2001-05-08
29.36,41.2,0.57,9.926053928224484,2001-05-09
29.17,42.34,1.06,10.26864735390916,2001-05-10
29.47,41.04,0.06,10.853047236477432,2001-05-11
29.21,41.13,0.11,10.621074166860375,2001-05-12
28.25,39.52,0.04,10.319323529350763,2001-05-13
28.39,42.13,0.02,10.077173586751874,2001-05-14
29.17,40.87,0.09,10.836401415121264,2001-05-15
28.76,36.32,0.24,7.756573766818435,2001-05-16
28.93,41.02,0.39,7.840387050996121,2001-05-17
30.77,41.24,0.2,8.364119025846799,2001-05-18
29.56,40.8,0.06,8.03342018838191,2001-05-19
29.99,39.99,0.07,8.92688784531867,2001-05-20
30.46,39.87,0.74,7.838877463072488,2001-05-21
30.31,41.65,0.35,6.782186707769533,2001-05-22
26.4,41.86,0.09,7.853297308020503,2001-05-23
26.92,41.37,0.01,8.548238979433288,2001-05-24
28.36,37.61,0.46,9.689937886540166,2001-05-25
27.45,40.48,1.77,10.258618247622493,2001-05-26
27.55,39.55,0.42,9.946225183445199,2001-05-27
28.25,40.69,0.01,8.736401983320198,2001-05-28
27.17,39.59,1.26,9.204778129880436,2001-05-29
28.29,38.31,2.67,9.6367815276538,2001-05-30
28.29,39.05,0.12,8.643334783811754,2001-05-31
28.14,40.35,0.18,7.570427622261325,2001-06-01
27.81,39.12,0.0,9.306808702125524,2001-06-02
26.47,38.28,0.11,9.07069312615685,2001-06-03
26.79,39.42,0.02,8.225350218278512,2001-06-04
28.35,39.22,8.1,9.080489704191619,2001-06-05
27.05,38.96,0.12,8.072144780069856,2001-06-06
28.25,39.93,0.15,7.79393914734173,2001-06-07
28.38,38.83,3.7,9.487853122511925,2001-06-08
27.62,39.84,0.08,10.052515251628641,2001-06-09
26.1,38.69,0.92,9.815075457516354,2001-06-10
26.33,38.81,0.63,9.222502134200305,2001-06-11
27.49,38.17,1.01,8.160693708701924,2001-06-12
26.92,40.14,1.52,8.696191058649672,2001-06-13
26.71,40.08,0.78,10.132198920524633,2001-06-14
27.22,34.49,9.68,7.855237849623148,2001-06-15
26.35,36.16,3.04,8.003676523341502,2001-06-16
26.66,38.49,0.21,8.402811374632622,2001-06-17
26.45,38.94,0.36,9.58436841997108,2001-06-18
27.04,38.21,2.01,9.214660238132508,2001-06-19
26.02,35.84,6.61,7.450954285805332,2001-06-20
26.07,37.0,2.89,7.497452865652803,2001-06-21
26.54,36.92,2.38,8.26855731912662,2001-06-22
25.88,36.75,0.35,7.214233804526144,2001-06-23
26.72,36.37,4.94,8.044417129565499,2001-06-24
25.74,37.58,0.67,7.418937536699529,2001-06-25
25.77,37.53,3.26,8.238688791197571,2001-06-26
26.35,35.96,1.19,7.452084945948428,2001-06-27
25.74,31.71,4.64,7.166224075147654,2001-06-28
23.76,35.74,1.59,6.470603267183104,2001-06-29
24.62,35.97,3.07,7.423145724635749,2001-06-30
26.0,35.34,3.94,7.191212918136218,2001-07-01
25.98,36.16,0.72,6.539224710951115,2001-07-02
26.34,38.07,2.25,7.905873464042869,2001-07-03
26.37,34.84,2.31,7.71145049963022,2001-07-04
24.73,34.74,7.53,5.829038540021649,2001-07-05
24.7,36.56,4.81,7.675083815869523,2001-07-06
25.11,34.86,6.51,6.4311229866159705,2001-07-07
25.34,37.76,2.34,7.488174606612248,2001-07-08
25.42,36.77,8.25,7.663155741989657,2001-07-09
25.56,36.06,1.19,6.741605799622767,2001-07-10
25.5,38.47,1.51,7.508675111282525,2001-07-11
26.41,37.8,0.12,7.116632712735115,2001-07-12
25.8,39.7,0.01,8.963767294486187,2001-07-13
25.65,39.89,0.26,9.584876643495885,2001-07-14
26.29,38.13,2.88,6.75166263686848,2001-07-15
25.75,32.48,9.29,5.655390203039834,2001-07-16
24.17,32.12,2.46,4.69597080214741,2001-07-17
24.72,35.79,3.32,6.7146820240488445,2001-07-18
24.89,35.78,7.23,7.5739143607235535,2001-07-19
25.72,32.0,11.18,6.437154403086323,2001-07-20
24.59,31.65,3.15,4.796730737910852,2001-07-21
24.49,32.72,3.71,4.986168726187879,2001-07-22
24.05,33.5,7.07,6.039390337455319,2001-07-23
23.59,31.05,5.21,5.199413157676581,2001-07-24
23.47,31.89,3.08,5.549241803161339,2001-07-25
24.17,33.54,3.3,5.443410154471708,2001-07-26
23.15,34.38,4.05,6.2482141883024696,2001-07-27
24.34,35.73,2.74,7.527986762196362,2001-07-28
24.34,29.83,27.49,3.7405807742155224,2001-07-29
23.0,29.82,16.11,5.034835272095914,2001-07-30
23.27,28.27,14.72,4.267309213302837,2001-07-31
22.87,29.36,4.19,3.859870371647931,2001-08-01
22.82,33.91,0.56,6.407703693081467,2001-08-02
23.15,32.04,10.41,5.842375540072459,2001-08-03
23.14,32.18,0.42,5.109302792258467,2001-08-04
23.71,33.8,0.77,5.822017352090413,2001-08-05
23.84,35.39,0.57,5.5879026688743645,2001-08-06
24.83,31.49,1.21,5.729120441257418,2001-08-07
23.48,32.34,0.76,5.327345737398494,2001-08-08
22.67,33.23,1.7,5.480203679149663,2001-08-09
23.29,35.79,0.13,6.256681564692123,2001-08-10
24.62,35.87,2.56,7.134494962700423,2001-08-11
24.97,32.1,1.95,5.335502639681192,2001-08-12
23.96,34.32,2.76,6.0787710508128585,2001-08-13
24.23,31.73,7.97,5.36692684444964,2001-08-14
24.21,31.57,5.84,4.985738443365677,2001-08-15
23.79,32.76,1.01,5.776729267224772,2001-08-16
23.5,33.73,5.74,6.37208889037764,2001-08-17
24.03,32.63,14.07,3.6349380611725373,2001-08-18
24.49,30.37,6.7,4.4382244319209745,2001-08-19
24.58,30.52,9.56,4.384322748854286,2001-08-20
23.89,31.86,1.11,4.8684687449198725,2001-08-21
23.4,32.72,2.49,6.004217388420248,2001-08-22
23.05,33.44,3.41,6.066072425995074,2001-08-23
24.41,29.58,7.62,4.954971117384727,2001-08-24
24.22,32.7,4.16,3.9212933882983587,2001-08-25
23.09,33.21,4.98,5.539978583459236,2001-08-26
23.97,32.94,9.07,5.627096694817034,2001-08-27
23.8,32.8,1.95,5.784947432444095,2001-08-28
23.56,31.54,0.13,4.626920737966344,2001-08-29
24.06,31.12,5.66,5.577108556706135,2001-08-30
23.99,32.15,6.63,5.54676305462989,2001-08-31
23.73,32.24,6.65,5.646290993866877,2001-09-01
23.6,29.15,14.48,3.2806066770195494,2001-09-02
23.32,29.61,0.65,3.347832518609789,2001-09-03
22.73,32.95,4.16,5.615252006073625,2001-09-04
23.75,34.38,0.82,5.845766490305374,2001-09-05
23.78,32.0,3.14,5.066302502433369,2001-09-06
24.32,30.44,4.35,4.722394288294875,2001-09-07
23.5,31.8,1.87,5.5161607833234685,2001-09-08
24.38,31.57,1.34,4.216634033039302,2001-09-09
22.87,33.53,0.01,5.311705745266559,2001-09-10
22.22,36.88,0.01,6.2898120255387,2001-09-11
23.56,36.78,1.73,6.781313962651734,2001-09-12
23.85,33.64,0.18,5.638094196135386,2001-09-13
22.48,33.89,0.45,5.270143549561663,2001-09-14
24.36,34.07,0.29,6.4913591582783114,2001-09-15
23.42,35.19,0.35,6.14030820926408,2001-09-16
23.37,35.32,0.26,6.89813917537953,2001-09-17
24.16,30.48,12.35,5.653261661584066,2001-09-18
23.18,29.39,11.36,4.057330012800834,2001-09-19
22.21,32.13,4.02,5.025885383882791,2001-09-20
22.63,35.62,0.58,6.267587450964736,2001-09-21
23.12,34.91,5.69,6.2813775598386945,2001-09-22
22.91,31.88,10.94,5.280490723155347,2001-09-23
22.81,32.86,0.12,5.71625440941796,2001-09-24
22.18,36.05,0.48,6.499027715568587,2001-09-25
23.78,33.14,3.22,5.8557809564880134,2001-09-26
23.51,32.5,4.91,5.3152729667336915,2001-09-27
21.41,35.43,0.06,5.546618070091364,2001-09-28
23.19,36.04,0.31,6.273875448813469,2001-09-29
23.12,37.26,0.0,6.102234469951979,2001-09-30
23.26,38.07,0.08,6.265302913194623,2001-10-01
23.74,33.06,0.09,5.445399279425304,2001-10-02
23.85,35.78,0.06,5.898752097620487,2001-10-03
23.59,35.1,2.87,5.838103972547158,2001-10-04
24.08,36.5,0.93,6.040932520132161,2001-10-05
23.48,37.82,0.0,6.067497016473601,2001-10-06
22.88,37.68,0.0,6.750006443050342,2001-10-07
24.59,37.24,0.01,6.621696212643355,2001-10-08
23.97,38.09,0.09,6.617122549196342,2001-10-09
24.12,38.03,0.01,6.352095643844457,2001-10-10
24.07,38.58,0.0,6.503666247438048,2001-10-11
22.01,38.72,0.0,6.737278278484806,2001-10-12
23.14,37.07,0.0,5.552908928316236,2001-10-13
22.1,37.23,0.0,6.325330461352304,2001-10-14
23.01,37.25,0.0,5.8680092936292905,2001-10-15
22.21,37.3,0.0,5.957329678148835,2001-10-16
21.22,37.45,0.0,6.432409744595633,2001-10-17
24.69,37.59,0.0,6.564444629460174,2001-10-18
23.86,38.32,0.0,6.999288000102155,2001-10-19
22.21,37.99,0.0,7.652132949639568,2001-10-20
20.2,37.95,0.0,7.624309254042436,2001-10-21
21.37,38.04,0.0,8.091228278043145,2001-10-22
21.09,37.12,0.0,7.551923358790564,2001-10-23
19.5,36.48,0.0,6.592238395192639,2001-10-24
21.34,35.74,0.0,6.079377668442195,2001-10-25
19.38,35.67,0.0,7.142386776357861,2001-10-26
18.6,35.93,0.0,6.9481041877996335,2001-10-27
18.68,35.58,0.0,6.876464099969495,2001-10-28
19.34,35.16,0.0,7.007689532854028,2001-10-29
18.88,34.91,0.0,6.557317604552917,2001-10-30
18.84,34.78,0.0,6.738248209221352,2001-10-31
17.86,34.7,0.0,7.309702532182329,2001-11-01
17.72,35.32,0.0,8.04809674946492,2001-11-02
18.89,35.33,0.0,8.38742384611163,2001-11-03
18.65,35.81,0.0,7.985891808064763,2001-11-04
18.03,36.04,0.0,7.1699502804280835,2001-11-05
18.5,36.05,0.0,7.58329142086371,2001-11-06
18.66,35.95,0.0,7.999270691186327,2001-11-07
19.14,35.78,0.0,7.295499625271213,2001-11-08
19.67,36.55,0.0,5.9789926043623245,2001-11-09
19.91,36.63,0.0,5.289088672228573,2001-11-10
20.03,36.99,0.0,5.7717001363273175,2001-11-11
22.23,37.88,0.0,6.306636157192921,2001-11-12
19.75,37.62,0.0,7.680347071402601,2001-11-13
17.64,36.56,0.0,7.111388096761278,2001-11-14
18.14,36.36,0.0,6.722486586202093,2001-11-15
17.5,36.06,0.0,8.931566062437534,2001-11-16
16.12,35.76,0.0,8.0554361818931,2001-11-17
17.39,34.36,0.0,8.018034843962932,2001-11-18
18.23,33.98,0.0,7.314465269110267,2001-11-19
18.3,34.65,0.0,7.271990214914685,2001-11-20
18.26,34.94,0.0,8.121756467346842,2001-11-21
18.15,34.57,0.0,7.611629753872077,2001-11-22
17.02,34.15,0.0,6.7553596382303756,2001-11-23
17.74,34.97,0.0,6.231957408087538,2001-11-24
18.67,35.85,0.0,6.2158485605452105,2001-11-25
18.96,35.97,0.0,6.553574614982984,2001-11-26
18.71,36.24,0.0,6.837200380521454,2001-11-27
18.27,36.12,0.0,7.700408823402841,2001-11-28
17.48,35.79,0.0,8.032701593897887,2001-11-29
17.74,35.63,0.0,7.726580937019655,2001-11-30
18.43,33.1,0.0,6.476168572526503,2001-12-01
17.57,34.98,0.0,6.878557179582181,2001-12-02
18.54,34.33,0.0,7.455272350723563,2001-12-03
18.84,34.61,0.0,8.820014037343707,2001-12-04
17.7,33.44,0.0,8.771276169171218,2001-12-05
16.98,33.08,0.0,8.528891785633787,2001-12-06
16.42,30.39,0.0,7.350394616454746,2001-12-07
14.58,30.4,0.0,6.778544965589284,2001-12-08
15.53,31.4,0.0,6.322229505495222,2001-12-09
16.57,32.85,0.0,6.56354575514451,2001-12-10
17.54,34.38,0.0,8.148199836097936,2001-12-11
17.84,33.99,0.0,7.473736428245012,2001-12-12
18.89,34.42,0.0,7.667264133713127,2001-12-13
17.5,35.54,0.0,8.293377279816754,2001-12-14
17.69,36.31,0.0,8.572992750076455,2001-12-15
18.41,36.41,0.0,8.700293842730773,2001-12-16
17.85,35.9,0.0,8.217280262546712,2001-12-17
18.51,36.04,0.0,7.7675616201549005,2001-12-18
20.06,35.24,0.0,8.006508729080503,2001-12-19
18.89,36.32,0.0,7.880992546152621,2001-12-20
20.2,34.99,0.0,8.33334494042387,2001-12-21
19.18,35.45,0.0,8.842874435019743,2001-12-22
18.17,34.9,0.0,8.296495239952641,2001-12-23
17.85,34.71,0.0,8.001203110581217,2001-12-24
18.01,34.43,0.0,8.26611188781668,2001-12-25
16.22,34.42,0.0,7.620993889319351,2001-12-26
15.48,33.96,0.0,7.4523196583011835,2001-12-27
16.07,36.04,0.0,8.05756713004622,2001-12-28
16.52,33.69,0.0,6.674331506756298,2001-12-29
16.42,33.47,0.0,7.167499995537713,2001-12-30
16.69,32.83,0.0,7.26611958969859,2001-12-31
16.66,32.04,0.0,7.923520558311977,2002-01-01
14.99,30.55,0.0,7.746241504369634,2002-01-02
13.99,30.89,0.0,7.89883591635734,2002-01-03
13.77,30.38,0.0,7.427771244924752,2002-01-04
15.96,30.08,0.0,7.268481348451313,2002-01-05
15.59,31.73,0.0,7.430830400706031,2002-01-06
17.07,31.06,0.0,7.3282048452632385,2002-01-07
19.67,29.87,0.0,7.9603777250986525,2002-01-08
17.22,28.51,0.0,8.294430331633965,2002-01-09
15.78,31.65,0.0,9.21132448895353,2002-01-10
15.2,28.57,0.0,8.11470083732916,2002-01-11
13.65,24.56,0.0,6.575027209135467,2002-01-12
14.79,26.73,0.0,7.412956043238665,2002-01-13
13.58,27.93,0.0,7.242538117567122,2002-01-14
12.92,29.31,0.0,7.485298165540288,2002-01-15
13.04,30.23,0.0,7.701155107892302,2002-01-16
13.97,31.25,0.0,7.4422618325217,2002-01-17
15.22,32.17,0.0,7.65544413489261,2002-01-18
16.09,32.9,0.0,8.327173323663175,2002-01-19
17.04,33.97,0.0,9.589627925253502,2002-01-20
16.8,34.49,0.0,9.368754039624866,2002-01-21
17.14,33.91,0.0,8.571017352851609,2002-01-22
16.6,32.58,0.0,8.451163976128933,2002-01-23
16.5,32.13,0.0,7.878916314195231,2002-01-24
16.13,32.05,0.0,8.329883899062821,2002-01-25
15.3,32.59,0.0,9.077305296876455,2002-01-26
14.1,31.59,0.0,9.32123492155252,2002-01-27
13.92,30.9,0.0,8.677248966883862,2002-01-28
15.47,31.05,0.0,9.109822140562958,2002-01-29
15.0,30.76,0.0,8.479504735834947,2002-01-30
14.18,30.39,0.0,7.982224915033355,2002-01-31
15.15,28.74,0.0,7.893761016266004,2002-02-01
15.09,32.59,0.0,8.574337556815415,2002-02-02
15.4,32.62,0.0,8.342465204422089,2002-02-03
15.74,32.57,0.0,8.100681747247888,2002-02-04
15.93,32.71,0.0,8.499276596792694,2002-02-05
14.96,32.69,0.0,8.780636412658012,2002-02-06
14.12,32.57,0.0,8.193629109557751,2002-02-07
15.89,33.43,0.0,8.254996066404438,2002-02-08
13.95,32.24,0.0,8.478099839551959,2002-02-09
14.3,31.27,0.0,8.658524823541644,2002-02-10
14.46,30.16,0.0,8.118484408749786,2002-02-11
14.46,31.41,0.0,8.209790289166746,2002-02-12
14.42,32.47,0.0,8.251103960115477,2002-02-13
14.74,33.55,0.0,8.124235494332048,2002-02-14
14.52,33.86,0.0,8.574318357266634,2002-02-15
14.74,34.74,0.0,8.245724546221771,2002-02-16
16.2,35.92,0.0,8.388433485427841,2002-02-17
17.98,37.6,0.0,8.042610517524793,2002-02-18
17.66,37.34,0.0,8.886424992990177,2002-02-19
17.32,36.8,0.0,9.342773065670048,2002-02-20
15.82,37.18,0.0,8.454186235084606,2002-02-21
19.83,37.51,0.0,8.099383936467824,2002-02-22
18.08,38.88,0.0,8.96124201801798,2002-02-23
20.41,38.2,0.0,9.830013451498827,2002-02-24
20.4,37.83,0.0,9.529155256529632,2002-02-25
18.24,36.15,0.0,8.96793050294689,2002-02-26
17.61,36.72,0.0,8.142454027357713,2002-02-27
18.49,36.91,0.0,6.7710651710250955,2002-02-28
20.77,36.39,0.0,7.298969613698111,2002-03-01
21.61,38.37,0.0,8.302549409688782,2002-03-02
22.23,38.78,0.0,9.188657141241222,2002-03-03
20.33,38.45,0.0,8.803119993977894,2002-03-04
20.15,39.46,0.0,8.178479318505854,2002-03-05
21.01,40.43,0.0,6.592525080507066,2002-03-06
22.68,40.89,0.0,7.525130710946787,2002-03-07
21.36,40.71,0.0,8.388003152407302,2002-03-08
21.08,38.76,0.01,8.447303151300023,2002-03-09
20.95,36.95,0.0,7.121603334143068,2002-03-10
20.45,38.88,0.0,7.95720326365555,2002-03-11
21.77,39.99,0.0,8.24381428066086,2002-03-12
22.84,40.86,0.0,8.003175962975279,2002-03-13
23.42,41.36,0.0,8.195498867027354,2002-03-14
23.26,41.89,0.0,8.884837608582915,2002-03-15
22.53,41.88,0.0,8.64811941546964,2002-03-16
23.58,40.91,0.0,10.424968676547081,2002-03-17
22.53,39.31,0.0,9.645405581750783,2002-03-18
22.06,39.05,0.0,9.751933551279972,2002-03-19
21.97,37.92,0.0,10.857856056058921,2002-03-20
22.31,37.63,0.0,10.73792923883795,2002-03-21
23.57,38.07,0.0,9.79490588818813,2002-03-22
22.27,39.15,0.0,7.903663035296586,2002-03-23
24.02,40.09,0.0,8.391744473746447,2002-03-24
24.23,40.59,0.0,8.871091865806607,2002-03-25
23.09,39.77,0.0,8.213160608956958,2002-03-26
23.93,41.41,0.0,7.122969810563421,2002-03-27
24.69,41.02,0.0,8.423878614128759,2002-03-28
27.6,40.96,0.0,9.689090934313597,2002-03-29
22.83,41.7,0.0,10.507124614909909,2002-03-30
22.91,42.35,0.0,10.156498567832124,2002-03-31
24.45,41.95,0.0,10.956637270293465,2002-04-01
25.3,42.02,0.0,10.390378127332283,2002-04-02
24.51,41.71,0.0,9.40119561799084,2002-04-03
24.51,41.86,0.0,6.4484757102222705,2002-04-04
26.18,41.72,0.09,7.701920077343186,2002-04-05
29.71,41.79,0.01,8.079628537344464,2002-04-06
29.49,40.77,0.97,10.406593177172292,2002-04-07
27.88,43.23,0.0,10.566805033431036,2002-04-08
27.97,43.21,0.0,8.08410805591911,2002-04-09
28.62,42.95,0.0,7.5609184906806295,2002-04-10
28.22,42.13,0.19,9.88909753158865,2002-04-11
28.96,41.89,0.92,9.256358605954754,2002-04-12
30.47,41.32,0.13,7.740392358795219,2002-04-13
28.77,41.38,0.0,8.319150175368424,2002-04-14
28.1,41.37,0.0,9.36555821547446,2002-04-15
27.8,42.06,0.0,8.939505727524825,2002-04-16
25.74,42.14,0.0,8.629175776848193,2002-04-17
24.89,42.07,0.0,10.233226208262238,2002-04-18
23.98,40.64,0.0,8.236837524307697,2002-04-19
23.33,41.58,0.0,7.491441380111719,2002-04-20
24.72,42.7,0.0,9.293607900191985,2002-04-21
23.81,42.34,0.01,8.36736039077257,2002-04-22
24.59,42.82,0.0,9.649211357675556,2002-04-23
24.43,41.43,0.0,8.435619501609617,2002-04-24
24.36,42.53,0.0,8.810551077234102,2002-04-25
25.42,43.39,0.0,6.456925495191815,2002-04-26
26.45,42.9,0.0,7.731872406283188,2002-04-27
30.05,40.65,0.0,8.591159076549747,2002-04-28
29.3,42.09,0.0,8.437208784434873,2002-04-29
28.67,42.82,0.0,8.735062023182266,2002-04-30
27.03,42.77,0.01,8.196286832889845,2002-05-01
28.51,41.02,0.26,10.98665953182384,2002-05-02
29.12,38.74,1.35,8.962678883698654,2002-05-03
28.33,40.59,0.37,8.268442332530316,2002-05-04
29.93,40.96,0.07,9.004033861907436,2002-05-05
30.64,38.66,0.97,9.669043854796845,2002-05-06
29.26,41.42,0.32,8.894322646517775,2002-05-07
31.38,41.61,0.6,9.585085582715248,2002-05-08
30.1,42.84,0.0,9.230468413623289,2002-05-09
28.91,42.62,0.0,8.861750148956494,2002-05-10
27.52,41.82,1.01,9.631653573421472,2002-05-11
29.43,39.47,0.01,9.870815787058751,2002-05-12
29.22,42.73,0.01,8.928268490903392,2002-05-13
28.73,39.54,0.38,9.130990065452945,2002-05-14
28.4,39.91,0.0,7.483448604474262,2002-05-15
28.07,43.66,0.0,8.26868221026673,2002-05-16
29.33,42.0,0.26,9.633446071641588,2002-05-17
28.74,41.22,2.04,10.036711156522678,2002-05-18
27.99,41.0,0.0,7.325209987872272,2002-05-19
29.16,41.49,0.01,7.28835215417089,2002-05-20
29.08,40.31,0.34,10.419100605231058,2002-05-21
29.09,40.89,0.41,10.107427267118098,2002-05-22
27.59,39.97,2.08,9.169429127405191,2002-05-23
29.29,41.72,0.0,7.995048401205329,2002-05-24
27.93,42.98,0.0,8.28226528792776,2002-05-25
26.2,42.7,0.0,8.804697923088385,2002-05-26
27.51,43.25,0.0,10.186597825249773,2002-05-27
28.39,41.79,0.29,10.15379295790266,2002-05-28
28.14,41.16,0.22,9.068156959274235,2002-05-29
28.61,42.0,0.45,9.685966795247714,2002-05-30
29.39,41.24,4.41,9.454926706196705,2002-05-31
27.81,39.99,1.49,10.3506013458839,2002-06-01
27.7,33.58,12.29,7.558087389377592,2002-06-02
25.96,38.81,0.06,9.168982804550767,2002-06-03
26.42,34.28,7.05,5.8956691677689355,2002-06-04
26.01,37.13,2.14,7.673967981253058,2002-06-05
27.62,41.61,0.05,9.201567106865905,2002-06-06
26.95,39.28,2.02,10.289735725998982,2002-06-07
27.07,40.13,0.51,8.4989002674323,2002-06-08
28.15,39.91,1.88,8.53661312048678,2002-06-09
27.86,35.49,1.6,7.791367679831531,2002-06-10
27.4,34.11,0.03,6.2255987180915175,2002-06-11
27.13,40.46,0.0,9.626966500078948,2002-06-12
26.21,39.79,2.76,9.812622395631376,2002-06-13
27.56,35.75,0.69,7.968412437950525,2002-06-14
26.77,37.13,0.01,7.051751722435632,2002-06-15
27.77,39.36,0.02,8.521149815870299,2002-06-16
26.61,39.93,0.89,9.056890822406578,2002-06-17
28.32,40.51,0.9,8.664871030084289,2002-06-18
28.91,41.26,1.01,9.026948727750835,2002-06-19
27.82,36.54,1.89,8.488124231123892,2002-06-20
26.84,36.46,6.39,7.021600445035148,2002-06-21
26.88,38.06,6.18,8.29255538008317,2002-06-22
27.12,33.0,6.71,7.055267681285555,2002-06-23
26.01,35.34,4.03,7.157474037498648,2002-06-24
25.92,36.28,0.16,6.518464737019373,2002-06-25
27.29,40.52,0.07,8.337108944827357,2002-06-26
28.01,38.68,2.89,9.771613328821337,2002-06-27
25.65,35.71,7.08,7.843740462831966,2002-06-28
26.7,34.16,6.3,6.637046787551674,2002-06-29
25.71,37.78,2.01,8.348783158870281,2002-06-30
26.5,36.17,2.44,8.179010911054615,2002-07-01
25.71,35.01,1.4,6.739792431648097,2002-07-02
25.38,35.08,0.65,6.442541900554897,2002-07-03
25.71,36.42,0.37,7.38312491905257,2002-07-04
26.12,38.64,0.03,7.059510511465345,2002-07-05
26.18,40.1,2.87,8.874035439647724,2002-07-06
27.01,38.4,0.24,8.508687724141845,2002-07-07
26.61,40.22,0.23,8.157398081979451,2002-07-08
26.97,34.2,3.37,7.585134718433754,2002-07-09
25.48,36.05,0.16,7.237696986974239,2002-07-10
25.47,38.44,0.14,6.291103579640277,2002-07-11
26.52,39.05,0.0,8.34252004778923,2002-07-12
26.72,36.99,1.48,8.97024769594507,2002-07-13
26.57,38.96,1.12,8.450864627528798,2002-07-14
27.36,35.96,2.27,8.037008638288173,2002-07-15
26.32,35.18,5.69,6.820072836558541,2002-07-16
25.39,36.21,0.56,7.008306809035734,2002-07-17
25.5,35.24,2.63,6.949651183650554,2002-07-18
25.63,33.49,4.66,6.225656851867286,2002-07-19
25.65,32.07,11.18,4.200027975485646,2002-07-20
25.66,35.19,2.96,5.760767067764632,2002-07-21
24.34,32.56,3.66,5.532546909520866,2002-07-22
24.71,33.25,3.84,6.251778999719071,2002-07-23
24.33,35.56,2.74,7.159422968381535,2002-07-24
24.09,35.32,7.1,5.279813277823452,2002-07-25
25.6,31.77,3.78,5.804245675284312,2002-07-26
23.96,32.94,3.78,6.116904208281508,2002-07-27
24.28,34.9,1.22,5.145966236649979,2002-07-28
25.83,35.41,2.2,6.596210466722699,2002-07-29
25.7,32.19,12.47,6.152786707517716,2002-07-30
23.73,30.53,16.46,4.775272813402982,2002-07-31
22.71,29.9,16.57,4.927616452561838,2002-08-01
22.62,31.44,12.2,5.440910851294368,2002-08-02
22.75,30.66,11.55,5.106113353060654,2002-08-03
23.88,32.39,0.69,6.256957013674824,2002-08-04
24.05,32.58,0.54,4.182305439448227,2002-08-05
23.5,33.17,0.3,6.203062092921614,2002-08-06
23.84,32.57,1.14,5.602406815418632,2002-08-07
23.28,35.47,0.74,6.358686209434837,2002-08-08
24.84,35.02,8.75,4.882584471091573,2002-08-09
24.46,34.31,2.69,6.556669606868811,2002-08-10
23.67,32.5,3.95,5.860238316078115,2002-08-11
24.17,33.45,5.12,5.629432689619254,2002-08-12
23.49,34.43,6.39,5.899283971167849,2002-08-13
24.88,29.61,12.03,3.2185994817783317,2002-08-14
23.68,31.43,9.99,5.235102238131204,2002-08-15
23.04,32.12,1.09,4.775264008053108,2002-08-16
24.02,29.35,6.3,4.894257519213624,2002-08-17
22.69,33.21,4.04,5.911730036965176,2002-08-18
23.49,32.87,6.0,5.158623965287712,2002-08-19
25.34,34.86,3.94,5.596417914998571,2002-08-20
25.11,31.51,7.47,5.657619701625,2002-08-21
23.86,32.53,1.73,5.927091742503197,2002-08-22
22.59,33.04,5.71,5.475879342303741,2002-08-23
23.37,35.51,0.01,6.186277731742819,2002-08-24
23.97,35.74,3.39,6.357155791301003,2002-08-25
24.95,32.79,4.59,5.759313175871581,2002-08-26
24.32,33.13,4.53,5.240757404801126,2002-08-27
23.4,33.32,1.08,5.566013936532135,2002-08-28
24.88,32.6,2.23,4.495034027328126,2002-08-29
23.77,32.49,1.03,5.768287293263109,2002-08-30
22.3,35.45,0.47,6.155024477890192,2002-08-31
23.45,36.66,2.15,6.744390162282978,2002-09-01
24.35,37.41,1.01,7.173675163403176,2002-09-02
24.51,35.85,5.76,5.925820234692136,2002-09-03
25.31,31.8,1.52,5.3230594948186205,2002-09-04
23.12,35.48,1.01,6.199535529895765,2002-09-05
24.48,33.9,2.44,5.886822206460037,2002-09-06
24.34,30.22,6.37,4.861400474127844,2002-09-07
22.63,35.29,0.57,5.5926483152975015,2002-09-08
23.34,34.45,4.89,5.222283763677802,2002-09-09
24.2,33.95,2.54,6.053734110528491,2002-09-10
23.96,33.02,9.71,5.978746664023224,2002-09-11
23.1,33.03,5.84,5.753277457693862,2002-09-12
22.84,32.92,0.46,5.779488198120255,2002-09-13
23.5,34.52,1.18,6.302353814393077,2002-09-14
23.22,36.06,1.66,6.309671477121503,2002-09-15
23.69,36.22,1.2,6.983648237493996,2002-09-16
23.69,36.89,1.4,6.370796942341882,2002-09-17
23.71,36.09,0.12,6.716417735884497,2002-09-18
24.38,34.31,1.03,6.229600828287018,2002-09-19
23.23,35.52,0.0,5.977205785712984,2002-09-20
24.88,37.96,0.0,6.813761172816117,2002-09-21
24.69,37.44,0.27,6.9067078763484995,2002-09-22
24.6,36.62,3.04,6.508455723991971,2002-09-23
23.44,33.12,5.87,3.245829390733104,2002-09-24
23.26,37.38,0.01,6.495426019475091,2002-09-25
23.95,40.25,0.0,7.28071791305698,2002-09-26
23.54,40.43,0.4,6.744209023253182,2002-09-27
24.31,38.16,0.95,8.027755330481941,2002-09-28
24.4,36.56,0.6,7.096162251507352,2002-09-29
24.22,36.55,0.26,7.242000555567674,2002-09-30
23.72,34.05,1.71,6.246701195892565,2002-10-01
23.6,32.56,1.05,5.183249756414835,2002-10-02
24.04,31.48,4.13,5.595008932235151,2002-10-03
23.04,30.89,7.66,4.467814667255941,2002-10-04
22.91,33.78,1.88,4.529938525390589,2002-10-05
24.42,32.71,0.52,3.665081899580334,2002-10-06
23.54,34.09,2.49,5.5117149644769095,2002-10-07
23.97,33.24,1.31,5.580353944889173,2002-10-08
23.82,37.65,0.27,6.033458733697722,2002-10-09
23.85,38.39,0.74,6.442918645547946,2002-10-10
24.25,38.83,0.05,5.949738165801104,2002-10-11
24.37,39.98,0.0,6.194931793584494,2002-10-12
24.26,38.11,3.54,7.360905136332097,2002-10-13
25.07,36.36,2.67,6.8703057035578565,2002-10-14
24.17,36.71,0.14,5.096969764975008,2002-10-15
24.19,38.46,0.0,5.688319188812846,2002-10-16
23.77,37.01,3.03,5.850891665601381,2002-10-17
24.29,37.62,0.0,6.3687566417018635,2002-10-18
24.7,37.33,0.0,5.968775523616218,2002-10-19
25.27,38.29,0.0,6.446001270413792,2002-10-20
22.36,37.85,0.0,6.644003300551483,2002-10-21
21.55,37.53,0.0,6.306099279086658,2002-10-22
21.49,36.85,0.0,5.788953546687604,2002-10-23
21.58,36.8,0.0,5.764786932538161,2002-10-24
20.71,37.18,0.0,6.106588702816276,2002-10-25
20.61,36.98,0.0,6.73630267373441,2002-10-26
21.92,37.49,0.0,6.8503226544232625,2002-10-27
21.02,37.11,0.0,6.819946201192182,2002-10-28
20.41,37.0,0.0,7.411235048955808,2002-10-29
18.32,35.98,0.0,6.710695572126436,2002-10-30
19.49,35.88,0.0,5.879411294710356,2002-10-31
19.83,35.83,0.0,6.134803273673294,2002-11-01
20.07,36.47,0.0,5.918840856852382,2002-11-02
20.27,36.6,0.0,6.270870538427763,2002-11-03
21.45,36.35,0.11,5.689378709932955,2002-11-04
24.33,36.14,1.08,4.023504907307754,2002-11-05
25.21,34.56,0.57,5.4174187574440404,2002-11-06
25.8,34.49,0.0,5.004155324232164,2002-11-07
21.03,36.69,0.0,6.678825608534286,2002-11-08
22.8,37.34,0.0,6.676018848429346,2002-11-09
21.78,36.86,0.01,5.397337601617665,2002-11-10
22.76,36.74,0.02,6.345919185541324,2002-11-11
21.44,36.35,0.0,7.492912064905451,2002-11-12
21.2,37.04,0.0,8.567394447363814,2002-11-13
19.76,36.9,0.0,7.984471028022412,2002-11-14
19.84,37.4,0.0,7.589752241930304,2002-11-15
20.71,37.16,0.0,6.952370882716451,2002-11-16
19.71,37.11,0.0,7.3363796576569404,2002-11-17
19.15,37.14,0.0,7.521525523042739,2002-11-18
18.3,36.82,0.0,7.10996615103897,2002-11-19
18.01,36.27,0.0,7.0968530696421785,2002-11-20
17.65,36.06,0.0,7.779280873131546,2002-11-21
16.89,35.45,0.0,7.284743405636204,2002-11-22
16.23,35.18,0.0,7.081327599204583,2002-11-23
16.28,35.06,0.0,7.032501716735881,2002-11-24
15.93,33.83,0.0,6.54518552533812,2002-11-25
17.02,34.08,0.0,6.241239830834575,2002-11-26
16.73,34.49,0.0,6.7130643815060544,2002-11-27
16.04,34.86,0.0,5.876215593133999,2002-11-28
18.19,34.66,0.0,6.645668944856152,2002-11-29
16.41,34.78,0.0,7.25850922953765,2002-11-30
17.03,34.27,0.0,6.9362518218782006,2002-12-01
17.24,34.69,0.0,6.105649770210695,2002-12-02
18.23,35.53,0.0,6.068050607832081,2002-12-03
19.19,35.02,0.0,5.502058977536579,2002-12-04
18.98,35.46,0.0,5.301855963060506,2002-12-05
20.16,34.98,0.0,5.050305840367014,2002-12-06
20.57,34.99,0.0,5.020361964030786,2002-12-07
20.13,36.67,0.0,6.467902397521012,2002-12-08
19.92,36.39,0.0,7.142623595449886,2002-12-09
20.55,35.26,0.0,7.969680543944084,2002-12-10
21.53,35.55,0.05,8.563905261791284,2002-12-11
20.2,36.1,0.0,8.330789538385526,2002-12-12
21.08,37.22,0.0,9.144920189916576,2002-12-13
20.09,36.64,0.0,8.367005090126796,2002-12-14
20.05,36.22,0.0,8.922482358280812,2002-12-15
20.52,34.86,0.0,9.45932368352114,2002-12-16
17.27,32.7,0.0,8.867335696789366,2002-12-17
15.65,31.69,0.0,7.629773847216283,2002-12-18
18.31,29.8,0.0,7.066943407197493,2002-12-19
16.98,30.57,0.0,7.474318257878045,2002-12-20
14.27,31.23,0.0,7.245561734653113,2002-12-21
15.43,31.32,0.0,7.308034842232819,2002-12-22
16.98,31.35,0.0,8.311854916472983,2002-12-23
14.53,30.36,0.0,7.867823689019075,2002-12-24
12.87,29.42,0.0,7.519511792069589,2002-12-25
12.1,29.13,0.0,7.344371144049684,2002-12-26
11.97,29.39,0.0,7.365485187272531,2002-12-27
11.29,30.42,0.0,7.292156132267754,2002-12-28
12.49,30.53,0.0,7.729708550560631,2002-12-29
12.78,30.6,0.0,7.784960895737512,2002-12-30
11.96,30.58,0.0,7.914942651883391,2002-12-31
13.66,30.26,0.0,8.026801049383698,2003-01-01
12.29,30.22,0.0,7.689588758396114,2003-01-02
12.98,29.95,0.0,7.45147783984229,2003-01-03
13.14,30.66,0.0,7.337696335820134,2003-01-04
12.51,30.66,0.0,6.548124915382553,2003-01-05
12.99,31.91,0.0,6.060765212277013,2003-01-06
13.35,33.37,0.0,6.336879897621739,2003-01-07
14.51,34.31,0.0,6.717627317737779,2003-01-08
14.91,34.99,0.0,5.944120488376667,2003-01-09
16.41,34.26,0.0,5.938622642607455,2003-01-10
16.24,34.86,0.0,5.822517506839485,2003-01-11
17.02,35.18,0.0,5.865188605983961,2003-01-12
17.88,34.2,0.0,6.761386131847735,2003-01-13
16.77,35.39,0.0,8.551296943100233,2003-01-14
16.81,35.23,0.0,8.208233723183175,2003-01-15
16.13,34.47,0.0,7.34033692658748,2003-01-16
18.38,33.15,0.0,6.813806739454082,2003-01-17
20.12,32.07,0.0,7.281766752371862,2003-01-18
20.18,30.95,0.0,6.789072930151702,2003-01-19
19.6,31.42,0.0,7.689753303548605,2003-01-20
18.67,34.49,0.0,7.8801530559526665,2003-01-21
19.13,34.6,0.0,7.896082384077673,2003-01-22
18.0,33.33,0.0,6.806867059407589,2003-01-23
20.16,34.26,0.0,8.738649818008593,2003-01-24
20.46,34.51,0.0,8.746718931496357,2003-01-25
19.0,30.48,0.0,9.084645696026685,2003-01-26
14.1,30.06,0.0,7.931491097981719,2003-01-27
15.27,30.39,0.0,8.4923882176984,2003-01-28
13.08,29.92,0.0,7.549667788090451,2003-01-29
13.72,31.95,0.0,6.964298064343178,2003-01-30
15.45,34.48,0.0,7.6016538968977905,2003-01-31
16.51,35.9,0.0,8.490677353100269,2003-02-01
18.06,36.58,0.0,10.176449958895766,2003-02-02
17.95,36.72,0.0,10.464963698074206,2003-02-03
19.46,34.77,0.0,9.739254097843297,2003-02-04
16.01,33.95,0.0,8.07694617563925,2003-02-05
15.36,34.43,0.0,7.661301146249597,2003-02-06
16.32,36.89,0.0,8.096378482177089,2003-02-07
16.41,37.32,0.0,9.00117785426345,2003-02-08
17.13,37.72,0.0,8.694863216684022,2003-02-09
17.65,37.62,0.0,8.294506818412884,2003-02-10
19.41,38.52,0.0,6.946946896619416,2003-02-11
20.67,38.54,0.0,7.239753990433839,2003-02-12
20.3,38.38,0.0,7.557200169237088,2003-02-13
20.82,38.64,0.0,7.5395431653120655,2003-02-14
22.72,38.63,0.01,6.081687625383601,2003-02-15
23.26,37.25,0.0,8.820032179449504,2003-02-16
21.98,34.71,0.0,8.558283970859726,2003-02-17
20.75,35.48,0.0,8.810869643651822,2003-02-18
21.17,35.5,0.0,7.98664800287729,2003-02-19
19.86,36.69,0.0,7.243970481433749,2003-02-20
19.91,38.35,0.0,7.647398194253803,2003-02-21
20.31,38.93,0.0,6.681702380575965,2003-02-22
20.9,39.3,0.0,8.395407496174805,2003-02-23
20.44,38.99,0.0,9.080328902349558,2003-02-24
21.34,38.95,0.0,6.8024516276242215,2003-02-25
22.29,38.91,0.0,7.234246176376493,2003-02-26
21.5,39.3,0.0,7.2927426618538105,2003-02-27
20.66,38.78,0.0,8.25270353433978,2003-02-28
20.86,38.32,0.0,10.575197064551695,2003-03-01
20.36,36.38,0.0,9.817895713831295,2003-03-02
21.21,33.99,0.0,9.620396746856098,2003-03-03
18.73,35.36,0.0,9.049721369091298,2003-03-04
19.45,36.25,0.0,8.296748285403053,2003-03-05
20.63,37.12,0.0,7.388625178383371,2003-03-06
22.31,36.7,0.0,7.068684423000029,2003-03-07
22.1,38.61,0.0,8.10145875343421,2003-03-08
22.89,37.7,0.0,9.09977776431542,2003-03-09
21.57,37.48,0.0,9.783424137139008,2003-03-10
20.65,37.49,0.0,10.106626464295326,2003-03-11
19.5,37.02,0.0,10.210365974930815,2003-03-12
20.85,35.78,0.0,11.13256052015919,2003-03-13
19.36,35.67,0.0,11.194548612534309,2003-03-14
19.23,35.98,0.0,10.965418552263566,2003-03-15
19.22,37.72,0.0,10.294713181911314,2003-03-16
18.59,38.72,0.0,9.581988068277628,2003-03-17
20.16,40.01,0.0,10.342236261638543,2003-03-18
21.16,40.35,0.0,10.296314771250504,2003-03-19
21.54,40.53,0.0,8.772500872549855,2003-03-20
25.31,40.25,0.0,6.239652947417109,2003-03-21
28.31,36.54,0.44,7.949049889164255,2003-03-22
25.85,37.06,0.01,4.884163907657489,2003-03-23
25.51,39.21,0.0,9.805119628675781,2003-03-24
22.91,39.46,0.0,10.865260294256055,2003-03-25
23.52,39.29,0.0,10.545292381267096,2003-03-26
21.91,39.87,0.0,10.700223390312027,2003-03-27
21.94,39.08,0.0,9.40278097646113,2003-03-28
23.46,40.07,0.0,9.110505141163893,2003-03-29
23.26,40.7,0.0,9.575497059661942,2003-03-30
22.19,40.82,0.0,10.008119859498663,2003-03-31
20.97,41.11,0.0,9.422537634597868,2003-04-01
23.14,41.87,0.0,7.776506121987529,2003-04-02
22.15,41.38,0.18,9.013590913693383,2003-04-03
23.44,40.18,0.11,9.024513384075073,2003-04-04
27.19,40.91,0.29,8.793249104994768,2003-04-05
29.44,38.47,1.24,5.848948566028569,2003-04-06
26.55,38.38,0.01,6.719465511181998,2003-04-07
27.62,41.5,0.01,8.617456122036812,2003-04-08
26.63,43.22,0.0,10.35295481974664,2003-04-09
26.2,43.79,0.12,7.558546138502175,2003-04-10
27.54,42.24,0.27,7.110032842980727,2003-04-11
28.84,36.88,0.26,7.772830403664598,2003-04-12
27.57,43.06,0.0,8.734379690876683,2003-04-13
27.88,42.98,0.0,9.873279921178286,2003-04-14
29.08,39.07,0.67,10.58245166911275,2003-04-15
28.41,37.08,0.03,8.009061514826241,2003-04-16
28.05,40.2,0.0,8.108191209102614,2003-04-17
28.24,40.83,0.0,7.484964280614931,2003-04-18
28.64,41.53,0.01,7.914275609580083,2003-04-19
27.55,38.16,0.0,8.494518939694363,2003-04-20
26.72,41.61,0.02,8.431854060227282,2003-04-21
27.94,43.89,0.0,7.736541855829571,2003-04-22
27.21,41.69,2.65,9.31495878030486,2003-04-23
29.56,41.12,0.0,8.09302691605806,2003-04-24
30.25,41.17,0.25,8.255849807434993,2003-04-25
26.48,42.6,0.14,8.53018563717252,2003-04-26
28.38,41.2,0.03,8.822334662683478,2003-04-27
29.06,40.85,0.02,9.720202808627077,2003-04-28
28.7,41.79,0.0,8.07799129096049,2003-04-29
25.89,42.17,0.0,9.493384595717899,2003-04-30
24.34,42.17,0.0,9.431263881448812,2003-05-01
24.44,41.36,0.0,9.474496093551306,2003-05-02
23.62,41.52,0.0,10.890328097323637,2003-05-03
22.72,41.76,0.0,9.743390625282158,2003-05-04
22.23,41.62,0.0,10.058564062330511,2003-05-05
20.84,40.69,0.0,8.258144283952898,2003-05-06
23.13,40.57,0.0,7.076045530943928,2003-05-07
27.69,41.3,0.0,8.131878679534275,2003-05-08
27.23,42.2,0.01,7.881386432862526,2003-05-09
25.19,42.16,0.0,7.7957699890419265,2003-05-10
28.26,42.44,0.0,8.33136522607678,2003-05-11
29.91,42.6,0.67,10.403307163089138,2003-05-12
29.48,41.51,0.06,10.38919998318269,2003-05-13
30.13,40.73,0.89,9.973561884907683,2003-05-14
29.84,41.73,1.8,9.580095388422873,2003-05-15
29.99,37.12,2.19,9.030792532218271,2003-05-16
29.03,40.42,0.0,8.482710343657,2003-05-17
28.5,42.18,0.0,9.125505335626778,2003-05-18
28.76,43.12,0.01,9.06361709824711,2003-05-19
28.95,38.11,4.59,9.297475989834236,2003-05-20
28.06,39.42,2.38,8.646617279241791,2003-05-21
29.4,35.48,0.84,7.37750888394289,2003-05-22
27.97,40.4,0.07,7.547385520418156,2003-05-23
29.34,40.26,0.7,10.288948906882794,2003-05-24
28.78,38.18,3.21,9.781574343745595,2003-05-25
28.01,35.19,4.56,8.033326989977608,2003-05-26
26.97,35.88,8.13,6.988579645997081,2003-05-27
27.35,32.56,6.08,5.669927565369114,2003-05-28
26.5,36.81,0.45,5.769573176214831,2003-05-29
25.83,35.83,5.41,7.146645044709685,2003-05-30
25.77,34.69,0.19,5.9002384598662765,2003-05-31
26.31,36.0,2.78,5.892414306305695,2003-06-01
26.25,35.82,1.88,7.243924103904597,2003-06-02
26.12,33.2,6.07,6.447473828277864,2003-06-03
26.3,32.98,1.51,5.833549485353053,2003-06-04
26.22,37.55,1.39,6.568495297433575,2003-06-05
26.65,33.87,1.44,6.258104150294823,2003-06-06
25.83,35.59,1.09,7.092797164684659,2003-06-07
26.25,34.87,0.9,6.167565466757653,2003-06-08
26.56,38.34,1.45,7.0090291875661785,2003-06-09
27.21,39.13,0.96,8.761822226892061,2003-06-10
25.83,34.24,2.51,7.330255256706869,2003-06-11
24.98,36.6,3.44,7.505789552430296,2003-06-12
24.9,37.46,0.42,6.167927448577203,2003-06-13
26.19,40.68,0.19,7.38431145001975,2003-06-14
26.13,40.33,0.68,8.167751823762362,2003-06-15
26.35,39.37,4.17,9.519340268588364,2003-06-16
26.06,31.84,5.44,4.8199110527376865,2003-06-17
25.56,32.46,3.42,6.128052450460645,2003-06-18
24.69,31.55,7.64,4.800519930639991,2003-06-19
24.25,34.22,4.51,6.760763615691672,2003-06-20
24.76,33.29,8.96,6.318546746684762,2003-06-21
24.28,33.81,4.5,6.289371888061382,2003-06-22
25.73,34.5,1.44,5.968082814792816,2003-06-23
24.63,35.39,2.64,6.757019604870583,2003-06-24
24.58,35.39,8.33,7.024708361173596,2003-06-25
23.85,33.65,8.03,5.612817391150595,2003-06-26
24.01,31.84,2.8,5.365919293317405,2003-06-27
24.62,35.01,2.63,6.456018265072409,2003-06-28
24.8,34.96,8.16,5.185989174759685,2003-06-29
24.71,32.95,0.12,6.492535320211339,2003-06-30
24.96,34.36,0.28,7.092990789264215,2003-07-01
24.63,34.84,1.25,7.189383882206046,2003-07-02
24.61,34.98,1.4,6.520932936169705,2003-07-03
24.99,36.06,0.12,7.734904916771185,2003-07-04
24.89,35.23,5.5,6.816578055395911,2003-07-05
24.73,35.01,5.98,6.581617183472079,2003-07-06
25.3,31.26,5.93,6.128946649410976,2003-07-07
24.41,34.07,2.14,6.09513842070902,2003-07-08
23.62,33.82,4.08,6.662402736828042,2003-07-09
23.71,34.44,2.04,4.82014396442848,2003-07-10
24.62,35.83,0.65,7.076336752482797,2003-07-11
24.37,35.59,1.23,7.097430234178595,2003-07-12
25.2,32.5,3.33,3.771479363661138,2003-07-13
24.43,32.71,0.57,5.786117440595676,2003-07-14
24.48,37.0,1.83,7.05944028070073,2003-07-15
25.0,35.78,3.87,6.992629708609783,2003-07-16
24.58,31.86,15.44,5.67274389564276,2003-07-17
23.44,33.33,5.47,6.081245187056035,2003-07-18
23.95,31.05,10.64,4.9982366561602705,2003-07-19
22.88,32.81,5.65,6.023610953234982,2003-07-20
23.06,33.56,6.05,6.323084912569953,2003-07-21
23.81,32.62,5.2,5.220900957849013,2003-07-22
24.22,34.51,1.95,6.157116595852141,2003-07-23
25.03,32.11,2.31,5.09833727078207,2003-07-24
23.97,32.38,5.4,5.535557973568174,2003-07-25
24.21,33.68,2.67,6.181418235793629,2003-07-26
24.46,33.88,9.23,6.480616404118634,2003-07-27
23.86,32.33,9.53,5.864881766776427,2003-07-28
25.21,31.43,4.59,5.611368371836797,2003-07-29
24.08,34.75,0.74,6.89651848177979,2003-07-30
24.11,33.37,8.59,6.308338236568307,2003-07-31
23.57,29.78,14.5,5.030182822004475,2003-08-01
23.69,31.92,2.54,4.173183214975457,2003-08-02
23.83,31.82,5.72,5.508960638582495,2003-08-03
23.53,32.5,6.81,5.508605627641124,2003-08-04
23.63,30.76,11.59,4.631658210560301,2003-08-05
23.56,27.71,29.77,1.6377439534219635,2003-08-06
23.28,28.61,4.43,4.388537622309951,2003-08-07
23.48,30.19,13.62,5.335132886217449,2003-08-08
23.61,29.65,3.31,5.01162205433895,2003-08-09
23.77,30.87,4.52,5.4093670606089095,2003-08-10
23.96,31.55,16.2,5.374835413591266,2003-08-11
23.44,27.39,4.76,4.476825255838808,2003-08-12
21.99,32.07,1.26,4.34246858566095,2003-08-13
23.03,30.95,4.85,4.327784848845356,2003-08-14
23.27,32.43,0.53,5.259189634393783,2003-08-15
24.34,32.1,1.22,5.3901261595284415,2003-08-16
24.08,29.22,2.74,3.271934265197209,2003-08-17
23.25,30.91,4.62,5.1245667882089965,2003-08-18
23.8,31.63,4.06,5.224753461152797,2003-08-19
23.63,31.47,1.58,5.424034250162104,2003-08-20
23.79,28.88,5.79,4.4396423542854375,2003-08-21
23.26,30.48,2.2,4.263301374902631,2003-08-22
23.01,32.44,3.25,2.605645767172845,2003-08-23
23.36,32.63,1.98,5.74024772618915,2003-08-24
23.31,31.08,2.17,4.842926928552216,2003-08-25
24.28,31.58,1.75,6.01774668652939,2003-08-26
22.72,33.67,3.56,5.3651836417784,2003-08-27
24.34,31.66,0.65,5.094576779603873,2003-08-28
23.32,30.42,3.48,3.730843723222518,2003-08-29
23.76,30.74,1.52,5.301251312060241,2003-08-30
22.94,31.37,6.6,5.105306674988194,2003-08-31
22.88,28.68,14.93,4.56788537504603,2003-09-01
22.22,29.85,15.45,4.730733738249596,2003-09-02
22.8,29.59,6.38,5.1306887367472775,2003-09-03
22.35,31.11,6.34,5.08864361820122,2003-09-04
22.75,31.99,5.3,5.266142606908056,2003-09-05
23.49,28.7,6.51,4.603927306513128,2003-09-06
23.18,29.6,8.7,4.513336278894338,2003-09-07
22.65,30.31,1.08,4.564302927394066,2003-09-08
21.96,33.54,0.04,5.296832425307531,2003-09-09
22.47,33.58,0.25,5.828670015635621,2003-09-10
22.9,33.26,0.29,5.725748104235642,2003-09-11
23.73,31.21,1.26,4.8134454587134865,2003-09-12
23.82,32.6,0.07,5.50008695945495,2003-09-13
22.56,31.8,0.66,4.997141224054501,2003-09-14
22.16,33.36,0.3,5.52211399288241,2003-09-15
22.42,33.82,0.13,5.765466623138596,2003-09-16
22.67,34.74,0.0,5.772894472621382,2003-09-17
23.82,31.34,7.15,5.28893873845788,2003-09-18
24.28,32.74,4.07,4.706034759261821,2003-09-19
24.14,29.32,1.54,3.9557550573677718,2003-09-20
23.18,33.23,4.28,5.001757384219326,2003-09-21
23.41,33.15,2.68,5.423891434198226,2003-09-22
23.5,32.35,2.36,4.722081387274849,2003-09-23
23.86,33.56,0.78,4.490642396227913,2003-09-24
23.27,35.54,1.12,5.924015827359786,2003-09-25
23.62,36.67,0.06,6.394340083616472,2003-09-26
24.48,32.44,4.67,5.692965107181001,2003-09-27
22.99,33.25,0.06,3.972281685958997,2003-09-28
23.24,34.59,0.03,5.577950587118601,2003-09-29
23.75,37.99,0.01,6.255183356749138,2003-09-30
22.33,35.95,0.18,6.18787852514859,2003-10-01
23.57,35.7,0.14,6.01552976707379,2003-10-02
23.65,37.01,5.94,6.032378686805423,2003-10-03
23.87,35.06,2.29,5.7134065514929535,2003-10-04
23.74,35.4,0.14,5.676632377695186,2003-10-05
24.25,35.71,1.51,5.87402536711121,2003-10-06
24.62,36.81,1.43,5.888321080364562,2003-10-07
24.33,37.24,0.11,6.031526310620404,2003-10-08
23.02,37.88,0.0,6.354619151046557,2003-10-09
22.35,37.76,0.0,5.7014377170623725,2003-10-10
23.97,38.84,0.03,5.720603567549291,2003-10-11
23.34,38.31,0.0,6.082390514540956,2003-10-12
24.39,35.45,4.98,5.9139179036246725,2003-10-13
24.45,34.47,5.01,5.309949453031381,2003-10-14
24.83,30.03,7.91,4.460756472653259,2003-10-15
24.08,31.29,0.43,4.875788900405821,2003-10-16
23.32,33.1,0.02,4.9307780317568675,2003-10-17
23.03,36.37,0.0,5.734783890761463,2003-10-18
24.26,38.15,0.0,5.761244689814341,2003-10-19
22.26,37.85,0.01,6.307069222907826,2003-10-20
22.77,37.81,0.01,6.277086974282502,2003-10-21
22.13,38.46,0.0,6.130021174821861,2003-10-22
21.76,38.85,0.0,5.5434402727966186,2003-10-23
22.0,38.29,0.07,6.244684952373782,2003-10-24
23.29,38.53,0.45,6.064648436642927,2003-10-25
23.65,37.44,0.87,6.176871380555676,2003-10-26
24.4,37.17,0.39,5.853533648130805,2003-10-27
24.35,38.17,0.0,6.109746577243907,2003-10-28
24.26,38.99,0.0,6.835072893661052,2003-10-29
21.97,37.95,0.0,6.055912095876294,2003-10-30
23.27,37.15,0.02,5.845590243911792,2003-10-31
22.73,37.17,0.03,5.39565852247792,2003-11-01
24.6,38.63,0.0,5.793137622040624,2003-11-02
22.9,38.62,0.0,6.124885566715069,2003-11-03
20.7,38.04,0.0,6.501658399973199,2003-11-04
19.86,36.95,0.0,5.8460081270718565,2003-11-05
21.84,36.51,0.15,5.439719167385821,2003-11-06
22.26,34.37,0.0,4.573755471861817,2003-11-07
23.31,36.87,0.0,5.908708454651479,2003-11-08
21.63,37.01,0.0,6.903185620192479,2003-11-09
20.53,36.08,0.0,6.365176427684763,2003-11-10
21.09,34.73,0.0,5.290513539341414,2003-11-11
21.02,36.54,0.0,4.775973434440026,2003-11-12
22.63,36.44,0.0,4.366951492925919,2003-11-13
19.95,36.6,0.0,6.245000269919337,2003-11-14
20.76,36.91,0.0,7.713778683388689,2003-11-15
20.59,37.13,0.0,7.004177872429222,2003-11-16
22.49,36.95,0.0,6.062584862706051,2003-11-17
21.46,36.96,0.0,5.953087902623203,2003-11-18
21.62,36.68,0.0,7.2911904128447595,2003-11-19
20.57,37.02,0.0,7.046158049238658,2003-11-20
20.21,36.15,0.0,6.290509477111606,2003-11-21
20.02,36.2,0.0,7.124070366590115,2003-11-22
18.43,35.83,0.0,7.060122709892436,2003-11-23
18.53,36.59,0.0,7.503666771144807,2003-11-24
18.91,36.77,0.0,7.219060827009747,2003-11-25
18.77,36.51,0.0,7.165921406781907,2003-11-26
18.01,35.3,0.0,6.9439551464269345,2003-11-27
17.33,35.46,0.0,7.366488464716343,2003-11-28
17.04,35.66,0.0,7.4261173414486725,2003-11-29
17.38,35.6,0.0,6.812164762503731,2003-11-30
17.17,34.88,0.0,5.721066604401561,2003-12-01
17.82,35.64,0.0,5.751571497767083,2003-12-02
19.65,33.76,0.0,5.5614106872219145,2003-12-03
18.58,35.85,0.0,6.76375247855713,2003-12-04
17.84,33.33,0.0,7.101422698613524,2003-12-05
16.96,33.91,0.0,7.771435257492898,2003-12-06
17.45,34.23,0.0,8.064168256527688,2003-12-07
16.91,34.14,0.0,8.421847615513032,2003-12-08
15.74,34.25,0.0,6.978133211306533,2003-12-09
17.25,35.17,0.0,4.942238154049305,2003-12-10
20.08,35.47,0.0,4.468315611242578,2003-12-11
17.84,35.27,0.0,5.810321067733323,2003-12-12
18.43,34.74,0.0,6.640667041265556,2003-12-13
18.86,34.54,0.0,7.775563803290692,2003-12-14
16.36,32.71,0.0,7.494355596932985,2003-12-15
15.58,31.84,0.0,6.125985962160031,2003-12-16
15.66,32.88,0.0,6.4025719754752615,2003-12-17
15.38,32.5,0.0,7.2609149498966845,2003-12-18
14.51,32.18,0.0,8.306074759645503,2003-12-19
14.13,31.45,0.0,7.3715321411126835,2003-12-20
15.4,32.48,0.0,7.847618038360169,2003-12-21
14.96,32.25,0.0,7.71790674784962,2003-12-22
15.02,32.53,0.0,7.378365807534457,2003-12-23
15.48,32.25,0.0,6.946378517976057,2003-12-24
15.69,29.35,0.0,6.560441629388698,2003-12-25
14.73,28.72,0.0,7.232521857807942,2003-12-26
12.64,28.77,0.0,7.320937574811738,2003-12-27
11.99,28.85,0.0,7.314652032061679,2003-12-28
11.79,29.7,0.0,7.0817983819677055,2003-12-29
13.89,30.52,0.0,7.02979561766776,2003-12-30
16.58,32.83,0.0,7.11159827331644,2003-12-31
17.56,32.35,0.0,6.741142204359374,2004-01-01
17.55,34.73,0.0,6.807242143124318,2004-01-02
16.73,35.14,0.0,6.1576711954171195,2004-01-03
17.62,35.79,0.0,5.821320732249572,2004-01-04
17.65,36.05,0.0,7.06697843035089,2004-01-05
17.39,35.47,0.0,7.841649645815523,2004-01-06
17.32,33.48,0.0,8.406147137697973,2004-01-07
16.6,32.32,0.0,8.265361170215114,2004-01-08
16.48,30.74,0.0,8.204303191500351,2004-01-09
15.44,30.92,0.0,8.207826446546266,2004-01-10
14.09,30.91,0.0,7.706029822589372,2004-01-11
14.85,31.57,0.0,7.690441926812024,2004-01-12
16.0,32.08,0.0,8.229280373691456,2004-01-13
15.92,31.66,0.0,7.872115854398907,2004-01-14
15.76,31.9,0.0,7.127782633868333,2004-01-15
16.41,30.92,0.0,7.032701473205715,2004-01-16
18.3,34.51,0.0,8.543124892819971,2004-01-17
16.82,34.7,0.0,7.600934254727767,2004-01-18
19.84,33.17,0.0,7.534125973515716,2004-01-19
20.21,35.31,0.0,5.923716355740653,2004-01-20
19.04,33.29,0.0,7.002172987644592,2004-01-21
17.5,31.0,0.0,7.908714787521562,2004-01-22
15.89,31.35,0.0,7.363055942259368,2004-01-23
16.04,32.86,0.0,7.638244087595997,2004-01-24
17.57,33.54,0.0,7.529596637284456,2004-01-25
18.23,33.2,0.0,7.911220367917949,2004-01-26
19.11,33.71,0.0,7.673062258495714,2004-01-27
16.27,32.88,0.0,8.562146572679517,2004-01-28
14.39,32.81,0.0,7.986568730731365,2004-01-29
13.37,34.43,0.0,7.011531976711449,2004-01-30
16.31,35.71,0.0,7.356781519249782,2004-01-31
16.94,35.54,0.0,8.865307160301905,2004-02-01
16.97,31.3,0.0,9.202423534113178,2004-02-02
16.66,28.08,0.0,8.669174817959881,2004-02-03
16.09,27.53,0.0,8.407514203055738,2004-02-04
15.44,25.85,0.0,7.526793113156689,2004-02-05
16.62,29.03,0.0,7.827210444382152,2004-02-06
16.09,31.67,0.0,7.564603921240833,2004-02-07
16.84,32.08,0.0,7.853267080836055,2004-02-08
16.44,32.82,0.0,8.136286590327973,2004-02-09
16.73,34.91,0.0,8.237221044151749,2004-02-10
17.28,35.73,0.0,8.070933943495655,2004-02-11
17.79,36.45,0.0,9.31242335707174,2004-02-12
18.88,37.3,0.0,9.196520201340011,2004-02-13
19.29,37.56,0.0,8.978072506636378,2004-02-14
19.9,36.53,0.0,9.05330443811818,2004-02-15
20.94,35.28,0.0,8.470410126278557,2004-02-16
19.53,36.23,0.0,9.060357759075398,2004-02-17
19.99,36.27,0.0,9.114852691996619,2004-02-18
19.99,36.92,0.0,7.984310794273764,2004-02-19
20.25,37.53,0.0,8.273299331442184,2004-02-20
20.74,38.31,0.0,9.813337604762578,2004-02-21
19.14,37.21,0.0,9.829216588375544,2004-02-22
18.43,36.74,0.0,9.77750797060123,2004-02-23
16.82,36.58,0.0,9.898869499703707,2004-02-24
15.77,37.34,0.0,8.163744558712395,2004-02-25
18.53,37.8,0.0,7.2834387806853655,2004-02-26
21.07,38.28,0.0,5.602185675876904,2004-02-27
23.94,39.28,0.0,5.574135239885125,2004-02-28
21.85,40.1,0.0,6.812557846584419,2004-02-29
24.06,36.85,0.0,6.741643077915741,2004-03-01
26.61,34.55,0.0,5.388347603931557,2004-03-02
23.98,36.75,0.0,8.241258786957559,2004-03-03
16.46,28.56,0.0,9.962891921149229,2004-03-04
14.02,30.17,0.0,9.82044590419605,2004-03-05
13.48,29.49,0.0,9.708766869164023,2004-03-06
13.08,31.16,0.0,8.80986855537728,2004-03-07
15.9,33.6,0.0,9.149988541378496,2004-03-08
17.9,35.42,0.0,9.704353657376513,2004-03-09
18.97,36.18,0.0,9.527196651674886,2004-03-10
19.82,36.64,0.0,8.990012799145255,2004-03-11
19.01,37.17,0.0,9.334165944407829,2004-03-12
18.6,37.5,0.0,9.361960546823235,2004-03-13
17.94,38.33,0.0,8.961394981176122,2004-03-14
18.87,38.42,0.0,8.561565568106293,2004-03-15
21.51,37.98,0.0,9.836687357731364,2004-03-16
20.23,37.06,0.0,9.262734306462214,2004-03-17
21.67,37.54,0.0,9.850835079985709,2004-03-18
21.47,37.15,0.0,9.969986804995767,2004-03-19
20.61,37.61,0.0,9.628999755418178,2004-03-20
21.41,37.48,0.0,9.354572530987994,2004-03-21
22.09,37.37,0.0,9.427595809888352,2004-03-22
21.59,37.25,0.0,9.484368939879053,2004-03-23
21.27,39.14,0.0,9.74058935909156,2004-03-24
22.13,40.59,0.0,10.460734934702502,2004-03-25
22.22,41.35,0.0,9.847405439726213,2004-03-26
22.73,41.43,0.0,9.531712601755352,2004-03-27
23.88,41.79,0.0,8.916855992628378,2004-03-28
27.42,42.45,0.0,7.714621416511334,2004-03-29
24.87,42.0,0.07,7.243058016675602,2004-03-30
27.1,40.02,0.07,9.898562381424128,2004-03-31
28.33,41.02,0.0,11.511844114229113,2004-04-01
26.42,40.95,0.0,12.099895181964508,2004-04-02
26.62,41.48,0.0,12.641962598964215,2004-04-03
24.52,41.22,0.0,10.028300672214819,2004-04-04
21.59,41.05,0.0,7.377603597376889,2004-04-05
24.62,41.46,0.0,6.725364812593507,2004-04-06
25.92,38.71,0.23,8.643940577651222,2004-04-07
28.06,39.22,0.93,8.6603835280462,2004-04-08
28.38,37.15,0.19,8.699638007506293,2004-04-09
27.96,40.23,0.02,7.823710686591083,2004-04-10
28.93,41.07,0.0,8.375152873410451,2004-04-11
26.77,42.73,0.0,8.93202816915113,2004-04-12
27.19,42.82,0.65,9.025983466582113,2004-04-13
26.59,41.41,0.0,7.259650672469383,2004-04-14
29.36,39.11,3.15,8.370772210922983,2004-04-15
28.43,38.84,0.42,8.085427723031472,2004-04-16
28.2,41.38,0.0,7.7805291942702555,2004-04-17
26.15,41.87,0.01,6.838091607560914,2004-04-18
25.37,41.31,0.07,7.959704896425775,2004-04-19
29.22,41.42,0.0,8.92633238326304,2004-04-20
27.85,38.44,0.55,8.533008302419802,2004-04-21
28.1,39.9,0.01,8.513769960499662,2004-04-22
27.31,40.5,0.0,8.800781158235175,2004-04-23
27.89,41.79,0.0,8.62108642164495,2004-04-24
29.25,41.4,1.0,9.616555241247884,2004-04-25
29.78,42.27,0.13,9.056168121197521,2004-04-26
29.63,38.16,0.01,9.714536453803872,2004-04-27
26.55,40.43,1.08,9.914617933583674,2004-04-28
27.74,36.52,7.43,4.844627541518882,2004-04-29
26.85,38.55,0.0,7.8729582804293985,2004-04-30
27.25,42.4,0.0,9.047928250334076,2004-05-01
27.74,42.63,0.0,7.460059849050445,2004-05-02
28.13,42.53,0.0,9.794254106026097,2004-05-03
29.69,39.47,0.48,9.775377709404173,2004-05-04
29.19,38.02,0.23,8.909949802203487,2004-05-05
27.21,41.8,0.0,9.131730985534016,2004-05-06
26.92,41.37,0.0,9.877704505808106,2004-05-07
26.21,43.34,0.0,8.409967853605648,2004-05-08
24.81,43.48,0.0,8.568187731952813,2004-05-09
24.28,41.66,0.03,8.33040950474191,2004-05-10
29.45,42.17,0.31,9.884360475180312,2004-05-11
27.86,41.65,0.82,10.540600839855088,2004-05-12
26.56,40.92,1.29,9.76404484253501,2004-05-13
27.87,40.16,2.48,9.530986413412604,2004-05-14
29.07,40.85,0.06,8.703116625656573,2004-05-15
27.87,41.17,0.01,8.868970139970928,2004-05-16
28.75,42.16,0.04,10.345880969086961,2004-05-17
29.63,39.24,5.63,9.82169626894834,2004-05-18
28.3,36.3,6.89,5.3777274275965805,2004-05-19
26.53,37.24,0.02,8.100656484832353,2004-05-20
27.39,38.37,0.65,8.706988682515178,2004-05-21
28.12,39.89,0.91,9.328431149542848,2004-05-22
27.92,36.4,0.81,7.082011339463205,2004-05-23
28.12,39.04,0.03,8.068662965197964,2004-05-24
27.52,41.59,0.01,8.816865977726703,2004-05-25
26.79,38.94,0.94,8.847718615423343,2004-05-26
26.84,38.04,0.46,8.481514562682786,2004-05-27
27.4,37.76,1.99,8.507089618046585,2004-05-28
26.51,39.14,0.05,7.442556060549888,2004-05-29
27.17,40.3,0.0,8.74002289185456,2004-05-30
27.06,38.81,0.01,9.75083498164577,2004-05-31
26.63,36.68,4.55,7.370108560819182,2004-06-01
26.97,34.52,0.02,5.963775318208694,2004-06-02
26.81,39.51,0.0,7.451399500372546,2004-06-03
27.52,40.06,0.79,8.06491140694801,2004-06-04
26.58,34.83,1.88,7.187014563273457,2004-06-05
26.27,36.17,3.78,6.666684682863422,2004-06-06
27.58,37.19,0.49,7.3462516366989465,2004-06-07
27.14,38.21,0.78,7.388723897728769,2004-06-08
27.26,38.18,1.76,7.15477798258145,2004-06-09
26.02,39.21,1.07,8.99593623621505,2004-06-10
27.07,35.22,9.67,7.243281978571167,2004-06-11
25.98,30.81,8.79,5.420264794865645,2004-06-12
24.34,38.79,0.0,8.209179009732056,2004-06-13
25.17,38.83,3.63,8.54540059937968,2004-06-14
25.17,38.06,0.33,7.985054635308123,2004-06-15
26.58,38.5,0.92,9.276530306726848,2004-06-16
26.85,38.63,0.68,8.977562429501852,2004-06-17
26.09,39.68,0.19,8.819671171956132,2004-06-18
26.42,40.43,0.1,8.753357654852026,2004-06-19
26.63,39.81,0.31,8.901196150652027,2004-06-20
26.95,37.67,1.78,8.8920811940091,2004-06-21
26.68,38.53,0.64,9.074699347362525,2004-06-22
26.76,34.49,0.48,7.5469619981335665,2004-06-23
26.07,38.92,0.54,8.919018375330282,2004-06-24
25.7,38.08,1.07,8.9576678235399,2004-06-25
25.78,38.4,0.55,7.179155178012425,2004-06-26
26.49,40.51,0.0,7.2784483102012505,2004-06-27
26.69,39.6,0.05,8.3999914090492,2004-06-28
26.8,35.08,0.35,7.157561845217462,2004-06-29
26.57,36.33,3.62,6.242223958296342,2004-06-30
25.78,38.67,0.16,7.640104712256792,2004-07-01
26.28,36.53,7.68,7.8459627566783485,2004-07-02
25.6,33.24,0.74,5.827115890372035,2004-07-03
25.04,36.7,3.49,6.480902686658582,2004-07-04
26.41,37.92,0.42,6.8787698915981945,2004-07-05
25.75,34.33,19.58,6.898865149918005,2004-07-06
25.16,32.44,7.41,4.622462583741467,2004-07-07
23.02,36.2,0.87,6.335423850571095,2004-07-08
24.5,35.99,7.48,5.894375932439238,2004-07-09
25.49,32.17,6.39,6.26277712977367,2004-07-10
24.67,32.99,1.81,5.81420944630849,2004-07-11
22.9,36.17,0.02,6.743608866432025,2004-07-12
24.62,39.89,0.0,8.332538882720774,2004-07-13
27.19,37.99,0.12,9.039026663733434,2004-07-14
25.02,35.77,0.37,7.526811796437431,2004-07-15
24.42,36.18,4.12,7.175558729086758,2004-07-16
25.49,32.65,10.32,5.14774421096611,2004-07-17
24.97,32.6,0.54,4.751146632588367,2004-07-18
24.29,35.48,1.59,6.456176418268653,2004-07-19
24.59,32.36,6.2,3.9540556479479063,2004-07-20
24.53,29.92,8.33,3.956757615847688,2004-07-21
23.51,32.46,0.46,5.312349969353458,2004-07-22
23.99,32.04,6.95,5.290608671601985,2004-07-23
23.86,34.07,0.58,6.524484954871772,2004-07-24
23.28,34.69,3.33,6.6411146905559075,2004-07-25
23.2,34.62,0.83,6.236566713453809,2004-07-26
24.93,34.76,0.62,6.511187633805403,2004-07-27
24.36,31.78,4.59,5.511081797183353,2004-07-28
23.49,33.98,2.11,5.501952057530107,2004-07-29
24.29,35.09,2.2,6.284986804577576,2004-07-30
24.42,35.31,7.05,5.916295507911526,2004-07-31
24.55,34.11,6.0,6.061403830535122,2004-08-01
24.73,31.64,7.84,4.367548403270669,2004-08-02
23.75,34.6,3.29,5.894834481888434,2004-08-03
23.52,34.76,3.72,6.497613832752945,2004-08-04
24.54,31.18,1.52,4.8093069275757285,2004-08-05
23.75,33.04,8.16,6.116341385352678,2004-08-06
24.48,32.34,12.28,5.7500327202048345,2004-08-07
24.63,30.26,7.23,4.161838758223752,2004-08-08
23.74,34.04,0.25,6.145496575083907,2004-08-09
23.35,35.66,0.17,6.133813907530709,2004-08-10
24.5,33.4,0.27,5.504635644570681,2004-08-11
23.5,34.32,3.96,6.106582120511069,2004-08-12
23.36,35.83,2.34,6.29611831433513,2004-08-13
25.18,35.59,3.65,7.137962846466598,2004-08-14
24.6,33.02,7.39,4.8112603164697045,2004-08-15
24.36,33.01,0.13,5.434505396104736,2004-08-16
24.45,34.57,0.53,6.11587408017283,2004-08-17
24.66,34.21,5.64,4.503877127254111,2004-08-18
25.22,31.55,1.67,5.008028304006476,2004-08-19
24.46,33.92,3.35,5.727428824219998,2004-08-20
24.64,31.49,2.48,5.032703839920939,2004-08-21
24.03,32.94,5.33,5.066655092194952,2004-08-22
24.53,29.86,16.52,4.43950351303484,2004-08-23
22.91,32.21,2.2,5.732202190575928,2004-08-24
24.34,33.1,1.36,4.973437394427894,2004-08-25
24.37,35.58,1.58,6.403445336768685,2004-08-26
23.72,32.1,1.47,5.610136154043284,2004-08-27
23.48,32.24,0.46,4.61092164268865,2004-08-28
23.26,34.28,5.93,5.815599192994287,2004-08-29
23.5,32.25,13.39,4.290068261759758,2004-08-30
24.2,32.35,5.41,5.121756564279885,2004-08-31
23.48,32.54,5.64,5.58768298791978,2004-09-01
23.16,31.25,9.35,4.152150028887566,2004-09-02
23.3,32.8,5.0,5.718547554590911,2004-09-03
22.94,32.39,10.24,4.459728976734381,2004-09-04
22.9,35.26,0.01,6.04412521021085,2004-09-05
23.52,30.64,11.3,4.534945912438471,2004-09-06
23.8,31.9,4.38,5.178902645450045,2004-09-07
24.23,31.25,6.25,4.998329968277989,2004-09-08
23.44,33.12,0.05,5.438990118879128,2004-09-09
23.68,34.35,0.94,5.828244146125628,2004-09-10
23.77,33.02,4.33,4.702313231824937,2004-09-11
23.61,32.46,4.86,4.6860313580505855,2004-09-12
23.62,32.08,2.62,3.1154569877694365,2004-09-13
24.16,34.07,0.96,5.15474114830715,2004-09-14
23.46,35.16,0.01,6.087079970610558,2004-09-15
22.94,36.28,1.5,6.164898984266216,2004-09-16
23.86,34.94,0.36,6.299418703574474,2004-09-17
22.98,34.77,1.34,6.501354828865755,2004-09-18
24.09,32.96,2.4,6.011575666189335,2004-09-19
24.19,31.69,0.2,4.983779879367293,2004-09-20
22.89,37.13,0.21,5.996096107523078,2004-09-21
23.66,37.59,0.65,7.174066053937444,2004-09-22
23.86,35.67,0.12,6.8512461900995945,2004-09-23
23.26,35.67,0.01,6.681616370148,2004-09-24
23.03,36.85,0.17,6.519253716915176,2004-09-25
23.18,38.66,0.09,6.877758071772707,2004-09-26
23.64,37.24,0.0,7.048914180688677,2004-09-27
23.65,39.37,0.0,7.229437684744043,2004-09-28
24.05,37.78,0.65,7.494784673543594,2004-09-29
24.65,33.01,0.61,5.609317966230943,2004-09-30
23.85,36.52,0.54,6.807953032029072,2004-10-01
25.01,37.76,0.0,6.664496088014686,2004-10-02
23.53,39.01,0.61,6.623904118745044,2004-10-03
23.73,37.39,0.69,6.757772206169158,2004-10-04
24.41,32.85,2.44,5.399117839516096,2004-10-05
24.2,35.77,0.75,5.552357467195145,2004-10-06
24.51,38.75,0.0,6.779047928439386,2004-10-07
22.52,39.58,0.0,6.816080095601446,2004-10-08
22.45,39.46,0.0,6.661174047461765,2004-10-09
23.57,39.19,0.0,7.025815208805689,2004-10-10
23.52,38.53,0.0,6.245976409491661,2004-10-11
22.49,38.72,0.0,7.019761013678357,2004-10-12
24.29,37.88,0.0,6.587834731104516,2004-10-13
25.63,38.93,0.0,6.97942939416177,2004-10-14
24.34,38.12,0.0,5.127992621498845,2004-10-15
21.39,38.84,0.0,6.527134641806228,2004-10-16
23.65,39.1,0.0,6.444124817656703,2004-10-17
22.36,39.08,0.0,7.540911755026045,2004-10-18
19.65,39.65,0.0,6.924799681139107,2004-10-19
19.92,39.04,0.0,6.034431327329333,2004-10-20
21.75,38.08,0.0,5.418775712394137,2004-10-21
24.06,38.63,0.0,6.365329007767782,2004-10-22
22.45,37.63,0.0,6.30784928149027,2004-10-23
21.9,37.84,0.0,6.873385171895482,2004-10-24
22.55,37.41,0.0,5.7658581310088,2004-10-25
24.26,38.27,0.0,6.495784489105654,2004-10-26
21.5,38.51,0.0,6.279375134077268,2004-10-27
24.09,38.83,0.0,6.313803776312621,2004-10-28
22.54,39.56,0.0,6.684537942826811,2004-10-29
22.54,37.6,0.0,5.3644706615553694,2004-10-30
22.58,38.13,0.01,6.029446153634082,2004-10-31
25.5,38.41,0.0,6.766389786118676,2004-11-01
23.29,38.4,0.03,5.591656344540886,2004-11-02
21.19,38.14,0.0,6.109870930322677,2004-11-03
20.69,37.75,0.0,5.943689749797151,2004-11-04
21.48,38.13,0.0,5.644233221843675,2004-11-05
24.32,36.17,0.0,5.753469853269662,2004-11-06
22.25,38.91,0.0,7.098323327636091,2004-11-07
21.07,38.39,0.0,6.88191124417508,2004-11-08
20.62,38.32,0.0,6.946407585093467,2004-11-09
20.31,37.96,0.0,5.356644406812438,2004-11-10
21.2,37.91,0.0,5.378477332650286,2004-11-11
20.52,37.52,0.0,5.536665992709413,2004-11-12
22.3,36.84,0.0,5.227281159303033,2004-11-13
23.02,37.27,0.0,7.331536482954754,2004-11-14
23.57,35.03,0.0,8.114987450645362,2004-11-15
21.95,38.39,0.0,9.123340511748161,2004-11-16
21.57,38.18,0.0,8.884234829412,2004-11-17
20.31,36.39,0.0,7.195893205342375,2004-11-18
20.98,36.17,0.0,6.285119555151392,2004-11-19
19.52,36.09,0.0,7.995241827696772,2004-11-20
19.71,36.67,0.0,8.34698591840959,2004-11-21
19.06,35.82,0.0,8.14224761630306,2004-11-22
17.69,34.33,0.0,7.767484336482412,2004-11-23
17.76,33.39,0.0,6.789668133582501,2004-11-24
17.76,33.32,0.0,5.84674139594973,2004-11-25
18.5,34.2,0.0,6.619506277450945,2004-11-26
17.5,34.4,0.0,7.764716665021308,2004-11-27
17.67,33.26,0.0,8.086535754974664,2004-11-28
17.64,33.93,0.0,7.88269079704675,2004-11-29
19.14,34.84,0.0,8.33392265108659,2004-11-30
18.29,35.49,0.0,7.80415802835597,2004-12-01
18.33,35.51,0.0,8.686392188276496,2004-12-02
16.63,33.59,0.0,7.600281338130701,2004-12-03
16.35,33.75,0.0,6.920169980090389,2004-12-04
16.18,34.29,0.0,7.020099562263382,2004-12-05
16.31,34.9,0.0,6.81416698397151,2004-12-06
17.18,35.56,0.0,6.009921597149869,2004-12-07
17.8,36.16,0.0,5.731897998486991,2004-12-08
17.26,36.04,0.0,5.233926099137604,2004-12-09
17.89,36.31,0.0,5.131083529993436,2004-12-10
17.81,36.71,0.0,6.000767727096158,2004-12-11
18.88,37.02,0.0,6.85511900461614,2004-12-12
19.85,36.86,0.0,7.2803910733285075,2004-12-13
19.39,35.03,0.0,7.626286083728367,2004-12-14
18.23,36.06,0.0,8.124517787523848,2004-12-15
18.3,34.57,0.0,8.785577213095305,2004-12-16
17.41,33.78,0.0,7.405584542170769,2004-12-17
17.8,32.86,0.0,7.126548047459793,2004-12-18
16.9,33.91,0.0,7.003919329419948,2004-12-19
19.01,35.26,0.0,7.387130118626486,2004-12-20
19.62,35.67,0.0,6.942907135152472,2004-12-21
20.02,36.51,0.0,6.524863506193969,2004-12-22
20.12,36.87,0.0,6.22321661771362,2004-12-23
20.38,37.32,0.0,6.6073742748521775,2004-12-24
20.32,36.99,0.0,7.379023633303369,2004-12-25
19.96,36.78,0.0,7.2298183609780775,2004-12-26
19.54,36.21,0.0,6.451956573977853,2004-12-27
20.72,36.37,0.0,7.755384255745277,2004-12-28
19.41,35.1,0.0,8.332345562273265,2004-12-29
18.46,34.21,0.0,6.961583767275894,2004-12-30
17.42,33.95,0.0,8.252033501473495,2004-12-31
15.41,28.33,0.0,6.945660132021059,2005-01-01
14.08,30.52,0.0,6.7219734783856895,2005-01-02
14.31,30.48,0.0,7.040942717757436,2005-01-03
16.31,31.31,0.0,7.697452121029929,2005-01-04
15.9,31.34,0.0,8.040411263358552,2005-01-05
16.31,29.45,0.0,8.04009472688744,2005-01-06
15.46,28.91,0.0,7.9103579104584165,2005-01-07
13.7,27.79,0.0,8.179040360774549,2005-01-08
13.02,27.5,0.0,8.14733194410091,2005-01-09
13.63,27.29,0.0,7.521116924236309,2005-01-10
13.81,26.83,0.0,6.974775776753971,2005-01-11
13.29,27.51,0.0,6.874167737385462,2005-01-12
12.69,27.41,0.0,6.535163769582443,2005-01-13
12.44,29.04,0.0,6.721262744189953,2005-01-14
13.67,30.14,0.0,7.1022243259359366,2005-01-15
13.66,31.96,0.0,7.924386148410516,2005-01-16
15.3,30.93,0.0,8.194464169475705,2005-01-17
14.13,30.81,0.0,8.587412221652285,2005-01-18
14.15,30.58,0.0,7.97979419546872,2005-01-19
14.1,31.05,0.0,7.814449491503572,2005-01-20
14.88,30.21,0.0,7.754593397354106,2005-01-21
14.67,29.71,0.0,7.712380204461471,2005-01-22
14.45,31.9,0.0,7.434760626194414,2005-01-23
15.24,33.17,0.0,6.956241411296493,2005-01-24
16.86,35.05,0.0,6.825337462245157,2005-01-25
18.51,37.03,0.0,6.433220696943641,2005-01-26
20.16,36.4,0.0,6.322588918641967,2005-01-27
19.95,34.28,0.0,5.925554177029096,2005-01-28
20.92,33.97,0.01,8.096802710146633,2005-01-29
18.85,34.69,0.0,8.730133609400385,2005-01-30
19.08,34.53,0.0,9.300465330269635,2005-01-31
19.78,35.76,0.0,10.135346767974001,2005-02-01
18.99,36.21,0.0,8.233132884043723,2005-02-02
19.89,38.17,0.0,7.7379028405357095,2005-02-03
19.25,37.64,0.0,7.280038439250543,2005-02-04
19.41,37.81,0.0,8.905045397887873,2005-02-05
20.39,36.53,0.0,9.427724529161878,2005-02-06
20.42,36.09,0.0,6.7708680098668825,2005-02-07
21.27,34.74,0.0,8.569892441019473,2005-02-08
22.93,35.88,0.0,8.924437093325368,2005-02-09
23.44,36.28,0.0,10.246333771020842,2005-02-10
23.11,36.84,0.0,10.282050267210156,2005-02-11
24.05,37.12,0.0,11.723665197367314,2005-02-12
21.78,35.65,0.0,10.767643582611424,2005-02-13
18.99,34.86,0.0,8.611344557380981,2005-02-14
19.55,36.06,0.0,9.108436701077908,2005-02-15
19.68,37.95,0.0,7.825143455855937,2005-02-16
21.11,39.09,0.0,7.466665648459252,2005-02-17
23.86,39.37,0.02,7.279523642066326,2005-02-18
22.6,40.31,0.0,7.7854655932593,2005-02-19
23.96,38.99,0.0,8.212958001086841,2005-02-20
24.64,39.12,0.0,9.458740159267704,2005-02-21
24.46,37.61,0.0,9.822147289321848,2005-02-22
25.62,39.42,0.0,10.056168943181918,2005-02-23
25.42,40.32,0.0,10.267662268421537,2005-02-24
25.37,38.55,0.0,9.81101849120033,2005-02-25
25.1,39.03,0.0,10.49806434471534,2005-02-26
25.38,39.36,0.0,9.857420357758938,2005-02-27
24.1,40.11,0.0,9.110741735238518,2005-02-28
25.08,40.95,0.01,8.599016808755046,2005-03-01
25.61,39.14,0.0,7.977810011854964,2005-03-02
27.05,40.4,0.0,9.574982065325777,2005-03-03
26.75,37.12,0.0,9.165902949191334,2005-03-04
25.73,38.25,0.0,8.392664999466591,2005-03-05
25.01,40.56,0.0,7.48690893626035,2005-03-06
26.67,36.55,0.0,6.5994522184608195,2005-03-07
26.47,40.19,0.0,9.515751410286404,2005-03-08
26.38,40.39,0.0,10.208608240415963,2005-03-09
27.32,40.52,0.0,11.356037300128396,2005-03-10
24.56,40.7,0.0,9.558491935693263,2005-03-11
24.21,39.2,0.17,9.720680860848159,2005-03-12
24.41,39.0,0.03,5.9231444956995905,2005-03-13
26.81,38.42,0.74,5.971723128629194,2005-03-14
26.77,40.62,0.0,8.291717792787672,2005-03-15
24.28,41.74,0.0,9.963156822797217,2005-03-16
23.33,41.54,0.0,8.939257999997785,2005-03-17
22.71,40.75,0.0,6.582503289617555,2005-03-18
23.5,40.51,0.0,6.570808235087164,2005-03-19
24.05,38.9,0.0,6.538740443344891,2005-03-20
24.27,40.36,0.0,7.31084258759239,2005-03-21
22.45,40.49,0.0,6.959864268270874,2005-03-22
22.93,41.61,0.0,7.24493206636538,2005-03-23
24.91,41.07,0.0,6.14617653779036,2005-03-24
27.88,42.12,0.0,7.946821672369753,2005-03-25
24.6,41.6,0.0,9.611037727009842,2005-03-26
22.89,41.55,0.0,9.568004010058047,2005-03-27
22.72,41.7,0.0,10.275050282173991,2005-03-28
21.91,41.87,0.0,9.54122227493314,2005-03-29
22.34,42.03,0.0,9.278701337251668,2005-03-30
21.57,42.05,0.0,8.511280956646983,2005-03-31
22.33,41.99,0.0,7.913704496788851,2005-04-01
24.02,41.86,0.0,7.659507933320154,2005-04-02
24.53,42.15,0.0,9.80174695434462,2005-04-03
24.58,42.25,0.0,10.482711945638568,2005-04-04
24.26,42.51,0.0,10.713127147606912,2005-04-05
23.69,42.75,0.0,9.600620717557973,2005-04-06
23.28,42.72,0.0,8.57516200179465,2005-04-07
23.5,41.64,0.01,8.93877624455045,2005-04-08
25.46,41.89,0.0,8.909115943362746,2005-04-09
27.72,41.9,0.0,7.823853169894889,2005-04-10
26.07,41.68,0.0,7.8696676523279185,2005-04-11
27.92,42.59,0.0,7.008113391238059,2005-04-12
25.32,42.82,0.0,5.822780723934314,2005-04-13
27.46,42.73,0.0,7.405672593616343,2005-04-14
27.51,42.93,0.0,8.1954841945694,2005-04-15
30.17,43.11,0.81,9.282719026904907,2005-04-16
30.11,42.63,0.35,9.97385253625621,2005-04-17
29.62,42.8,0.0,10.05434883652648,2005-04-18
29.03,41.25,0.0,8.83052469281994,2005-04-19
27.93,40.1,0.0,7.339593796290008,2005-04-20
26.29,41.03,0.0,8.259079862774422,2005-04-21
25.63,42.32,0.0,6.214513849568931,2005-04-22
29.38,41.14,0.08,9.76420692496563,2005-04-23
29.32,41.68,0.0,9.154859006107403,2005-04-24
28.95,43.02,0.0,7.802674381710262,2005-04-25
29.04,42.4,0.02,9.083304126618357,2005-04-26
29.46,42.15,0.03,8.926291457341504,2005-04-27
30.13,41.57,0.44,8.784267649059794,2005-04-28
29.6,42.02,0.13,10.635151250533687,2005-04-29
28.14,41.93,0.02,11.341700540266121,2005-04-30
27.77,39.04,1.68,10.898307396109246,2005-05-01
26.67,34.53,5.13,8.031637025174394,2005-05-02
26.64,36.43,1.41,7.729796849510424,2005-05-03
27.03,36.09,3.93,6.264964436029443,2005-05-04
26.62,36.18,1.3,6.408928174764231,2005-05-05
26.48,35.99,0.5,7.2442956673247645,2005-05-06
26.27,36.37,0.44,7.319495587200328,2005-05-07
25.35,40.07,0.26,7.972915151344481,2005-05-08
27.36,40.88,0.12,8.38844356705077,2005-05-09
27.81,41.68,0.01,9.081581521780818,2005-05-10
27.75,41.4,0.04,8.456810609859929,2005-05-11
28.53,43.76,0.0,7.5855005311502035,2005-05-12
26.5,40.98,0.37,9.43711763826097,2005-05-13
28.76,41.63,0.0,7.535975512157229,2005-05-14
27.94,42.31,0.0,9.1991537583415,2005-05-15
25.95,42.12,0.0,8.533741809420125,2005-05-16
28.41,40.58,0.01,8.344977041743375,2005-05-17
27.22,41.71,0.0,6.940068699758867,2005-05-18
27.5,42.79,0.0,8.375360691672634,2005-05-19
27.97,42.87,0.45,7.512625644415931,2005-05-20
27.26,42.71,0.0,7.575295154892867,2005-05-21
27.14,42.36,0.01,9.41236599534731,2005-05-22
28.06,41.04,0.0,9.572870185552407,2005-05-23
28.57,43.95,0.0,8.469456064314477,2005-05-24
27.45,42.96,0.28,7.865390818417569,2005-05-25
28.9,40.14,4.87,9.794821029561938,2005-05-26
27.88,39.29,1.05,10.009574140401698,2005-05-27
27.28,39.67,0.0,8.642625516017318,2005-05-28
28.46,35.43,7.93,7.8422872689815435,2005-05-29
26.91,34.3,19.11,5.695641276996779,2005-05-30
26.4,35.2,0.12,7.514664517542956,2005-05-31
25.41,34.9,5.02,6.1807004567461306,2005-06-01
26.24,39.0,0.01,7.455432078232059,2005-06-02
28.08,36.91,10.2,7.65026649313869,2005-06-03
26.63,32.45,14.06,4.696065664322922,2005-06-04
26.05,37.73,0.0,7.371478251998034,2005-06-05
26.61,40.63,0.0,9.060657538072702,2005-06-06
27.04,38.0,4.09,8.37757717181218,2005-06-07
26.19,35.88,2.24,7.648551200539881,2005-06-08
26.24,30.35,19.04,5.139830710307163,2005-06-09
24.57,35.05,4.47,6.849649766028929,2005-06-10
25.04,39.64,3.16,8.16495042644227,2005-06-11
26.4,36.75,2.88,8.08628189495377,2005-06-12
24.97,36.54,1.67,7.630093311915538,2005-06-13
26.23,38.85,2.02,7.503512476752927,2005-06-14
28.46,39.81,2.31,8.262329025987695,2005-06-15
27.6,39.46,1.78,8.696619742029819,2005-06-16
26.73,36.21,3.36,7.794464231675099,2005-06-17
26.49,34.24,0.22,7.42234525984925,2005-06-18
25.46,35.93,1.02,7.741864400178941,2005-06-19
25.31,36.6,0.74,6.758652201462864,2005-06-20
25.77,38.5,0.13,7.029138288367976,2005-06-21
26.82,37.31,0.91,7.383199392386491,2005-06-22
27.47,39.75,0.34,8.6403125987548,2005-06-23
26.89,32.28,11.84,5.8582700416588205,2005-06-24
25.35,32.33,8.71,5.258759223985353,2005-06-25
25.36,31.25,13.99,5.030760598326469,2005-06-26
24.51,31.22,3.59,5.153376187362879,2005-06-27
24.68,33.15,13.27,5.872668124614001,2005-06-28
24.46,32.59,10.48,5.65986735724445,2005-06-29
24.22,31.79,10.72,4.322532713173791,2005-06-30
24.22,31.61,23.66,4.782737475183876,2005-07-01
24.95,33.51,0.75,5.139082455118531,2005-07-02
24.54,34.06,0.25,5.665174419200612,2005-07-03
23.38,35.95,0.01,6.5985712043009235,2005-07-04
24.71,36.2,0.27,7.691043281146725,2005-07-05
24.6,33.28,11.92,6.089181532428365,2005-07-06
24.17,32.09,3.22,5.580227702447614,2005-07-07
24.52,33.44,5.48,3.484452798797935,2005-07-08
24.17,32.06,11.54,5.588336084065621,2005-07-09
24.19,28.04,2.23,3.8499057881456147,2005-07-10
22.77,32.66,0.02,5.514901116758467,2005-07-11
23.48,35.34,0.0,6.052136594177434,2005-07-12
24.68,36.26,2.55,6.263119459143789,2005-07-13
24.95,31.57,0.91,5.14255085518191,2005-07-14
24.37,30.65,2.88,4.503730462749488,2005-07-15
24.59,33.21,0.87,5.8999136287780605,2005-07-16
25.4,31.61,2.67,4.146517952598835,2005-07-17
23.66,32.95,1.73,6.15332106246775,2005-07-18
24.11,32.11,2.07,5.606977946434078,2005-07-19
23.57,32.83,28.7,5.055997010509939,2005-07-20
25.01,31.65,13.47,5.445159239727912,2005-07-21
23.9,29.39,9.94,4.060373407641454,2005-07-22
24.27,34.44,0.0,5.722771851881515,2005-07-23
24.41,36.45,0.03,6.493580805170579,2005-07-24
25.08,34.4,0.45,6.674147522046277,2005-07-25
25.05,32.15,0.25,5.903426998083675,2005-07-26
24.36,33.88,0.4,6.792598146930185,2005-07-27
25.06,33.42,0.37,6.54969994418864,2005-07-28
24.11,32.32,0.56,5.212169827461887,2005-07-29
23.99,30.42,10.75,5.421037936767932,2005-07-30
23.02,31.79,2.99,4.982839587226442,2005-07-31
23.73,32.96,2.77,5.748699703206055,2005-08-01
24.22,33.39,0.57,5.689393844050341,2005-08-02
24.92,33.73,2.73,5.840908889893457,2005-08-03
23.89,34.14,5.4,5.6590751587611665,2005-08-04
25.32,33.09,0.95,6.486141114488009,2005-08-05
24.58,32.44,9.27,4.551437797793796,2005-08-06
24.03,30.08,11.98,4.665442429936134,2005-08-07
24.53,31.0,31.36,4.884000675555303,2005-08-08
22.85,32.38,1.21,4.679471201836882,2005-08-09
23.87,31.83,5.91,5.151946674921672,2005-08-10
24.51,33.09,6.21,5.676075250779314,2005-08-11
24.73,32.56,1.48,4.677153492642403,2005-08-12
23.54,30.67,1.73,5.464084128563464,2005-08-13
22.2,32.89,0.03,5.428526442610001,2005-08-14
23.71,31.65,4.74,5.049955908854901,2005-08-15
23.06,31.79,18.63,4.407048069152285,2005-08-16
23.47,29.0,7.69,3.3263584987014974,2005-08-17
22.67,30.18,1.17,4.859416015379067,2005-08-18
23.64,32.57,0.84,4.868386913402616,2005-08-19
22.73,32.99,0.49,5.042806872139559,2005-08-20
23.64,34.19,0.37,5.709164309383734,2005-08-21
24.25,33.19,2.55,5.760094081676838,2005-08-22
24.45,30.57,3.45,3.529993763220087,2005-08-23
23.71,29.35,3.24,5.068089750763577,2005-08-24
23.03,32.23,6.65,4.635530683579955,2005-08-25
23.81,29.22,4.9,4.062808270803334,2005-08-26
23.32,31.64,2.63,5.285541276289973,2005-08-27
23.33,30.62,6.99,5.079861395395958,2005-08-28
24.05,29.94,2.7,4.7345059339908895,2005-08-29
23.0,29.48,4.73,4.844746409460631,2005-08-30
21.95,32.42,0.11,5.468029607662657,2005-08-31
23.54,32.0,1.9,4.600321999230603,2005-09-01
22.8,32.22,2.61,5.705795712235755,2005-09-02
23.64,30.39,6.19,2.8859582945532347,2005-09-03
23.26,33.71,0.37,5.374203456089908,2005-09-04
23.81,32.77,17.69,4.972040271513027,2005-09-05
24.81,30.43,7.39,3.045158545014227,2005-09-06
23.47,28.76,6.04,4.037637117296326,2005-09-07
23.37,33.17,0.81,4.59533462463032,2005-09-08
24.52,33.65,0.09,6.121845180544632,2005-09-09
23.58,34.45,2.12,6.0927711971942555,2005-09-10
24.74,34.53,0.28,5.958583637858354,2005-09-11
23.98,34.89,2.38,6.217434543513354,2005-09-12
23.6,33.81,2.49,5.448532352118423,2005-09-13
24.44,35.38,0.15,5.959168438355099,2005-09-14
24.34,36.96,0.0,6.357887995113961,2005-09-15
23.96,36.09,3.56,6.48356610059411,2005-09-16
23.92,36.21,0.02,6.655380099888657,2005-09-17
24.41,37.06,0.13,6.61279835566362,2005-09-18
25.19,37.46,1.54,6.468134280912158,2005-09-19
25.98,35.07,2.8,4.678852984593144,2005-09-20
23.79,31.73,4.59,4.601405547803922,2005-09-21
23.11,31.8,11.86,3.5980002230211197,2005-09-22
24.14,34.42,2.33,5.159927442794244,2005-09-23
25.19,30.64,12.73,4.146239521117112,2005-09-24
23.82,30.86,1.92,4.431775045700101,2005-09-25
23.04,30.75,3.69,5.185883895098541,2005-09-26
23.92,31.64,2.48,4.58545043131534,2005-09-27
23.08,36.52,0.0,5.9326032131037625,2005-09-28
22.97,36.71,0.0,6.116457161599762,2005-09-29
23.46,36.3,1.44,6.38761778315884,2005-09-30
24.26,32.75,1.45,5.4202288471142,2005-10-01
23.62,31.03,3.0,4.158946185834089,2005-10-02
23.5,30.51,6.03,4.388602123050045,2005-10-03
23.06,33.68,1.91,5.561860219481681,2005-10-04
23.68,33.54,0.37,5.81238714256494,2005-10-05
22.91,37.67,0.0,6.858561741754234,2005-10-06
23.41,34.69,0.0,5.781201593445897,2005-10-07
23.39,35.27,0.0,5.4797995717916965,2005-10-08
23.04,37.21,0.0,6.172473699449524,2005-10-09
22.64,37.1,0.13,6.2661492101931575,2005-10-10
23.38,36.62,0.05,5.888037350592932,2005-10-11
23.07,38.48,0.0,5.955486789590049,2005-10-12
23.51,38.01,0.0,6.219690505292039,2005-10-13
24.36,38.43,0.22,6.441539260811914,2005-10-14
24.08,38.18,0.66,5.895950390910628,2005-10-15
24.7,38.34,0.13,5.982587134919263,2005-10-16
22.65,37.7,0.0,6.379400436181617,2005-10-17
22.24,37.28,0.0,6.111503574111731,2005-10-18
21.66,37.75,0.0,6.334620661705191,2005-10-19
23.47,37.56,0.0,5.209451704251839,2005-10-20
22.32,37.71,0.0,6.403423570353904,2005-10-21
21.55,36.97,0.0,5.822463094224672,2005-10-22
22.1,36.98,0.0,6.66816211795945,2005-10-23
19.54,36.98,0.0,7.120794501314926,2005-10-24
18.66,37.24,0.0,7.362830347684966,2005-10-25
19.38,36.75,0.0,5.998855172238066,2005-10-26
20.37,36.95,0.0,5.986550129673568,2005-10-27
20.26,37.2,0.0,5.885007051350715,2005-10-28
21.29,36.96,0.0,6.224955225297476,2005-10-29
18.82,37.22,0.0,7.129289324026361,2005-10-30
19.62,36.78,0.0,5.757836141266292,2005-10-31
20.72,36.67,0.0,6.15208771215667,2005-11-01
22.99,34.54,0.02,4.603518892483269,2005-11-02
23.83,36.64,0.0,7.180594590865493,2005-11-03
20.31,36.74,0.0,7.470269628544529,2005-11-04
21.12,32.66,0.0,5.555305594444031,2005-11-05
19.65,35.16,0.0,7.164902322205221,2005-11-06
20.67,34.67,0.0,8.620152778381122,2005-11-07
18.52,35.37,0.0,7.630335025000118,2005-11-08
19.57,35.31,0.0,8.366886171031787,2005-11-09
18.02,35.06,0.0,7.884641834055712,2005-11-10
17.4,34.99,0.0,7.376181803664383,2005-11-11
17.97,34.65,0.0,6.762278718436437,2005-11-12
17.15,35.3,0.0,6.314711800772289,2005-11-13
18.49,35.95,0.0,5.96703736586595,2005-11-14
18.97,36.28,0.0,7.977006051140952,2005-11-15
16.78,35.14,0.0,7.685762368061338,2005-11-16
16.78,35.22,0.0,7.332386285967876,2005-11-17
16.94,35.91,0.0,6.415976944284554,2005-11-18
17.58,36.51,0.0,6.795742245703849,2005-11-19
17.27,36.7,0.0,7.4626202364275915,2005-11-20
17.43,35.25,0.0,7.5188568892292835,2005-11-21
16.65,35.71,0.0,6.95983832817228,2005-11-22
18.06,35.68,0.0,6.486101042516205,2005-11-23
18.33,36.22,0.0,6.114705159724995,2005-11-24
19.42,37.31,0.0,5.245562376172216,2005-11-25
20.39,37.53,0.0,5.205512736605786,2005-11-26
19.87,37.63,0.0,5.30297014379875,2005-11-27
20.12,37.62,0.0,6.878088166469099,2005-11-28
20.05,37.73,0.0,6.657976819040961,2005-11-29
20.68,37.67,0.0,5.6134816456249945,2005-11-30
21.19,37.74,0.0,6.072595395682144,2005-12-01
18.73,36.91,0.0,6.809811042696458,2005-12-02
19.12,36.93,0.0,8.799477230847106,2005-12-03
18.14,36.44,0.0,8.129981779368912,2005-12-04
18.23,35.97,0.0,6.8603179912821535,2005-12-05
19.88,36.09,0.0,7.08868396950602,2005-12-06
16.91,35.08,0.0,7.019287669520107,2005-12-07
16.76,35.11,0.0,7.44622136257162,2005-12-08
16.15,34.61,0.0,7.207022134746241,2005-12-09
16.37,34.49,0.0,5.644372306616819,2005-12-10
18.5,34.97,0.0,5.982313560531247,2005-12-11
17.3,35.62,0.0,7.334933246714591,2005-12-12
18.59,34.24,0.0,8.962650230832333,2005-12-13
17.2,32.64,0.0,8.438500283538405,2005-12-14
16.35,34.05,0.0,7.4581854579598605,2005-12-15
17.36,35.3,0.0,8.414299578341579,2005-12-16
18.16,35.17,0.0,8.445762568567561,2005-12-17
17.91,34.53,0.0,9.237268734342015,2005-12-18
17.25,33.2,0.0,8.301848199839169,2005-12-19
15.58,32.92,0.0,6.619652445434478,2005-12-20
15.9,33.19,0.0,6.538056057130631,2005-12-21
16.53,33.55,0.0,7.717383307348333,2005-12-22
17.08,32.91,0.0,8.12235231335699,2005-12-23
17.18,31.18,0.0,7.415927598241854,2005-12-24
16.99,29.98,0.0,6.820496782810834,2005-12-25
16.62,32.17,0.0,7.2672335858235595,2005-12-26
15.84,32.03,0.0,7.144944977186127,2005-12-27
16.9,29.97,0.0,6.25327790883064,2005-12-28
16.57,34.48,0.0,6.079805637585847,2005-12-29
17.48,34.12,0.0,6.802658417118128,2005-12-30
16.99,33.02,0.0,7.598303125332929,2005-12-31
17.45,34.46,0.0,7.592707444338793,2006-01-01
16.99,34.96,0.0,7.512287087449469,2006-01-02
17.3,34.86,0.0,7.550813033979372,2006-01-03
17.13,34.39,0.0,6.484371425741875,2006-01-04
16.63,34.66,0.0,6.429927776547633,2006-01-05
17.28,35.49,0.0,6.044463883486649,2006-01-06
18.54,35.64,0.0,5.722095031431549,2006-01-07
18.5,34.48,0.0,6.811354495201913,2006-01-08
18.88,34.17,0.0,7.452809861263439,2006-01-09
18.86,36.04,0.0,7.962983523068569,2006-01-10
18.0,35.43,0.0,8.010393131884829,2006-01-11
18.28,34.56,0.0,9.108052280547573,2006-01-12
17.47,34.38,0.0,8.401836248364253,2006-01-13
17.43,33.47,0.0,7.941348423430056,2006-01-14
18.44,34.33,0.0,7.737781136556669,2006-01-15
18.35,34.7,0.0,8.127570265271022,2006-01-16
18.55,35.59,0.0,7.170358476164784,2006-01-17
21.33,36.67,0.0,5.81382376462572,2006-01-18
20.16,33.99,0.0,9.715856142923187,2006-01-19
19.36,35.37,0.0,9.235348533583753,2006-01-20
19.15,36.32,0.0,9.566940357408498,2006-01-21
19.46,36.21,0.0,9.453499762853115,2006-01-22
18.7,36.59,0.0,8.531481384981412,2006-01-23
17.36,36.57,0.0,7.160398083470267,2006-01-24
17.94,35.53,0.0,8.576418304824271,2006-01-25
17.71,35.47,0.0,8.027046246484517,2006-01-26
19.44,35.86,0.0,7.701195037289262,2006-01-27
20.9,36.26,0.0,8.121248407699339,2006-01-28
23.13,36.51,0.0,4.896832713381946,2006-01-29
25.25,35.97,0.0,6.1920923246381445,2006-01-30
21.57,35.91,0.0,8.537279109085755,2006-01-31
19.36,35.73,0.0,8.748647969672108,2006-02-01
17.55,35.68,0.0,8.229166900479076,2006-02-02
16.97,35.48,0.0,8.145183745307836,2006-02-03
17.42,36.06,0.0,8.296481369523077,2006-02-04
18.44,37.0,0.0,8.29805598290583,2006-02-05
18.74,37.42,0.0,8.573910573933357,2006-02-06
19.32,37.28,0.0,8.568489769084321,2006-02-07
19.74,37.37,0.0,9.704406440748041,2006-02-08
18.85,35.49,0.0,8.71300571889081,2006-02-09
18.17,35.65,0.0,8.476571120232654,2006-02-10
19.08,36.98,0.0,8.843567306002178,2006-02-11
20.33,37.84,0.0,8.265985416395997,2006-02-12
20.32,38.64,0.0,6.8205867879993995,2006-02-13
20.33,37.43,1.63,6.641545335930751,2006-02-14
21.61,37.52,0.0,5.207694421123352,2006-02-15
22.16,37.57,0.0,9.800743906300802,2006-02-16
20.77,35.41,0.0,6.96553897474402,2006-02-17
22.26,34.11,0.0,8.664110109936559,2006-02-18
22.22,35.41,0.0,8.117969380794465,2006-02-19
21.09,37.07,0.0,8.413067720004012,2006-02-20
21.59,37.87,0.0,8.14769928189405,2006-02-21
21.9,38.45,0.0,9.122852194107065,2006-02-22
21.61,37.8,0.0,10.046143770170605,2006-02-23
20.71,37.74,0.0,9.064858633672577,2006-02-24
19.77,38.14,0.0,8.578806973505905,2006-02-25
20.62,38.97,0.0,8.945533093732871,2006-02-26
22.04,38.85,0.0,9.113285833578619,2006-02-27
20.58,39.71,0.0,7.957591143305439,2006-02-28
22.37,40.52,0.0,8.517597245929235,2006-03-01
22.14,41.11,0.0,6.347022688706909,2006-03-02
23.91,38.82,0.0,8.578492625984838,2006-03-03
21.69,41.48,0.0,9.911831994878222,2006-03-04
21.67,40.67,0.0,8.535062856987158,2006-03-05
22.22,41.35,0.0,9.730548506820128,2006-03-06
22.46,39.71,0.0,12.281565465711694,2006-03-07
21.53,35.96,0.0,10.478849811521348,2006-03-08
20.25,35.25,0.0,9.90527701636572,2006-03-09
19.78,35.57,0.0,9.595226647366806,2006-03-10
17.93,35.48,0.0,9.03268254208539,2006-03-11
18.21,36.64,0.0,8.511058882165838,2006-03-12
19.9,37.85,0.0,7.273151527090699,2006-03-13
19.92,38.56,0.0,8.647945733290126,2006-03-14
20.44,38.64,0.0,9.611331454450461,2006-03-15
21.41,39.16,0.0,10.436655379566822,2006-03-16
21.15,39.59,0.0,9.772722753961117,2006-03-17
21.64,40.05,0.0,8.28857967683263,2006-03-18
23.47,40.7,0.0,6.953904536805189,2006-03-19
22.91,41.14,0.0,7.482558254066221,2006-03-20
25.99,41.19,0.0,6.679683221199384,2006-03-21
24.99,41.7,0.0,8.67660858126557,2006-03-22
24.03,42.15,0.0,11.319239953445289,2006-03-23
23.67,41.79,0.0,11.6978982322872,2006-03-24
21.52,41.51,0.0,8.896541036499196,2006-03-25
22.58,40.52,0.0,9.612838703272342,2006-03-26
22.97,39.6,0.0,9.097380821294696,2006-03-27
20.81,38.77,0.0,10.51961048113776,2006-03-28
20.88,38.84,0.0,10.272064458984568,2006-03-29
20.92,38.6,0.0,9.397605583314185,2006-03-30
23.36,38.07,0.0,9.252518083233252,2006-03-31
22.93,38.94,0.0,10.272566163305246,2006-04-01
22.48,37.7,0.0,9.440207774910197,2006-04-02
21.78,39.21,0.0,9.247108609425913,2006-04-03
21.21,40.07,0.0,7.773879427933283,2006-04-04
21.72,40.03,0.0,8.649756533140149,2006-04-05
22.78,40.59,0.0,9.52151329457521,2006-04-06
21.64,40.5,0.0,10.983777522906648,2006-04-07
22.72,41.19,0.0,10.395940045739762,2006-04-08
22.28,41.58,0.0,12.298711031069672,2006-04-09
21.37,41.82,0.0,12.609024387293402,2006-04-10
18.82,41.02,0.0,10.250805594177553,2006-04-11
20.48,42.42,0.0,10.263333503129582,2006-04-12
22.2,41.0,0.0,9.308440987375237,2006-04-13
23.04,42.27,0.0,8.641550018709987,2006-04-14
21.83,41.72,0.0,9.076968005377442,2006-04-15
22.49,41.74,0.0,10.337675249197254,2006-04-16
23.26,41.28,0.0,8.144551905269102,2006-04-17
26.3,41.12,0.01,6.452785025880128,2006-04-18
26.09,41.14,0.0,6.101361057060723,2006-04-19
27.71,41.81,0.01,7.249523837866437,2006-04-20
26.44,42.72,0.0,7.351838422342209,2006-04-21
24.58,41.87,0.0,8.339899938556766,2006-04-22
28.81,41.85,0.37,10.267488820095203,2006-04-23
30.31,38.56,0.08,9.455721912507672,2006-04-24
28.4,40.47,0.0,7.735814900344586,2006-04-25
28.61,38.34,0.0,9.297773664707064,2006-04-26
28.88,40.43,0.0,10.054337260590406,2006-04-27
27.62,41.07,0.0,10.293749143040303,2006-04-28
27.05,41.6,0.0,10.784448136219122,2006-04-29
26.85,42.01,0.0,10.42955904259372,2006-04-30
25.21,42.41,0.0,8.212067261118753,2006-05-01
26.98,43.42,0.0,8.418281092406543,2006-05-02
26.49,42.81,0.0,7.2012096139164745,2006-05-03
27.6,43.06,0.1,9.577487950041927,2006-05-04
29.12,42.98,0.2,9.449320461345193,2006-05-05
25.63,43.01,0.0,8.83778414253013,2006-05-06
26.67,42.36,0.0,8.071336743217499,2006-05-07
27.67,41.85,0.0,8.997993948042637,2006-05-08
29.04,42.4,0.12,10.225615506683337,2006-05-09
28.41,42.02,0.0,10.728099013840962,2006-05-10
27.24,40.48,0.55,10.568178576494752,2006-05-11
28.29,41.79,0.0,8.988676779100944,2006-05-12
29.68,41.26,0.82,7.727042602471101,2006-05-13
29.31,40.66,0.01,8.925926344508692,2006-05-14
29.7,41.96,0.13,9.619232339876271,2006-05-15
29.11,36.94,0.02,9.053683492616246,2006-05-16
26.91,39.55,0.33,8.26088869391636,2006-05-17
27.27,37.03,0.7,8.109393160636118,2006-05-18
28.37,38.83,0.46,7.01052269089242,2006-05-19
27.84,35.58,0.27,5.989976196477308,2006-05-20
26.07,34.36,0.09,6.555760401510102,2006-05-21
26.65,39.8,0.03,7.120770080013029,2006-05-22
28.47,41.47,0.03,10.2582813147145,2006-05-23
28.22,40.41,0.12,10.548879900829148,2006-05-24
28.34,40.07,0.07,9.817042325878994,2006-05-25
26.5,39.65,1.02,9.379836809953792,2006-05-26
27.45,40.34,0.08,7.556257891957506,2006-05-27
29.17,42.09,0.33,8.992599815354227,2006-05-28
28.63,39.41,4.11,9.654458915844417,2006-05-29
27.8,36.53,4.24,7.369923949627437,2006-05-30
26.33,39.62,0.11,8.408821163067673,2006-05-31
27.67,39.91,2.53,8.227004873071452,2006-06-01
28.59,41.85,0.21,9.199951424192284,2006-06-02
28.17,41.64,0.04,10.547505493593796,2006-06-03
27.78,41.21,0.45,10.03501596671757,2006-06-04
28.4,36.84,8.97,7.600849893770277,2006-06-05
27.47,38.64,2.54,6.961540092877168,2006-06-06
27.16,38.87,2.1,7.352825241600053,2006-06-07
27.67,33.79,7.3,6.788555658004724,2006-06-08
26.54,34.42,4.04,4.382071120389413,2006-06-09
25.1,38.16,0.0,7.033904120400902,2006-06-10
25.88,37.8,0.36,7.7101678362200525,2006-06-11
26.61,36.45,0.55,6.325173732721985,2006-06-12
28.21,39.43,0.46,6.987499692904022,2006-06-13
28.26,40.27,0.19,8.787833733662135,2006-06-14
27.8,39.62,0.19,8.840334459558397,2006-06-15
27.79,38.51,1.94,7.692445820336258,2006-06-16
26.83,35.34,6.39,7.8048893023540575,2006-06-17
25.96,33.25,1.63,6.638406234754103,2006-06-18
25.01,38.31,0.75,7.982235685584481,2006-06-19
25.93,37.88,0.13,8.087813268971804,2006-06-20
26.68,37.88,3.36,7.306210690614004,2006-06-21
26.76,39.19,0.01,8.122926108198454,2006-06-22
25.98,38.22,0.9,8.437357364776267,2006-06-23
26.54,39.21,0.23,8.467004308078504,2006-06-24
27.75,41.34,0.3,8.046383876666571,2006-06-25
28.06,41.62,0.06,9.154250059199978,2006-06-26
26.88,40.21,1.2,9.374581662662221,2006-06-27
28.0,41.12,0.17,8.180032950730533,2006-06-28
28.83,41.79,0.84,9.950096960193486,2006-06-29
27.97,37.47,5.61,7.921681291523455,2006-06-30
26.39,37.67,5.17,7.5428057599746685,2006-07-01
26.01,37.45,1.35,6.0684569443822785,2006-07-02
28.16,38.49,5.05,8.133176896032307,2006-07-03
26.5,38.42,2.54,8.292229589983464,2006-07-04
27.25,36.53,2.88,7.205472765054563,2006-07-05
26.73,37.08,3.33,8.613363115519821,2006-07-06
26.24,35.53,4.0,6.3153003507249075,2006-07-07
26.94,36.44,2.75,8.37942306286294,2006-07-08
26.47,34.31,2.26,5.690263159655902,2006-07-09
25.47,36.65,1.02,6.338339505860311,2006-07-10
26.08,39.51,1.24,7.374946962621791,2006-07-11
26.89,39.33,1.25,8.211297600944969,2006-07-12
27.15,38.37,1.47,8.536006141436891,2006-07-13
27.93,34.68,0.41,6.567080585817458,2006-07-14
26.15,33.98,6.82,5.454900517116714,2006-07-15
24.52,35.91,3.77,6.835026108419912,2006-07-16
26.64,34.43,3.53,5.333997918672646,2006-07-17
25.41,35.14,2.03,6.913134545265757,2006-07-18
25.7,33.44,6.34,5.194317758828755,2006-07-19
24.62,35.96,1.85,6.554531493580394,2006-07-20
25.36,32.47,9.59,4.815316089818863,2006-07-21
23.93,34.46,4.23,3.7772827068335926,2006-07-22
24.62,31.85,2.5,6.0849299915917205,2006-07-23
24.41,35.36,4.03,6.108102889857804,2006-07-24
24.45,32.73,4.9,4.436110426884906,2006-07-25
24.23,31.01,9.92,4.669773202616792,2006-07-26
24.36,33.69,4.8,5.585431496457545,2006-07-27
25.88,34.68,2.56,5.84099965153559,2006-07-28
25.36,34.63,3.3,6.68855926207408,2006-07-29
24.85,34.72,4.92,6.250064140631324,2006-07-30
25.54,31.92,5.12,3.6362346820438103,2006-07-31
24.58,35.1,0.11,6.456245574895397,2006-08-01
24.54,37.79,1.33,7.227643385647094,2006-08-02
25.14,33.41,3.09,5.401569372242416,2006-08-03
24.27,30.31,3.18,5.356074777346609,2006-08-04
23.11,33.83,4.4,5.705506172416396,2006-08-05
24.58,30.84,3.75,3.3410192494146065,2006-08-06
23.17,33.63,4.45,5.775730998832108,2006-08-07
24.12,33.8,2.73,4.900472968309091,2006-08-08
24.89,33.18,5.41,5.195916030860561,2006-08-09
23.68,35.31,3.38,6.413566773746304,2006-08-10
24.94,31.14,6.17,4.823265754254698,2006-08-11
23.79,32.42,5.18,3.7762919980007448,2006-08-12
23.41,33.42,9.3,5.692527708516885,2006-08-13
24.47,32.7,5.0,2.7622438794503643,2006-08-14
24.32,33.08,0.53,5.4658106788022796,2006-08-15
23.96,33.02,6.11,5.8277825681153095,2006-08-16
23.68,33.37,4.23,5.262363907918148,2006-08-17
24.64,30.71,7.48,3.0381241521080646,2006-08-18
22.72,35.5,0.26,6.426372404081626,2006-08-19
23.26,35.36,1.61,6.6502608653408135,2006-08-20
25.03,34.22,1.93,6.404438645188498,2006-08-21
25.09,30.82,5.69,3.6555601317227793,2006-08-22
23.45,29.26,22.16,4.321825053504337,2006-08-23
22.92,29.62,15.81,4.050551867550441,2006-08-24
24.04,29.52,4.06,5.01396796157419,2006-08-25
23.25,32.16,9.76,4.7287895767433215,2006-08-26
23.71,30.6,5.98,5.324993646081266,2006-08-27
23.07,30.1,2.75,3.6145774924384297,2006-08-28
23.57,32.38,0.95,5.30635024404336,2006-08-29
23.48,34.12,0.59,5.631021050430663,2006-08-30
23.65,28.83,1.31,3.9190966635298077,2006-08-31
22.9,32.61,2.04,4.923889222052963,2006-09-01
22.78,34.67,0.44,5.982169934971347,2006-09-02
24.16,35.39,2.4,5.79306525405258,2006-09-03
23.57,33.59,2.19,5.939157792417729,2006-09-04
23.93,34.23,1.38,4.732906839978539,2006-09-05
23.34,36.06,0.22,6.061555047944035,2006-09-06
24.47,35.3,1.14,6.918637443415946,2006-09-07
24.11,28.29,6.27,2.916044989708659,2006-09-08
23.11,29.06,11.26,4.253411282248344,2006-09-09
22.68,29.07,6.44,4.557542202891573,2006-09-10
23.0,30.47,6.4,5.1119566375609855,2006-09-11
22.91,31.75,5.71,4.091593840088985,2006-09-12
22.9,32.05,0.59,5.006671338572758,2006-09-13
24.17,31.3,0.59,3.890874931327318,2006-09-14
23.65,35.71,0.65,6.376961611248765,2006-09-15
23.83,32.32,0.35,5.201127246400432,2006-09-16
24.02,33.14,0.68,5.473141919008053,2006-09-17
23.27,35.2,1.43,5.783324435274296,2006-09-18
24.27,31.55,0.66,4.174459215530569,2006-09-19
23.77,36.14,0.57,5.984539035637359,2006-09-20
23.61,35.37,0.56,4.170310942303333,2006-09-21
24.86,33.55,1.27,5.940300230656144,2006-09-22
24.12,34.05,4.76,5.768044936317002,2006-09-23
23.29,28.92,10.28,2.929244754563481,2006-09-24
23.52,34.75,0.32,5.583247368293379,2006-09-25
23.36,37.5,0.59,5.987201516358724,2006-09-26
23.69,35.85,4.53,6.674997577410869,2006-09-27
24.53,33.58,0.51,6.119886457146748,2006-09-28
23.49,34.37,0.42,6.3267727660016115,2006-09-29
23.77,31.61,0.73,3.4498440824386845,2006-09-30
23.48,31.89,0.57,5.098051836088637,2006-10-01
23.66,33.12,0.78,5.222014734194112,2006-10-02
23.25,34.48,0.76,5.4899063088209825,2006-10-03
23.89,36.95,0.38,6.04598553123375,2006-10-04
24.14,36.78,0.53,6.205235881652822,2006-10-05
24.5,35.42,0.71,6.04223363412255,2006-10-06
24.64,34.58,0.16,5.216444086106558,2006-10-07
25.5,34.0,5.6,5.169579187828068,2006-10-08
24.74,34.24,6.94,5.087166288233687,2006-10-09
24.5,35.44,1.99,6.05082630535849,2006-10-10
24.1,37.95,0.02,6.767148356131792,2006-10-11
24.1,35.63,0.29,6.1451479389632135,2006-10-12
24.7,36.22,0.16,5.260778657805,2006-10-13
24.45,38.4,0.03,5.666431430224912,2006-10-14
22.51,39.3,0.0,6.414722338700965,2006-10-15
22.67,39.23,0.01,6.600376100366897,2006-10-16
25.0,38.79,0.11,6.6166883530918446,2006-10-17
25.36,39.69,0.57,6.207294860593773,2006-10-18
27.42,38.62,0.72,6.143810834262874,2006-10-19
25.53,37.1,0.12,5.777083163542538,2006-10-20
25.45,39.54,0.01,6.565894305712052,2006-10-21
23.69,38.76,0.34,6.43824236972188,2006-10-22
23.77,39.32,0.0,6.5496553300401015,2006-10-23
23.74,37.89,0.03,6.286495148411297,2006-10-24
24.77,38.17,0.02,6.309437402819402,2006-10-25
24.37,37.89,0.04,6.109573996995068,2006-10-26
25.17,37.5,0.05,6.182638026383529,2006-10-27
24.34,38.36,0.0,6.600672499965836,2006-10-28
22.96,38.23,0.0,6.532930920330023,2006-10-29
20.71,37.53,0.0,7.099988764924564,2006-10-30
20.06,37.34,0.0,5.584392990132843,2006-10-31
20.07,36.95,0.0,5.757548715794421,2006-11-01
20.34,37.88,0.0,7.0596781740815775,2006-11-02
18.76,37.29,0.0,7.285004021036538,2006-11-03
19.51,37.83,0.0,7.301759395972482,2006-11-04
18.68,37.46,0.0,8.302158989997132,2006-11-05
18.19,37.5,0.0,7.8239798799394125,2006-11-06
19.19,36.85,0.0,7.607618034797262,2006-11-07
19.56,35.66,0.0,6.931479626512913,2006-11-08
20.2,35.57,0.0,7.8278043956473216,2006-11-09
19.38,35.55,0.0,7.676155101341972,2006-11-10
20.56,35.54,0.0,8.186177584227863,2006-11-11
20.04,35.42,0.0,7.0123987699735375,2006-11-12
20.63,35.05,0.0,6.717255485442881,2006-11-13
20.1,34.96,0.0,7.3369700210056905,2006-11-14
20.68,35.58,0.0,8.345581064369592,2006-11-15
18.81,35.3,0.0,7.838309432018487,2006-11-16
19.31,35.02,0.0,7.35826218725404,2006-11-17
19.52,33.69,0.0,7.35861929418715,2006-11-18
17.58,33.68,0.0,7.9175084015072095,2006-11-19
16.29,32.67,0.0,7.71457402686903,2006-11-20
14.51,33.09,0.0,7.025217537923961,2006-11-21
14.52,32.8,0.0,6.477511615111294,2006-11-22
15.37,33.25,0.0,6.439572918502473,2006-11-23
15.22,33.54,0.0,6.610733200627032,2006-11-24
15.18,33.88,0.0,7.4213909309557,2006-11-25
14.46,33.55,0.0,7.375239350709936,2006-11-26
14.91,33.12,0.0,7.283160298743627,2006-11-27
15.07,33.26,0.0,7.148257109627452,2006-11-28
15.31,32.86,0.0,7.019275897851709,2006-11-29
14.56,33.09,0.0,6.613006317764781,2006-11-30
15.49,30.89,0.0,4.886645408458388,2006-12-01
15.75,32.44,0.0,6.578673710955434,2006-12-02
15.46,29.98,0.0,7.067335001491139,2006-12-03
16.3,30.8,0.0,7.503571681477814,2006-12-04
15.64,30.93,0.0,7.6891140844129,2006-12-05
14.23,31.51,0.0,6.8859192715096125,2006-12-06
14.94,31.11,0.0,6.90440583540289,2006-12-07
13.65,30.66,0.0,7.215873319559898,2006-12-08
12.87,31.64,0.0,7.160939937488719,2006-12-09
14.35,32.59,0.0,7.00452590991891,2006-12-10
17.65,34.47,0.0,7.54083606161394,2006-12-11
18.1,33.13,0.0,5.589676774334411,2006-12-12
18.55,32.42,0.0,5.500699547660324,2006-12-13
17.6,34.74,0.0,6.176129344065484,2006-12-14
16.41,33.42,0.0,7.296496962933624,2006-12-15
15.39,33.68,0.0,7.147794415815386,2006-12-16
16.67,32.83,0.0,6.54898098781567,2006-12-17
16.15,33.01,0.0,6.141993702228345,2006-12-18
15.92,33.83,0.0,6.591670961246658,2006-12-19
15.81,34.25,0.0,7.46797194859865,2006-12-20
16.44,34.11,0.0,8.24792922732371,2006-12-21
14.68,32.85,0.0,7.8020899585123535,2006-12-22
14.19,32.68,0.0,7.051131520676602,2006-12-23
14.86,32.89,0.0,7.51354148855914,2006-12-24
13.81,32.3,0.0,6.853752631902779,2006-12-25
13.74,32.19,0.0,6.665609134654894,2006-12-26
13.64,31.33,0.0,7.461247676781136,2006-12-27
12.86,29.41,0.0,6.903278109320773,2006-12-28
13.69,27.57,0.0,6.540283111585267,2006-12-29
13.05,27.95,0.0,6.634458890011384,2006-12-30
13.15,26.41,0.0,6.694532399661479,2006-12-31
12.07,24.86,0.0,6.318815057087893,2007-01-01
13.14,23.28,0.0,5.800711881172227,2007-01-02
14.34,24.25,0.0,5.951406224038061,2007-01-03
13.3,22.53,0.01,5.439385065618933,2007-01-04
14.15,27.99,0.0,6.804279657912578,2007-01-05
13.57,29.71,0.0,7.307390746882369,2007-01-06
15.16,30.41,0.0,8.000625948227976,2007-01-07
15.18,30.92,0.0,7.992818039688893,2007-01-08
14.82,31.44,0.0,8.713354911753244,2007-01-09
14.89,31.99,0.0,8.67618912125413,2007-01-10
14.83,31.23,0.0,8.73506204860658,2007-01-11
12.89,28.85,0.0,8.13926933284349,2007-01-12
13.25,27.34,0.0,7.454498182903157,2007-01-13
12.59,27.26,0.0,7.270891978678201,2007-01-14
12.06,28.97,0.0,7.664041373645757,2007-01-15
13.58,29.04,0.0,7.366996601562281,2007-01-16
14.02,27.8,0.0,7.081629775011072,2007-01-17
14.13,28.05,0.0,7.447557415609225,2007-01-18
13.52,28.57,0.0,7.554027829287315,2007-01-19
12.72,29.16,0.0,7.28279856162674,2007-01-20
12.05,30.09,0.0,6.985526931270679,2007-01-21
13.01,30.78,0.0,6.62476672458515,2007-01-22
13.84,31.46,0.0,7.444214624996032,2007-01-23
13.99,33.92,0.0,7.777226889943186,2007-01-24
15.28,35.32,0.0,8.183628088054771,2007-01-25
16.71,36.38,0.0,8.100671775395904,2007-01-26
16.99,37.35,0.0,9.321606933676469,2007-01-27
18.15,33.15,0.0,8.246945759528517,2007-01-28
18.02,36.11,0.0,8.865021348365,2007-01-29
17.8,34.48,0.0,9.31412053306068,2007-01-30
15.27,35.01,0.0,9.096891310288935,2007-01-31
17.34,36.74,0.0,9.471723459673207,2007-02-01
17.46,37.61,0.0,9.905156383789594,2007-02-02
18.96,37.52,0.0,9.549752263325221,2007-02-03
17.53,37.1,0.0,8.001843348058648,2007-02-04
18.2,37.35,0.0,6.422380031381722,2007-02-05
19.67,38.04,0.0,6.042659881483024,2007-02-06
20.28,39.06,0.0,6.89851623034787,2007-02-07
19.52,37.8,0.0,8.491359155975807,2007-02-08
19.64,37.85,0.0,8.750844157284739,2007-02-09
18.6,37.22,0.0,8.708974798802906,2007-02-10
17.76,35.8,0.0,8.89685339751065,2007-02-11
17.42,34.15,0.0,10.696658442263406,2007-02-12
15.54,32.36,0.0,10.072185645364401,2007-02-13
14.42,32.69,0.0,9.221258923761717,2007-02-14
13.75,33.11,0.0,8.461308847553184,2007-02-15
14.31,34.17,0.0,8.272131540588607,2007-02-16
15.11,34.9,0.0,7.771163429167139,2007-02-17
17.14,35.93,0.0,7.637005493858037,2007-02-18
18.86,37.31,0.0,7.671221141797109,2007-02-19
19.83,38.1,0.0,6.537638488633688,2007-02-20
22.43,37.91,0.0,7.102362873582724,2007-02-21
19.36,34.38,0.0,9.619275841323304,2007-02-22
16.52,32.4,0.0,8.714230043095407,2007-02-23
14.35,33.23,0.0,7.6686570815613475,2007-02-24
14.69,34.18,0.0,8.2751231127787,2007-02-25
16.5,34.46,0.0,9.43323398612892,2007-02-26
15.44,34.43,0.0,9.601144320972393,2007-02-27
14.87,34.99,0.0,9.950130919344709,2007-02-28
15.97,33.92,0.0,10.105195767148757,2007-03-01
16.02,34.83,0.0,9.949712630040267,2007-03-02
17.23,35.56,0.0,10.374397635934235,2007-03-03
16.59,36.13,0.0,10.755392960008235,2007-03-04
16.37,35.96,0.0,10.360887915385174,2007-03-05
17.16,36.59,0.0,10.784723704819179,2007-03-06
18.09,36.58,0.0,10.674706397269839,2007-03-07
17.79,35.27,0.0,8.943825300196075,2007-03-08
17.58,37.71,0.0,9.20640375924768,2007-03-09
20.1,34.81,0.0,9.287819456457367,2007-03-10
16.38,34.89,0.0,8.15023734055224,2007-03-11
18.46,35.89,0.0,9.038005259703592,2007-03-12
19.62,34.78,0.0,8.256989835180336,2007-03-13
20.63,38.01,0.0,8.793037015538415,2007-03-14
21.66,39.15,0.0,9.240341794786122,2007-03-15
23.86,38.48,0.0,9.636342027750587,2007-03-16
24.46,37.1,0.0,9.324371052199693,2007-03-17
22.37,38.79,0.0,8.952727940428003,2007-03-18
22.19,40.05,0.0,8.991752742091775,2007-03-19
22.19,41.24,0.0,8.529449588244846,2007-03-20
23.65,41.9,0.0,8.308933478221967,2007-03-21
24.68,42.29,0.0,6.215170866022596,2007-03-22
24.51,41.75,0.0,7.317701783431578,2007-03-23
25.01,42.05,0.0,12.200627563967373,2007-03-24
24.16,41.08,0.0,10.826171341928802,2007-03-25
24.18,41.42,0.0,10.244087792054042,2007-03-26
23.94,41.07,0.0,9.011120547163681,2007-03-27
26.35,42.27,0.0,6.181018815888524,2007-03-28
29.31,42.09,0.0,6.969375787662486,2007-03-29
28.58,42.8,0.0,8.886529981597722,2007-03-30
27.22,43.44,0.0,8.293204044300534,2007-03-31
30.69,42.48,0.0,9.44420201654994,2007-04-01
29.41,39.46,0.0,8.539017925345853,2007-04-02
26.15,43.4,0.0,7.4781404443608785,2007-04-03
27.73,42.99,0.0,4.439886322874011,2007-04-04
28.16,41.26,0.21,9.367167720890382,2007-04-05
28.76,41.29,0.07,9.087066590807426,2007-04-06
25.22,39.6,0.11,6.750836228088018,2007-04-07
26.29,40.4,0.0,9.017397977497113,2007-04-08
24.07,42.97,0.0,8.64173180981397,2007-04-09
25.4,43.8,0.0,9.092834067971504,2007-04-10
26.07,44.04,0.0,7.766617891915079,2007-04-11
28.11,42.13,0.14,7.950246396405957,2007-04-12
28.46,41.52,0.0,7.396435844327558,2007-04-13
26.7,40.88,0.0,6.877997390532558,2007-04-14
26.38,42.38,0.0,7.52926482391934,2007-04-15
25.69,40.95,0.49,7.933498237817694,2007-04-16
28.81,41.0,0.6,8.753157015945474,2007-04-17
29.51,40.81,1.65,8.96923336565319,2007-04-18
28.91,41.5,0.01,9.250573408060353,2007-04-19
29.74,42.41,0.05,10.08683568873024,2007-04-20
26.93,43.08,0.01,7.429951998494495,2007-04-21
27.59,41.93,0.0,8.768728832810094,2007-04-22
29.31,41.15,0.02,10.716398910041157,2007-04-23
28.54,42.65,0.01,10.908574128080907,2007-04-24
27.67,41.82,0.0,8.35164988499102,2007-04-25
26.74,41.45,0.35,8.895324592528139,2007-04-26
27.83,37.38,3.92,7.957789287238238,2007-04-27
26.44,38.24,0.04,5.9795256343951975,2007-04-28
28.72,40.99,0.02,8.511984237213014,2007-04-29
29.03,37.0,2.09,8.002516730059332,2007-04-30
28.48,38.9,0.27,8.464922152286286,2007-05-01
27.71,37.68,0.0,7.4865601032113345,2007-05-02
26.65,42.74,0.0,8.838336316392576,2007-05-03
26.23,43.27,0.02,9.903395679685794,2007-05-04
27.42,40.06,0.31,9.312562054533398,2007-05-05
28.06,33.91,12.23,6.868224198501242,2007-05-06
27.27,33.3,5.96,4.658941138000408,2007-05-07
26.94,38.46,0.0,6.465826480004369,2007-05-08
26.68,41.27,0.0,7.497170409026664,2007-05-09
26.78,41.75,0.0,6.650242229084013,2007-05-10
28.34,41.98,0.03,6.872153011129191,2007-05-11
28.11,40.88,0.0,7.595894118694723,2007-05-12
28.6,40.09,1.97,9.796003191517325,2007-05-13
28.78,33.96,0.14,7.40987302090428,2007-05-14
26.98,37.98,0.51,7.367005174813238,2007-05-15
28.09,37.74,0.77,8.19671364909848,2007-05-16
27.38,39.74,0.09,7.1127813718803,2007-05-17
28.12,41.35,0.1,8.171857042442475,2007-05-18
29.34,41.78,0.36,10.166429167111039,2007-05-19
27.0,42.02,0.06,9.078741289935813,2007-05-20
26.51,42.28,0.07,8.460954349289173,2007-05-21
28.42,41.85,0.88,9.119049024110993,2007-05-22
29.11,41.3,0.03,9.29652845630523,2007-05-23
28.63,42.15,0.08,9.542263469499677,2007-05-24
29.68,41.17,1.66,9.633414160679251,2007-05-25
29.4,41.87,0.02,7.791672075853879,2007-05-26
29.58,43.46,0.02,9.106475859170308,2007-05-27
29.12,42.01,1.46,11.05524523494278,2007-05-28
27.98,41.16,0.05,9.353802022352347,2007-05-29
29.18,40.36,2.38,9.786844505628988,2007-05-30
27.38,41.02,0.14,9.117134428206255,2007-05-31
28.33,41.29,1.12,10.258203639378609,2007-06-01
28.28,38.59,0.47,9.71570581260548,2007-06-02
25.82,36.1,0.03,8.814588743896655,2007-06-03
26.58,38.68,0.38,9.653306453895164,2007-06-04
26.75,39.35,1.61,9.08078902067158,2007-06-05
26.57,33.18,4.66,5.509275124995921,2007-06-06
25.28,36.75,0.93,6.638208002835624,2007-06-07
25.84,36.79,1.43,6.65350325171403,2007-06-08
27.18,37.85,2.7,7.83271888518585,2007-06-09
27.11,37.27,0.03,8.983168881411945,2007-06-10
26.75,34.4,0.03,7.67569065771572,2007-06-11
25.82,38.71,0.03,8.172092250434593,2007-06-12
27.11,39.77,0.02,8.812422747114676,2007-06-13
27.48,40.54,0.04,9.63921285485882,2007-06-14
27.02,38.39,3.73,8.884679064223931,2007-06-15
27.02,37.95,6.43,8.611982487128166,2007-06-16
27.17,34.52,0.67,6.740958394022284,2007-06-17
26.29,38.98,1.34,7.488360104617602,2007-06-18
27.26,39.63,1.4,9.081980579554292,2007-06-19
27.99,37.39,1.36,9.620719873120047,2007-06-20
26.96,36.97,2.46,8.328495070249845,2007-06-21
26.29,36.56,2.23,8.322035588702994,2007-06-22
26.55,37.95,1.4,8.64087340700808,2007-06-23
27.11,36.78,2.86,7.843752927611682,2007-06-24
25.42,38.12,1.22,8.531808527183077,2007-06-25
26.46,37.93,3.11,7.633335572467561,2007-06-26
26.78,34.26,3.98,7.953896247975255,2007-06-27
26.34,34.61,5.34,6.648647134825247,2007-06-28
25.77,35.25,2.43,7.423217850806323,2007-06-29
25.82,34.19,8.9,6.651302533545251,2007-06-30
25.29,31.75,4.73,5.389788426960065,2007-07-01
23.6,34.73,1.74,6.92385648777361,2007-07-02
24.79,36.03,2.77,6.638492302071689,2007-07-03
25.91,35.62,3.37,7.080373273692397,2007-07-04
25.66,34.48,1.12,7.354298305346313,2007-07-05
25.04,34.22,4.23,7.476398358001376,2007-07-06
25.25,33.04,3.15,5.116602775135197,2007-07-07
25.41,34.41,2.66,6.805798909473983,2007-07-08
25.21,32.95,4.65,6.076646990153918,2007-07-09
24.95,33.47,8.41,6.353185925923643,2007-07-10
25.67,33.93,4.12,5.927523130573894,2007-07-11
26.03,38.01,1.72,8.011702749686636,2007-07-12
25.81,34.44,7.52,7.473274835467676,2007-07-13
25.26,31.31,8.07,5.284232549474725,2007-07-14
23.55,31.65,8.19,5.163271414683899,2007-07-15
24.57,31.22,4.52,5.235942174240281,2007-07-16
24.72,35.23,4.0,5.952438061457061,2007-07-17
25.11,35.75,4.08,7.404744851209153,2007-07-18
24.03,32.37,3.08,6.122348759421841,2007-07-19
23.61,35.23,4.57,6.511352544452949,2007-07-20
24.51,32.05,7.56,6.179402281372639,2007-07-21
23.65,30.85,14.18,2.715630125299392,2007-07-22
23.07,28.7,7.34,4.865773410732821,2007-07-23
22.09,32.48,4.45,5.841873598405994,2007-07-24
23.83,32.49,12.47,4.62296749013628,2007-07-25
24.09,29.08,16.44,4.986928014957117,2007-07-26
22.86,30.85,9.44,4.942724822772179,2007-07-27
22.51,28.99,10.1,4.048489516759729,2007-07-28
22.76,29.69,7.7,3.5068380435526514,2007-07-29
23.18,29.98,20.69,4.785377134635307,2007-07-30
23.28,28.83,29.29,3.316832715186281,2007-07-31
23.2,30.38,8.86,4.993778409968571,2007-08-01
22.47,29.89,4.62,3.628025060111561,2007-08-02
23.04,33.13,1.47,5.721266158851552,2007-08-03
23.93,29.62,9.3,4.2879005494262845,2007-08-04
22.81,25.29,20.28,2.7374205004957286,2007-08-05
22.67,29.61,2.81,4.5363475947913035,2007-08-06
22.24,31.16,1.39,3.9239361119341734,2007-08-07
23.9,32.25,3.43,5.3828613123569555,2007-08-08
23.85,30.91,8.22,5.133235162805687,2007-08-09
23.17,30.21,8.12,4.779912925594026,2007-08-10
24.53,29.95,3.08,4.421504394530601,2007-08-11
22.97,31.13,5.17,5.246789886284139,2007-08-12
23.67,32.66,8.1,4.401372824636731,2007-08-13
23.71,28.75,6.85,2.6513377713333597,2007-08-14
22.94,31.04,2.65,5.511393519184974,2007-08-15
22.38,32.48,1.26,5.633149534716846,2007-08-16
24.0,27.54,14.25,3.589198071504635,2007-08-17
22.01,31.73,0.25,5.357245001176132,2007-08-18
23.82,30.17,3.76,3.725901283386782,2007-08-19
23.37,32.6,4.61,5.082770256624446,2007-08-20
23.3,31.12,2.19,5.09681991159595,2007-08-21
23.1,30.25,2.94,4.537203066458586,2007-08-22
23.2,30.1,6.56,5.039606524033688,2007-08-23
23.57,30.08,5.58,4.961101819372322,2007-08-24
22.23,30.35,0.38,3.801480003474067,2007-08-25
23.1,30.28,3.63,4.336998997035386,2007-08-26
22.93,29.57,9.44,4.73768126809649,2007-08-27
23.21,27.36,15.29,3.650462659436025,2007-08-28
21.96,29.34,6.99,3.8345271223593422,2007-08-29
22.1,31.66,0.02,5.137999529951564,2007-08-30
23.17,31.05,1.52,4.381451846748871,2007-08-31
23.85,28.59,3.99,3.705138759462071,2007-09-01
22.38,30.24,3.3,3.6736872996995413,2007-09-02
22.55,30.43,0.87,4.2412359262830295,2007-09-03
23.48,30.84,1.23,4.3660101430304765,2007-09-04
22.68,29.31,15.3,1.8966010053781812,2007-09-05
23.23,28.63,8.15,3.934448300821171,2007-09-06
21.99,29.99,4.98,5.042993125705157,2007-09-07
23.23,33.51,0.39,5.0217034107512335,2007-09-08
23.11,29.88,6.03,2.5554228218882495,2007-09-09
22.45,29.0,8.64,4.669654621559989,2007-09-10
22.52,31.39,0.52,5.221841527838639,2007-09-11
22.63,35.15,0.02,5.809706561691059,2007-09-12
23.44,33.87,1.62,6.069071269255556,2007-09-13
22.75,31.88,0.34,5.0769007180384005,2007-09-14
23.16,33.51,0.09,5.357627437765765,2007-09-15
22.63,34.05,2.33,5.736798718282964,2007-09-16
23.15,34.65,0.91,5.725027851916388,2007-09-17
23.59,34.11,0.16,4.691808666019411,2007-09-18
23.85,33.98,0.02,5.330835260248302,2007-09-19
23.84,33.56,0.35,5.305283574594548,2007-09-20
23.48,32.4,0.16,5.3665082587353305,2007-09-21
23.58,32.99,0.07,5.544158445958787,2007-09-22
23.66,32.55,0.14,5.134905480408422,2007-09-23
21.87,34.69,0.11,5.568897449838522,2007-09-24
23.07,34.46,0.11,5.304823617456589,2007-09-25
23.97,33.26,0.32,5.239148194438686,2007-09-26
22.82,34.99,0.35,5.753360458341707,2007-09-27
23.59,36.25,0.04,6.283071496632637,2007-09-28
24.55,34.88,0.04,5.92999044713199,2007-09-29
22.09,36.37,0.03,5.99549231800159,2007-09-30
21.65,37.73,0.0,6.413346490081348,2007-10-01
21.53,35.8,0.0,5.477383245507064,2007-10-02
23.44,34.94,0.03,5.763879294766215,2007-10-03
21.71,36.89,0.03,6.359831589517954,2007-10-04
21.68,37.09,0.0,6.449608225922554,2007-10-05
21.66,36.55,0.06,6.285552304998551,2007-10-06
23.17,35.58,0.03,6.021183955539418,2007-10-07
22.71,35.2,0.4,5.815069186847304,2007-10-08
23.32,34.38,0.3,5.396521371404414,2007-10-09
24.1,36.52,0.22,6.1003989188627035,2007-10-10
23.12,36.99,0.04,6.4225206655194835,2007-10-11
22.61,37.84,0.0,6.9028509783168195,2007-10-12
21.95,37.92,0.0,6.809961085992904,2007-10-13
21.8,36.96,0.0,5.304642189887042,2007-10-14
22.86,37.09,0.0,5.5302962385600285,2007-10-15
22.43,37.5,0.0,5.962706739245369,2007-10-16
21.37,37.54,0.0,5.965144284910944,2007-10-17
21.58,37.02,0.03,5.999140323421987,2007-10-18
22.96,34.71,0.04,5.163940088874684,2007-10-19
23.07,34.09,0.13,5.671525059341987,2007-10-20
24.35,35.62,0.26,4.615985956655423,2007-10-21
22.72,37.62,0.08,6.283356707422573,2007-10-22
22.76,38.19,0.0,5.851530418333423,2007-10-23
21.89,37.46,0.0,5.09539559013685,2007-10-24
22.18,37.76,0.13,6.0545774648711,2007-10-25
23.51,36.23,0.01,5.582161026809191,2007-10-26
23.77,35.99,0.13,5.661143216336665,2007-10-27
24.83,37.03,0.03,5.567746978750479,2007-10-28
22.77,37.63,0.01,5.696561360901471,2007-10-29
23.18,37.38,0.0,5.564702420972308,2007-10-30
21.43,37.33,0.0,5.721211109813394,2007-10-31
22.72,37.67,0.0,6.374587645554004,2007-11-01
19.46,37.63,0.0,7.478544168013863,2007-11-02
20.35,37.53,0.0,5.662396601898649,2007-11-03
20.59,36.5,0.0,5.210556672020802,2007-11-04
20.57,37.0,0.0,6.075936495593963,2007-11-05
17.48,36.83,0.0,6.703708962933188,2007-11-06
18.65,36.53,0.0,5.497621670207149,2007-11-07
19.22,36.7,0.0,6.287240170804303,2007-11-08
20.08,36.64,0.0,6.761093731253537,2007-11-09
23.17,33.44,0.0,7.644061843569111,2007-11-10
23.16,35.95,0.0,8.511645811486169,2007-11-11
22.13,35.66,0.0,7.54953974087373,2007-11-12
20.22,36.27,0.0,7.01578234930143,2007-11-13
19.79,35.33,0.0,5.535059010435902,2007-11-14
21.12,36.41,0.0,5.113826888851582,2007-11-15
22.84,34.62,0.0,5.205251879785256,2007-11-16
23.51,37.61,0.0,5.5929820410729,2007-11-17
21.27,38.03,0.0,7.627940831036972,2007-11-18
20.74,37.22,0.0,7.991472335886631,2007-11-19
19.77,37.9,0.0,6.966811431718429,2007-11-20
19.1,36.4,0.0,7.803730989488095,2007-11-21
19.14,36.38,0.0,6.860141924077214,2007-11-22
18.98,35.96,0.0,5.988413825405309,2007-11-23
19.08,35.6,0.0,6.598204189269318,2007-11-24
18.95,35.44,0.0,5.851084689879775,2007-11-25
20.06,35.62,0.0,5.530499402156594,2007-11-26
19.12,35.79,0.0,6.132306227322687,2007-11-27
19.24,36.01,0.0,5.486571165290807,2007-11-28
19.3,35.93,0.0,6.225951269460962,2007-11-29
18.99,36.56,0.0,6.106894852211244,2007-11-30
19.74,36.78,0.0,6.002249816958541,2007-12-01
20.21,35.28,0.0,6.7217456400256355,2007-12-02
19.7,34.0,0.0,7.236836371362084,2007-12-03
21.42,31.65,0.04,6.0089296243114765,2007-12-04
22.58,30.93,0.0,6.3977700384105,2007-12-05
20.62,32.99,0.03,6.641212140037601,2007-12-06
19.27,34.71,0.0,6.365281053347953,2007-12-07
20.35,33.85,0.12,6.766536853972596,2007-12-08
20.57,33.99,0.0,7.391501406063046,2007-12-09
19.02,32.96,0.0,7.828452255650393,2007-12-10
17.5,31.27,0.0,7.7256629371015055,2007-12-11
17.18,32.24,0.0,7.402141940421202,2007-12-12
16.5,34.44,0.0,7.182426485212649,2007-12-13
17.25,33.95,0.0,7.3525423153636895,2007-12-14
16.79,34.58,0.0,7.0600541059304405,2007-12-15
16.94,34.95,0.0,7.190550616201006,2007-12-16
18.02,35.68,0.0,8.050512578035685,2007-12-17
17.8,35.37,0.0,8.236731407906305,2007-12-18
17.31,35.5,0.0,8.629475238453898,2007-12-19
17.21,33.32,0.0,8.388739319465328,2007-12-20
16.87,31.85,0.0,7.7371647100363345,2007-12-21
16.75,30.97,0.0,7.674889030327886,2007-12-22
15.96,30.23,0.0,7.6933903459007515,2007-12-23
13.46,30.27,0.0,7.006275955907261,2007-12-24
13.58,30.92,0.0,6.33063288240143,2007-12-25
13.67,31.42,0.0,6.024620521511318,2007-12-26
13.7,31.78,0.0,6.658215625900675,2007-12-27
13.52,32.5,0.0,6.6162003528420685,2007-12-28
14.32,33.26,0.0,6.603623318563407,2007-12-29
15.27,32.41,0.0,7.054938576836067,2007-12-30
14.32,30.03,0.0,7.450102232532497,2007-12-31
13.35,29.72,0.0,6.923808531760207,2008-01-01
12.69,30.28,0.0,7.143696491159537,2008-01-02
12.91,29.6,0.0,6.535083649880283,2008-01-03
14.1,31.32,0.0,6.248683532765409,2008-01-04
15.8,33.0,0.0,6.169013525694691,2008-01-05
14.37,28.35,0.0,7.1829425161066265,2008-01-06
11.13,25.44,0.0,6.353208972526444,2008-01-07
10.51,26.51,0.0,5.801828119652399,2008-01-08
11.33,28.98,0.0,6.273430449740041,2008-01-09
13.2,30.65,0.0,6.776836693218298,2008-01-10
14.04,31.38,0.0,7.401822881778747,2008-01-11
14.7,31.71,0.0,7.110048859336344,2008-01-12
15.4,32.92,0.0,7.391925110971747,2008-01-13
16.11,32.31,0.0,7.5102088877025,2008-01-14
16.83,30.81,0.0,7.399745306623981,2008-01-15
16.5,31.28,0.0,8.581018255780041,2008-01-16
15.75,29.35,0.0,8.155927441985769,2008-01-17
13.16,30.34,0.0,8.190074763199922,2008-01-18
12.83,30.41,0.0,8.373705263287633,2008-01-19
12.5,28.5,0.0,8.704448442093879,2008-01-20
11.3,26.8,0.0,7.93433496021824,2008-01-21
10.35,27.05,0.0,7.557097215434539,2008-01-22
9.81,26.95,0.0,7.181293396418998,2008-01-23
9.37,28.09,0.0,7.126463068504802,2008-01-24
9.99,29.25,0.0,7.641056512480966,2008-01-25
11.47,27.96,0.0,8.589563765291206,2008-01-26
11.13,27.52,0.0,8.158350581360096,2008-01-27
11.01,27.23,0.0,7.950780721336069,2008-01-28
10.66,28.04,0.0,7.766128244760245,2008-01-29
11.61,28.05,0.0,8.20140498462731,2008-01-30
13.52,29.33,0.0,7.931886369948759,2008-01-31
14.49,31.06,0.0,7.561443363281242,2008-02-01
14.6,32.19,0.0,7.692529400687287,2008-02-02
14.34,34.29,0.0,8.55806581925547,2008-02-03
15.92,35.14,0.0,9.361781884699893,2008-02-04
16.86,36.17,0.0,10.031921616612717,2008-02-05
16.44,35.81,0.0,9.281584258709913,2008-02-06
16.45,34.25,0.0,9.199725699905763,2008-02-07
16.4,33.84,0.0,9.072019432523346,2008-02-08
16.55,33.62,0.0,8.735839958771578,2008-02-09
16.56,33.6,0.0,9.0705558109168,2008-02-10
15.6,33.52,0.0,9.501760117949312,2008-02-11
15.37,33.85,0.0,10.038238839908692,2008-02-12
15.48,33.29,0.0,9.5962424446404,2008-02-13
17.15,33.27,0.0,9.133419812050024,2008-02-14
17.62,33.24,0.0,9.079408375313776,2008-02-15
17.6,33.42,0.0,9.819129544482465,2008-02-16
15.5,33.8,0.0,10.05881383194527,2008-02-17
15.31,33.31,0.0,10.273642440609342,2008-02-18
16.39,31.42,0.0,9.149063418577239,2008-02-19
16.3,30.69,0.0,8.421124128603251,2008-02-20
15.59,31.17,0.0,8.653431356814894,2008-02-21
16.34,33.46,0.0,9.204488022333923,2008-02-22
16.12,35.16,0.0,8.964665017398588,2008-02-23
16.43,36.9,0.0,9.410575087561105,2008-02-24
16.51,36.99,0.0,9.621482091414245,2008-02-25
17.04,36.3,0.0,7.925853013350386,2008-02-26
18.62,36.83,0.0,7.712354805217997,2008-02-27
19.48,37.53,0.0,7.321640851085988,2008-02-28
21.81,38.45,0.0,7.517797625235176,2008-02-29
19.45,38.37,0.0,8.101598166526944,2008-03-01
20.33,38.87,0.0,7.224355539342436,2008-03-02
20.5,38.95,0.0,7.101295193423617,2008-03-03
21.28,39.08,0.0,9.25037557101197,2008-03-04
20.41,39.61,0.0,9.19213504309163,2008-03-05
20.86,39.29,0.0,10.289575133250118,2008-03-06
20.83,38.37,0.0,10.161406518816472,2008-03-07
19.66,37.49,0.0,9.053744141883476,2008-03-08
18.89,37.36,0.0,9.495926566713655,2008-03-09
19.14,38.25,0.0,8.723584303163397,2008-03-10
20.52,37.81,0.04,8.17951511360493,2008-03-11
24.85,37.75,0.0,7.414675258821652,2008-03-12
22.98,37.49,0.0,10.099911922422512,2008-03-13
21.7,39.12,0.0,11.356352743727534,2008-03-14
20.56,39.19,0.0,10.699376809151673,2008-03-15
20.4,38.67,0.0,10.569873829852272,2008-03-16
19.62,39.04,0.0,10.369966605028736,2008-03-17
19.74,39.58,0.0,10.447846002337606,2008-03-18
19.28,39.94,0.0,8.22014631961484,2008-03-19
22.47,40.23,0.0,6.8919422045360035,2008-03-20
22.92,41.25,0.0,6.256301575399758,2008-03-21
24.81,41.05,0.01,6.3907271216083,2008-03-22
27.08,39.86,0.0,8.427863969053881,2008-03-23
24.47,41.09,0.0,11.29984936827581,2008-03-24
24.93,41.77,0.0,12.932404514941316,2008-03-25
23.82,40.99,0.0,13.092953598812354,2008-03-26
22.52,40.67,0.0,12.604697602261634,2008-03-27
21.03,40.65,0.0,10.102513411474522,2008-03-28
20.69,40.75,0.0,8.096628598805546,2008-03-29
20.74,41.69,0.0,8.551174616386824,2008-03-30
22.73,40.7,0.0,10.241490092312102,2008-03-31
22.85,40.51,0.0,10.787540948081666,2008-04-01
22.91,40.4,0.0,7.710922580692752,2008-04-02
26.03,40.71,0.0,6.450376225753701,2008-04-03
21.9,38.11,0.0,9.35985212722203,2008-04-04
21.2,37.4,0.0,9.420785021101882,2008-04-05
19.73,38.29,0.0,9.379069192878433,2008-04-06
20.87,39.11,0.0,10.598749930895234,2008-04-07
21.65,38.59,0.0,11.832896025747168,2008-04-08
18.15,38.87,0.0,9.892272606332755,2008-04-09
20.78,39.35,0.0,9.226536772263028,2008-04-10
22.06,39.47,0.0,8.690290036931469,2008-04-11
22.09,40.75,0.0,9.429574192959798,2008-04-12
22.3,41.11,0.0,10.564067321257825,2008-04-13
21.99,41.18,0.0,9.890777048271172,2008-04-14
21.82,40.95,0.0,8.218394116695094,2008-04-15
23.53,41.9,0.0,8.037513204899549,2008-04-16
24.21,41.93,0.0,8.95047199190889,2008-04-17
25.47,41.55,0.0,6.75065368532061,2008-04-18
28.51,40.83,0.0,7.867642913409651,2008-04-19
28.69,43.62,0.01,7.434157537707253,2008-04-20
26.73,43.13,0.37,7.4549389202271055,2008-04-21
28.84,43.46,0.0,7.121729979753316,2008-04-22
25.28,42.51,0.18,8.027279738136958,2008-04-23
29.14,39.72,0.12,9.051040340954827,2008-04-24
28.75,40.02,0.37,9.060898136891254,2008-04-25
27.73,41.56,1.48,7.533157436315224,2008-04-26
28.28,40.55,0.0,8.192445018985778,2008-04-27
28.58,39.95,0.04,7.423776802172407,2008-04-28
28.0,38.4,0.67,8.424807094562967,2008-04-29
28.98,38.98,0.01,8.575097262374758,2008-04-30
25.22,41.21,0.0,10.272999036866782,2008-05-01
25.77,41.26,0.0,10.653643579757038,2008-05-02
26.25,41.82,0.47,9.32591679840392,2008-05-03
25.98,42.12,0.02,7.743784993536656,2008-05-04
26.2,40.49,0.05,9.634566751646167,2008-05-05
27.79,36.67,0.03,8.685879867772732,2008-05-06
26.73,40.96,0.0,8.3702409048993,2008-05-07
28.11,41.74,0.0,9.567249380950164,2008-05-08
27.0,42.05,0.56,10.57909193258268,2008-05-09
28.16,39.95,0.75,8.540762725560334,2008-05-10
29.68,41.38,0.09,8.763112792595836,2008-05-11
29.93,42.24,0.26,7.326563272153835,2008-05-12
30.4,41.17,0.14,7.913515288954229,2008-05-13
27.87,40.92,0.0,8.865195466527165,2008-05-14
26.45,41.48,0.0,8.822824446696133,2008-05-15
28.03,42.34,0.03,9.833482924813149,2008-05-16
28.32,40.83,0.02,9.937350165406443,2008-05-17
29.86,41.13,0.13,10.020261755937918,2008-05-18
28.77,40.41,0.03,9.16262435227839,2008-05-19
28.57,36.65,0.16,8.460252606444044,2008-05-20
28.06,42.29,0.0,8.060550337586173,2008-05-21
28.72,42.88,0.0,8.66280941196497,2008-05-22
27.86,42.85,0.0,8.57928606287485,2008-05-23
29.97,41.53,0.0,11.232506456152517,2008-05-24
27.83,40.54,0.0,9.308395720405565,2008-05-25
28.36,38.92,0.0,8.176863968231865,2008-05-26
29.85,42.76,0.0,8.948183506653926,2008-05-27
29.99,43.75,0.0,9.35743353988611,2008-05-28
28.85,38.55,0.0,9.44323285572476,2008-05-29
28.65,36.25,0.0,7.261079609898454,2008-05-30
27.98,39.98,0.0,9.06019361928662,2008-05-31
28.54,41.88,0.08,9.539945570783168,2008-06-01
29.74,41.45,0.23,9.265545028994614,2008-06-02
29.84,41.38,0.16,9.377970315243259,2008-06-03
28.57,40.6,0.04,10.27755703606586,2008-06-04
28.09,42.26,0.29,9.089141960320172,2008-06-05
29.37,41.35,5.09,10.060753991339084,2008-06-06
27.65,39.18,4.13,9.272739492430262,2008-06-07
27.29,37.51,3.75,8.768002523057815,2008-06-08
27.79,38.61,2.06,8.657609017674512,2008-06-09
27.82,38.37,1.86,8.728176943496722,2008-06-10
27.22,39.3,1.93,7.925451862713916,2008-06-11
27.9,39.44,3.83,7.094984260333582,2008-06-12
27.57,39.67,0.4,8.617058488487054,2008-06-13
28.57,39.03,0.51,8.258045392895301,2008-06-14
26.81,41.15,0.3,8.73005422147325,2008-06-15
27.22,40.33,3.87,8.474298423336275,2008-06-16
27.28,35.5,3.7,7.604201089660237,2008-06-17
26.97,33.86,2.52,7.528137304792094,2008-06-18
24.77,37.07,1.66,7.360867682870828,2008-06-19
26.59,39.05,2.18,8.589874059153253,2008-06-20
27.31,38.56,1.9,9.611778641303069,2008-06-21
27.22,37.53,3.02,7.28209674906473,2008-06-22
26.78,36.63,3.76,6.841475216199175,2008-06-23
26.33,37.89,1.05,8.084450974434677,2008-06-24
25.34,30.45,15.42,4.3511482305226075,2008-06-25
24.07,29.6,10.12,4.731084536133499,2008-06-26
23.31,33.98,3.66,5.597883366664472,2008-06-27
25.89,35.21,10.39,5.336226388431846,2008-06-28
25.66,32.44,16.17,5.783698849351736,2008-06-29
24.4,35.07,1.64,6.711078589763338,2008-06-30
24.06,35.07,3.14,5.456824755913611,2008-07-01
24.66,35.85,0.13,6.132796674069685,2008-07-02
24.83,37.89,2.75,7.793556476779869,2008-07-03
25.7,34.04,4.38,5.803831722952039,2008-07-04
25.18,34.91,0.96,6.847945634228036,2008-07-05
25.48,30.94,11.78,5.088779420313622,2008-07-06
24.41,30.85,3.59,4.282348352747385,2008-07-07
23.6,33.93,4.52,6.06896692293872,2008-07-08
23.95,32.91,1.07,5.608594619064076,2008-07-09
23.79,34.89,3.23,6.786369097815517,2008-07-10
24.97,32.26,17.65,4.9179835085858485,2008-07-11
24.95,34.07,0.21,5.792032598556283,2008-07-12
24.25,36.59,0.87,7.22444086331932,2008-07-13
24.26,38.53,1.64,8.034865146554903,2008-07-14
24.75,32.61,3.44,5.944501009814819,2008-07-15
24.01,35.7,0.43,7.068144295311838,2008-07-16
24.31,31.07,2.66,5.088529228203005,2008-07-17
23.64,30.62,10.43,5.1093616156772175,2008-07-18
23.95,27.85,16.44,3.632857207426185,2008-07-19
23.31,31.17,1.47,5.833233624431125,2008-07-20
23.59,34.06,2.48,5.607209635583652,2008-07-21
24.2,36.54,1.5,7.0076466360656,2008-07-22
23.89,33.62,0.64,6.379127040500082,2008-07-23
23.39,33.59,1.87,5.822783122313151,2008-07-24
23.75,34.64,3.05,6.365307726997761,2008-07-25
25.13,30.69,3.9,5.138277686004889,2008-07-26
23.55,33.26,2.04,5.438496890647714,2008-07-27
23.01,34.19,0.76,6.580936345407608,2008-07-28
23.93,34.72,2.34,6.688026815591393,2008-07-29
25.17,34.45,3.99,6.032894301392356,2008-07-30
23.78,34.92,3.44,5.792492397482073,2008-07-31
24.8,32.98,1.6,6.215289310904803,2008-08-01
23.73,32.7,1.57,5.910784643080081,2008-08-02
24.37,33.5,7.75,5.8898708794811965,2008-08-03
24.25,32.44,6.75,5.456988701285322,2008-08-04
23.89,30.11,5.77,3.537081396640532,2008-08-05
23.16,32.52,6.47,5.821855711888899,2008-08-06
23.57,30.38,25.85,5.417553896471589,2008-08-07
23.15,31.07,7.4,4.669840708970214,2008-08-08
23.65,29.24,3.15,3.633707255726105,2008-08-09
23.34,31.66,2.12,5.607360731627556,2008-08-10
24.49,33.99,2.4,5.940950029472203,2008-08-11
24.32,33.02,3.0,5.24435814220238,2008-08-12
23.02,31.96,0.69,4.71921125235797,2008-08-13
23.01,32.76,5.7,5.052299552011981,2008-08-14
24.05,30.88,9.73,4.17648341949615,2008-08-15
23.68,28.22,4.6,3.123159434990525,2008-08-16
22.84,29.96,8.34,5.165554187103044,2008-08-17
23.23,29.0,20.3,1.9936907713959438,2008-08-18
22.39,27.3,3.54,3.9240638589375747,2008-08-19
21.78,31.42,3.07,4.178253685821387,2008-08-20
22.75,31.91,2.17,4.429634116805526,2008-08-21
23.11,31.47,9.66,5.072134380844786,2008-08-22
23.42,28.86,7.96,3.623137846484801,2008-08-23
23.57,28.83,15.2,4.503205074964913,2008-08-24
22.71,30.06,8.27,3.121556742037705,2008-08-25
22.78,30.32,2.56,4.041531210352401,2008-08-26
23.07,30.46,5.58,4.846356725060892,2008-08-27
22.79,30.89,11.13,3.1183888615751463,2008-08-28
22.96,30.28,7.0,5.049190498019889,2008-08-29
23.32,31.74,3.24,5.4524475811443756,2008-08-30
22.97,31.93,1.99,4.561486444138614,2008-08-31
22.58,33.76,2.82,5.703880847095635,2008-09-01
24.79,31.1,5.57,4.937482099063421,2008-09-02
23.73,32.3,0.78,5.182938831700771,2008-09-03
24.6,30.62,0.96,4.082443950057326,2008-09-04
23.52,31.19,0.39,4.1489993673993215,2008-09-05
23.63,31.35,0.7,4.752880260424029,2008-09-06
22.93,34.79,0.43,6.06471103042192,2008-09-07
23.74,29.53,5.89,4.424823392012352,2008-09-08
21.73,32.29,2.14,3.6129376139842617,2008-09-09
22.87,32.83,2.36,4.738761688473407,2008-09-10
22.91,32.36,4.55,5.422368969028807,2008-09-11
23.67,29.06,5.62,3.7740462615529657,2008-09-12
22.95,29.78,6.52,3.9595350962962454,2008-09-13
23.26,29.8,1.4,3.9731318441175234,2008-09-14
23.97,30.68,5.49,3.0431311956525278,2008-09-15
23.04,31.72,2.15,5.398008301251843,2008-09-16
22.47,33.51,0.8,5.273684328167133,2008-09-17
23.2,36.92,1.6,6.430741541554432,2008-09-18
24.7,31.9,1.97,5.424658190285501,2008-09-19
23.21,31.44,1.41,4.583034645503417,2008-09-20
22.74,35.22,0.98,5.913388678228312,2008-09-21
23.64,34.11,1.84,5.8883777666974675,2008-09-22
23.41,29.27,0.97,4.079702237996402,2008-09-23
22.66,32.85,0.3,5.09591878647901,2008-09-24
23.05,34.34,0.7,5.660733148716719,2008-09-25
24.32,30.9,0.43,4.780698799225481,2008-09-26
23.97,33.47,0.29,5.319968272791691,2008-09-27
23.44,32.2,0.59,5.264411412319877,2008-09-28
21.78,34.91,0.69,4.5907487825737645,2008-09-29
23.16,32.01,0.76,5.267817558860075,2008-09-30
23.05,34.46,0.91,5.653136924774542,2008-10-01
23.24,35.54,0.4,6.08451127873048,2008-10-02
23.35,36.93,0.33,6.203773123304756,2008-10-03
25.3,32.14,0.23,4.712855050782137,2008-10-04
24.09,34.69,0.29,5.231664526862068,2008-10-05
24.23,37.04,0.29,5.998807449176769,2008-10-06
23.85,38.06,0.26,6.248927455396308,2008-10-07
24.03,32.96,3.31,5.858554324264037,2008-10-08
23.34,30.93,0.97,5.037134236188313,2008-10-09
22.95,32.09,3.88,4.711425438507919,2008-10-10
23.94,31.9,3.09,4.620700473368806,2008-10-11
23.28,33.28,3.15,4.875063033294608,2008-10-12
23.72,32.5,0.15,4.362687637682504,2008-10-13
22.86,36.38,0.04,5.485787971104623,2008-10-14
22.81,36.5,0.02,6.029092576056461,2008-10-15
23.64,37.21,0.03,6.917253183017173,2008-10-16
23.02,35.74,0.05,5.118653213805037,2008-10-17
22.55,36.97,0.14,5.348967796471491,2008-10-18
23.08,36.79,0.26,5.333616996898484,2008-10-19
24.19,36.03,0.19,5.574309586430693,2008-10-20
22.91,36.43,0.0,5.9267416496142475,2008-10-21
18.87,36.03,0.01,6.507361662760958,2008-10-22
19.68,36.22,0.0,6.204051879523283,2008-10-23
23.15,36.65,0.0,5.6624885095990924,2008-10-24
20.89,36.93,0.0,6.733668305930744,2008-10-25
20.77,36.38,0.0,6.6319062012340035,2008-10-26
22.27,36.77,0.0,5.912548537510305,2008-10-27
21.03,36.8,0.0,5.9140983787587516,2008-10-28
22.03,37.46,0.0,6.391573385620011,2008-10-29
21.7,37.0,0.0,6.919616466455911,2008-10-30
21.15,36.95,0.0,5.942335867564719,2008-10-31
19.68,36.9,0.0,7.912803247252719,2008-11-01
17.82,35.16,0.0,8.151213605594085,2008-11-02
17.59,34.67,0.0,6.564085957017095,2008-11-03
19.84,35.38,0.0,6.529705375386349,2008-11-04
18.81,35.57,0.0,7.100979302121127,2008-11-05
17.67,35.71,0.0,6.015653220839586,2008-11-06
19.83,36.01,0.0,5.306750951024522,2008-11-07
18.89,35.96,0.0,5.149633247001277,2008-11-08
18.8,36.03,0.0,5.795431943937079,2008-11-09
21.36,35.96,0.0,6.275470572350108,2008-11-10
18.82,34.72,0.0,6.838336022995545,2008-11-11
18.62,34.44,0.0,7.758337651964827,2008-11-12
17.43,33.09,0.0,7.468134989181166,2008-11-13
18.21,34.78,0.0,7.424280128567472,2008-11-14
18.38,35.34,0.0,7.456039668994797,2008-11-15
18.3,34.93,0.0,8.000164328339935,2008-11-16
16.31,35.14,0.0,7.355531770268034,2008-11-17
15.06,34.74,0.0,6.63613582391369,2008-11-18
16.36,34.29,0.0,6.317521027770386,2008-11-19
18.82,34.56,0.0,7.1778072513679305,2008-11-20
19.86,34.5,0.0,5.929222400969283,2008-11-21
19.0,36.45,0.0,6.8595035613394355,2008-11-22
19.05,36.6,0.0,6.705681464512899,2008-11-23
19.79,36.91,0.0,6.6293187998295044,2008-11-24
18.52,36.88,0.0,6.017057866929491,2008-11-25
18.39,37.3,0.0,7.19880375665547,2008-11-26
18.53,37.43,0.0,7.3072801176067586,2008-11-27
17.54,36.69,0.0,7.216204578064333,2008-11-28
17.41,36.54,0.0,5.880292873494109,2008-11-29
18.85,37.89,0.0,7.030416021047771,2008-11-30
19.03,37.69,0.0,7.492777758868183,2008-12-01
17.93,37.23,0.0,5.556852445353049,2008-12-02
18.39,35.84,0.0,6.372644768638705,2008-12-03
16.95,33.01,0.0,6.860778137037082,2008-12-04
14.93,27.94,0.0,7.052375524814526,2008-12-05
11.72,29.27,0.0,6.502034659395992,2008-12-06
14.52,32.34,0.0,6.292016422680436,2008-12-07
16.5,33.56,0.0,6.4595571753149175,2008-12-08
17.92,34.74,0.0,5.847431802598551,2008-12-09
19.83,36.09,0.0,4.84595171959332,2008-12-10
17.93,35.73,0.0,6.426891893067742,2008-12-11
19.31,36.22,0.0,7.417764751122833,2008-12-12
19.27,36.72,0.0,6.543729858037488,2008-12-13
18.9,36.52,0.0,6.236010141791968,2008-12-14
20.0,36.46,0.0,5.2941821621961545,2008-12-15
19.63,36.5,0.0,5.291468495548315,2008-12-16
18.57,34.43,0.0,8.286118134243182,2008-12-17
20.49,34.14,0.0,8.350239703234914,2008-12-18
18.38,34.58,0.0,8.472630469598101,2008-12-19
18.19,34.73,0.0,8.869646607236959,2008-12-20
17.23,34.55,0.0,8.578048589618975,2008-12-21
17.3,31.94,0.0,7.8801151312685045,2008-12-22
15.51,30.94,0.0,7.501406987047025,2008-12-23
14.89,30.44,0.0,7.4704881732733295,2008-12-24
15.94,30.41,0.0,7.126945513432771,2008-12-25
15.79,32.29,0.0,7.126768596516188,2008-12-26
16.72,33.36,0.0,7.178803282204446,2008-12-27
17.4,33.99,0.0,8.054173686629023,2008-12-28
16.7,33.01,0.0,8.112719977556338,2008-12-29
16.43,33.9,0.0,7.878578423833146,2008-12-30
16.4,33.75,0.0,7.826666467979158,2008-12-31
15.52,32.7,0.0,8.058597532380743,2009-01-01
15.18,32.0,0.0,7.806265482350444,2009-01-02
15.88,31.05,0.0,7.018446970911655,2009-01-03
15.93,32.16,0.0,6.768252851737879,2009-01-04
16.86,33.19,0.0,6.238265083757516,2009-01-05
18.29,35.16,0.0,6.2609651819342025,2009-01-06
18.86,35.78,0.0,5.960146170697001,2009-01-07
18.55,34.51,0.0,6.133582877015408,2009-01-08
18.06,35.22,0.0,7.872623692514779,2009-01-09
17.99,35.56,0.0,6.050083255794457,2009-01-10
20.71,32.72,0.0,6.926214733664101,2009-01-11
19.05,33.1,0.0,7.165335017191884,2009-01-12
17.5,31.85,0.0,7.634103275600103,2009-01-13
16.09,33.12,0.0,7.226159767765037,2009-01-14
17.04,34.62,0.0,8.108374949958453,2009-01-15
17.86,35.66,0.0,7.004842760482201,2009-01-16
18.36,35.47,0.0,6.573653207464019,2009-01-17
18.57,34.3,0.0,7.530784258601797,2009-01-18
19.05,31.66,0.0,7.218597504034473,2009-01-19
15.84,26.86,0.0,7.524302827276677,2009-01-20
14.02,28.67,0.0,6.802074696135921,2009-01-21
15.28,26.89,0.0,8.111190232634673,2009-01-22
11.83,27.33,0.0,7.73063446908797,2009-01-23
11.98,29.09,0.0,7.3604515528948316,2009-01-24
13.91,31.61,0.0,6.465491614378161,2009-01-25
15.83,33.45,0.0,5.793461407263755,2009-01-26
17.79,35.02,0.0,6.752719453794026,2009-01-27
16.69,35.4,0.0,7.827364365921632,2009-01-28
17.13,36.38,0.0,7.610850038915001,2009-01-29
17.73,36.84,0.0,7.393179269627412,2009-01-30
18.48,36.94,0.0,6.839838999319315,2009-01-31
19.09,37.34,0.0,7.3139239623900885,2009-02-01
19.43,38.22,0.0,6.944332963938129,2009-02-02
20.68,39.07,0.0,7.756747616179845,2009-02-03
19.79,38.47,0.0,7.454094378324802,2009-02-04
19.96,39.46,0.0,7.944788895772309,2009-02-05
20.51,39.2,0.0,9.022658033969819,2009-02-06
19.05,38.31,0.0,5.936635248874649,2009-02-07
18.85,36.68,0.0,9.279742572254493,2009-02-08
20.03,36.49,0.0,9.273287360653072,2009-02-09
18.84,36.29,0.0,8.966808584353222,2009-02-10
19.86,35.78,0.0,7.809806808672166,2009-02-11
19.48,36.9,0.0,6.79095243684293,2009-02-12
19.57,36.9,0.0,7.375891006543329,2009-02-13
19.12,36.55,0.0,7.369423679325184,2009-02-14
20.5,37.02,0.0,6.911365016563409,2009-02-15
23.37,37.33,0.0,6.992045527074281,2009-02-16
25.08,33.64,0.0,4.871720339473005,2009-02-17
24.27,36.36,0.0,9.218108169573322,2009-02-18
22.32,36.73,0.0,10.53920745052023,2009-02-19
23.17,37.34,0.0,9.978290635184768,2009-02-20
23.1,38.93,0.0,10.583767388300936,2009-02-21
22.18,38.59,0.0,10.971670375195012,2009-02-22
22.75,37.81,0.0,9.417673175455853,2009-02-23
21.55,38.61,0.0,8.209920721904792,2009-02-24
22.14,38.96,0.0,9.047731363679539,2009-02-25
21.52,38.64,0.0,9.370616428901906,2009-02-26
22.3,38.03,0.0,10.63396925450757,2009-02-27
20.81,37.72,0.0,9.464272143305278,2009-02-28
22.09,37.74,0.0,9.156616991622375,2009-03-01
21.42,38.07,0.0,9.472483640446782,2009-03-02
20.81,37.46,0.0,9.255772034258802,2009-03-03
21.03,38.52,0.0,7.408475332120512,2009-03-04
21.93,39.63,0.0,7.428985881214872,2009-03-05
21.35,40.23,0.0,7.51364483113675,2009-03-06
21.15,39.24,0.0,9.313675023892872,2009-03-07
19.35,38.36,0.0,9.214512601668007,2009-03-08
19.76,39.02,0.0,8.679948121328536,2009-03-09
21.45,38.0,0.0,9.68581316501485,2009-03-10
20.76,38.0,0.0,8.399839302456884,2009-03-11
21.2,38.29,0.0,8.093384792836016,2009-03-12
24.35,36.28,0.0,9.585886265298543,2009-03-13
24.78,38.11,0.0,12.04918690981266,2009-03-14
23.15,39.62,0.0,9.774178087324785,2009-03-15
22.84,39.83,0.0,9.75933164207183,2009-03-16
22.91,40.41,0.0,8.492614435760572,2009-03-17
24.09,39.43,0.0,5.996527322183174,2009-03-18
26.33,38.98,0.0,7.334198897572019,2009-03-19
23.12,39.56,0.02,8.090189196279983,2009-03-20
24.55,39.63,0.0,9.654613888603823,2009-03-21
23.37,41.02,0.0,10.092379852586365,2009-03-22
23.73,41.16,0.0,8.939473574586586,2009-03-23
23.31,41.74,0.0,10.111476999826914,2009-03-24
24.14,41.01,0.0,9.40490894637262,2009-03-25
25.89,41.05,0.0,12.490715042752251,2009-03-26
24.9,40.86,0.0,11.697382503190816,2009-03-27
23.93,40.09,0.01,8.894375827237011,2009-03-28
25.71,40.55,0.01,6.716750628105207,2009-03-29
29.07,40.54,0.0,6.551917843930969,2009-03-30
25.56,40.95,0.0,6.335662268524519,2009-03-31
26.83,40.62,0.0,6.208721372873663,2009-04-01
28.54,38.67,0.0,7.455376518989473,2009-04-02
24.49,40.88,0.0,8.431337015180196,2009-04-03
24.39,41.52,0.0,11.173622985179833,2009-04-04
23.19,40.91,0.0,7.522561259569973,2009-04-05
22.57,41.31,0.0,8.59674569907282,2009-04-06
23.2,41.59,0.0,8.881346681885436,2009-04-07
23.15,40.17,0.0,9.23142587564973,2009-04-08
23.93,40.78,0.0,12.418995627835718,2009-04-09
23.27,41.38,0.0,9.443165850777094,2009-04-10
25.49,40.36,0.02,8.557729518911982,2009-04-11
29.5,38.24,0.03,8.822201900427183,2009-04-12
28.6,37.91,0.03,7.656603793213825,2009-04-13
27.48,40.25,0.0,8.516642521865228,2009-04-14
29.09,42.18,0.02,8.455912136744296,2009-04-15
27.33,42.75,0.0,7.996712884874959,2009-04-16
27.58,43.35,0.0,9.51766218824767,2009-04-17
27.15,42.82,0.0,10.017829636587422,2009-04-18
26.39,42.42,0.0,6.079997198977094,2009-04-19
27.93,41.85,0.19,8.156889163114782,2009-04-20
29.23,41.12,0.0,8.711419946482726,2009-04-21
26.58,41.95,0.0,7.2054399541764065,2009-04-22
26.69,42.98,0.0,8.265319756441762,2009-04-23
25.1,42.08,0.0,7.10903377389905,2009-04-24
26.06,42.25,0.0,6.98990150914695,2009-04-25
26.54,41.86,0.89,8.441964076592928,2009-04-26
30.82,38.6,1.3,8.74862013037205,2009-04-27
28.45,41.19,0.81,8.596449108711754,2009-04-28
29.29,41.44,1.18,8.425037095551822,2009-04-29
30.07,42.24,1.28,8.965315140303296,2009-04-30
28.16,42.0,0.0,9.132530711188432,2009-05-01
26.62,41.78,0.0,9.544826720423107,2009-05-02
27.5,38.17,0.27,9.09162735953349,2009-05-03
27.31,40.35,0.21,9.013236974917138,2009-05-04
27.17,40.1,0.25,8.177818596996712,2009-05-05
28.09,39.18,0.23,9.630130012251083,2009-05-06
27.49,38.79,0.11,9.087090897251057,2009-05-07
28.39,38.56,0.07,8.275425612026144,2009-05-08
27.62,39.78,0.24,8.291640691116847,2009-05-09
28.84,37.44,0.16,8.410516555372055,2009-05-10
27.2,39.98,0.09,8.448708052227454,2009-05-11
27.58,40.89,0.08,7.388572731582595,2009-05-12
27.15,42.29,0.12,7.743108743615814,2009-05-13
29.86,42.42,0.02,8.267765725354833,2009-05-14
30.04,41.21,0.01,11.061359719522772,2009-05-15
27.89,40.5,0.27,8.18852791198099,2009-05-16
30.34,40.33,0.48,6.523245962530799,2009-05-17
30.22,40.82,0.08,7.947766061898077,2009-05-18
28.0,42.31,0.3,9.231229283697141,2009-05-19
29.32,41.54,0.02,8.302754500066019,2009-05-20
28.69,42.37,0.61,8.328013987019483,2009-05-21
28.54,42.39,0.56,8.471325824001282,2009-05-22
28.9,39.49,3.79,9.1354280970703,2009-05-23
27.5,39.59,0.1,7.888336311858559,2009-05-24
28.3,42.16,0.01,7.963668326756647,2009-05-25
27.67,38.18,1.48,8.800613900944848,2009-05-26
28.1,39.39,2.9,7.863098713120347,2009-05-27
27.87,39.0,0.0,7.719145252584782,2009-05-28
28.18,41.1,0.01,8.090712921698241,2009-05-29
28.35,40.12,1.86,9.032281519581698,2009-05-30
28.36,41.51,0.19,8.446357668399354,2009-05-31
28.32,43.24,0.0,8.11725943861515,2009-06-01
26.84,42.84,0.13,7.476536343621035,2009-06-02
27.78,41.76,0.58,9.454522277876555,2009-06-03
29.26,36.75,0.7,7.979741295985544,2009-06-04
28.96,37.94,1.93,8.040513214129716,2009-06-05
27.4,35.87,0.95,7.681815099257027,2009-06-06
27.23,39.75,0.19,8.117721822883274,2009-06-07
29.77,43.12,0.02,9.255348090017028,2009-06-08
28.63,42.43,0.21,10.725775426012614,2009-06-09
27.47,39.72,0.77,8.680014508769535,2009-06-10
27.04,38.11,1.79,8.451202018885613,2009-06-11
27.61,35.01,9.48,4.456010462434523,2009-06-12
25.52,35.81,2.89,6.448068741963809,2009-06-13
27.34,38.46,1.33,8.065864386691347,2009-06-14
26.55,38.4,4.91,8.652809162850215,2009-06-15
26.79,35.24,5.01,7.793452730570643,2009-06-16
25.72,37.09,3.26,6.914456450878201,2009-06-17
25.98,37.3,5.48,6.874881671264537,2009-06-18
27.37,37.89,5.7,8.362626386426044,2009-06-19
26.08,33.27,1.16,6.345951710358299,2009-06-20
25.83,30.85,2.75,4.432144804926085,2009-06-21
24.2,32.79,3.23,5.056587587408826,2009-06-22
25.53,39.87,0.25,7.844549978700038,2009-06-23
25.27,39.58,2.16,9.44143600099883,2009-06-24
26.9,38.41,0.77,8.310782527455649,2009-06-25
26.08,34.25,3.47,5.51517335187241,2009-06-26
24.9,36.79,0.03,7.645265129933402,2009-06-27
25.86,37.05,1.61,8.04519108615706,2009-06-28
26.3,35.78,1.27,7.381996896805433,2009-06-29
26.18,34.61,5.04,7.341560824402156,2009-06-30
25.91,33.59,3.75,5.666071479673118,2009-07-01
24.5,36.81,1.51,6.970058284887891,2009-07-02
25.02,38.47,2.64,7.037351073132307,2009-07-03
26.32,37.78,7.8,7.559252970973983,2009-07-04
26.46,34.59,3.47,6.6659604229196034,2009-07-05
24.94,34.92,2.18,6.563035456673177,2009-07-06
26.07,33.48,4.73,6.617007631988733,2009-07-07
25.66,33.48,3.08,5.849777667760703,2009-07-08
25.97,33.44,6.19,6.374681129997553,2009-07-09
25.27,35.91,2.23,6.768940821666817,2009-07-10
25.09,34.52,3.91,5.990672166734516,2009-07-11
24.94,36.55,1.93,7.009048104568341,2009-07-12
25.35,37.09,2.57,7.000064165666073,2009-07-13
26.28,33.66,1.71,6.480208129283343,2009-07-14
24.6,32.72,1.9,6.34005809396615,2009-07-15
24.61,36.03,0.96,6.690784246782939,2009-07-16
25.93,36.56,5.24,6.142748969774086,2009-07-17
26.05,31.56,2.06,6.275322993853402,2009-07-18
24.02,34.06,2.17,5.798192536195039,2009-07-19
25.19,36.3,3.87,6.817813754237821,2009-07-20
25.58,37.59,2.62,8.023358496507218,2009-07-21
25.68,37.81,1.15,8.42910084988931,2009-07-22
24.49,36.16,1.99,5.822146215669668,2009-07-23
25.79,37.6,4.04,7.524304935781658,2009-07-24
25.81,32.93,6.63,6.535155426910327,2009-07-25
24.91,34.42,5.81,6.021212817872992,2009-07-26
24.69,31.62,16.46,3.4262978050175668,2009-07-27
23.6,30.89,6.27,4.664458449068447,2009-07-28
23.51,32.76,5.67,5.561064331522991,2009-07-29
24.3,33.71,8.45,5.929477167307568,2009-07-30
24.66,30.02,16.17,4.963390780853728,2009-07-31
23.56,31.62,4.86,5.39455984215442,2009-08-01
23.22,33.58,3.64,5.1349855993728575,2009-08-02
24.99,31.3,9.31,5.164772103811071,2009-08-03
24.54,30.49,3.44,4.876987252267728,2009-08-04
23.74,32.57,4.51,5.4988740947582935,2009-08-05
23.95,31.66,3.41,5.385467815327201,2009-08-06
23.76,32.91,3.09,5.345248220791083,2009-08-07
24.02,31.86,3.95,5.686711377295781,2009-08-08
23.9,34.03,7.7,6.207140885593185,2009-08-09
24.3,29.13,6.55,3.0666817200930625,2009-08-10
22.17,34.08,2.37,5.691449195872142,2009-08-11
23.98,33.54,2.66,3.604051309170464,2009-08-12
23.72,32.57,7.53,5.613313273504037,2009-08-13
23.46,29.63,7.44,5.0445964226904945,2009-08-14
22.65,31.71,15.61,5.144208150059658,2009-08-15
24.05,28.61,13.31,2.5680076262545803,2009-08-16
22.36,30.58,8.41,4.827464754409281,2009-08-17
23.03,31.96,6.08,4.9688482708650055,2009-08-18
23.48,30.25,7.02,4.864023151399592,2009-08-19
23.01,32.65,1.48,3.355042100795905,2009-08-20
23.31,33.13,4.28,5.173845710015753,2009-08-21
24.77,32.35,11.81,5.01363190872333,2009-08-22
24.18,32.48,5.02,5.00205944992543,2009-08-23
23.38,31.21,2.23,4.910223106367142,2009-08-24
23.75,30.68,9.81,4.652299311734757,2009-08-25
23.53,29.63,3.24,3.0541625887686212,2009-08-26
22.63,33.16,0.69,5.257591704858738,2009-08-27
23.9,33.01,2.18,5.5615901246699435,2009-08-28
23.76,28.66,10.84,3.460467992966717,2009-08-29
23.01,30.82,2.01,4.548309863906069,2009-08-30
23.0,29.86,13.47,3.8804646512229,2009-08-31
23.68,29.67,9.6,3.5602746652616513,2009-09-01
22.76,30.71,9.95,4.722112058728046,2009-09-02
23.29,30.73,0.96,3.749389030088482,2009-09-03
22.41,33.12,0.55,5.2311937437893254,2009-09-04
23.1,34.14,0.97,4.379499583833432,2009-09-05
23.82,29.04,1.82,4.440720112941395,2009-09-06
22.73,30.93,0.84,5.065787162885244,2009-09-07
23.07,34.19,1.29,5.77924392521739,2009-09-08
24.37,34.27,3.63,5.4685006445521935,2009-09-09
24.64,31.1,2.47,4.947654407976501,2009-09-10
24.54,30.99,0.85,4.010093224244125,2009-09-11
24.26,31.84,2.49,5.1911207113614255,2009-09-12
23.99,31.6,3.84,4.880773785264,2009-09-13
21.81,34.53,0.74,5.757007863060285,2009-09-14
23.61,32.55,1.12,4.389407316258009,2009-09-15
23.93,32.68,0.98,5.370433593983946,2009-09-16
22.76,34.57,1.78,5.406696663220335,2009-09-17
23.39,35.11,2.05,5.427052104483988,2009-09-18
24.89,33.77,5.53,5.1746172192460715,2009-09-19
24.51,30.17,1.97,3.631523180907166,2009-09-20
22.55,33.37,2.31,5.2489688212537,2009-09-21
23.33,33.76,1.18,5.436456845579595,2009-09-22
23.77,36.27,0.73,6.324600343282779,2009-09-23
23.62,34.66,1.47,5.837183017727357,2009-09-24
24.54,32.07,2.46,5.473116001163364,2009-09-25
23.78,34.84,1.45,6.186156881753515,2009-09-26
23.72,34.2,0.99,6.140136104726473,2009-09-27
24.31,32.71,0.16,5.494933565555103,2009-09-28
24.14,36.15,0.75,6.23500109295917,2009-09-29
23.99,35.24,0.66,5.815119469079785,2009-09-30
23.91,36.33,0.43,5.9247556720925445,2009-10-01
24.07,37.27,0.43,6.031419081648243,2009-10-02
23.29,37.93,0.1,6.0008718299892285,2009-10-03
23.47,38.5,0.12,6.839810604717066,2009-10-04
24.58,37.16,0.04,6.212758638056443,2009-10-05
24.14,37.19,0.28,6.060787865643179,2009-10-06
23.81,38.07,0.13,6.477485111280537,2009-10-07
25.02,35.36,1.28,6.502113364228222,2009-10-08
24.58,35.25,0.4,6.22317149460888,2009-10-09
23.63,37.19,1.69,6.421574447306129,2009-10-10
24.13,37.23,1.12,6.960789785519475,2009-10-11
25.15,36.94,1.16,6.064044941260672,2009-10-12
25.05,36.14,3.45,6.0970149553666655,2009-10-13
23.81,35.56,6.15,5.433152403567774,2009-10-14
24.8,31.63,0.48,4.68637602758761,2009-10-15
24.49,35.92,5.06,5.850623855769015,2009-10-16
23.63,37.38,2.33,6.477472817172753,2009-10-17
24.5,36.36,0.47,6.88765254031202,2009-10-18
24.0,36.84,0.36,7.466659530825003,2009-10-19
24.16,35.22,1.13,6.340337674112827,2009-10-20
24.51,31.29,0.08,3.961186290687304,2009-10-21
23.54,34.12,1.4,5.84717758172864,2009-10-22
23.73,35.15,0.19,4.791612720726252,2009-10-23
24.1,37.24,0.12,5.9550590607150555,2009-10-24
24.99,33.05,0.21,5.729940038853703,2009-10-25
23.69,36.24,0.14,6.1998904910870944,2009-10-26
24.51,34.9,0.42,6.486729506800452,2009-10-27
22.86,35.83,2.48,5.913284743532228,2009-10-28
23.99,33.68,3.02,5.357295258096084,2009-10-29
24.04,32.44,3.3,4.310170187383802,2009-10-30
23.92,33.26,1.99,5.398375883916676,2009-10-31
22.54,35.76,0.0,6.510363377517215,2009-11-01
21.6,35.21,0.0,6.732149103816529,2009-11-02
20.21,33.38,0.0,5.973014012656828,2009-11-03
21.22,37.46,0.0,6.431576557737249,2009-11-04
20.99,37.18,0.0,5.050716844050647,2009-11-05
23.24,38.12,0.0,5.119502645164749,2009-11-06
22.62,38.46,0.0,5.757380929159643,2009-11-07
22.28,38.07,0.0,5.453102871823208,2009-11-08
23.1,36.78,0.01,6.265486896853199,2009-11-09
23.82,35.3,0.01,5.917752612197276,2009-11-10
21.99,38.15,0.0,7.080478371705921,2009-11-11
20.82,38.2,0.0,6.742959736445229,2009-11-12
20.7,37.98,0.0,6.965809915011455,2009-11-13
20.95,37.9,0.03,5.285427408908123,2009-11-14
22.8,36.21,0.06,5.9384207506401605,2009-11-15
20.65,32.73,0.0,6.078832287659448,2009-11-16
18.4,32.73,0.0,7.262296071101424,2009-11-17
18.21,31.62,0.0,6.83679301687529,2009-11-18
16.82,32.25,0.0,6.857679433241656,2009-11-19
15.55,33.22,0.0,7.281837169045179,2009-11-20
17.48,33.25,0.0,7.643478741870461,2009-11-21
16.42,33.52,0.0,6.726855214827197,2009-11-22
16.07,33.81,0.0,6.290456970918303,2009-11-23
18.56,35.07,0.0,7.256248436211901,2009-11-24
18.44,34.27,0.0,7.623381910628996,2009-11-25
17.54,33.69,0.0,6.879650941794259,2009-11-26
16.77,33.62,0.0,6.6326784113145365,2009-11-27
16.56,32.9,0.0,6.850611697673463,2009-11-28
16.03,32.6,0.0,6.8707375034905676,2009-11-29
16.45,32.81,0.0,6.885463544834722,2009-11-30
16.1,33.2,0.0,7.253117666223765,2009-12-01
15.6,33.27,0.0,7.670930888812181,2009-12-02
15.32,33.65,0.0,7.5957835836130725,2009-12-03
14.85,33.43,0.0,7.592681588749874,2009-12-04
14.78,34.0,0.0,7.227351444576323,2009-12-05
15.85,33.84,0.0,7.33442040288981,2009-12-06
15.72,34.07,0.0,7.5986681944057795,2009-12-07
15.58,34.15,0.0,7.196452678639019,2009-12-08
16.34,33.37,0.0,7.0362314806458786,2009-12-09
16.68,33.39,0.0,6.798473331910695,2009-12-10
17.84,33.88,0.0,6.596114720413928,2009-12-11
19.19,34.63,0.0,6.052467494511905,2009-12-12
19.12,34.05,0.0,5.062581183152688,2009-12-13
21.55,35.34,0.0,4.235217647117797,2009-12-14
22.06,35.35,0.0,7.069953402771229,2009-12-15
20.63,35.81,0.0,7.627851800689506,2009-12-16
20.5,32.48,0.0,6.89277726623392,2009-12-17
20.08,36.31,0.0,7.810459175292334,2009-12-18
17.59,35.4,0.0,7.157844294085832,2009-12-19
17.2,36.08,0.0,6.522412843949979,2009-12-20
16.96,36.05,0.0,7.0883976635961154,2009-12-21
16.95,36.01,0.0,6.937893921461111,2009-12-22
16.56,35.7,0.0,8.2553038621454,2009-12-23
16.61,34.07,0.0,7.834858952840702,2009-12-24
15.52,34.37,0.0,7.56893828386277,2009-12-25
14.73,33.68,0.0,7.528748745592306,2009-12-26
14.63,34.05,0.0,7.397262909926851,2009-12-27
15.48,34.45,0.0,7.7988872460889,2009-12-28
15.47,34.08,0.0,8.401940864942734,2009-12-29
15.25,33.07,0.0,8.182821052261156,2009-12-30
15.95,33.02,0.0,7.923183855375517,2009-12-31
14.36,32.4,0.0,7.309357792834401,2010-01-01
14.11,33.17,0.0,7.862466451843788,2010-01-02
13.12,32.67,0.0,8.008211024979778,2010-01-03
13.16,32.33,0.0,7.343645686579406,2010-01-04
13.5,32.41,0.0,6.9088651431545935,2010-01-05
14.7,33.37,0.0,6.056728169509994,2010-01-06
15.07,34.25,0.0,5.643342340402362,2010-01-07
15.53,34.34,0.0,6.211813342733936,2010-01-08
16.63,34.22,0.0,7.095296633504338,2010-01-09
15.21,34.28,0.0,7.350319058615425,2010-01-10
15.78,34.64,0.0,7.82925864501867,2010-01-11
16.32,34.75,0.0,8.481368785128488,2010-01-12
15.85,35.26,0.0,7.928521553700273,2010-01-13
15.74,34.77,0.0,7.117537617797687,2010-01-14
15.89,35.08,0.0,7.205972447383694,2010-01-15
15.63,34.85,0.0,7.864043081453597,2010-01-16
15.38,33.65,0.0,8.666371181917667,2010-01-17
13.91,31.26,0.0,8.417725929465911,2010-01-18
12.3,30.69,0.0,8.163587691689486,2010-01-19
12.56,31.83,0.0,8.488399643949943,2010-01-20
13.76,33.1,0.0,8.408287214723124,2010-01-21
13.41,33.14,0.0,7.966680861846065,2010-01-22
14.42,33.73,0.0,7.730950320143308,2010-01-23
15.92,34.35,0.0,7.12332989751601,2010-01-24
18.41,35.3,0.0,5.8564706213087865,2010-01-25
21.28,35.91,0.0,7.197614606854658,2010-01-26
19.8,36.53,0.0,7.663258310686859,2010-01-27
19.33,37.96,0.0,8.011381080108324,2010-01-28
22.05,34.53,0.0,8.642963944757176,2010-01-29
18.93,35.42,0.0,8.926145086055028,2010-01-30
17.0,34.97,0.0,8.53551759574315,2010-01-31
16.74,34.78,0.0,9.294177987196955,2010-02-01
17.09,35.87,0.0,9.9130602019199,2010-02-02
18.94,35.86,0.0,8.651364542347128,2010-02-03
18.62,36.57,0.0,9.933856452253538,2010-02-04
19.4,35.66,0.0,9.436960570824306,2010-02-05
18.27,32.53,0.0,8.651750936839314,2010-02-06
17.07,33.55,0.0,8.268109574414245,2010-02-07
15.6,34.06,0.0,8.071685885201864,2010-02-08
15.3,35.12,0.0,6.6335716018577955,2010-02-09
17.23,36.61,0.0,6.289404951493592,2010-02-10
19.03,36.93,0.0,6.7121745570682965,2010-02-11
20.11,37.67,0.0,5.2940054287211415,2010-02-12
21.47,37.41,0.0,5.667273995564242,2010-02-13
24.75,38.39,0.0,6.925389308555378,2010-02-14
22.52,39.66,0.0,6.913040156229999,2010-02-15
24.49,39.21,0.0,5.847686035257066,2010-02-16
22.89,39.96,0.0,9.323613716723552,2010-02-17
23.34,40.47,0.0,9.739648566891592,2010-02-18
22.36,40.85,0.0,8.505173555520809,2010-02-19
23.99,41.83,0.0,8.043595150520634,2010-02-20
24.51,41.91,0.0,9.242463309591763,2010-02-21
22.22,42.04,0.0,10.531460531102159,2010-02-22
20.9,41.5,0.0,9.43654990552622,2010-02-23
21.67,41.67,0.0,10.224424637526582,2010-02-24
21.51,40.76,0.0,10.13424532627891,2010-02-25
20.95,40.55,0.0,9.231399537244375,2010-02-26
22.33,40.53,0.0,9.776009209384988,2010-02-27
22.16,39.82,0.0,10.446171314256187,2010-02-28
20.55,38.95,0.0,9.910119361709347,2010-03-01
20.94,39.36,0.0,9.262185734301898,2010-03-02
21.03,39.39,0.0,9.526924771999894,2010-03-03
21.16,38.94,0.0,10.064558319583194,2010-03-04
20.38,39.01,0.0,8.703913751008555,2010-03-05
22.47,37.86,0.0,7.359121795241993,2010-03-06
23.12,40.74,0.0,6.935333494914134,2010-03-07
24.72,39.76,0.0,4.867705973106909,2010-03-08
23.43,39.72,0.0,7.063113366741198,2010-03-09
23.17,39.25,0.0,7.017951930015634,2010-03-10
24.23,40.32,0.0,6.434149274876086,2010-03-11
25.09,39.32,0.0,6.992466065394033,2010-03-12
25.37,41.39,0.0,7.829136650127079,2010-03-13
24.42,39.92,0.0,7.157257743413488,2010-03-14
22.86,40.42,0.0,6.980352292373583,2010-03-15
24.88,40.21,0.0,5.660267154992556,2010-03-16
24.25,41.05,0.0,8.343910610703153,2010-03-17
23.81,40.37,0.01,8.058027090325536,2010-03-18
26.86,39.63,0.0,11.862212024442115,2010-03-19
25.2,37.01,0.0,11.130558385457983,2010-03-20
21.37,36.13,0.0,10.231671292809647,2010-03-21
19.74,35.77,0.0,9.512336168427847,2010-03-22
18.48,36.52,0.0,9.821077257355176,2010-03-23
18.4,37.47,0.0,10.599481499672677,2010-03-24
17.38,37.75,0.0,9.872529105924826,2010-03-25
19.32,38.5,0.0,10.633520476605138,2010-03-26
20.51,38.26,0.0,11.090306210507237,2010-03-27
21.02,38.51,0.0,10.69195725731075,2010-03-28
20.22,38.73,0.0,10.680385702701372,2010-03-29
21.24,38.73,0.0,11.091004605803095,2010-03-30
20.97,39.69,0.0,10.305343106258123,2010-03-31
21.46,40.15,0.0,9.513916346103256,2010-04-01
21.72,41.34,0.0,10.190386453975385,2010-04-02
22.34,41.37,0.0,9.577102008932446,2010-04-03
22.87,39.82,0.0,8.446286613931083,2010-04-04
25.38,40.1,0.0,6.727207662251531,2010-04-05
25.75,41.34,0.0,6.425158351101425,2010-04-06
28.59,40.41,0.0,10.015608272377092,2010-04-07
24.88,39.42,0.0,8.493582636432325,2010-04-08
25.34,40.82,0.0,10.627859060781496,2010-04-09
23.12,41.28,0.0,8.151905162791405,2010-04-10
24.13,41.27,0.0,6.849373194809039,2010-04-11
27.36,42.67,0.0,7.152259958416917,2010-04-12
28.78,43.57,1.36,7.557325899353887,2010-04-13
27.56,41.8,1.77,8.976176755016883,2010-04-14
28.95,42.23,0.0,8.041670758310229,2010-04-15
30.37,43.07,0.04,9.838233564632747,2010-04-16
30.64,41.74,0.25,9.330060243032506,2010-04-17
31.21,43.87,0.02,9.169588719611088,2010-04-18
29.59,44.85,0.0,8.792196078857442,2010-04-19
29.04,43.86,0.0,8.566693327249483,2010-04-20
31.5,42.83,0.13,10.121832501131232,2010-04-21
30.83,42.6,0.9,11.112878990705546,2010-04-22
29.45,35.84,1.08,7.479096017407988,2010-04-23
28.51,39.68,0.09,8.04326758035514,2010-04-24
29.5,39.48,0.24,7.982441496288766,2010-04-25
29.04,39.02,0.37,7.558093510674548,2010-04-26
27.7,32.32,0.43,5.308329326257941,2010-04-27
26.02,39.95,0.01,6.581804345235906,2010-04-28
26.91,42.23,0.02,9.034072690325132,2010-04-29
27.67,42.44,0.15,9.863115586162122,2010-04-30
28.44,40.6,0.35,10.079279522108969,2010-05-01
28.99,36.17,1.09,8.948892185501915,2010-05-02
26.98,35.59,0.91,7.639206977088023,2010-05-03
27.47,40.1,0.37,8.656742421257642,2010-05-04
28.21,40.09,0.99,9.794920304238047,2010-05-05
28.77,37.71,0.43,8.362600152758974,2010-05-06
28.87,36.92,0.71,7.711389147618358,2010-05-07
28.51,39.6,0.14,7.973042703898912,2010-05-08
28.92,42.51,0.04,8.802915059106505,2010-05-09
28.92,42.72,0.54,10.336008984933006,2010-05-10
29.01,42.78,0.42,9.643975317343855,2010-05-11
29.66,42.55,0.0,8.958462304898617,2010-05-12
28.64,43.34,0.0,9.311096702991602,2010-05-13
30.15,40.42,0.29,9.058605703737724,2010-05-14
30.36,41.65,0.31,10.497799391698011,2010-05-15
29.68,42.35,0.87,9.139238121325848,2010-05-16
29.89,43.76,0.53,9.702688323458654,2010-05-17
29.41,41.49,1.3,9.633100258710442,2010-05-18
29.27,39.25,2.65,8.794909598924358,2010-05-19
28.94,37.61,1.77,7.724272086785265,2010-05-20
28.22,39.21,0.02,6.383758339490756,2010-05-21
28.3,40.18,0.03,8.156022380772177,2010-05-22
29.1,41.86,0.04,8.822967215937949,2010-05-23
29.55,42.22,0.0,9.293777127964042,2010-05-24
29.9,43.04,0.02,9.46949734923257,2010-05-25
29.92,42.55,0.97,10.338441777743016,2010-05-26
29.21,40.73,3.11,9.923945196654325,2010-05-27
29.61,37.93,1.13,8.45091099227223,2010-05-28
28.62,36.17,0.62,6.007140643380562,2010-05-29
27.52,39.96,0.0,7.088980747525005,2010-05-30
28.78,40.88,1.21,7.548951648616539,2010-05-31
27.79,31.91,6.47,6.081664547851485,2010-06-01
25.22,36.15,4.45,7.052252684672802,2010-06-02
26.44,32.64,16.64,5.296416100131723,2010-06-03
25.63,36.52,4.58,6.59520544739939,2010-06-04
26.39,33.3,3.6,6.195283428512935,2010-06-05
26.87,35.64,3.37,7.261055591034306,2010-06-06
26.15,38.13,1.45,8.639730283614421,2010-06-07
26.91,36.25,2.18,7.955893135607289,2010-06-08
26.77,33.86,2.48,6.181381942842815,2010-06-09
26.44,36.62,0.68,5.618732634776939,2010-06-10
25.94,37.24,0.12,6.736007249253637,2010-06-11
27.92,42.06,0.07,8.849332397530455,2010-06-12
28.16,39.56,0.54,9.595821615100014,2010-06-13
27.14,37.97,0.82,7.970547511451175,2010-06-14
27.29,38.69,1.13,7.144110615239772,2010-06-15
27.69,40.53,0.71,8.034205598248246,2010-06-16
27.16,36.78,6.03,8.410976533659573,2010-06-17
26.67,37.66,0.25,7.81737301340802,2010-06-18
26.5,40.16,0.78,8.527981066534524,2010-06-19
27.84,39.17,2.38,8.957579886393473,2010-06-20
28.43,37.31,1.84,7.615888102205414,2010-06-21
27.91,37.75,1.94,6.519910468130284,2010-06-22
28.35,41.84,0.4,7.720617196862306,2010-06-23
28.34,36.11,3.13,8.46289181840345,2010-06-24
25.88,33.5,11.58,5.8922361200098985,2010-06-25
26.15,30.31,8.25,3.993034967782088,2010-06-26
24.81,32.28,6.71,5.31456646370411,2010-06-27
24.78,37.09,0.28,6.365560876360109,2010-06-28
26.02,36.56,8.12,6.907101164219278,2010-06-29
26.87,35.71,2.36,6.828519192888875,2010-06-30
27.27,34.42,2.9,6.7117744757969,2010-07-01
25.78,33.53,2.37,5.136710790111097,2010-07-02
25.37,37.22,0.14,7.274629275294005,2010-07-03
25.69,38.61,0.8,7.5803093207715575,2010-07-04
26.06,33.03,17.61,5.073801230306172,2010-07-05
24.78,31.31,5.56,5.329032871319362,2010-07-06
24.08,33.9,5.89,6.475995411960116,2010-07-07
24.4,34.62,2.17,6.089409124609602,2010-07-08
23.83,33.49,10.7,5.504883985064589,2010-07-09
24.09,34.34,5.4,6.531775304125827,2010-07-10
24.27,26.89,13.25,3.5865372093158574,2010-07-11
23.1,35.4,0.01,6.21911797152971,2010-07-12
24.3,37.73,1.53,7.248362264908557,2010-07-13
25.36,37.73,2.13,8.369400458160026,2010-07-14
25.5,34.49,3.89,7.042254132010799,2010-07-15
25.32,31.69,5.39,4.6584316695800725,2010-07-16
24.01,30.74,6.96,5.111312488110294,2010-07-17
24.45,32.37,4.43,5.5205642305924645,2010-07-18
24.93,32.87,4.98,6.529871130332685,2010-07-19
25.26,31.15,6.55,5.708704193822048,2010-07-20
24.43,28.7,6.13,3.83411550918545,2010-07-21
23.44,30.93,3.49,4.967102342128379,2010-07-22
23.22,31.34,3.02,4.860169696162415,2010-07-23
23.85,30.22,6.51,4.579319095305708,2010-07-24
23.25,30.68,3.41,5.248927986783897,2010-07-25
24.18,29.32,6.33,4.487891308604971,2010-07-26
22.59,33.05,4.65,4.929007501711398,2010-07-27
23.87,29.45,7.22,4.672416705422598,2010-07-28
22.69,33.5,1.84,5.771108385315049,2010-07-29
24.74,31.01,3.3,4.925070345337567,2010-07-30
24.19,31.67,1.77,4.876004807735663,2010-07-31
23.85,32.92,1.84,4.497701718877413,2010-08-01
24.75,33.65,1.8,5.168568849271833,2010-08-02
24.21,33.64,3.4,4.304172183823281,2010-08-03
24.29,31.53,1.88,5.4201196920222605,2010-08-04
24.24,33.09,1.76,5.157558004617662,2010-08-05
24.96,33.05,2.6,4.5761968464508085,2010-08-06
24.85,33.28,2.08,4.1685028411138125,2010-08-07
25.3,31.75,2.15,4.906116005500494,2010-08-08
23.95,30.82,5.94,4.565627417786765,2010-08-09
23.91,28.6,8.13,2.1626524738047848,2010-08-10
23.15,31.11,5.53,4.369866326630119,2010-08-11
24.46,28.68,7.18,4.381663001470819,2010-08-12
23.52,29.43,9.68,3.3800262090255266,2010-08-13
22.72,30.5,4.83,4.98189994667103,2010-08-14
23.29,31.4,10.29,4.792074743463248,2010-08-15
23.71,32.56,5.56,5.40207981783947,2010-08-16
24.06,30.06,4.69,3.7349634080224465,2010-08-17
23.05,31.69,1.58,4.562590220624401,2010-08-18
22.8,32.17,1.73,4.070963178184751,2010-08-19
24.68,32.23,3.7,5.999054622218789,2010-08-20
24.55,31.73,3.67,5.0740970309586935,2010-08-21
23.58,29.61,2.68,3.196537981820639,2010-08-22
23.05,31.8,2.32,5.472881121415438,2010-08-23
24.07,30.43,6.95,5.193026628086126,2010-08-24
23.51,31.14,6.49,5.31426127554223,2010-08-25
23.51,30.42,9.81,3.8048600234538,2010-08-26
23.15,29.96,5.03,4.703003880591932,2010-08-27
24.08,29.81,9.03,3.7603346721079514,2010-08-28
22.89,32.6,0.94,5.3359872699995785,2010-08-29
23.85,31.77,5.74,3.2649779058880597,2010-08-30
24.52,27.69,11.31,4.044867992580374,2010-08-31
23.78,29.67,5.54,4.250235124410337,2010-09-01
24.06,30.06,4.86,4.832268311123146,2010-09-02
23.89,31.7,6.8,4.8611284939533235,2010-09-03
23.92,30.15,1.89,4.873797657890729,2010-09-04
23.23,31.13,5.23,4.118620123418081,2010-09-05
23.09,30.84,4.84,4.935767421039355,2010-09-06
23.0,30.75,2.03,3.5482753715471826,2010-09-07
22.86,30.51,1.82,4.874487098842691,2010-09-08
23.75,30.8,2.37,5.288241696828107,2010-09-09
22.94,30.73,2.49,4.569413366691649,2010-09-10
23.22,31.17,1.98,5.307600331825935,2010-09-11
23.71,33.36,4.83,5.690903061795642,2010-09-12
23.61,31.54,3.32,4.958500215098409,2010-09-13
24.17,32.8,1.22,5.235733602286886,2010-09-14
23.19,32.9,2.33,5.542494037913884,2010-09-15
22.09,33.07,3.43,5.095862557424347,2010-09-16
24.17,29.7,4.08,4.408406258167113,2010-09-17
23.85,29.51,4.03,4.5724220338832104,2010-09-18
23.1,32.12,3.33,5.13239552691827,2010-09-19
23.73,32.67,2.08,3.7153441722846883,2010-09-20
22.62,32.99,1.81,5.491845299207448,2010-09-21
22.81,33.84,3.12,5.415347364421559,2010-09-22
24.14,34.78,0.28,5.472467038491807,2010-09-23
23.87,34.76,0.45,5.860010692821162,2010-09-24
23.55,33.21,0.32,5.784895222137719,2010-09-25
23.17,34.66,0.25,5.967766793712442,2010-09-26
23.35,35.81,0.45,6.249533759792796,2010-09-27
24.93,31.46,1.29,4.531378029452266,2010-09-28
23.4,35.36,1.11,5.25715889970226,2010-09-29
23.65,36.74,1.27,6.225184158711623,2010-09-30
24.55,33.17,2.17,5.932977507796377,2010-10-01
24.24,35.22,0.54,5.993361278611297,2010-10-02
23.18,35.72,0.97,5.167154442976791,2010-10-03
24.49,36.07,6.56,6.463410095250399,2010-10-04
24.4,31.06,3.11,4.215858534537433,2010-10-05
23.27,31.94,4.3,4.8405164880467995,2010-10-06
23.67,31.11,6.27,4.806002094651838,2010-10-07
22.66,33.81,0.2,5.503699791030101,2010-10-08
22.98,35.5,0.3,6.23217237951917,2010-10-09
23.87,36.6,0.33,6.51755848356577,2010-10-10
25.2,33.38,0.49,5.311721897943552,2010-10-11
24.63,32.29,0.52,4.987972582330719,2010-10-12
24.64,32.27,3.67,4.814653270048186,2010-10-13
24.33,32.67,1.76,5.058631735039858,2010-10-14
23.97,35.34,0.64,5.853761690211777,2010-10-15
23.09,37.48,0.89,6.121178711088331,2010-10-16
23.07,36.85,0.38,5.537915878833963,2010-10-17
25.03,36.68,0.42,6.388941312050409,2010-10-18
24.33,35.95,0.38,5.899832877837092,2010-10-19
24.18,35.48,0.4,6.114121064560358,2010-10-20
25.31,36.6,0.26,6.177580300705766,2010-10-21
24.46,37.49,0.15,6.001250662189235,2010-10-22
23.62,37.8,0.44,5.737029743809389,2010-10-23
23.62,37.18,0.54,6.48075082267313,2010-10-24
24.98,32.49,0.37,4.075241667098333,2010-10-25
23.95,34.97,0.13,5.64257680238081,2010-10-26
23.8,37.29,0.09,5.919420760927709,2010-10-27
22.09,37.47,0.01,6.032711102176108,2010-10-28
22.66,37.5,0.02,5.862250122756139,2010-10-29
23.46,37.07,0.0,6.118316565120493,2010-10-30
23.49,36.61,0.0,5.6258013943225835,2010-10-31
22.97,37.38,0.0,5.81021677720885,2010-11-01
23.3,36.67,0.0,5.332252265726808,2010-11-02
23.19,36.84,0.0,5.582221719306086,2010-11-03
21.14,37.25,0.0,5.914504570081121,2010-11-04
21.33,37.34,0.0,6.170820407780701,2010-11-05
22.53,37.44,0.0,5.925527667919035,2010-11-06
23.94,36.09,0.0,4.274480475775666,2010-11-07
25.42,34.76,0.0,5.457198613367769,2010-11-08
23.15,36.85,0.0,7.611538045234924,2010-11-09
22.12,38.0,0.0,6.026427747100887,2010-11-10
22.62,38.47,0.0,6.261152961639857,2010-11-11
21.06,37.71,0.0,8.001441372439533,2010-11-12
19.87,38.04,0.0,6.350900410603997,2010-11-13
21.36,36.71,0.0,6.182862273301455,2010-11-14
22.89,37.33,0.0,6.476756376455173,2010-11-15
21.23,37.94,0.0,7.2895759388104535,2010-11-16
20.87,37.63,0.0,6.561124400585369,2010-11-17
20.54,36.9,0.0,5.8343185850971,2010-11-18
20.96,35.42,0.0,5.663981901494115,2010-11-19
22.48,36.44,0.0,7.3904711150126765,2010-11-20
22.03,32.99,0.0,6.28747353990626,2010-11-21
19.21,35.52,0.0,6.6042056782980625,2010-11-22
19.29,34.76,0.0,6.827997518182386,2010-11-23
17.68,35.33,0.0,6.8361169864448925,2010-11-24
17.86,36.02,0.0,7.424749464407341,2010-11-25
17.31,35.93,0.0,6.6657643649089495,2010-11-26
18.67,36.55,0.0,6.829762015905625,2010-11-27
18.26,36.41,0.0,7.4800991848331,2010-11-28
18.15,35.75,0.0,8.102325552821949,2010-11-29
16.03,34.91,0.0,7.498739629128603,2010-11-30
15.44,34.55,0.0,6.990813077409029,2010-12-01
16.07,34.08,0.0,6.483649114143325,2010-12-02
18.28,34.99,0.0,5.1550869709177185,2010-12-03
18.6,35.37,0.0,6.5288707688064385,2010-12-04
17.95,35.26,0.0,7.473416924578901,2010-12-05
16.39,34.17,0.0,7.399540686019181,2010-12-06
16.29,33.18,0.0,7.832129277233959,2010-12-07
15.55,32.24,0.0,7.662905082650563,2010-12-08
14.62,30.75,0.0,7.437733146806247,2010-12-09
13.22,31.19,0.0,7.500090463133442,2010-12-10
12.55,31.05,0.0,6.550636053774061,2010-12-11
13.19,31.81,0.0,6.096447770866778,2010-12-12
13.85,32.35,0.0,5.976181447174494,2010-12-13
14.4,33.37,0.0,7.076673324872748,2010-12-14
14.47,33.54,0.0,6.4885435151718225,2010-12-15
15.39,34.09,0.0,6.754669995740468,2010-12-16
16.78,33.24,0.0,7.206589720352432,2010-12-17
17.91,33.26,0.0,6.768817445485457,2010-12-18
19.5,35.23,0.0,7.548012052319969,2010-12-19
18.66,34.44,0.0,7.811443058483131,2010-12-20
16.01,33.2,0.0,7.48129782956917,2010-12-21
14.31,33.37,0.0,7.086441995265284,2010-12-22
14.79,33.65,0.0,7.541366162306804,2010-12-23
15.11,33.96,0.0,7.676382495487969,2010-12-24
13.95,33.47,0.0,6.9592367005213305,2010-12-25
15.91,34.4,0.0,5.525056600663635,2010-12-26
16.39,34.78,0.0,6.280776840675373,2010-12-27
14.78,33.17,0.0,8.176794247432971,2010-12-28
14.18,29.97,0.0,7.48039182447581,2010-12-29
14.43,29.11,0.0,7.440856072049387,2010-12-30
12.44,27.99,0.0,6.583131346616194,2010-12-31
14.35,26.55,0.0,6.219559804351622,2011-01-01
15.15,30.09,0.0,6.8025672664416685,2011-01-02
16.16,31.55,0.0,6.682769468676025,2011-01-03
15.48,32.05,0.0,7.128896887464546,2011-01-04
15.25,32.9,0.0,7.407797126634912,2011-01-05
15.01,32.48,0.0,7.831163492688145,2011-01-06
14.17,31.45,0.0,8.12826672205533,2011-01-07
13.22,29.77,0.0,7.738748156863999,2011-01-08
14.57,27.78,0.0,6.84602977710646,2011-01-09
15.01,25.35,0.0,5.984363146345516,2011-01-10
14.87,28.92,0.0,7.051477579378716,2011-01-11
13.88,29.74,0.0,7.497146720988434,2011-01-12
13.4,30.99,0.0,7.232641237948552,2011-01-13
14.07,30.58,0.0,7.531732474604911,2011-01-14
13.93,28.25,0.0,7.973557287675986,2011-01-15
13.55,27.41,0.0,7.639798634198137,2011-01-16
14.17,26.97,0.0,6.996474042542786,2011-01-17
13.43,28.28,0.0,6.776754261300523,2011-01-18
13.64,30.54,0.0,7.5747375486583985,2011-01-19
14.47,29.97,0.0,6.654821371543036,2011-01-20
14.67,30.71,0.0,6.6692682907544185,2011-01-21
14.52,32.76,0.0,6.797499589847611,2011-01-22
15.55,34.09,0.0,7.421233124756137,2011-01-23
15.98,35.35,0.0,8.129633242857238,2011-01-24
17.64,35.78,0.0,8.807296442360233,2011-01-25
18.08,36.54,0.0,9.126255991157661,2011-01-26
17.31,37.0,0.0,8.101061549934045,2011-01-27
18.26,37.86,0.0,9.412441876309819,2011-01-28
18.87,37.71,0.0,9.742428568230673,2011-01-29
18.06,37.36,0.0,8.301461360114791,2011-01-30
18.46,38.14,0.0,8.671146696959415,2011-01-31
19.17,38.3,0.0,7.572535376871294,2011-02-01
20.52,39.07,0.03,6.507623301601329,2011-02-02
20.45,35.39,0.0,8.94007250047365,2011-02-03
20.08,31.2,0.0,8.918532535422386,2011-02-04
17.2,31.02,0.0,8.34972171318121,2011-02-05
17.79,31.97,0.0,7.4485462918711836,2011-02-06
20.55,34.68,0.0,7.166817846125762,2011-02-07
19.66,34.97,0.0,7.3156249584235615,2011-02-08
19.24,36.29,0.0,6.9249358529585985,2011-02-09
21.03,37.99,0.0,7.10458835345831,2011-02-10
23.4,35.26,0.0,4.747498753053778,2011-02-11
20.96,37.87,0.0,7.60189626040211,2011-02-12
22.38,35.94,0.02,5.530322168572516,2011-02-13
22.18,31.81,0.0,8.581867382190172,2011-02-14
22.97,36.01,0.0,8.394571534409074,2011-02-15
21.71,36.65,0.0,8.417180451377451,2011-02-16
22.44,37.58,0.0,8.81206101703621,2011-02-17
23.1,37.96,0.0,10.153571737819263,2011-02-18
24.34,36.95,0.01,9.57492170576805,2011-02-19
23.85,38.69,0.0,9.98746235563926,2011-02-20
22.12,39.77,0.0,8.573632996374888,2011-02-21
22.04,38.71,0.0,8.942343246570827,2011-02-22
19.89,37.88,0.0,7.712024113971677,2011-02-23
19.28,37.01,0.0,7.429870330689781,2011-02-24
19.42,37.88,0.0,8.072134537778824,2011-02-25
19.99,37.14,0.14,5.331127890098384,2011-02-26
21.55,35.29,0.06,7.056125353510354,2011-02-27
24.3,35.99,0.05,4.274505311294218,2011-02-28
23.97,36.58,0.01,7.987412140230236,2011-03-01
23.33,38.1,0.0,8.499024729355096,2011-03-02
23.75,37.86,0.0,8.491729145958285,2011-03-03
24.32,38.79,0.0,8.72271328958378,2011-03-04
24.76,40.36,0.0,7.840407892009561,2011-03-05
23.49,40.21,0.0,8.645521056377367,2011-03-06
24.33,40.51,0.01,8.669581638130689,2011-03-07
23.19,40.11,0.0,10.364678974802679,2011-03-08
21.55,39.69,0.0,9.92929876637499,2011-03-09
22.4,40.3,0.0,8.884730124917844,2011-03-10
23.98,40.41,0.0,9.312716013054029,2011-03-11
23.24,40.97,0.0,9.252363221104831,2011-03-12
24.05,41.65,0.0,10.060467761487615,2011-03-13
23.62,40.56,0.0,9.612108261510432,2011-03-14
23.94,40.0,0.0,9.683251161745416,2011-03-15
23.99,40.26,0.0,11.694266987153345,2011-03-16
22.89,39.76,0.0,10.75987699343213,2011-03-17
21.95,39.69,0.0,8.625035310566812,2011-03-18
21.49,40.63,0.0,8.416866811977176,2011-03-19
21.66,40.06,0.0,6.6453344310216345,2011-03-20
25.71,40.21,0.0,6.155561289513663,2011-03-21
23.2,39.34,0.0,9.013922649666217,2011-03-22
21.76,39.96,0.0,9.96030129453545,2011-03-23
23.56,39.32,0.0,10.563543993978948,2011-03-24
22.18,40.17,0.0,9.499644084012301,2011-03-25
24.15,39.47,0.05,8.01276886174181,2011-03-26
25.32,40.91,0.0,11.173784554712418,2011-03-27
24.22,40.37,0.0,11.301115445022248,2011-03-28
24.28,40.4,0.0,11.453323508135249,2011-03-29
24.13,41.21,0.0,10.663931523921018,2011-03-30
24.07,41.43,0.0,8.749980808676568,2011-03-31
23.86,40.61,0.0,8.544735557534397,2011-04-01
23.42,40.16,0.0,9.323272717670832,2011-04-02
26.16,38.67,0.31,7.735251157708355,2011-04-03
26.55,36.91,0.13,7.7105629654598875,2011-04-04
24.83,38.74,0.0,6.387907822348242,2011-04-05
26.54,38.61,0.0,9.050599275119039,2011-04-06
23.44,39.6,0.0,11.153976677190634,2011-04-07
21.09,40.31,0.0,10.863509903059505,2011-04-08
21.04,39.7,0.0,11.909317045222839,2011-04-09
21.65,39.37,0.0,10.6223622556756,2011-04-10
22.55,39.8,0.0,9.406746231040856,2011-04-11
22.68,38.75,0.0,8.436905441148062,2011-04-12
24.24,39.82,0.0,8.212599714925938,2011-04-13
25.94,41.02,0.0,7.706209331896576,2011-04-14
23.59,41.92,0.0,10.70619600457943,2011-04-15
23.62,42.3,0.0,10.311154050504399,2011-04-16
24.88,42.56,0.0,6.97596569990815,2011-04-17
24.59,42.01,0.0,8.537628763566968,2011-04-18
28.96,42.88,0.0,9.098196287588852,2011-04-19
28.4,42.57,0.03,7.9322277748201895,2011-04-20
28.86,41.77,0.05,9.124482138665105,2011-04-21
29.48,40.45,0.05,9.031139587027388,2011-04-22
29.13,42.52,0.04,9.70745991362271,2011-04-23
29.2,35.4,0.15,7.783265233964436,2011-04-24
27.47,41.27,0.01,9.546297586030324,2011-04-25
25.21,42.35,0.0,9.019399385055708,2011-04-26
25.44,43.04,0.0,8.24377089083848,2011-04-27
25.87,43.44,0.01,9.1509423509098,2011-04-28
25.82,41.83,0.06,7.432543564828176,2011-04-29
27.87,39.4,1.65,9.849013970836642,2011-04-30
28.36,36.44,0.04,7.4566268269984635,2011-05-01
29.49,42.05,0.01,7.630725094588349,2011-05-02
29.69,43.26,0.01,7.710091724783432,2011-05-03
27.98,42.91,0.0,7.411150697401301,2011-05-04
28.81,41.7,0.03,8.543153012727963,2011-05-05
29.31,42.87,0.16,9.19209244148727,2011-05-06
29.71,40.82,0.19,9.13800388346402,2011-05-07
29.23,42.84,0.19,10.697524629454064,2011-05-08
29.04,42.2,0.02,11.207541877495611,2011-05-09
28.19,40.59,0.37,10.118214448951624,2011-05-10
29.21,42.55,0.41,10.326666359217432,2011-05-11
29.4,39.24,0.13,9.151163779785966,2011-05-12
28.76,38.68,0.16,8.637649761628689,2011-05-13
27.92,39.55,0.14,6.503155169172362,2011-05-14
29.63,42.01,0.14,8.213946508828686,2011-05-15
29.03,41.51,0.27,9.807724412388886,2011-05-16
30.26,42.08,0.53,9.771031221557097,2011-05-17
29.48,38.61,0.2,9.024142422867095,2011-05-18
28.34,40.76,0.04,9.165713455642477,2011-05-19
27.98,41.84,0.36,9.758072233195364,2011-05-20
28.72,39.7,1.37,10.010792855009507,2011-05-21
28.4,37.14,1.4,9.605895365200286,2011-05-22
26.38,37.47,0.96,9.41481885336996,2011-05-23
27.07,38.34,1.15,9.391530128633937,2011-05-24
27.47,37.73,0.64,9.395964227944729,2011-05-25
27.65,37.0,0.37,8.940997836214349,2011-05-26
26.46,34.16,0.24,7.485429410337205,2011-05-27
26.32,34.39,0.63,6.312998809130547,2011-05-28
26.3,36.25,0.2,7.939532637400267,2011-05-29
26.47,40.31,0.23,7.69618416085806,2011-05-30
28.03,41.66,0.13,8.387814173212817,2011-05-31
28.63,41.54,0.18,10.012399579224994,2011-06-01
28.78,40.42,0.12,9.630389027706503,2011-06-02
28.99,36.78,0.23,6.855959664329265,2011-06-03
28.17,38.1,0.23,7.543302503524058,2011-06-04
27.67,35.76,0.27,7.6745529393345855,2011-06-05
28.4,40.48,0.34,8.24111600398577,2011-06-06
29.79,43.09,0.14,9.144195652277428,2011-06-07
29.2,41.2,0.15,10.353321619880143,2011-06-08
27.66,38.09,0.31,9.487782821128098,2011-06-09
25.67,39.79,1.24,8.906655489756561,2011-06-10
26.59,36.87,4.91,8.882447809608179,2011-06-11
27.23,34.42,0.76,7.533986967743904,2011-06-12
26.54,34.52,2.37,5.371076032289274,2011-06-13
26.6,38.69,0.03,6.41330150528895,2011-06-14
29.37,42.06,0.85,7.556690761099516,2011-06-15
27.76,40.22,2.93,9.337933060365028,2011-06-16
27.28,34.12,1.02,5.3008181238239915,2011-06-17
25.39,35.99,1.42,6.8203564735868465,2011-06-18
26.9,35.32,1.79,6.851681876755396,2011-06-19
27.6,33.12,1.29,5.217832713975476,2011-06-20
25.44,39.29,1.16,8.100459769770511,2011-06-21
26.9,37.6,1.62,8.173127792863848,2011-06-22
26.3,34.63,0.99,6.483191129963743,2011-06-23
26.78,35.37,1.77,7.291346357851277,2011-06-24
26.56,36.32,2.46,7.3081217357946535,2011-06-25
26.59,35.31,1.05,7.9315768083322515,2011-06-26
26.81,35.3,1.39,8.24075935365081,2011-06-27
25.45,37.37,1.4,8.153098647435458,2011-06-28
26.5,36.66,1.46,6.214647083790067,2011-06-29
25.41,37.66,0.05,7.553488662036075,2011-06-30
26.01,38.71,0.09,6.933268696009121,2011-07-01
26.95,40.77,0.19,9.340345764221995,2011-07-02
27.05,39.85,0.58,10.137492972360224,2011-07-03
27.19,37.84,0.35,9.193591252843733,2011-07-04
26.96,37.1,4.87,6.794668318097558,2011-07-05
27.06,35.26,3.92,7.055980233791018,2011-07-06
25.21,36.11,6.66,7.43351340989975,2011-07-07
25.75,36.5,5.57,7.3959474578348,2011-07-08
26.07,31.15,9.87,3.4292097350077255,2011-07-09
24.78,34.18,0.52,6.108749577773728,2011-07-10
24.18,34.22,0.6,6.872857186116329,2011-07-11
23.82,35.98,1.08,6.88483521237424,2011-07-12
26.24,34.95,1.68,7.206829189091307,2011-07-13
24.56,33.71,1.45,5.243763325571304,2011-07-14
25.06,30.87,5.16,4.936970102070406,2011-07-15
23.93,33.98,2.13,5.485187446297401,2011-07-16
24.37,37.53,3.32,6.974537029421375,2011-07-17
25.76,34.34,5.15,6.832268884487175,2011-07-18
25.04,35.75,1.17,6.9611417454454685,2011-07-19
25.5,35.04,5.0,6.077567289493278,2011-07-20
25.56,32.75,5.95,6.240733934488478,2011-07-21
24.58,33.62,2.81,6.278829784685918,2011-07-22
24.48,33.68,3.74,6.150509705708425,2011-07-23
25.11,31.81,2.04,5.696995264712819,2011-07-24
24.34,33.31,7.3,5.170445206822585,2011-07-25
23.23,34.09,4.8,6.5388793392076385,2011-07-26
23.74,35.46,3.58,6.968875639711959,2011-07-27
23.99,35.39,5.86,5.920482914198056,2011-07-28
25.0,33.27,6.08,5.668950827477153,2011-07-29
24.86,30.44,2.87,5.24159421651536,2011-07-30
24.4,32.26,2.51,5.319583974854,2011-07-31
24.2,31.94,1.28,4.4177835779079935,2011-08-01
24.56,37.64,0.87,6.843616281443735,2011-08-02
25.89,33.69,3.22,6.685231914748518,2011-08-03
24.61,31.81,12.09,5.676663931236825,2011-08-04
23.59,32.03,4.51,4.064840762937291,2011-08-05
23.81,29.9,12.54,2.5843279914297708,2011-08-06
23.9,32.66,5.71,5.830773810735609,2011-08-07
23.46,33.12,3.35,4.221880240907649,2011-08-08
23.97,33.11,3.53,5.095489509918847,2011-08-09
23.68,34.62,4.77,6.418734445678852,2011-08-10
23.94,33.36,4.24,5.9263442744026005,2011-08-11
25.18,30.5,3.4,5.485834891200759,2011-08-12
23.8,33.4,4.53,4.871913071267935,2011-08-13
23.63,31.59,4.32,5.744325417885844,2011-08-14
23.07,28.56,21.31,2.1665619207462123,2011-08-15
23.07,32.77,4.11,5.329150615774881,2011-08-16
23.73,29.3,12.83,3.2750978008021985,2011-08-17
23.26,27.6,9.63,3.4751068366697506,2011-08-18
22.87,27.28,11.29,2.6361596503057827,2011-08-19
22.71,27.91,1.24,4.319936754639498,2011-08-20
22.77,32.41,3.18,5.422110108552946,2011-08-21
23.61,32.62,11.06,5.151994329515737,2011-08-22
23.51,29.42,9.19,4.266556994021557,2011-08-23
22.76,33.99,0.05,4.951614830222453,2011-08-24
23.45,33.82,1.66,5.695248756842796,2011-08-25
24.2,32.62,4.21,5.5187353314642245,2011-08-26
24.07,30.34,1.63,5.0601500834458575,2011-08-27
22.78,32.79,0.76,5.623602562950819,2011-08-28
23.01,33.43,1.92,5.433047829896657,2011-08-29
23.67,33.44,3.12,5.7261268162988115,2011-08-30
23.84,32.75,0.52,5.307603505386313,2011-08-31
23.37,33.08,1.84,5.600557444148846,2011-09-01
23.21,34.0,1.11,5.4941707363556676,2011-09-02
23.91,33.16,3.65,6.10427922232999,2011-09-03
23.62,32.59,1.78,5.872387333877973,2011-09-04
22.95,33.8,1.39,5.89563722238903,2011-09-05
23.2,35.33,1.68,6.1604321713983365,2011-09-06
23.82,35.89,3.35,6.176047929029781,2011-09-07
24.69,31.56,6.11,5.4569931693124865,2011-09-08
22.61,34.47,0.45,5.613209942795274,2011-09-09
23.01,33.36,2.29,5.837558135384063,2011-09-10
23.24,36.46,0.28,5.664417826846688,2011-09-11
24.27,37.1,5.85,6.539750178127267,2011-09-12
24.49,32.27,8.24,4.681059112508628,2011-09-13
23.44,33.23,3.55,5.905082897759608,2011-09-14
23.47,32.37,4.92,3.4020466190068013,2011-09-15
23.55,32.79,2.59,4.69928680090882,2011-09-16
23.85,30.21,9.05,4.949478738535069,2011-09-17
23.48,32.7,1.13,5.417339455635646,2011-09-18
23.77,35.22,0.26,5.450642073149209,2011-09-19
23.68,36.02,0.21,6.077429391457239,2011-09-20
24.07,35.87,0.39,6.224142557642795,2011-09-21
24.62,31.4,1.17,4.808305002641014,2011-09-22
24.04,32.94,3.37,5.288112586213199,2011-09-23
23.33,34.94,1.36,5.957862308145242,2011-09-24
23.89,36.37,0.41,6.706008820040258,2011-09-25
24.08,36.17,2.35,6.381838536897318,2011-09-26
24.4,34.95,0.66,5.8362300405478775,2011-09-27
24.14,35.18,0.92,6.233112016434954,2011-09-28
23.92,34.8,0.87,6.057337574821668,2011-09-29
23.41,35.96,1.29,5.839638342719873,2011-09-30
24.59,37.44,0.55,6.509545823189682,2011-10-01
23.6,38.01,0.56,6.68849524409146,2011-10-02
24.06,37.86,1.25,6.527014913950712,2011-10-03
24.79,37.39,2.88,6.713805175500051,2011-10-04
24.48,37.16,2.25,6.772248945778281,2011-10-05
23.96,36.12,3.22,6.144043388964413,2011-10-06
24.58,33.78,2.41,4.906035217667089,2011-10-07
24.63,34.69,1.06,5.2215126223319235,2011-10-08
25.08,35.77,2.52,5.258533362284506,2011-10-09
24.29,34.84,0.19,4.389910794735867,2011-10-10
24.07,37.79,0.91,5.639920862153893,2011-10-11
24.45,37.91,0.55,5.879074176976783,2011-10-12
24.66,35.04,0.02,5.13480431721911,2011-10-13
24.09,36.64,0.04,5.550919019943971,2011-10-14
24.64,36.64,0.16,5.110144025896616,2011-10-15
24.53,37.54,0.05,5.779151732515786,2011-10-16
24.47,38.08,0.0,6.014413591431806,2011-10-17
23.56,39.17,0.01,6.276434307288894,2011-10-18
24.84,39.43,0.02,6.98418677985469,2011-10-19
24.28,38.85,0.35,6.375174379862634,2011-10-20
24.8,38.26,1.09,6.451992699456716,2011-10-21
23.36,37.04,0.8,5.742990632698676,2011-10-22
24.54,37.39,0.0,5.374953661300452,2011-10-23
24.24,37.21,0.0,5.85931838139416,2011-10-24
22.12,37.6,0.0,6.132873415720194,2011-10-25
22.87,37.1,0.0,6.349354575094241,2011-10-26
21.57,38.05,0.0,6.183454990212469,2011-10-27
19.15,38.07,0.0,6.64554411183164,2011-10-28
20.89,38.06,0.0,6.734773070633381,2011-10-29
23.08,38.48,0.0,6.89193195461612,2011-10-30
20.76,38.46,0.0,7.35351356750729,2011-10-31
19.98,37.79,0.0,7.043549029196982,2011-11-01
20.5,37.9,0.0,6.584107883146125,2011-11-02
20.82,37.64,0.0,6.419009854387401,2011-11-03
21.73,37.41,0.0,5.604802743473531,2011-11-04
21.2,37.33,0.0,5.702833123465446,2011-11-05
19.17,37.28,0.0,6.59411789418081,2011-11-06
19.22,37.14,0.0,6.5526658664470165,2011-11-07
19.36,37.92,0.0,7.024243301620475,2011-11-08
19.33,37.84,0.0,6.966697987512346,2011-11-09
19.82,37.39,0.0,6.437291353339913,2011-11-10
19.19,36.92,0.0,6.676503272335881,2011-11-11
18.94,36.97,0.0,7.319641082151195,2011-11-12
17.17,36.95,0.0,7.284561486565203,2011-11-13
17.17,36.86,0.0,7.406651401583952,2011-11-14
17.19,35.91,0.0,7.953245723798845,2011-11-15
17.15,35.44,0.0,8.180155112172926,2011-11-16
16.54,35.68,0.0,7.205231150636451,2011-11-17
18.37,36.32,0.0,7.022144079092641,2011-11-18
19.81,36.78,0.0,7.155408597155496,2011-11-19
20.11,37.5,0.0,7.825312187217319,2011-11-20
19.64,37.12,0.0,7.55170056688043,2011-11-21
18.91,36.46,0.0,7.682454411667003,2011-11-22
18.56,35.52,0.0,6.840145563160027,2011-11-23
19.29,35.06,0.0,7.555086284447307,2011-11-24
17.6,34.65,0.0,7.229355111465458,2011-11-25
15.84,34.31,0.0,7.039879009438007,2011-11-26
15.84,34.45,0.0,7.099420598101183,2011-11-27
16.23,34.62,0.0,7.443050008801414,2011-11-28
15.9,33.56,0.0,7.526551275837238,2011-11-29
15.2,32.53,0.0,7.726862101848571,2011-11-30
14.86,32.89,0.0,7.876332764829548,2011-12-01
14.27,33.4,0.0,7.770643625091689,2011-12-02
15.17,33.16,0.0,7.441793748101199,2011-12-03
14.7,32.05,0.0,6.357477607676478,2011-12-04
15.39,33.36,0.0,6.430569794318778,2011-12-05
16.0,33.67,0.0,6.722894262425171,2011-12-06
16.2,33.78,0.0,7.7889205732016285,2011-12-07
16.45,33.24,0.0,9.130900837438462,2011-12-08
14.62,31.33,0.0,8.291161124488706,2011-12-09
14.73,30.07,0.0,7.647635804568541,2011-12-10
14.87,29.77,0.0,7.137901139393086,2011-12-11
13.67,30.1,0.0,7.29337520690809,2011-12-12
12.89,29.89,0.0,7.263428337421323,2011-12-13
11.41,30.86,0.0,6.9060542531629645,2011-12-14
12.26,30.77,0.0,7.140129249380393,2011-12-15
12.4,31.01,0.0,7.387233795785491,2011-12-16
12.55,30.05,0.0,6.192782343163265,2011-12-17
13.24,30.37,0.0,6.123679261953327,2011-12-18
13.43,31.62,0.0,6.265765407857264,2011-12-19
13.89,32.35,0.0,6.518592244472223,2011-12-20
14.55,32.26,0.0,6.87783134075246,2011-12-21
14.95,31.93,0.0,7.543917990842455,2011-12-22
14.46,31.65,0.0,7.149704106633429,2011-12-23
14.95,31.07,0.0,7.6149005093769135,2011-12-24
14.26,31.04,0.0,7.049763075604742,2011-12-25
15.39,32.17,0.0,7.233836363194435,2011-12-26
15.75,32.07,0.0,6.97526380153551,2011-12-27
15.98,31.98,0.0,7.593279888548811,2011-12-28
15.52,31.38,0.0,7.267485876820616,2011-12-29
14.11,28.46,0.0,6.863722292637117,2011-12-30
13.4,31.84,0.0,6.379085450522388,2011-12-31
16.01,32.12,0.0,7.136546801690825,2012-01-01
15.37,32.03,0.0,7.944737105226618,2012-01-02
15.27,31.05,0.0,7.803515112385992,2012-01-03
15.47,30.66,0.0,7.63678118325072,2012-01-04
14.22,29.87,0.0,7.197841880833995,2012-01-05
13.32,29.29,0.0,6.980228423394923,2012-01-06
12.65,29.74,0.0,7.275806388956976,2012-01-07
11.96,30.92,0.0,7.379917100423372,2012-01-08
13.13,31.59,0.0,7.579921741730666,2012-01-09
13.55,31.7,0.0,8.0062158315155,2012-01-10
13.34,30.67,0.0,7.736101342087236,2012-01-11
12.13,28.68,0.0,7.4655092081821985,2012-01-12
12.7,28.14,0.0,7.765254560148608,2012-01-13
11.82,27.74,0.0,7.48348994703371,2012-01-14
11.09,28.74,0.0,7.1848816051174635,2012-01-15
11.41,30.08,0.0,6.899579130419804,2012-01-16
12.49,31.51,0.0,6.082151403066294,2012-01-17
14.73,32.68,0.0,6.022842555113271,2012-01-18
16.23,32.67,0.0,5.952419463176214,2012-01-19
16.09,34.12,0.0,6.505248383448097,2012-01-20
16.65,29.89,0.0,7.654777261897023,2012-01-21
17.91,32.31,0.0,7.547488818221825,2012-01-22
19.73,31.35,0.0,7.351415748090237,2012-01-23
18.77,33.52,0.0,7.6302996304785315,2012-01-24
17.96,34.69,0.0,7.273476731968794,2012-01-25
18.93,35.92,0.0,6.944211989762555,2012-01-26
18.19,34.78,0.0,7.255745214902061,2012-01-27
17.96,35.38,0.0,7.769176582075634,2012-01-28
17.97,36.05,0.0,8.265216234283791,2012-01-29
18.36,36.03,0.0,8.011415408537374,2012-01-30
18.8,34.72,0.0,8.469720655447016,2012-01-31
17.52,35.26,0.0,8.383210080720236,2012-02-01
17.69,35.38,0.0,7.257912480134724,2012-02-02
18.55,35.66,0.0,7.056955114446458,2012-02-03
19.67,36.38,0.0,7.659320563452812,2012-02-04
19.33,36.35,0.0,8.58679028022906,2012-02-05
18.37,29.7,0.0,9.333565066366882,2012-02-06
15.93,31.2,0.0,8.389497791703787,2012-02-07
16.36,30.84,0.0,7.377697475967094,2012-02-08
16.53,33.12,0.0,7.42614516887538,2012-02-09
19.0,34.78,0.0,7.315013987714254,2012-02-10
19.74,34.08,0.0,5.817217006731787,2012-02-11
21.01,35.95,0.0,7.928501314717328,2012-02-12
19.1,35.66,0.0,8.640765295794758,2012-02-13
18.48,37.46,0.0,8.287639282927444,2012-02-14
20.31,37.7,0.0,9.892380878202403,2012-02-15
20.7,37.57,0.0,10.019703409561538,2012-02-16
20.54,37.3,0.0,10.726963772126929,2012-02-17
20.1,37.68,0.0,9.307033452078427,2012-02-18
21.87,36.62,4.5,7.1629635457760985,2012-02-19
25.88,35.09,4.43,5.275407060049128,2012-02-20
24.39,34.47,0.09,6.324075896577893,2012-02-21
23.04,34.7,0.0,8.198554064695571,2012-02-22
21.32,37.03,0.0,8.602004087942257,2012-02-23
22.11,38.33,0.0,9.28370360891195,2012-02-24
22.47,38.23,0.0,9.24812007669869,2012-02-25
21.86,39.31,0.0,9.080246347387911,2012-02-26
21.75,39.03,0.0,8.12674259024341,2012-02-27
22.55,39.58,0.0,9.195527886070282,2012-02-28
22.45,39.83,0.0,7.887882338448992,2012-02-29
21.63,38.73,0.0,8.211316356515146,2012-03-01
21.29,38.96,0.0,9.520801459244199,2012-03-02
20.08,38.59,0.0,8.52748525779137,2012-03-03
20.97,37.77,0.0,8.598417712272923,2012-03-04
21.68,37.07,0.0,8.203162413731494,2012-03-05
21.65,37.27,0.0,9.835574765548571,2012-03-06
20.47,38.24,0.0,9.123793646442705,2012-03-07
21.36,39.29,0.0,7.7451794861931065,2012-03-08
21.34,33.75,0.0,9.535400354086413,2012-03-09
20.01,32.29,0.0,9.298821588292185,2012-03-10
18.23,31.8,0.0,9.202760295635716,2012-03-11
16.88,32.84,0.0,8.066550681598446,2012-03-12
16.74,35.36,0.0,8.432171441139909,2012-03-13
18.29,37.96,0.0,9.55701208485078,2012-03-14
20.57,38.56,0.0,10.892214388402357,2012-03-15
20.65,38.17,0.0,11.035939231438094,2012-03-16
21.14,38.64,0.0,10.421426297338465,2012-03-17
21.58,37.19,0.0,9.888968849983515,2012-03-18
21.77,38.11,0.0,9.79258193999264,2012-03-19
24.49,37.66,0.0,10.957229558837408,2012-03-20
21.78,38.42,0.0,10.631900105044938,2012-03-21
21.1,37.88,0.0,10.58115218455931,2012-03-22
20.04,38.79,0.0,10.15272824265558,2012-03-23
19.53,38.55,0.0,10.477632413757721,2012-03-24
20.85,38.68,0.0,10.26314575540895,2012-03-25
20.76,39.38,0.0,10.778559340856637,2012-03-26
20.45,39.64,0.0,9.643117964805283,2012-03-27
20.79,39.51,0.0,10.247709208927123,2012-03-28
20.86,39.96,0.0,9.40635340752815,2012-03-29
22.97,39.44,0.0,7.792329514551397,2012-03-30
26.84,40.22,0.0,8.378165113011796,2012-03-31
29.43,40.2,0.91,7.588217124707622,2012-04-01
28.37,37.28,0.53,7.62132929956697,2012-04-02
27.75,37.08,0.61,7.3564526967361425,2012-04-03
28.0,38.55,0.53,9.504311393357382,2012-04-04
28.08,38.44,0.21,7.542441090891142,2012-04-05
26.42,39.74,0.0,10.867223014662814,2012-04-06
25.27,41.72,0.0,8.435981682911478,2012-04-07
27.99,41.18,0.05,8.496196242140137,2012-04-08
27.37,43.19,0.0,7.935159021481131,2012-04-09
26.89,41.71,0.0,8.224369828008125,2012-04-10
28.9,41.93,0.5,8.953348786711866,2012-04-11
29.76,42.47,0.19,9.577000046010028,2012-04-12
27.96,37.99,0.05,9.7116453472451,2012-04-13
28.77,39.46,0.0,11.559111819379941,2012-04-14
25.98,41.11,0.0,7.705613435559573,2012-04-15
25.78,40.38,0.04,6.4489870302110806,2012-04-16
26.26,40.13,0.01,9.117880004837478,2012-04-17
24.78,40.42,0.0,6.547507732549412,2012-04-18
26.38,38.34,0.03,9.174576379170311,2012-04-19
27.39,39.73,0.01,6.466430218433489,2012-04-20
27.08,41.39,0.0,10.502910630494421,2012-04-21
27.25,42.8,0.0,13.499417043617088,2012-04-22
24.93,42.33,0.0,9.16102591454864,2012-04-23
25.18,42.58,0.01,8.398695827482372,2012-04-24
27.11,42.06,0.03,8.523860978280911,2012-04-25
28.6,41.4,0.01,8.990641440451647,2012-04-26
28.68,42.26,0.04,8.649302472698494,2012-04-27
31.96,44.0,0.09,7.735707417881179,2012-04-28
29.91,43.06,0.39,10.072984285460922,2012-04-29
29.92,42.38,0.19,9.699465215718483,2012-04-30
30.29,43.18,0.17,8.92908008585891,2012-05-01
29.71,42.68,0.5,9.830640911648711,2012-05-02
29.11,42.76,0.35,8.735364724105597,2012-05-03
28.84,42.26,0.77,9.965406296301392,2012-05-04
29.67,39.15,0.46,9.49854863877511,2012-05-05
28.74,41.42,0.11,9.270717879030505,2012-05-06
28.81,41.32,0.32,9.761444874779,2012-05-07
29.05,40.25,0.24,9.999376268413354,2012-05-08
27.83,37.8,0.47,8.876446188146314,2012-05-09
26.71,39.48,0.53,10.156370740168851,2012-05-10
26.74,36.66,1.09,8.744240200635208,2012-05-11
26.48,37.92,0.61,9.553585285961066,2012-05-12
26.55,38.4,1.62,8.825461869216566,2012-05-13
26.49,30.96,0.45,5.168171478178389,2012-05-14
24.99,34.64,1.57,6.351435782282808,2012-05-15
25.98,39.55,0.0,7.4297352797624505,2012-05-16
26.95,40.45,0.37,8.462312633043906,2012-05-17
27.45,41.46,0.8,9.766910167752059,2012-05-18
28.03,39.19,0.14,9.057607860395104,2012-05-19
26.26,39.9,0.01,9.39686948199748,2012-05-20
27.48,40.35,0.32,9.087264807415098,2012-05-21
27.53,37.73,0.63,8.723682463973887,2012-05-22
27.3,40.63,0.08,9.177371567114983,2012-05-23
28.43,40.72,0.22,10.744235580682599,2012-05-24
27.71,39.39,0.66,10.524280556826202,2012-05-25
25.6,40.4,0.53,9.95410894730514,2012-05-26
26.56,39.98,0.39,10.000714676819054,2012-05-27
27.88,36.06,0.58,8.443258297952408,2012-05-28
26.82,36.89,0.24,7.732319355508353,2012-05-29
26.74,37.82,0.36,7.942048440917545,2012-05-30
26.16,37.23,2.76,8.237636132807452,2012-05-31
26.29,38.16,1.52,6.7419303582461385,2012-06-01
27.33,40.1,1.4,7.550374820440134,2012-06-02
27.26,35.13,1.74,7.631455966869585,2012-06-03
26.14,37.01,0.62,7.068722296864052,2012-06-04
26.93,39.31,0.73,7.7540800765832305,2012-06-05
26.89,36.33,3.09,8.12098156369533,2012-06-06
26.23,33.66,1.86,6.056488301997149,2012-06-07
26.53,38.23,0.74,6.734179471635263,2012-06-08
27.43,39.89,1.46,7.581904873444374,2012-06-09
27.27,40.67,2.45,8.48956614699688,2012-06-10
28.16,35.57,5.21,8.01509222000063,2012-06-11
26.96,32.47,2.15,4.73723508254742,2012-06-12
25.72,33.46,2.31,6.229543005085039,2012-06-13
26.2,37.05,2.24,7.231702542628827,2012-06-14
26.6,39.98,1.63,8.521341616714505,2012-06-15
26.74,36.99,4.7,8.141335248379649,2012-06-16
25.52,33.75,2.21,5.709501042455288,2012-06-17
25.62,33.68,1.3,6.477927288784038,2012-06-18
24.39,38.11,0.11,6.708055618997625,2012-06-19
25.82,38.17,6.66,8.242694956267284,2012-06-20
26.29,33.97,0.94,6.284216635135825,2012-06-21
25.45,32.9,4.54,6.707706624545136,2012-06-22
23.81,35.66,3.52,6.219936317811868,2012-06-23
26.04,35.54,8.54,7.215550736853647,2012-06-24
25.04,35.67,1.0,8.080853403198839,2012-06-25
24.86,36.9,0.68,6.814768522530925,2012-06-26
25.45,38.12,0.56,7.205729083121812,2012-06-27
26.08,34.69,1.32,7.141484637798764,2012-06-28
24.03,33.2,0.18,6.321033215225223,2012-06-29
24.72,35.08,3.56,6.524183536302425,2012-06-30
25.58,35.03,8.7,5.7340024340486755,2012-07-01
24.08,33.86,12.05,6.126131366276841,2012-07-02
24.99,31.94,7.4,5.329884293900184,2012-07-03
24.22,30.58,6.06,5.052187380681251,2012-07-04
23.43,31.92,4.53,5.85786949927598,2012-07-05
23.22,32.25,4.12,5.563606747345361,2012-07-06
23.89,33.67,5.79,5.941487838879757,2012-07-07
24.94,31.59,7.14,5.962555124638343,2012-07-08
23.6,34.57,4.24,6.235056639276935,2012-07-09
24.66,33.76,2.37,5.915643099085983,2012-07-10
25.69,33.46,1.73,3.810309087743171,2012-07-11
24.25,35.16,1.19,6.251097774284777,2012-07-12
24.29,36.15,1.91,6.855424471335507,2012-07-13
25.29,33.68,4.89,6.61530141715247,2012-07-14
24.51,28.52,8.0,3.556667835495552,2012-07-15
23.08,31.5,1.46,5.145235185187013,2012-07-16
23.3,34.74,0.38,6.404829884376625,2012-07-17
25.37,33.32,8.09,5.036690424791595,2012-07-18
24.65,29.96,5.72,5.117469395561263,2012-07-19
23.4,30.75,4.85,5.346776870073436,2012-07-20
23.34,31.0,4.97,5.115170824703676,2012-07-21
24.28,31.58,5.65,5.451930828019094,2012-07-22
23.73,31.31,6.46,5.487853510535053,2012-07-23
24.63,30.47,8.6,2.7549171406411816,2012-07-24
24.09,29.73,1.24,4.915806168035603,2012-07-25
23.55,31.53,1.98,5.143016231005557,2012-07-26
24.16,34.27,3.31,5.344551560609462,2012-07-27
24.22,30.54,2.36,4.339707014041939,2012-07-28
24.0,32.8,2.49,5.495126464851744,2012-07-29
24.22,33.34,10.94,5.493097196889379,2012-07-30
24.43,32.36,10.6,4.1957119500915985,2012-07-31
23.79,30.29,9.82,4.964145376773294,2012-08-01
23.21,31.29,12.12,5.204699570445461,2012-08-02
23.62,30.73,15.93,4.342525468307955,2012-08-03
23.82,27.86,6.94,3.7706647344606012,2012-08-04
22.52,32.0,7.1,4.9161593225493565,2012-08-05
23.46,28.33,26.31,3.107678998870683,2012-08-06
23.74,29.59,13.81,2.9901176856574683,2012-08-07
22.13,31.18,6.43,5.0490178687147775,2012-08-08
23.34,29.98,2.49,4.303443140564059,2012-08-09
23.34,31.77,3.38,5.360538926787738,2012-08-10
23.79,28.85,9.78,2.9133665490379705,2012-08-11
22.91,30.1,7.4,3.727592549396011,2012-08-12
23.19,30.25,3.81,5.0812476266912485,2012-08-13
24.01,30.07,11.18,4.281328334091688,2012-08-14
23.26,28.48,5.64,3.677079978495574,2012-08-15
22.67,29.44,3.64,4.466418960604112,2012-08-16
22.0,31.58,2.98,5.389748901592022,2012-08-17
22.64,32.65,4.35,5.348956976907036,2012-08-18
23.48,29.49,2.0,4.280139334853497,2012-08-19
22.51,30.64,5.25,5.182952344707221,2012-08-20
23.02,30.64,5.2,3.931268719788865,2012-08-21
23.07,31.6,2.95,5.292646028117826,2012-08-22
23.53,26.99,12.75,4.22750286334728,2012-08-23
22.64,29.39,7.59,3.763849955368776,2012-08-24
23.02,30.13,4.42,4.5087667291177285,2012-08-25
21.68,32.24,2.28,5.099386552567891,2012-08-26
22.86,32.02,2.48,5.361299144691859,2012-08-27
23.48,32.32,3.0,5.1658289554026675,2012-08-28
24.02,28.52,4.84,4.5021506725533955,2012-08-29
23.25,30.01,7.04,5.0138369818598845,2012-08-30
22.04,29.76,13.93,4.5927407948506715,2012-08-31
23.28,31.15,5.04,5.42149840043936,2012-09-01
23.17,29.86,6.27,3.1466492087385616,2012-09-02
23.72,29.24,3.83,4.538453938039056,2012-09-03
23.69,28.17,9.65,3.624951673450379,2012-09-04
23.0,27.68,11.66,4.047267732147976,2012-09-05
21.6,31.53,0.87,5.404872436003819,2012-09-06
22.15,32.24,1.44,5.412225821136226,2012-09-07
23.26,31.48,1.16,5.264108101147421,2012-09-08
23.19,32.31,1.13,5.554826409050979,2012-09-09
23.5,31.17,0.63,4.581460306137998,2012-09-10
22.94,32.86,1.4,5.2179215290907415,2012-09-11
23.77,31.78,1.04,5.507917494034634,2012-09-12
22.66,30.67,4.97,4.943727363361103,2012-09-13
23.2,30.49,3.88,4.935979518288302,2012-09-14
23.22,30.37,7.15,5.112521870111879,2012-09-15
23.63,29.05,8.33,4.5558930189812115,2012-09-16
23.17,30.19,5.56,4.497565104057254,2012-09-17
23.18,27.93,7.68,4.703828020459808,2012-09-18
23.26,29.78,4.12,2.8979118886063673,2012-09-19
23.49,27.6,10.06,3.603929096725326,2012-09-20
22.68,30.66,7.03,4.928915003629346,2012-09-21
23.03,29.74,5.15,4.425480384158359,2012-09-22
22.62,33.18,0.03,5.461320004723819,2012-09-23
22.29,33.79,0.03,5.718104643572341,2012-09-24
22.8,34.65,0.03,5.577226748710361,2012-09-25
23.94,34.06,0.04,5.061181694073886,2012-09-26
23.54,32.75,0.03,4.927100306514372,2012-09-27
22.8,32.16,2.52,5.26506918037212,2012-09-28
23.56,34.42,1.24,6.074955836905334,2012-09-29
23.49,32.72,1.56,4.756435457968972,2012-09-30
22.76,31.63,4.37,5.114752137659803,2012-10-01
23.22,32.88,0.7,4.74893111521488,2012-10-02
23.07,33.03,0.8,4.771384103302999,2012-10-03
23.34,34.97,0.58,5.522801609529745,2012-10-04
23.76,35.59,0.6,5.413171343474241,2012-10-05
23.06,35.92,0.59,5.901352889594734,2012-10-06
23.36,33.65,0.66,4.616949006635084,2012-10-07
23.35,31.08,0.06,3.9283475145394426,2012-10-08
23.36,33.72,0.04,5.17906282018534,2012-10-09
23.27,35.7,0.0,5.521605762437694,2012-10-10
23.07,35.23,0.06,6.106975210620613,2012-10-11
24.19,34.53,0.09,6.093885927171756,2012-10-12
23.9,34.47,0.3,5.4389720450979535,2012-10-13
23.28,35.19,0.28,5.286653166454644,2012-10-14
24.01,34.99,0.25,5.25266410327375,2012-10-15
24.54,33.36,0.2,5.506438180870081,2012-10-16
22.4,35.98,0.01,6.028298818708439,2012-10-17
21.42,37.13,0.0,6.038045310153664,2012-10-18
21.33,36.53,0.74,6.23893311392334,2012-10-19
23.99,33.46,1.27,4.588621279405339,2012-10-20
24.72,32.89,0.82,4.779143545140579,2012-10-21
21.24,35.37,0.78,5.398436886906788,2012-10-22
23.17,35.21,1.13,5.594320059147661,2012-10-23
23.43,35.89,0.61,5.0571095513429105,2012-10-24
23.12,35.43,1.66,5.638105431203218,2012-10-25
23.65,33.48,3.66,4.732485045202793,2012-10-26
24.78,34.08,5.74,4.451376082554013,2012-10-27
23.88,35.16,0.0,5.3563144488817995,2012-10-28
24.39,35.78,0.04,5.460392584006977,2012-10-29
23.16,36.42,0.01,5.914091949037663,2012-10-30
22.91,36.9,0.01,5.604113156511859,2012-10-31
21.84,37.39,0.0,6.108377133650034,2012-11-01
21.0,37.09,0.0,6.259996933249685,2012-11-02
20.77,36.7,0.02,5.844746811476731,2012-11-03
24.07,36.06,0.04,5.609927636391226,2012-11-04
24.26,37.13,0.05,5.349084420037765,2012-11-05
25.22,36.64,0.04,4.968114007441576,2012-11-06
25.03,37.07,0.01,5.067690891054328,2012-11-07
24.0,37.33,0.0,6.11438404541087,2012-11-08
22.35,36.69,0.0,6.130931227866313,2012-11-09
20.62,35.78,0.0,6.599881272915283,2012-11-10
20.02,35.43,0.0,5.887717469257095,2012-11-11
21.55,36.25,0.0,5.3678825093059395,2012-11-12
24.48,36.92,0.01,5.758588392129288,2012-11-13
23.1,37.11,0.0,6.4046482828252715,2012-11-14
23.36,37.36,0.0,5.962208277448264,2012-11-15
21.04,36.96,0.0,6.613410404105827,2012-11-16
19.52,36.47,0.0,6.260510749855114,2012-11-17
19.38,36.8,0.0,4.99925784284371,2012-11-18
20.22,37.22,0.0,5.1249155646109354,2012-11-19
19.95,37.18,0.0,5.9204389078114,2012-11-20
19.95,37.33,0.0,5.543874344124803,2012-11-21
20.58,37.23,0.0,5.504410301430493,2012-11-22
22.56,36.86,0.0,5.744640392240808,2012-11-23
21.12,36.07,0.0,4.8856104125725475,2012-11-24
20.63,35.11,0.0,5.866421225938571,2012-11-25
20.57,35.53,0.0,5.350986604354634,2012-11-26
21.01,36.06,0.0,5.31444306546567,2012-11-27
21.89,35.75,0.0,5.188414983069502,2012-11-28
20.07,36.1,0.0,5.416047315963754,2012-11-29
19.6,36.17,0.0,5.96187246820651,2012-11-30
19.05,36.76,0.0,6.021938797862147,2012-12-01
22.56,37.16,0.0,5.2709375009729476,2012-12-02
21.81,35.38,0.0,6.207114464643523,2012-12-03
20.19,34.89,0.0,7.6236745487846935,2012-12-04
19.23,34.43,0.0,6.847427970555702,2012-12-05
17.7,35.09,0.0,6.995458716359283,2012-12-06
18.16,35.74,0.0,6.293503126825213,2012-12-07
19.56,35.7,0.0,5.717522251292097,2012-12-08
21.02,36.31,0.0,5.302269171119598,2012-12-09
19.74,36.41,0.0,6.303293541827604,2012-12-10
20.27,36.07,0.0,6.35130446655242,2012-12-11
19.44,35.25,0.0,7.3175849038905625,2012-12-12
18.55,34.23,0.0,7.489276934648568,2012-12-13
17.7,34.11,0.0,7.187794636294788,2012-12-14
17.46,34.52,0.0,7.726463336592814,2012-12-15
16.3,33.55,0.0,8.106968177990113,2012-12-16
16.06,31.95,0.0,7.980908491458161,2012-12-17
14.89,31.83,0.0,7.556724665947816,2012-12-18
14.2,29.72,0.0,6.214281507415177,2012-12-19
16.06,29.72,0.0,6.890825527818489,2012-12-20
15.14,31.88,0.0,7.761808644400681,2012-12-21
14.47,31.94,0.0,7.326327293902336,2012-12-22
14.76,31.5,0.0,7.576057904409205,2012-12-23
16.09,30.06,0.0,7.895396907605349,2012-12-24
13.25,32.01,0.0,7.443247889133468,2012-12-25
16.03,30.93,0.0,7.640495358884059,2012-12-26
14.06,30.13,0.0,6.9719431650419725,2012-12-27
12.32,30.24,0.0,6.801521071211716,2012-12-28
12.29,31.02,0.0,6.446996348825937,2012-12-29
13.29,30.82,0.0,7.046597903598548,2012-12-30
12.88,28.74,0.0,7.791338344340271,2012-12-31
11.28,28.85,0.0,6.918357319745869,2013-01-01
12.24,30.04,0.0,6.5350645464248425,2013-01-02
12.17,30.3,0.0,6.741111724034582,2013-01-03
13.95,30.5,0.0,7.853905298010197,2013-01-04
13.03,27.81,0.0,6.892100671487631,2013-01-05
11.52,30.09,0.0,6.945104211831805,2013-01-06
13.13,30.74,0.0,7.443328173955652,2013-01-07
14.35,31.51,0.0,6.8385302192702415,2013-01-08
14.81,30.72,0.0,6.959576337183027,2013-01-09
13.71,30.6,0.0,7.530341623905034,2013-01-10
15.11,29.9,0.0,7.291686373855148,2013-01-11
14.54,30.72,0.0,7.755092601069473,2013-01-12
15.41,29.58,0.0,7.158960767124854,2013-01-13
15.2,32.87,0.0,6.59723137963674,2013-01-14
15.86,33.8,0.0,7.143542443279572,2013-01-15
16.1,32.95,0.0,8.630036334882139,2013-01-16
16.43,34.35,0.0,7.883970809719083,2013-01-17
17.23,34.46,0.0,8.077818552639224,2013-01-18
16.51,35.53,0.0,5.857119619836499,2013-01-19
17.32,35.81,0.0,6.3704351065027875,2013-01-20
16.44,35.14,0.0,6.816147457831363,2013-01-21
18.42,36.86,0.0,6.189450865182552,2013-01-22
20.06,37.63,0.0,6.580248930766285,2013-01-23
19.94,37.77,0.0,7.94621598124976,2013-01-24
19.38,37.09,0.0,7.557198250753278,2013-01-25
20.41,34.93,0.0,8.118128467795028,2013-01-26
19.55,35.02,0.0,8.351177679406137,2013-01-27
20.35,33.63,0.01,8.478393164206455,2013-01-28
18.92,33.02,0.0,7.312804989762558,2013-01-29
20.8,32.33,0.0,8.830540649209897,2013-01-30
16.16,28.82,0.0,8.890773900388416,2013-01-31
13.95,28.69,0.0,8.570103520811816,2013-02-01
12.43,28.89,0.0,7.313356480236634,2013-02-02
13.48,31.39,0.0,5.7422278983089985,2013-02-03
15.48,32.74,0.0,7.651855659222903,2013-02-04
15.86,33.93,0.0,8.95831248624024,2013-02-05
16.35,32.3,0.0,8.2892050941496,2013-02-06
16.24,32.77,0.0,8.437878868838549,2013-02-07
15.65,34.2,0.0,8.46558849282831,2013-02-08
17.07,34.54,0.0,8.089965432801403,2013-02-09
17.44,36.8,0.0,9.551027627562748,2013-02-10
18.46,35.83,0.0,9.72172515231967,2013-02-11
17.91,35.89,0.0,8.3208743122816,2013-02-12
17.82,35.39,0.0,8.19359282220513,2013-02-13
16.3,35.46,0.0,9.094157656101743,2013-02-14
15.88,35.5,0.0,7.672507623498905,2013-02-15
16.87,36.41,0.0,7.38491291108169,2013-02-16
19.23,36.81,0.0,7.491523387842459,2013-02-17
20.08,36.25,0.0,6.437648907940821,2013-02-18
21.11,38.26,0.0,7.167471460491907,2013-02-19
23.37,38.33,0.0,6.663932993591707,2013-02-20
21.15,36.58,0.0,8.917343234438995,2013-02-21
21.55,38.19,0.0,9.006464436499261,2013-02-22
21.66,39.24,0.0,8.943955956930461,2013-02-23
22.64,39.91,0.0,7.862492572884094,2013-02-24
22.88,40.47,0.0,7.530962669459358,2013-02-25
24.02,40.54,0.0,8.036681190388917,2013-02-26
25.2,40.65,0.0,5.719917447173716,2013-02-27
26.68,41.64,0.0,6.699410390095314,2013-02-28
25.84,39.47,3.0,5.7719197651641645,2013-03-01
25.19,41.12,0.0,6.753325748899865,2013-03-02
25.83,40.57,0.0,5.3354964474613125,2013-03-03
24.64,39.76,0.0,6.547394739898338,2013-03-04
25.74,39.02,0.0,6.764963375982735,2013-03-05
26.4,41.84,0.0,7.839935359643743,2013-03-06
22.99,42.11,0.0,9.306382240378307,2013-03-07
22.63,41.63,0.0,10.115019224033862,2013-03-08
23.19,41.96,0.0,11.025140211715328,2013-03-09
22.68,40.21,0.0,8.069190535293705,2013-03-10
24.64,40.57,0.0,7.360840164145191,2013-03-11
25.07,40.83,0.0,7.141804071676247,2013-03-12
25.17,41.04,0.0,6.190591670886518,2013-03-13
24.99,40.98,0.01,7.455429884665801,2013-03-14
23.11,41.2,0.0,8.916281658583634,2013-03-15
22.71,41.03,0.0,7.124557605319932,2013-03-16
25.83,41.34,0.0,6.691711398074962,2013-03-17
27.18,39.71,0.83,7.255571088663256,2013-03-18
28.52,40.57,0.0,6.181248387127902,2013-03-19
26.94,41.67,0.0,7.814490463382218,2013-03-20
25.27,42.51,0.0,8.81108824200957,2013-03-21
23.5,41.16,0.0,6.302497497751657,2013-03-22
26.88,41.81,0.0,8.991243132409643,2013-03-23
27.24,39.87,0.0,8.784521421420656,2013-03-24
27.35,38.11,0.0,7.247082200326354,2013-03-25
25.62,40.93,0.0,6.936468912846369,2013-03-26
26.66,40.52,0.0,8.750141901092329,2013-03-27
26.21,39.02,0.06,8.00722634228267,2013-03-28
26.0,41.39,0.0,10.32849264290409,2013-03-29
23.15,41.46,0.0,9.347771885563805,2013-03-30
21.94,39.9,0.0,7.327243635569282,2013-03-31
24.77,41.04,0.0,8.243118014073533,2013-04-01
26.46,41.0,0.0,7.925759588703392,2013-04-02
27.94,42.16,0.02,6.579045596760888,2013-04-03
28.58,42.03,0.03,9.574382112414993,2013-04-04
28.77,42.36,0.02,9.988341721642218,2013-04-05
26.96,42.46,0.01,10.70750594181113,2013-04-06
25.1,41.8,0.0,9.42171845348639,2013-04-07
25.77,42.14,0.0,7.7061879048046595,2013-04-08
25.38,41.67,1.44,8.246305005464686,2013-04-09
28.64,37.9,0.53,7.677049823345665,2013-04-10
28.11,39.02,0.05,7.4885352484018375,2013-04-11
27.5,42.46,0.0,6.811090762030655,2013-04-12
29.41,40.81,0.14,9.055585774318505,2013-04-13
28.69,41.8,0.01,9.127478078374251,2013-04-14
26.05,40.94,0.0,8.645348558428527,2013-04-15
26.24,40.48,2.43,7.845916493235973,2013-04-16
27.98,37.12,4.09,8.41277526431721,2013-04-17
26.12,36.23,8.32,7.432502499157171,2013-04-18
25.41,31.68,25.51,3.9158570022010655,2013-04-19
25.44,36.31,0.79,6.436980120709972,2013-04-20
24.83,37.67,3.09,6.776040325714889,2013-04-21
26.95,33.39,1.61,7.604681234008766,2013-04-22
24.64,37.93,1.81,8.534553708075284,2013-04-23
25.83,37.74,0.63,8.017700227479075,2013-04-24
26.6,38.68,0.59,7.238320157814966,2013-04-25
28.27,37.23,0.29,8.127735461974009,2013-04-26
27.05,39.51,0.17,8.275795971527348,2013-04-27
24.89,39.87,0.01,8.533628471847138,2013-04-28
24.49,39.89,0.0,7.975710842098809,2013-04-29
26.75,39.97,0.05,8.112987111932036,2013-04-30
28.16,38.07,0.05,8.037275375948553,2013-05-01
27.33,40.76,0.05,8.515926311421218,2013-05-02
28.2,40.63,0.02,9.070200804335775,2013-05-03
27.22,41.74,0.05,8.680073548680863,2013-05-04
28.8,37.62,0.03,8.438502544271074,2013-05-05
27.16,41.72,0.19,9.356315164986162,2013-05-06
28.9,38.0,0.13,8.303606857490934,2013-05-07
28.18,40.48,0.8,9.850208042640501,2013-05-08
27.02,38.33,0.02,8.72595220009954,2013-05-09
28.27,37.4,0.8,8.780307909251446,2013-05-10
27.36,38.5,0.19,8.927200418407015,2013-05-11
26.17,40.24,0.21,8.819214388382075,2013-05-12
27.25,40.58,0.28,8.948921568701588,2013-05-13
27.8,39.92,0.24,8.895721998806644,2013-05-14
27.74,39.75,0.11,9.094799548239575,2013-05-15
27.48,40.98,0.1,8.618583331807221,2013-05-16
28.79,41.34,0.37,8.757318599209253,2013-05-17
28.98,41.86,0.43,9.729016869653504,2013-05-18
28.73,39.5,0.31,9.128661394854042,2013-05-19
28.32,41.89,0.46,9.148928892236121,2013-05-20
28.57,41.8,0.68,9.359520001433092,2013-05-21
28.19,42.23,0.61,9.5255115499335,2013-05-22
28.64,40.83,0.75,9.589403324846263,2013-05-23
28.12,42.13,0.42,8.949196546587434,2013-05-24
28.67,42.51,0.49,8.696045481850426,2013-05-25
28.55,38.06,2.96,9.28751774344452,2013-05-26
27.8,35.25,3.6,6.799481344701138,2013-05-27
26.94,36.7,0.86,7.667994946251882,2013-05-28
27.23,35.58,2.24,7.205465157443164,2013-05-29
27.2,34.51,4.83,6.545187926096876,2013-05-30
26.91,37.21,1.18,7.2880996516243535,2013-05-31
26.89,39.88,2.62,8.297027351280084,2013-06-01
26.79,38.5,0.12,9.950688850600828,2013-06-02
25.6,39.61,0.25,8.29135837216058,2013-06-03
26.26,39.28,1.56,9.6803959369404,2013-06-04
26.13,39.28,1.08,7.997208580374284,2013-06-05
27.02,35.32,1.01,7.126896345374081,2013-06-06
26.25,38.67,1.48,8.030868051095966,2013-06-07
27.65,38.04,3.45,7.696690708506781,2013-06-08
26.99,39.4,1.04,8.46218935980645,2013-06-09
26.65,36.78,0.25,7.841320736806516,2013-06-10
25.91,40.59,0.41,8.038057039407283,2013-06-11
25.94,41.03,1.15,8.774511056542169,2013-06-12
27.3,40.18,1.35,9.795564270180389,2013-06-13
27.53,34.59,2.8,7.60244794558567,2013-06-14
25.9,34.19,0.85,6.707409109645614,2013-06-15
26.47,38.52,0.68,8.107423051110349,2013-06-16
27.2,39.45,0.79,8.758052431758543,2013-06-17
27.31,39.33,0.48,9.008168555967028,2013-06-18
26.42,40.59,0.56,9.106414629897317,2013-06-19
26.85,38.61,3.86,9.524879232957254,2013-06-20
27.18,35.99,1.15,8.103923156976398,2013-06-21
25.84,36.8,1.45,7.777677139483148,2013-06-22
26.21,38.82,2.29,8.587338546101302,2013-06-23
26.81,37.96,1.99,8.418277820017316,2013-06-24
26.45,33.48,6.66,5.822794494389248,2013-06-25
25.53,31.49,12.92,5.147940411195547,2013-06-26
25.73,31.62,9.98,2.909880242672876,2013-06-27
24.89,31.62,3.21,5.695447369800934,2013-06-28
24.56,32.28,4.29,5.242871484184523,2013-06-29
24.32,34.45,4.53,6.256300593898747,2013-06-30
23.51,34.75,4.01,5.86080624681009,2013-07-01
25.04,35.27,2.93,6.6559129982397724,2013-07-02
25.54,37.28,4.44,7.159345530182284,2013-07-03
24.84,35.45,10.51,6.896632103131504,2013-07-04
25.13,31.3,0.27,5.1159761813508,2013-07-05
24.27,33.06,2.36,5.970844046101873,2013-07-06
24.73,33.01,1.99,5.192789444033739,2013-07-07
23.72,34.45,2.39,6.613356150079921,2013-07-08
24.01,32.86,3.12,6.224182256917438,2013-07-09
23.79,34.57,3.29,4.895642325726279,2013-07-10
24.36,37.0,2.75,7.0159642392938295,2013-07-11
24.95,35.18,1.62,6.955618754366211,2013-07-12
25.71,31.77,5.33,6.152709998865057,2013-07-13
24.55,33.55,2.36,4.645893214021904,2013-07-14
23.96,34.74,7.17,6.716547066885285,2013-07-15
23.32,34.42,3.53,5.533540666422343,2013-07-16
24.31,34.08,3.01,6.5558342847009845,2013-07-17
24.87,33.53,4.5,6.4900505538814235,2013-07-18
24.21,34.61,3.6,4.2523798579199,2013-07-19
25.15,36.29,1.55,6.697996221089663,2013-07-20
24.93,31.6,4.37,5.10407980828513,2013-07-21
23.46,35.5,3.31,5.39357271905248,2013-07-22
24.49,35.74,5.64,6.839320911194139,2013-07-23
24.94,31.84,2.38,5.665989163439634,2013-07-24
23.56,32.12,2.1,6.0314513617444465,2013-07-25
22.99,34.17,2.23,6.0491618624455885,2013-07-26
24.53,32.5,4.3,5.781154245222243,2013-07-27
24.43,33.41,1.97,5.4831258998513785,2013-07-28
24.31,33.33,5.53,5.578747480288918,2013-07-29
23.74,32.71,1.36,5.645610005200809,2013-07-30
24.0,30.69,5.09,3.9604446191844684,2013-07-31
22.51,32.7,9.23,5.796043454356199,2013-08-01
23.9,31.32,6.55,4.581780673921097,2013-08-02
22.87,33.36,3.45,6.006101126668309,2013-08-03
23.52,33.75,4.36,5.59944895364729,2013-08-04
24.09,32.92,12.99,5.888857171385401,2013-08-05
23.65,30.75,6.4,3.676827181032541,2013-08-06
23.89,29.05,9.87,3.7453253468266396,2013-08-07
23.1,29.79,12.0,4.307506954794149,2013-08-08
22.85,30.89,3.7,4.536731980482972,2013-08-09
23.77,28.74,9.76,2.6043046983400178,2013-08-10
22.09,33.3,5.87,5.431863523370038,2013-08-11
23.47,27.72,15.13,2.51290772234483,2013-08-12
22.43,29.8,3.81,3.6415951572873033,2013-08-13
22.22,31.99,4.14,5.215437283005252,2013-08-14
24.31,30.63,6.72,3.234608234912839,2013-08-15
22.89,32.7,1.15,5.364174590015027,2013-08-16
23.31,29.97,7.88,4.037557431795979,2013-08-17
23.49,29.51,5.82,3.618797190341901,2013-08-18
23.09,30.97,3.95,4.066529086549001,2013-08-19
23.52,31.6,10.2,5.153905485875168,2013-08-20
22.57,30.63,11.16,5.2295856626799635,2013-08-21
23.31,29.71,17.44,4.425756832199856,2013-08-22
23.55,29.9,3.69,4.451892984397077,2013-08-23
22.42,31.63,7.69,5.163198717895568,2013-08-24
23.79,30.0,8.65,3.84825201201713,2013-08-25
23.33,29.7,8.93,3.9445815209023887,2013-08-26
23.25,26.5,12.1,4.024618309941211,2013-08-27
22.36,31.92,3.53,5.35375173507724,2013-08-28
23.12,28.76,12.73,2.1196883949899594,2013-08-29
22.27,30.0,4.49,5.146780676776262,2013-08-30
21.56,31.18,8.49,5.126052602221209,2013-08-31
23.16,29.64,13.3,4.018765638432591,2013-09-01
23.07,28.35,12.04,4.59495082139439,2013-09-02
22.61,29.97,3.65,5.024038724546001,2013-09-03
22.66,32.11,3.74,5.583972156897961,2013-09-04
23.27,30.67,7.31,4.127618796654277,2013-09-05
22.93,29.15,3.58,4.357158836352843,2013-09-06
22.7,31.19,2.8,4.501531372429842,2013-09-07
23.15,32.45,0.44,5.258132434243977,2013-09-08
23.45,33.4,1.51,5.776452850535764,2013-09-09
23.52,30.83,1.29,4.121378673183142,2013-09-10
22.77,26.87,1.11,2.860104923599074,2013-09-11
22.57,29.22,1.78,4.410192307402196,2013-09-12
22.26,31.49,1.8,5.158377046119838,2013-09-13
22.96,31.13,1.64,4.377449106379304,2013-09-14
23.02,32.5,1.03,5.459273825907289,2013-09-15
23.39,31.36,1.21,5.040449621467341,2013-09-16
23.97,33.03,2.24,5.468406311567404,2013-09-17
24.24,33.67,0.8,5.932397965652675,2013-09-18
23.24,34.27,0.88,5.848625433416035,2013-09-19
24.0,32.32,1.54,5.048065675656221,2013-09-20
23.94,33.85,0.33,5.55913720541898,2013-09-21
22.9,36.22,0.39,6.410760286057907,2013-09-22
23.36,34.54,0.84,5.449261978524188,2013-09-23
24.13,30.15,0.79,4.407220447126806,2013-09-24
22.75,31.16,0.67,4.594362784342488,2013-09-25
22.91,34.36,0.47,5.655718998454038,2013-09-26
24.11,36.99,0.36,6.1939597279120076,2013-09-27
23.93,35.25,0.46,6.2902547278495815,2013-09-28
23.99,33.88,0.51,5.611148932885601,2013-09-29
24.65,33.43,0.99,3.9895646047764415,2013-09-30
23.96,32.57,0.49,5.082457511885039,2013-10-01
23.75,34.85,0.59,5.82696310771783,2013-10-02
24.24,33.91,0.34,5.82357169173503,2013-10-03
24.9,33.3,0.28,5.721162139945448,2013-10-04
23.66,35.57,0.18,5.905951089370978,2013-10-05
23.19,37.0,0.22,6.4012642435942535,2013-10-06
22.73,36.88,0.28,6.183164801474942,2013-10-07
24.24,32.16,3.03,4.4828329162337,2013-10-08
23.32,33.12,4.92,4.815114569941266,2013-10-09
23.0,31.69,5.14,4.559494411100109,2013-10-10
23.65,35.26,0.8,5.597577125610662,2013-10-11
23.21,36.87,0.0,6.000939414545333,2013-10-12
22.29,37.81,0.0,6.5716869656805015,2013-10-13
21.07,35.6,0.03,5.831218565353149,2013-10-14
22.65,34.63,0.02,6.449101826893392,2013-10-15
22.87,35.67,0.14,5.474246447851398,2013-10-16
23.63,36.56,0.04,5.686780118272048,2013-10-17
22.8,36.7,0.0,5.870860208722979,2013-10-18
22.47,36.26,0.01,6.216647706360454,2013-10-19
20.58,36.47,0.0,5.987654174051534,2013-10-20
20.5,37.03,0.0,6.680027879630805,2013-10-21
22.24,36.75,0.0,5.745819049168799,2013-10-22
22.5,37.22,0.0,5.612722153597792,2013-10-23
21.15,36.78,0.0,5.547460998850433,2013-10-24
20.8,36.68,0.0,5.7968168343907776,2013-10-25
20.28,36.33,0.0,6.830617567138757,2013-10-26
19.01,36.69,0.0,6.698267401652562,2013-10-27
19.63,36.71,0.0,6.373219888462047,2013-10-28
22.79,37.04,0.0,6.345317250046843,2013-10-29
22.46,36.84,0.0,5.919689532169967,2013-10-30
23.27,37.24,0.0,6.009248887330516,2013-10-31
21.72,37.46,0.0,7.461042805945319,2013-11-01
19.84,37.05,0.0,7.836698432725934,2013-11-02
19.04,36.82,0.0,8.387084376352531,2013-11-03
19.24,34.9,0.0,8.631565533338755,2013-11-04
16.89,34.35,0.0,7.08892186509621,2013-11-05
17.38,35.12,0.0,6.55108569644372,2013-11-06
20.14,36.52,0.0,6.950569335755571,2013-11-07
21.73,37.45,0.0,7.516264816320757,2013-11-08
21.1,37.18,0.0,7.085879892777351,2013-11-09
22.22,37.42,0.0,7.872994532724789,2013-11-10
19.55,36.03,0.0,7.109669900362914,2013-11-11
18.99,36.17,0.0,5.781734116864926,2013-11-12
19.18,36.25,0.0,5.290450136451949,2013-11-13
19.21,36.47,0.0,5.511684377237501,2013-11-14
20.79,36.14,0.0,5.89069324200691,2013-11-15
21.16,37.31,0.0,5.91385896218446,2013-11-16
21.08,37.67,0.0,6.358692922291442,2013-11-17
20.54,37.58,0.0,6.839117573708207,2013-11-18
19.41,37.56,0.0,6.31883463382016,2013-11-19
21.68,33.62,0.0,5.381895238057412,2013-11-20
21.97,32.27,0.0,4.975481641036821,2013-11-21
18.76,36.94,0.0,6.2994105071291155,2013-11-22
21.41,37.19,0.0,4.585923276662904,2013-11-23
22.6,37.02,0.0,4.009224310978856,2013-11-24
20.6,36.27,0.0,4.341135258577153,2013-11-25
22.45,35.99,0.0,3.9596577474989743,2013-11-26
23.4,37.11,0.0,5.743401290812949,2013-11-27
20.82,37.35,0.0,8.97296831282373,2013-11-28
19.95,36.83,0.0,9.00090694527585,2013-11-29
19.66,35.42,0.0,7.3035728140127825,2013-11-30
18.26,35.68,0.0,6.186283663011007,2013-12-01
19.19,36.15,0.0,6.35774410240148,2013-12-02
19.62,36.82,0.0,7.221474045191419,2013-12-03
20.42,35.47,0.0,8.222360328807794,2013-12-04
19.09,34.53,0.0,7.8711081086221455,2013-12-05
16.56,32.61,0.0,7.034814877775713,2013-12-06
14.6,32.58,0.0,6.0730949493679205,2013-12-07
15.45,33.05,0.0,6.312516021847169,2013-12-08
16.24,33.26,0.0,6.416095102574638,2013-12-09
17.45,33.87,0.0,6.58194060941125,2013-12-10
18.71,35.58,0.0,6.337161808843291,2013-12-11
19.84,36.07,0.0,6.617565012486309,2013-12-12
21.14,33.29,0.0,7.70659200695987,2013-12-13
18.93,31.44,0.0,8.086647774309426,2013-12-14
15.65,26.76,0.0,7.452729163916349,2013-12-15
15.09,28.37,0.0,7.369193312732728,2013-12-16
14.14,28.07,0.0,6.786236037014246,2013-12-17
13.53,28.38,0.0,6.817250563592892,2013-12-18
13.89,29.31,0.0,6.5940704156823955,2013-12-19
13.12,30.4,0.0,6.310857775426633,2013-12-20
13.81,31.4,0.0,5.814035861734013,2013-12-21
16.22,31.63,0.0,6.986266794607905,2013-12-22
16.12,31.21,0.0,7.699795079841484,2013-12-23
15.87,33.56,0.0,7.841780969909104,2013-12-24
16.74,34.91,0.0,7.486390817199947,2013-12-25
17.7,35.41,0.0,7.664455907344854,2013-12-26
17.61,34.6,0.0,7.440368208819691,2013-12-27
17.15,35.37,0.0,6.763364994780471,2013-12-28
18.33,35.42,0.0,7.001973914134945,2013-12-29
17.95,35.26,0.0,7.028944959612014,2013-12-30
17.72,34.65,0.0,7.059369729608077,2013-12-31
16.68,33.92,0.0,7.890942014539878,2014-01-01
16.16,32.74,0.0,8.080661661684102,2014-01-02
17.95,30.84,0.0,7.6719904664497705,2014-01-03
16.79,31.06,0.0,7.287470355703917,2014-01-04
16.95,31.21,0.0,7.4251664920945215,2014-01-05
17.14,31.37,0.0,7.68562379360059,2014-01-06
17.3,31.58,0.0,7.139338839881973,2014-01-07
16.6,32.5,0.0,7.657794185670346,2014-01-08
16.76,32.79,0.0,7.915416510473348,2014-01-09
16.34,32.23,0.0,7.790959434709247,2014-01-10
16.48,31.49,0.0,7.559380856527162,2014-01-11
15.2,30.59,0.0,7.449153462837403,2014-01-12
14.79,31.69,0.0,7.016066146963045,2014-01-13
13.78,32.81,0.0,6.09654958876263,2014-01-14
15.76,33.71,0.0,5.858309328583076,2014-01-15
15.84,35.05,0.0,6.994552172355059,2014-01-16
17.46,36.0,0.0,7.787876484643829,2014-01-17
18.42,35.75,1.19,7.1423979613208415,2014-01-18
22.35,34.65,0.09,7.202679679993626,2014-01-19
20.5,34.34,0.01,8.123131556195625,2014-01-20
20.75,34.28,0.0,8.210882872506934,2014-01-21
20.47,34.75,0.0,8.801061987799653,2014-01-22
17.32,35.77,0.0,7.567883909148301,2014-01-23
19.25,35.96,0.0,7.486259628393974,2014-01-24
18.43,36.38,0.0,9.10289737533512,2014-01-25
18.13,35.41,0.0,7.76974476615147,2014-01-26
18.91,35.66,0.0,8.052758703565955,2014-01-27
17.7,34.92,0.0,6.5832533775346604,2014-01-28
18.78,36.55,0.0,6.556636002884187,2014-01-29
19.84,36.2,0.0,7.34272022935683,2014-01-30
19.97,32.76,0.0,7.808024059553269,2014-01-31
15.56,29.06,0.0,8.8846443613695,2014-02-01
12.94,28.16,0.0,7.728428976556009,2014-02-02
14.29,32.22,0.06,7.3808960119097025,2014-02-03
18.86,30.8,0.1,7.523690610296467,2014-02-04
19.56,31.52,0.12,6.349960604924505,2014-02-05
21.4,33.14,0.04,7.938804943300021,2014-02-06
19.52,35.41,0.0,7.9307797052409645,2014-02-07
19.01,36.0,0.0,8.841816164466412,2014-02-08
19.36,35.47,0.0,9.154620745794116,2014-02-09
18.72,34.97,0.0,7.790772056660825,2014-02-10
17.8,35.26,0.0,8.962080452963828,2014-02-11
19.47,34.92,0.0,9.662404999717216,2014-02-12
16.77,35.23,0.0,10.03943507056106,2014-02-13
16.59,33.74,0.0,10.171914593026518,2014-02-14
16.41,33.49,0.0,9.082288007245253,2014-02-15
15.66,34.02,0.0,8.306660610601496,2014-02-16
19.53,36.01,0.0,8.50202807394491,2014-02-17
20.81,36.56,0.0,8.152352338353078,2014-02-18
19.28,36.16,0.0,6.850248525669103,2014-02-19
20.49,34.43,0.0,8.494553505716985,2014-02-20
17.31,35.05,0.0,8.36448555505148,2014-02-21
19.03,36.85,0.0,8.01762097597994,2014-02-22
20.83,38.71,0.0,8.05603581988899,2014-02-23
21.3,38.72,0.0,8.570517832023773,2014-02-24
21.13,38.57,0.0,8.04644259067472,2014-02-25
21.42,38.97,0.0,8.581210823248966,2014-02-26
21.78,39.06,0.0,7.2993460578003155,2014-02-27
20.11,32.57,0.0,9.099960403221079,2014-02-28
16.57,32.98,0.0,8.498475030481735,2014-03-01
15.12,33.12,0.0,8.08633068285207,2014-03-02
15.74,34.9,0.0,7.957011774000032,2014-03-03
17.06,36.38,0.0,7.62435626394573,2014-03-04
18.3,38.08,0.0,7.643547926201591,2014-03-05
19.33,38.53,0.0,8.522618979950733,2014-03-06
18.54,38.85,0.0,8.9257544059279,2014-03-07
18.09,37.31,0.0,10.47092765529103,2014-03-08
17.51,37.23,0.0,8.545873708926745,2014-03-09
18.01,37.21,0.0,9.795698938625566,2014-03-10
18.73,37.97,0.0,9.354246190419056,2014-03-11
22.35,37.71,0.02,10.030595808721282,2014-03-12
20.73,39.55,0.0,8.486737366923318,2014-03-13
22.31,40.11,0.0,8.672212117449224,2014-03-14
22.76,40.64,0.0,9.073248557178292,2014-03-15
22.75,40.77,0.0,11.789397110799312,2014-03-16
23.41,40.99,0.0,10.558446591629538,2014-03-17
24.28,40.02,0.0,8.853842274932742,2014-03-18
28.06,40.89,0.0,7.647263477136965,2014-03-19
25.09,41.34,0.0,9.692688297801675,2014-03-20
26.93,40.76,0.01,7.895069577585951,2014-03-21
24.33,40.35,0.0,9.097850364291064,2014-03-22
21.98,39.1,0.0,7.878032309335666,2014-03-23
22.73,39.49,0.0,8.530887375932503,2014-03-24
22.84,36.97,0.0,7.061651405329307,2014-03-25
24.12,40.37,0.0,7.763748683049368,2014-03-26
25.5,40.51,0.0,9.10136446005795,2014-03-27
24.23,39.54,0.0,8.483443713100929,2014-03-28
24.72,39.84,0.01,6.35272102002134,2014-03-29
25.59,41.48,0.02,8.804901243285624,2014-03-30
24.86,41.55,0.0,8.941707645338287,2014-03-31
24.29,41.79,0.0,8.867612616135306,2014-04-01
23.53,42.68,0.0,10.560378416291492,2014-04-02
24.47,42.42,0.0,10.664622696972101,2014-04-03
25.96,42.32,0.0,9.494966200610621,2014-04-04
26.69,40.5,0.0,6.401571957452338,2014-04-05
26.26,40.25,0.0,8.745120850046678,2014-04-06
27.6,40.63,0.0,9.571893233297892,2014-04-07
25.6,39.85,0.0,8.106406276906178,2014-04-08
26.92,40.57,0.0,8.640024192309767,2014-04-09
23.67,40.57,0.0,7.2164767640350265,2014-04-10
24.54,40.76,0.0,7.905809261148849,2014-04-11
25.15,41.4,0.0,6.935319599999476,2014-04-12
29.49,41.41,0.0,8.052932894877747,2014-04-13
27.67,42.5,0.0,8.51213345131192,2014-04-14
28.13,42.0,0.0,9.50724890960523,2014-04-15
27.4,43.14,0.0,9.115114969516286,2014-04-16
27.06,42.85,0.0,5.744833200640924,2014-04-17
24.82,42.05,0.0,9.375508590059102,2014-04-18
28.27,42.09,0.0,9.74944980360704,2014-04-19
29.37,41.89,0.0,8.696105630581966,2014-04-20
29.97,42.69,0.18,9.066550247977311,2014-04-21
29.85,42.24,0.12,8.320618130504526,2014-04-22
30.22,42.19,0.12,8.18383258574039,2014-04-23
31.07,42.25,0.15,9.379357830052006,2014-04-24
30.06,38.73,0.07,9.092400628747818,2014-04-25
29.2,39.88,0.98,10.389912798744614,2014-04-26
27.34,39.66,0.25,9.4023192308469,2014-04-27
28.34,40.99,0.15,9.746073331635344,2014-04-28
27.76,37.41,0.71,7.688249848961139,2014-04-29
28.09,40.12,0.8,7.881396266964439,2014-04-30
27.76,38.72,0.13,8.17288990398459,2014-05-01
28.11,41.29,0.96,8.58259114462196,2014-05-02
29.05,41.48,2.34,9.592525546819308,2014-05-03
28.35,39.25,1.41,8.313837007499075,2014-05-04
28.05,39.87,2.63,8.259765643867398,2014-05-05
28.98,35.73,0.69,7.557372676370906,2014-05-06
26.81,36.45,0.52,7.418213454145414,2014-05-07
27.97,35.77,0.47,5.9664087362462865,2014-05-08
27.15,38.73,0.45,7.987310732724232,2014-05-09
28.09,36.66,0.38,7.871039265730013,2014-05-10
26.69,39.05,0.0,7.212902929411139,2014-05-11
29.97,41.0,0.0,5.815959285277216,2014-05-12
29.14,39.88,1.02,7.909877491434291,2014-05-13
30.34,39.33,1.01,8.431161224673128,2014-05-14
28.17,39.44,0.26,7.768836850407451,2014-05-15
26.91,39.64,4.05,7.1061590203822025,2014-05-16
27.61,37.8,6.39,7.907739581694504,2014-05-17
27.62,35.38,7.51,6.938099647366544,2014-05-18
27.81,38.93,0.0,8.530229852489022,2014-05-19
28.26,40.23,0.0,10.28674512806981,2014-05-20
28.68,42.66,0.0,6.7851377672618085,2014-05-21
27.29,41.32,1.46,8.262945748626166,2014-05-22
28.92,41.33,1.32,9.001109259960026,2014-05-23
28.97,41.64,1.35,8.722461909847912,2014-05-24
29.2,39.34,0.83,7.872715655752813,2014-05-25
29.14,41.81,0.0,7.148559494342391,2014-05-26
30.42,42.85,0.5,9.204247422596755,2014-05-27
29.42,41.29,0.68,10.05394554060685,2014-05-28
29.13,35.27,1.14,8.17184311683913,2014-05-29
28.02,38.58,0.73,7.823958168434599,2014-05-30
28.11,41.46,1.2,8.034649351360134,2014-05-31
27.01,41.29,1.62,8.754496986528931,2014-06-01
28.99,41.47,0.24,8.597608644298509,2014-06-02
28.81,40.78,1.71,7.354656372109096,2014-06-03
28.42,40.04,2.14,8.83216919659307,2014-06-04
28.67,37.75,1.63,8.254453510863407,2014-06-05
27.44,35.0,1.91,6.217293240947989,2014-06-06
27.32,39.76,0.87,8.074756311908425,2014-06-07
27.02,39.87,1.27,8.606451725772915,2014-06-08
28.23,38.54,0.45,8.82250920262365,2014-06-09
27.9,34.93,2.24,7.81215951934396,2014-06-10
27.01,35.19,0.34,6.751489824185511,2014-06-11
27.02,38.81,0.73,6.927226299712407,2014-06-12
27.78,39.84,0.4,6.951128621654238,2014-06-13
27.91,39.35,2.44,9.092605965271588,2014-06-14
27.69,38.36,2.43,7.903173912367693,2014-06-15
27.14,40.19,1.34,8.475840840328022,2014-06-16
27.14,36.53,0.07,7.238241519563671,2014-06-17
27.05,39.26,1.49,7.910115569825198,2014-06-18
26.89,39.89,1.11,7.786022322348208,2014-06-19
27.41,40.07,3.68,8.99163153180462,2014-06-20
28.06,37.5,4.78,8.41968498000158,2014-06-21
28.21,36.52,1.96,6.815403118922517,2014-06-22
26.93,38.65,2.52,7.345842101876135,2014-06-23
26.61,37.4,3.87,8.082885853931604,2014-06-24
27.06,36.32,2.14,8.424426540424463,2014-06-25
26.85,37.63,1.4,8.103726697088641,2014-06-26
26.44,36.44,7.42,6.09024416690685,2014-06-27
26.37,37.46,0.25,7.980485163574057,2014-06-28
27.23,36.62,3.01,7.351354879146517,2014-06-29
25.39,37.73,3.68,7.412826951351928,2014-06-30
26.43,38.15,3.38,7.983189734972385,2014-07-01
27.08,35.39,5.17,7.077859646912107,2014-07-02
26.7,33.96,3.47,5.426445307657624,2014-07-03
26.2,35.79,6.03,7.307770654852439,2014-07-04
24.86,36.2,5.57,8.040563364124429,2014-07-05
24.98,35.08,6.41,7.485189871421411,2014-07-06
25.35,30.59,7.61,5.62158072083099,2014-07-07
24.34,31.9,3.4,5.867637425414102,2014-07-08
23.99,35.27,3.85,4.842190196851038,2014-07-09
25.08,37.86,1.59,7.008831134240682,2014-07-10
25.6,38.37,3.1,8.20794545421589,2014-07-11
26.11,38.2,3.37,7.961856660835092,2014-07-12
26.36,35.01,1.58,5.788923340517951,2014-07-13
25.54,36.99,2.4,6.586190234546282,2014-07-14
26.53,38.81,2.17,6.981893018329875,2014-07-15
28.02,40.59,2.92,8.777440970171059,2014-07-16
26.74,33.32,2.48,6.9737270308531665,2014-07-17
25.45,35.17,2.77,6.857657508756687,2014-07-18
25.52,35.51,0.05,5.801610426835058,2014-07-19
26.41,38.03,2.14,8.287956561523902,2014-07-20
26.44,35.14,6.85,6.968440848500849,2014-07-21
25.96,32.34,7.29,3.9860036798707488,2014-07-22
25.6,31.28,1.09,5.475867024019622,2014-07-23
24.24,35.59,2.4,6.570017295603791,2014-07-24
25.01,36.33,0.4,7.293113119994645,2014-07-25
25.49,37.95,0.09,6.033178420306713,2014-07-26
25.62,38.95,0.01,6.63594638516054,2014-07-27
25.78,39.26,0.25,8.044326487618171,2014-07-28
26.44,37.35,0.62,7.2720020979965065,2014-07-29
25.9,33.85,11.91,6.547854627569205,2014-07-30
25.43,34.37,5.12,5.138253950630888,2014-07-31
25.52,33.29,18.76,5.184056611667606,2014-08-01
23.76,26.12,32.25,1.5977349457251444,2014-08-02
23.09,30.52,4.28,4.745415209815329,2014-08-03
23.44,32.65,5.18,5.513690330109347,2014-08-04
24.06,33.13,3.09,4.932049488175623,2014-08-05
24.23,32.49,1.08,5.941392299571631,2014-08-06
23.77,33.26,2.28,5.609494625666848,2014-08-07
23.27,33.74,5.05,5.861630814665319,2014-08-08
23.75,29.87,17.65,2.3223808479390877,2014-08-09
23.33,30.35,6.44,4.994488335228098,2014-08-10
23.25,32.81,7.17,5.590647850093099,2014-08-11
23.83,30.08,13.56,3.724086210016812,2014-08-12
22.92,31.26,2.35,4.589792956635456,2014-08-13
23.0,31.78,3.32,4.627583338198084,2014-08-14
24.44,32.38,4.15,4.616117201936269,2014-08-15
24.62,29.23,5.69,3.8644589602116657,2014-08-16
23.41,31.27,1.02,4.896496172782766,2014-08-17
23.54,30.41,5.33,4.06636077329549,2014-08-18
23.45,32.3,9.61,5.48969799460514,2014-08-19
23.39,33.52,0.64,5.797502624479604,2014-08-20
23.43,31.17,8.62,4.93838723854909,2014-08-21
22.76,31.05,7.34,3.696927645105192,2014-08-22
23.31,27.77,14.35,4.004711810142567,2014-08-23
23.01,29.48,0.89,5.076756620574562,2014-08-24
23.92,35.09,0.42,5.5973959459169915,2014-08-25
23.73,35.17,1.66,6.247544405316639,2014-08-26
23.49,33.27,0.64,5.840343716408551,2014-08-27
23.1,34.96,0.38,5.841134899852968,2014-08-28
24.26,39.09,0.25,7.67503980806334,2014-08-29
25.24,31.63,3.82,5.70325570547909,2014-08-30
23.76,31.28,0.31,4.455785780624944,2014-08-31
24.32,33.35,3.73,4.992095341412093,2014-09-01
23.44,30.53,1.38,4.89549305172296,2014-09-02
23.8,32.75,1.0,6.131674271736173,2014-09-03
23.25,34.49,4.2,5.557074612751208,2014-09-04
24.41,31.05,7.26,4.813541988174622,2014-09-05
23.33,30.14,4.22,4.503838548057426,2014-09-06
22.75,32.61,2.83,5.5152254710773825,2014-09-07
23.04,30.78,3.41,4.441181835380223,2014-09-08
24.15,29.72,4.7,4.091228915219433,2014-09-09
22.98,31.38,2.89,4.339227284857458,2014-09-10
22.16,33.56,0.69,5.450442242780604,2014-09-11
23.75,34.95,1.87,4.771315036127317,2014-09-12
23.57,33.96,4.19,5.953399849787779,2014-09-13
24.3,32.19,3.33,4.491245292903012,2014-09-14
22.59,31.95,4.08,5.06503878960016,2014-09-15
23.31,33.32,7.91,4.283169419980537,2014-09-16
22.57,32.26,4.8,5.433175553955528,2014-09-17
22.58,32.8,0.77,5.380048096962892,2014-09-18
21.29,33.26,0.79,5.734409337751324,2014-09-19
22.98,36.34,0.88,6.2391327476899985,2014-09-20
24.56,33.91,0.89,5.501627543158392,2014-09-21
23.19,36.06,0.5,5.920029098437401,2014-09-22
23.77,34.29,8.31,5.280998148253045,2014-09-23
23.74,35.0,5.96,5.59004754619642,2014-09-24
23.45,33.72,1.91,5.8405870093281855,2014-09-25
23.56,35.83,1.26,6.361137643311148,2014-09-26
23.83,31.81,1.8,4.738310229930251,2014-09-27
23.61,34.69,2.62,6.072329733559226,2014-09-28
23.36,34.83,3.32,6.076489499358133,2014-09-29
24.38,30.33,2.21,4.30161389538522,2014-09-30
23.26,28.88,6.47,3.6138390911321485,2014-10-01
22.87,31.04,1.61,4.3278259053915695,2014-10-02
22.58,34.99,0.39,5.363606838842382,2014-10-03
22.79,36.64,0.46,6.085157095019939,2014-10-04
22.32,36.4,0.36,6.205955172735121,2014-10-05
24.21,36.07,0.14,5.893872423892773,2014-10-06
22.76,37.48,0.28,5.9742352662356275,2014-10-07
23.93,37.84,0.0,6.3988563471974,2014-10-08
21.97,38.53,0.0,6.12225974177858,2014-10-09
21.46,39.26,0.0,6.693486168472125,2014-10-10
22.39,36.73,0.0,6.497677432043693,2014-10-11
25.0,36.53,0.0,6.14306827245121,2014-10-12
23.66,35.57,0.01,5.792905644921438,2014-10-13
23.51,37.06,0.0,6.259811976253519,2014-10-14
23.24,37.52,0.0,5.78321036564202,2014-10-15
25.01,38.8,0.0,6.259700371184531,2014-10-16
23.91,38.79,0.0,5.467972386446906,2014-10-17
23.35,37.91,0.21,6.4395943830333735,2014-10-18
25.72,36.68,2.79,6.911729974132408,2014-10-19
23.51,37.24,1.08,5.924486767065415,2014-10-20
23.08,37.27,0.94,6.869022298122968,2014-10-21
19.24,36.86,0.0,7.047527082662229,2014-10-22
20.57,36.95,0.0,6.0268145728851525,2014-10-23
21.99,37.66,0.0,6.26513821936776,2014-10-24
22.64,38.76,0.0,7.761226981477863,2014-10-25
21.6,38.66,0.0,6.8745342766110875,2014-10-26
23.1,38.26,0.0,5.709432375240189,2014-10-27
24.36,38.81,0.0,6.358240897309096,2014-10-28
22.2,38.24,0.0,5.6405046524957845,2014-10-29
22.5,37.89,0.0,5.603274558139063,2014-10-30
23.63,38.13,0.0,5.941463672894379,2014-10-31
22.2,38.17,0.0,5.777238298324937,2014-11-01
22.77,37.86,0.06,5.133723419285771,2014-11-02
24.28,36.75,0.4,5.7175845975721815,2014-11-03
26.95,37.93,0.39,4.7136321127297345,2014-11-04
26.58,37.8,0.13,6.812332508841083,2014-11-05
23.65,35.81,0.0,6.874710977763443,2014-11-06
22.72,38.18,0.0,7.591374714577638,2014-11-07
21.24,37.99,0.0,7.643793048080555,2014-11-08
21.77,38.57,0.0,6.645492775310605,2014-11-09
20.81,38.82,0.0,5.654780145467261,2014-11-10
22.95,38.44,0.0,5.818409212670139,2014-11-11
25.58,38.0,0.0,5.959209883564107,2014-11-12
21.49,34.75,0.0,6.294286314378166,2014-11-13
20.84,37.44,0.0,6.4732177935432995,2014-11-14
19.97,37.53,0.0,6.51347691072752,2014-11-15
18.58,37.33,0.0,6.722735450176983,2014-11-16
19.42,37.66,0.0,6.942962073661359,2014-11-17
21.32,36.95,0.0,5.769374705504523,2014-11-18
21.61,36.56,0.0,6.75379843656764,2014-11-19
20.13,36.31,0.0,7.614603274357704,2014-11-20
18.35,36.01,0.0,8.13428671227311,2014-11-21
16.94,35.0,0.0,7.624049627650086,2014-11-22
17.49,35.33,0.0,7.56237082094339,2014-11-23
18.75,35.03,0.0,7.049703673085608,2014-11-24
17.73,35.12,0.0,6.9724352233701525,2014-11-25
18.49,34.63,0.0,6.491770227841844,2014-11-26
18.53,35.13,0.0,5.765003927375046,2014-11-27
18.98,35.89,0.0,6.3585000135609935,2014-11-28
20.72,33.65,0.0,6.533441977073232,2014-11-29
18.06,36.09,0.0,5.931275316345166,2014-11-30
19.18,34.82,0.0,5.384183810722252,2014-12-01
18.66,36.1,0.0,6.956503142100945,2014-12-02
17.92,35.8,0.0,7.273082112227712,2014-12-03
17.17,34.53,0.0,7.582475720787919,2014-12-04
16.08,35.64,0.0,6.9559263163877585,2014-12-05
16.98,36.29,0.0,7.216869628516052,2014-12-06
17.9,36.07,0.0,7.842357791737596,2014-12-07
15.85,35.47,0.0,7.320696008982025,2014-12-08
16.63,35.61,0.0,7.27916935312672,2014-12-09
16.0,35.28,0.0,6.879322063719514,2014-12-10
15.76,30.77,0.0,8.121091646717668,2014-12-11
12.88,32.54,0.0,6.779638756729421,2014-12-12
14.79,32.16,0.0,7.483731225876347,2014-12-13
20.22,31.67,0.0,6.781225719727852,2014-12-14
18.94,35.04,0.0,6.864033757514452,2014-12-15
19.62,35.11,0.0,6.075853376940332,2014-12-16
19.98,35.38,0.0,6.051605571241325,2014-12-17
19.53,34.9,0.0,6.470914477428205,2014-12-18
19.32,33.1,0.0,8.445540882499643,2014-12-19
17.23,33.86,0.0,7.197540614084545,2014-12-20
17.57,34.05,0.0,7.377735654208039,2014-12-21
17.99,33.5,0.0,7.788901994324473,2014-12-22
17.3,31.85,0.0,7.6974188643647805,2014-12-23
15.44,30.81,0.0,7.311084555020576,2014-12-24
14.07,29.55,0.0,6.735730206611289,2014-12-25
13.5,28.95,0.0,6.782738753558319,2014-12-26
13.16,29.04,0.0,6.35517631006688,2014-12-27
12.95,29.96,0.0,6.331843831027188,2014-12-28
13.62,30.37,0.0,7.009389604656883,2014-12-29
13.18,29.82,0.0,7.082314501059503,2014-12-30
12.68,29.17,0.0,7.563708635470009,2014-12-31
11.72,29.92,0.0,7.518403706945069,2015-01-01
12.84,29.13,0.0,7.656380378149491,2015-01-02
13.54,28.7,0.0,7.985251337659892,2015-01-03
13.12,28.04,0.0,7.4934252814769815,2015-01-04
12.24,27.6,0.0,7.030342713742627,2015-01-05
11.39,27.71,0.0,6.907398191184957,2015-01-06
12.04,28.4,0.0,7.615367724886289,2015-01-07
12.09,27.57,0.0,7.181424424078803,2015-01-08
13.38,27.16,0.0,7.642712531837892,2015-01-09
12.5,27.04,0.0,8.026489799204237,2015-01-10
12.62,27.04,0.0,7.590990337605701,2015-01-11
12.54,26.06,0.0,7.386225279297078,2015-01-12
10.5,26.27,0.0,7.354955825389559,2015-01-13
11.72,29.12,0.0,7.583780913922836,2015-01-14
12.38,29.52,0.0,7.309079524868969,2015-01-15
12.9,29.76,0.0,7.385586951670126,2015-01-16
13.27,30.58,0.0,6.461573259531479,2015-01-17
13.45,31.36,0.0,6.336390946539562,2015-01-18
14.37,32.24,0.0,5.605095046178643,2015-01-19
14.59,32.83,0.0,5.715663125853544,2015-01-20
16.62,35.54,0.0,6.141566849695634,2015-01-21
17.86,35.13,0.0,7.561765220728341,2015-01-22
18.74,35.89,0.0,7.648732658897172,2015-01-23
17.57,35.55,0.0,7.260987601786102,2015-01-24
17.03,34.88,0.0,7.624397024335787,2015-01-25
16.85,34.68,0.0,8.377211731696773,2015-01-26
16.89,33.53,0.0,9.220537958250848,2015-01-27
15.71,32.79,0.0,9.283528824061356,2015-01-28
14.62,32.37,0.0,7.967180685008152,2015-01-29
14.94,33.06,0.0,7.200828560524611,2015-01-30
16.81,34.86,0.0,6.6785787545739606,2015-01-31
16.76,36.71,0.0,7.238913280900026,2015-02-01
17.96,37.51,0.0,7.542459010279063,2015-02-02
18.49,38.3,0.0,7.135169201176572,2015-02-03
20.3,39.16,0.0,7.267047750762926,2015-02-04
20.25,39.14,0.0,6.82130320559595,2015-02-05
20.47,39.0,0.0,7.925966405575773,2015-02-06
20.2,39.47,0.0,8.588703067851315,2015-02-07
20.21,40.2,0.0,9.869955032524366,2015-02-08
20.93,39.98,0.0,10.111416220592249,2015-02-09
20.88,39.54,0.0,9.505535474660224,2015-02-10
19.37,39.5,0.0,9.604974027050439,2015-02-11
22.88,38.7,0.0,11.030757005852287,2015-02-12
22.34,38.49,0.0,9.418886077718756,2015-02-13
20.37,38.89,0.0,7.818871466289549,2015-02-14
21.52,38.29,0.0,7.045262355185991,2015-02-15
20.39,36.57,0.0,8.424051796997922,2015-02-16
18.9,35.84,0.0,7.910763350890854,2015-02-17
19.07,37.26,0.0,6.6139924084434485,2015-02-18
20.9,37.89,0.01,6.1306468745103855,2015-02-19
25.18,34.54,0.09,5.447688222931574,2015-02-20
20.56,26.73,2.33,4.624577119472053,2015-02-21
21.22,29.84,0.0,5.316413612096828,2015-02-22
18.42,32.24,0.0,8.919305838149771,2015-02-23
16.26,33.58,0.0,9.184161692382908,2015-02-24
15.13,33.96,0.0,8.12511165672787,2015-02-25
15.29,32.68,0.0,9.519887965729763,2015-02-26
15.75,32.43,0.0,9.82961812037347,2015-02-27
15.05,33.73,0.0,8.939205846221931,2015-02-28
17.57,33.99,0.0,10.058352096768955,2015-03-01
16.55,34.7,0.0,9.134901664998226,2015-03-02
16.55,35.69,0.0,10.05781118100953,2015-03-03
18.66,35.82,0.0,9.734458038315212,2015-03-04
19.68,36.82,0.0,8.598837226447527,2015-03-05
20.2,37.0,0.0,8.902067783493822,2015-03-06
18.93,37.98,0.0,8.326271991269167,2015-03-07
18.55,38.83,0.0,8.489880780550736,2015-03-08
19.43,39.3,0.0,8.854520614673214,2015-03-09
20.06,39.46,0.0,9.786932687228127,2015-03-10
21.18,39.78,0.0,10.997414509226978,2015-03-11
22.04,36.94,0.0,10.709571702845599,2015-03-12
21.23,38.11,0.0,10.144528794227064,2015-03-13
22.28,38.49,0.0,8.733072899921902,2015-03-14
23.38,39.19,0.0,8.643799983031602,2015-03-15
25.15,39.09,0.0,6.707697222769513,2015-03-16
26.56,38.5,0.0,10.732190464859743,2015-03-17
27.59,35.89,0.0,8.14045196781412,2015-03-18
26.35,37.59,0.0,8.480178656544734,2015-03-19
24.05,38.37,0.0,10.363360060780545,2015-03-20
24.56,40.56,0.0,6.70431352184353,2015-03-21
28.04,40.69,0.18,5.77169681403462,2015-03-22
27.86,39.56,0.14,7.835923128117154,2015-03-23
28.39,39.41,0.01,8.413227979607285,2015-03-24
24.76,38.58,0.77,7.101199223828348,2015-03-25
23.93,37.95,0.45,7.7191258917249765,2015-03-26
24.39,38.6,0.0,11.334664478256101,2015-03-27
20.92,36.89,0.0,9.959610063271523,2015-03-28
18.41,37.13,0.0,8.35014173508414,2015-03-29
19.01,37.02,0.0,9.240825127053778,2015-03-30
19.91,37.61,0.0,10.61484928214025,2015-03-31
23.8,37.54,0.0,8.835051479507182,2015-04-01
22.58,37.37,0.0,9.92259513932393,2015-04-02
21.36,39.08,0.0,10.3427360006873,2015-04-03
23.4,39.74,0.0,7.680123618842128,2015-04-04
24.08,40.7,0.0,7.214961141057781,2015-04-05
26.54,38.14,0.0,6.947938732275201,2015-04-06
28.49,42.01,0.0,8.230892045189547,2015-04-07
25.94,42.99,0.0,10.343279008545716,2015-04-08
24.82,42.57,0.0,10.641347627185736,2015-04-09
22.87,41.7,0.0,10.292964795001488,2015-04-10
26.12,38.42,0.0,10.127077828949913,2015-04-11
25.44,38.47,0.0,10.43799334625643,2015-04-12
24.1,37.38,0.0,11.24716830787112,2015-04-13
20.91,38.64,0.0,11.74848757211327,2015-04-14
19.51,38.59,0.0,11.792315272728374,2015-04-15
20.31,38.18,0.0,11.677831083184257,2015-04-16
20.54,37.74,0.0,10.961452028991772,2015-04-17
20.91,38.01,0.0,9.695918786068887,2015-04-18
23.36,39.61,0.0,9.155272572557143,2015-04-19
23.21,40.28,0.0,9.436547722175245,2015-04-20
22.7,40.88,0.0,9.952195650366745,2015-04-21
21.45,41.62,0.0,10.326693455611847,2015-04-22
21.74,41.91,0.0,9.611514811177987,2015-04-23
23.56,40.61,0.0,9.657694811735688,2015-04-24
25.26,39.85,0.0,9.38416375306694,2015-04-25
24.68,40.34,0.0,9.040431641543012,2015-04-26
22.96,39.78,0.0,8.988659485671615,2015-04-27
22.74,39.27,0.0,9.218557395093764,2015-04-28
22.5,41.55,0.0,10.468283432761798,2015-04-29
25.43,42.44,0.0,8.638525951082139,2015-04-30
27.7,42.0,0.0,7.0604160429951,2015-05-01
30.7,42.96,0.0,8.068974413186018,2015-05-02
28.1,41.8,0.0,7.011248295076897,2015-05-03
27.36,41.23,0.0,6.870585178563949,2015-05-04
28.65,40.0,0.4,8.79272030662824,2015-05-05
27.81,41.61,0.0,8.10593220554431,2015-05-06
26.93,43.44,0.0,8.184979613500051,2015-05-07
26.65,43.16,0.0,8.126309480206023,2015-05-08
28.06,41.89,0.39,10.28492858725769,2015-05-09
28.31,41.31,1.79,9.9779102206276,2015-05-10
28.46,40.27,0.01,9.349947887240674,2015-05-11
27.75,42.69,0.0,8.593596002649518,2015-05-12
26.44,42.76,0.0,9.459716677478017,2015-05-13
26.54,41.98,0.0,9.279981094553598,2015-05-14
29.04,36.06,0.23,7.837947390061569,2015-05-15
26.32,40.2,0.01,8.040440360424709,2015-05-16
28.71,41.59,0.0,9.056919484408882,2015-05-17
29.82,43.01,0.0,8.191809173924229,2015-05-18
29.15,38.0,0.06,9.049905764903421,2015-05-19
29.4,40.01,0.0,9.379072112088963,2015-05-20
29.59,43.63,0.02,9.012469432175488,2015-05-21
29.19,42.79,0.0,10.58490480571384,2015-05-22
29.14,40.94,0.49,11.13631593780005,2015-05-23
28.21,36.08,2.39,8.723257648816219,2015-05-24
26.18,41.0,0.16,8.204954350773185,2015-05-25
29.7,42.98,0.0,8.142112618811751,2015-05-26
29.62,42.54,0.0,9.187512054367678,2015-05-27
28.92,41.37,0.05,9.386253314297607,2015-05-28
29.07,42.24,0.0,9.366720668293304,2015-05-29
29.46,43.24,0.0,9.08299386072103,2015-05-30
28.96,43.73,0.0,9.411413455835234,2015-05-31
29.21,40.7,0.27,9.990593234442198,2015-06-01
28.99,39.08,5.94,8.69869484449443,2015-06-02
25.89,29.69,55.21,3.8913543394316377,2015-06-03
24.49,36.82,0.65,6.35021914945459,2015-06-04
25.48,38.81,0.66,7.565070376558602,2015-06-05
25.98,39.01,0.02,8.651356067436167,2015-06-06
26.92,36.22,0.67,7.687069801133619,2015-06-07
26.87,34.62,1.22,7.184347178995331,2015-06-08
26.14,34.42,1.76,6.4700008307497,2015-06-09
26.8,37.84,0.52,6.976450620394988,2015-06-10
26.76,40.01,0.2,6.962652969683029,2015-06-11
27.06,41.01,0.0,8.689897900317293,2015-06-12
27.38,40.09,0.0,9.065537452664442,2015-06-13
27.41,38.7,1.41,7.9243518139018585,2015-06-14
27.37,37.44,0.4,7.446610415848189,2015-06-15
27.73,38.49,0.34,8.276638773429394,2015-06-16
27.26,40.67,0.0,8.733867238026452,2015-06-17
27.06,40.82,0.0,9.290833491437468,2015-06-18
28.01,39.93,0.15,8.892535537000846,2015-06-19
27.08,39.74,0.72,8.298823662742084,2015-06-20
27.69,40.87,0.0,8.734894525698035,2015-06-21
27.42,40.22,0.0,9.576330208681927,2015-06-22
27.43,40.37,0.04,9.650761937554172,2015-06-23
26.93,38.94,34.14,8.434796445749509,2015-06-24
25.21,34.69,0.75,6.343431817511397,2015-06-25
26.07,35.25,4.68,6.523954397135737,2015-06-26
26.55,36.86,2.84,7.019526244383108,2015-06-27
26.1,38.35,0.09,6.950336245171517,2015-06-28
26.65,38.96,0.03,8.061800070837451,2015-06-29
27.27,39.12,0.77,7.500380360496935,2015-06-30
27.22,40.49,0.02,8.611393177620334,2015-07-01
28.19,40.56,0.0,8.729779623848437,2015-07-02
28.01,38.45,0.04,8.86720711206773,2015-07-03
27.09,37.87,1.17,7.419678235282395,2015-07-04
26.89,35.85,0.12,5.855797699806078,2015-07-05
26.17,38.13,0.0,7.841436290978404,2015-07-06
27.01,37.33,1.11,6.251436437306712,2015-07-07
26.81,35.71,21.09,6.952075911704158,2015-07-08
25.69,32.18,11.84,4.7062203015689,2015-07-09
24.72,36.82,2.93,6.338108111631085,2015-07-10
24.43,35.15,35.92,6.4670830997477635,2015-07-11
25.74,33.55,1.47,6.283903035149354,2015-07-12
24.48,34.42,0.18,6.244784698133456,2015-07-13
24.83,35.55,0.21,7.122944399332344,2015-07-14
24.92,34.85,4.19,5.612116958823948,2015-07-15
23.84,34.23,3.97,6.43350411128716,2015-07-16
24.57,29.39,22.73,2.751733166541078,2015-07-17
24.43,31.6,2.4,5.504072919883746,2015-07-18
24.64,35.32,0.32,6.963168180600252,2015-07-19
25.73,31.95,1.37,5.006681830628004,2015-07-20
24.83,33.0,1.56,5.526273368775196,2015-07-21
23.27,34.36,0.61,6.44334790719798,2015-07-22
24.29,34.78,0.03,4.948102919456626,2015-07-23
24.93,35.59,0.19,6.6433696495355425,2015-07-24
25.37,33.93,2.7,6.177422551519796,2015-07-25
25.45,32.05,10.04,4.922424188564227,2015-07-26
24.64,29.57,31.13,3.625443358396621,2015-07-27
23.24,31.4,2.34,5.432366065142565,2015-07-28
22.53,32.91,5.52,5.574518125946221,2015-07-29
23.75,29.75,9.92,4.466624737728217,2015-07-30
22.68,31.97,6.06,5.643514033418543,2015-07-31
23.56,32.65,5.19,5.269369005175843,2015-08-01
24.36,29.3,26.05,2.7471986166736295,2015-08-02
23.89,29.19,5.02,4.622578294118935,2015-08-03
24.35,28.14,7.96,3.0379551541276673,2015-08-04
23.79,30.04,5.55,4.570624470541095,2015-08-05
23.3,29.4,4.31,4.273153242510758,2015-08-06
23.6,30.27,3.78,4.662958493584509,2015-08-07
23.5,30.44,7.09,4.962412718564629,2015-08-08
23.36,30.83,9.63,4.380654579882174,2015-08-09
24.04,28.45,10.57,3.6432592260400205,2015-08-10
23.39,29.73,2.08,5.042908637263039,2015-08-11
23.73,31.22,7.14,4.702109325319125,2015-08-12
24.43,31.65,0.87,5.144101460779114,2015-08-13
24.8,30.5,1.51,2.222111957654209,2015-08-14
23.87,29.42,2.38,4.211520345033984,2015-08-15
23.92,31.35,1.4,5.14312562249557,2015-08-16
24.36,30.09,13.02,2.609806641735038,2015-08-17
23.43,29.73,9.25,4.858077196451148,2015-08-18
23.72,31.69,3.04,4.118729140221324,2015-08-19
24.63,32.72,2.93,5.431595154124193,2015-08-20
24.44,29.24,15.22,3.5880334141374624,2015-08-21
23.76,29.08,6.73,4.460029975608093,2015-08-22
22.99,32.16,0.46,4.624557806165956,2015-08-23
24.07,31.89,4.58,4.75739188237715,2015-08-24
23.91,28.99,17.53,4.429328826452156,2015-08-25
22.78,29.72,5.13,2.9440253214060954,2015-08-26
22.58,31.83,0.06,5.184749243464758,2015-08-27
22.84,31.7,3.74,5.012983416579863,2015-08-28
23.75,29.29,10.82,4.101138984886523,2015-08-29
23.68,28.8,9.58,3.6638129160162456,2015-08-30
22.72,30.78,2.07,4.801073065588838,2015-08-31
23.59,29.14,6.37,4.307809697378552,2015-09-01
23.31,30.44,1.45,4.725654916728039,2015-09-02
24.02,28.9,24.63,1.8186285012717895,2015-09-03
22.79,29.76,6.59,4.826007695661887,2015-09-04
24.01,33.06,1.8,4.152621693098739,2015-09-05
23.62,32.36,5.6,5.2767952190343275,2015-09-06
23.41,32.04,0.65,4.470282458477448,2015-09-07
24.25,28.72,15.04,3.1595550334055926,2015-09-08
22.91,30.6,0.66,5.010990839584495,2015-09-09
22.77,32.23,1.24,5.09458711494037,2015-09-10
23.07,33.75,0.41,5.3502167576566615,2015-09-11
24.09,32.6,0.65,5.2446676727407215,2015-09-12
24.04,31.41,1.13,4.979992934461337,2015-09-13
24.68,30.11,1.14,4.425931052669812,2015-09-14
24.18,29.33,4.21,4.7718793054659105,2015-09-15
23.13,30.0,2.4,4.4232116552988066,2015-09-16
23.33,30.55,5.68,3.552812756021312,2015-09-17
24.42,29.92,2.7,3.2440611588208297,2015-09-18
23.13,28.69,2.17,3.285368389753312,2015-09-19
23.89,31.17,0.46,4.28445063498738,2015-09-20
24.0,32.0,0.48,5.152144371023459,2015-09-21
23.78,30.51,2.94,4.801670454625286,2015-09-22
23.26,32.38,0.97,5.2991425393841975,2015-09-23
24.41,33.45,0.14,5.432655627545374,2015-09-24
24.13,34.17,1.16,5.656374843375198,2015-09-25
23.88,32.46,1.26,5.050388433981875,2015-09-26
23.64,30.67,1.21,4.93685593827561,2015-09-27
23.08,32.34,0.01,5.036121917655949,2015-09-28
23.47,32.81,1.27,4.645214015522623,2015-09-29
24.11,32.86,2.11,5.198996437852264,2015-09-30
24.02,35.49,0.04,5.4215094195530815,2015-10-01
24.4,35.76,0.01,5.52774376501478,2015-10-02
24.52,33.51,0.39,5.3798015975544144,2015-10-03
24.61,29.66,8.73,4.12189867948051,2015-10-04
24.37,29.68,6.38,3.8724732320133732,2015-10-05
22.72,35.07,0.43,5.117178847241374,2015-10-06
22.36,32.77,1.02,5.108848209578136,2015-10-07
23.5,31.84,3.13,4.906985825995205,2015-10-08
23.44,31.61,1.32,4.873937244462791,2015-10-09
22.37,33.06,0.95,4.828888157004867,2015-10-10
23.22,33.61,1.6,5.016818340131859,2015-10-11
24.34,35.35,0.41,5.894697878935063,2015-10-12
24.85,37.02,0.0,6.451821903291074,2015-10-13
22.86,35.8,0.38,6.0261869538901305,2015-10-14
24.59,35.86,1.91,6.033322671565689,2015-10-15
24.17,36.4,1.25,6.058938846115857,2015-10-16
24.76,36.53,0.02,5.983591372708946,2015-10-17
24.82,37.07,0.08,4.941951397139126,2015-10-18
24.56,37.12,0.0,6.0786296886201745,2015-10-19
23.63,36.87,0.0,5.528851172295107,2015-10-20
25.31,37.49,0.01,5.844558842088498,2015-10-21
23.97,36.56,0.0,5.672461493876317,2015-10-22
24.29,37.04,0.02,6.100491875918278,2015-10-23
23.24,37.71,0.0,6.283795081940365,2015-10-24
24.59,37.8,0.0,6.681840020788258,2015-10-25
24.41,36.52,0.02,6.134899558863265,2015-10-26
25.28,36.41,1.35,5.2405088417058225,2015-10-27
25.07,35.72,0.0,5.210013723017242,2015-10-28
23.73,35.28,0.0,5.821180445686671,2015-10-29
22.14,34.82,0.0,5.39051423606701,2015-10-30
22.73,35.68,0.0,5.6342655847526215,2015-10-31
23.46,35.47,0.0,5.210603950236281,2015-11-01
22.01,36.01,0.0,5.600834905543293,2015-11-02
20.17,35.52,0.0,7.921331056831146,2015-11-03
18.98,34.03,0.0,7.099608512337847,2015-11-04
17.32,33.68,0.0,6.3571468231732,2015-11-05
16.75,33.6,0.0,5.320929478374325,2015-11-06
17.83,33.89,0.0,5.8585637705550875,2015-11-07
20.59,32.49,0.0,4.931032741025724,2015-11-08
20.75,35.21,0.0,6.101732811002794,2015-11-09
20.42,34.89,0.0,6.71446484838522,2015-11-10
21.45,34.64,0.0,7.755657549120209,2015-11-11
19.44,34.41,0.0,7.647354829803251,2015-11-12
18.37,34.35,0.0,7.877318084772363,2015-11-13
18.13,33.83,0.0,7.250478330059201,2015-11-14
17.35,33.48,0.0,6.879925272991594,2015-11-15
17.03,33.71,0.0,6.948910586241583,2015-11-16
17.29,33.52,0.0,6.7015950409821485,2015-11-17
18.16,33.64,0.0,6.8910651364186455,2015-11-18
18.26,33.92,0.0,6.373360139489727,2015-11-19
18.7,33.31,0.0,7.33941982241894,2015-11-20
17.45,32.26,0.0,6.769052797103914,2015-11-21
18.09,33.71,0.0,5.132033745990918,2015-11-22
18.7,34.67,0.0,5.066509642597137,2015-11-23
19.82,35.61,0.0,5.913122670472467,2015-11-24
19.98,33.27,0.0,6.526315947886578,2015-11-25
20.08,35.68,0.0,6.945962290613544,2015-11-26
18.52,35.77,0.0,5.524362569413099,2015-11-27
17.93,35.64,0.0,6.035135080385905,2015-11-28
16.73,35.19,0.0,7.079064729396686,2015-11-29
14.96,34.46,0.0,7.489205616131759,2015-11-30
15.2,33.0,0.0,8.302315169471335,2015-12-01
15.82,28.78,0.0,6.56613720837977,2015-12-02
16.16,29.53,0.0,7.278132634953406,2015-12-03
14.54,29.41,0.0,6.98550536394167,2015-12-04
14.49,29.08,0.0,6.594251262645176,2015-12-05
14.06,29.47,0.0,6.747717582952398,2015-12-06
14.88,28.59,0.0,6.366858992887283,2015-12-07
15.47,28.61,0.0,6.828838002878342,2015-12-08
13.92,29.39,0.0,6.472995016863501,2015-12-09
14.1,30.38,0.0,7.054658869042768,2015-12-10
14.07,30.14,0.0,6.911128916611348,2015-12-11
13.16,29.14,0.0,7.159831916206748,2015-12-12
11.25,28.38,0.0,6.95015643763779,2015-12-13
12.55,28.21,0.0,6.527839578685388,2015-12-14
13.45,30.01,0.0,7.270584682942684,2015-12-15
14.04,30.0,0.0,7.269868997333649,2015-12-16
12.75,28.84,0.0,7.233924903311304,2015-12-17
11.27,28.05,0.0,6.850231637153358,2015-12-18
11.43,27.74,0.0,6.7304005974289804,2015-12-19
11.61,28.08,0.0,6.756178919055955,2015-12-20
13.2,28.26,0.0,6.909649692189725,2015-12-21
15.56,28.19,0.0,7.401343708392681,2015-12-22
14.76,28.5,0.0,7.540355922144536,2015-12-23
13.21,25.82,0.0,6.68456056124927,2015-12-24
12.75,24.73,0.0,5.875847694953112,2015-12-25
11.76,26.6,0.0,6.37090553543749,2015-12-26
11.78,28.07,0.0,6.954989842220073,2015-12-27
11.19,29.42,0.0,6.808766730983888,2015-12-28
11.53,29.91,0.0,7.071799154554274,2015-12-29
12.31,29.24,0.0,6.733431508778145,2015-12-30
12.49,28.73,0.0,6.702293046236916,2015-12-31
13.26,28.34,0.0,6.970416056150499,2016-01-01
13.5,29.06,0.0,7.706630147054545,2016-01-02
13.45,27.48,0.0,6.500234872439817,2016-01-03
14.62,26.72,0.0,6.161071914668918,2016-01-04
14.1,25.83,0.0,5.194720322421169,2016-01-05
13.97,30.48,0.0,6.014743958756234,2016-01-06
15.59,31.94,0.0,7.631848214773607,2016-01-07
17.47,32.19,0.0,7.395316351301855,2016-01-08
18.84,34.93,0.0,7.6883890901092835,2016-01-09
18.26,33.86,0.0,7.48503929493551,2016-01-10
17.61,34.37,0.0,8.26414343843199,2016-01-11
15.72,33.82,0.0,8.653311519217734,2016-01-12
13.74,31.72,0.0,7.700614188474801,2016-01-13
13.66,31.29,0.0,7.24174406117204,2016-01-14
13.54,31.81,0.0,6.989734713649048,2016-01-15
14.28,31.83,0.0,7.003712330653038,2016-01-16
14.34,32.84,0.0,7.602670000040447,2016-01-17
14.32,33.22,0.0,7.81371058626194,2016-01-18
13.98,32.12,0.0,7.598230712128775,2016-01-19
13.43,32.03,0.0,7.818948581695066,2016-01-20
13.78,32.29,0.0,7.838626314683963,2016-01-21
14.3,32.54,0.0,8.187782159492938,2016-01-22
15.76,31.54,0.0,8.41089345250941,2016-01-23
17.54,27.57,0.0,8.145786846331124,2016-01-24
15.45,29.66,0.0,7.349298099407023,2016-01-25
15.79,29.08,0.0,8.062199784252503,2016-01-26
15.33,28.82,0.0,8.252254741632507,2016-01-27
14.34,27.49,0.0,7.2612348769864825,2016-01-28
15.13,26.8,0.0,7.555331144631437,2016-01-29
14.09,28.72,0.0,7.37180393758624,2016-01-30
13.62,29.39,0.0,7.498831470943494,2016-01-31
13.12,29.94,0.0,6.433411759117995,2016-02-01
13.72,31.5,0.0,5.354583190947632,2016-02-02
14.04,32.06,0.0,7.511296305088696,2016-02-03
15.6,31.57,0.0,7.290486789749076,2016-02-04
16.06,32.79,0.0,7.791786845188757,2016-02-05
16.76,32.94,0.0,8.741311552225683,2016-02-06
14.78,31.2,0.0,8.365734854299724,2016-02-07
13.54,32.01,0.0,8.096800045140933,2016-02-08
13.87,31.72,0.0,8.31207318193521,2016-02-09
12.59,31.4,0.0,8.659299230154929,2016-02-10
12.68,31.47,0.0,7.956495199431034,2016-02-11
13.72,31.47,0.0,7.8436450838489105,2016-02-12
12.22,31.97,0.0,7.693173297236863,2016-02-13
12.36,33.68,0.0,7.024820164422119,2016-02-14
18.01,35.29,0.0,6.536118012840717,2016-02-15
20.31,32.02,0.0,6.728058350976503,2016-02-16
20.55,33.29,0.0,6.335258429867336,2016-02-17
20.05,36.54,0.0,9.140094154119026,2016-02-18
18.94,38.61,0.0,8.747695236619478,2016-02-19
21.73,38.3,0.0,10.237721936843126,2016-02-20
19.14,36.66,0.0,9.898335962101916,2016-02-21
20.04,36.99,0.0,10.929696049676375,2016-02-22
17.89,35.75,0.0,9.451313299981829,2016-02-23
16.82,35.64,0.0,8.972393847166444,2016-02-24
16.08,36.26,0.0,7.736398223307283,2016-02-25
17.03,37.1,0.0,6.7062311322853185,2016-02-26
22.19,38.65,0.0,6.403897624458706,2016-02-27
21.59,38.73,0.0,6.52387833632496,2016-02-28
21.05,39.06,0.0,8.15104987757466,2016-02-29
21.37,37.74,0.0,8.695582317146709,2016-03-01
21.42,39.14,0.0,9.495665404799466,2016-03-02
20.62,39.82,0.0,7.624764592638054,2016-03-03
21.23,39.51,0.0,7.524997784692548,2016-03-04
21.95,40.5,0.0,7.331734216625489,2016-03-05
20.94,40.01,0.0,8.146969635321279,2016-03-06
19.82,39.87,0.0,9.570636200851332,2016-03-07
23.27,39.02,0.0,8.642466048977882,2016-03-08
24.94,40.29,0.01,10.16361627280055,2016-03-09
24.55,39.8,0.0,10.187518005276617,2016-03-10
24.63,39.3,0.68,7.636098170093924,2016-03-11
27.64,38.0,0.1,7.458030636919248,2016-03-12
27.82,37.82,0.19,6.204344339282557,2016-03-13
27.23,37.81,5.68,7.45506883515081,2016-03-14
25.74,36.91,0.55,6.398465133740599,2016-03-15
25.34,38.9,0.0,7.026325302322749,2016-03-16
22.27,39.69,0.0,9.153583609805187,2016-03-17
21.54,39.93,0.0,7.854257220650081,2016-03-18
23.08,40.62,0.0,6.83544882220456,2016-03-19
25.24,41.72,0.0,7.369164937203025,2016-03-20
27.41,41.92,0.0,7.950752214359659,2016-03-21
26.3,41.36,0.0,6.042995306192888,2016-03-22
26.3,41.28,0.0,8.870272467703408,2016-03-23
23.96,39.78,0.0,9.032348946485332,2016-03-24
24.6,35.91,0.0,10.181032710010156,2016-03-25
21.28,35.28,0.0,8.667037094029206,2016-03-26
21.14,37.79,0.0,8.48083766687016,2016-03-27
21.29,39.51,0.0,8.950954639630284,2016-03-28
22.19,41.0,0.0,7.844684416402798,2016-03-29
24.79,42.13,0.0,8.668976191785266,2016-03-30
25.56,41.24,0.0,7.633980173352186,2016-03-31
27.98,39.85,0.14,7.774599948148452,2016-04-01
27.2,40.41,2.28,7.4050609201937965,2016-04-02
26.96,41.79,0.0,7.147485826508224,2016-04-03
25.79,42.67,0.0,9.733698097693315,2016-04-04
27.2,41.4,0.0,8.394778379131486,2016-04-05
27.44,41.15,0.01,6.541803625084566,2016-04-06
30.2,38.63,0.36,9.007010817708364,2016-04-07
28.62,36.35,4.17,6.6371796907404645,2016-04-08
25.75,32.23,27.26,4.347978118395264,2016-04-09
26.56,36.83,0.0,7.274277400279851,2016-04-10
26.77,40.91,0.0,7.936510148403798,2016-04-11
28.9,43.39,0.0,8.723635214744109,2016-04-12
27.33,43.85,0.0,7.621650200753322,2016-04-13
29.0,44.13,0.0,7.457425699157599,2016-04-14
29.36,42.5,0.0,7.562944247330115,2016-04-15
30.02,42.53,0.04,9.276746286972884,2016-04-16
25.9,42.92,0.0,7.737203335818265,2016-04-17
26.12,42.11,0.0,7.04626182304341,2016-04-18
26.84,42.09,0.0,8.422121381350166,2016-04-19
27.29,43.31,0.0,8.414892548271382,2016-04-20
28.42,41.74,0.0,8.47428006985056,2016-04-21
27.28,42.55,0.0,8.180683267405321,2016-04-22
25.08,41.8,0.0,8.316273222540879,2016-04-23
24.47,42.2,0.0,7.529615078977779,2016-04-24
28.07,40.16,0.0,7.162463410359313,2016-04-25
27.3,41.75,0.0,8.64155058966739,2016-04-26
27.65,39.43,0.02,7.6564499927026635,2016-04-27
29.11,41.93,0.25,10.17557963678925,2016-04-28
28.1,42.78,0.0,7.91835695306317,2016-04-29
28.83,43.41,0.0,8.206363063976914,2016-04-30
28.35,44.18,0.0,9.251152791162541,2016-05-01
27.7,43.38,0.0,8.124302624239473,2016-05-02
27.93,43.19,0.0,8.941302231716513,2016-05-03
30.26,42.7,0.0,9.572975415103182,2016-05-04
30.47,42.53,0.0,9.293057040181099,2016-05-05
30.52,42.99,0.0,9.119379818883141,2016-05-06
32.08,42.61,0.36,9.808601632191593,2016-05-07
29.16,41.55,0.02,8.792620802362913,2016-05-08
29.37,41.27,0.0,9.198871295102167,2016-05-09
29.89,42.57,0.09,8.77317947676555,2016-05-10
29.96,43.2,0.0,8.490858605314513,2016-05-11
30.35,41.37,0.0,9.961046039302023,2016-05-12
30.24,39.47,2.06,9.335426258505871,2016-05-13
27.49,34.83,0.54,7.062889095577868,2016-05-14
25.84,40.28,0.32,8.88034365719764,2016-05-15
27.7,37.07,4.99,8.666707563580873,2016-05-16
26.14,40.06,0.0,9.32246240819597,2016-05-17
27.33,39.8,0.01,9.363770847282868,2016-05-18
27.36,40.61,0.02,8.89603489016475,2016-05-19
28.7,40.65,0.62,8.484911519681885,2016-05-20
27.55,43.21,0.0,10.429025250087768,2016-05-21
26.74,43.37,0.0,10.832843874293753,2016-05-22
28.27,33.61,8.71,5.361629986099495,2016-05-23
26.85,35.57,2.06,7.313911916588754,2016-05-24
26.68,33.89,9.01,4.335823243061726,2016-05-25
26.64,39.56,0.0,7.421111215331849,2016-05-26
28.53,42.5,0.0,6.362828173182564,2016-05-27
28.64,40.91,1.52,9.959398505629144,2016-05-28
27.64,37.6,9.47,7.14147682118504,2016-05-29
26.6,39.19,0.0,7.5406937505327125,2016-05-30
26.0,40.22,0.0,8.388798392354929,2016-05-31
26.16,40.8,0.0,8.175924683900128,2016-06-01
27.37,41.22,0.01,8.798527297050835,2016-06-02
27.27,40.91,0.55,8.000577129629955,2016-06-03
28.05,40.6,0.0,9.791846102603477,2016-06-04
28.87,40.24,0.0,9.718988742153137,2016-06-05
27.93,41.82,0.05,9.344730615567665,2016-06-06
28.6,41.1,0.05,9.579331662699651,2016-06-07
28.36,42.24,0.04,9.128190968421315,2016-06-08
28.86,41.86,0.53,9.350649373845586,2016-06-09
26.52,30.9,17.97,4.790183618749761,2016-06-10
25.71,35.15,0.61,6.79510817216607,2016-06-11
26.27,40.02,0.02,8.356827425267253,2016-06-12
26.71,38.5,0.35,9.021392753630195,2016-06-13
26.01,32.44,19.1,5.740624462461269,2016-06-14
25.17,34.9,0.05,6.649866812365421,2016-06-15
26.1,33.62,0.56,6.925486170955266,2016-06-16
24.84,35.71,0.0,7.02415180205795,2016-06-17
25.85,37.54,0.05,7.0365441270631965,2016-06-18
26.62,40.03,0.0,10.118222486628458,2016-06-19
26.44,35.36,0.46,8.665363955651712,2016-06-20
25.05,31.71,10.94,5.643089637589252,2016-06-21
23.56,33.86,4.2,5.6350641668545425,2016-06-22
24.5,36.21,1.44,6.311063253204387,2016-06-23
25.92,35.93,3.14,5.467441228956927,2016-06-24
24.6,34.62,2.8,6.934508982764707,2016-06-25
25.23,35.27,2.72,5.904863497705567,2016-06-26
25.95,32.72,6.13,6.020234128537577,2016-06-27
24.57,31.99,2.86,5.701267093818015,2016-06-28
24.71,35.36,4.72,4.288532242365615,2016-06-29
25.04,33.65,0.38,6.304972242139947,2016-06-30
24.95,33.58,0.51,5.986746854166639,2016-07-01
25.66,37.64,0.41,7.09449343353997,2016-07-02
26.75,36.35,0.86,7.840589522417313,2016-07-03
25.61,37.8,0.52,8.3417138452402,2016-07-04
26.67,32.92,3.34,5.037525082050782,2016-07-05
25.38,31.98,4.1,6.015560128349784,2016-07-06
24.78,36.38,0.51,6.652338147345324,2016-07-07
25.97,37.89,1.3,7.722396347439506,2016-07-08
26.47,33.01,2.39,6.4917881580599675,2016-07-09
25.27,33.07,8.03,5.0919927299393395,2016-07-10
24.69,33.02,2.46,5.849322597074939,2016-07-11
24.16,34.22,1.59,6.592408733515431,2016-07-12
24.69,34.15,7.19,6.3447720280834625,2016-07-13
25.15,36.24,0.01,7.848183209553446,2016-07-14
24.4,36.96,0.2,7.712632379171068,2016-07-15
25.82,34.21,3.95,6.46023828297682,2016-07-16
24.57,29.96,16.35,4.420308589901998,2016-07-17
24.23,30.6,10.78,4.801864032596734,2016-07-18
24.83,30.44,7.54,4.1630282231755436,2016-07-19
24.15,28.72,4.67,4.740198083018045,2016-07-20
23.2,30.72,1.09,5.340890173145715,2016-07-21
22.94,33.7,2.06,5.2834463113812244,2016-07-22
24.26,31.53,5.1,5.391524199659113,2016-07-23
24.61,31.29,1.74,5.2484440566525965,2016-07-24
23.7,31.69,9.48,4.213496597715458,2016-07-25
23.51,31.22,3.63,5.570136288789436,2016-07-26
24.03,31.6,10.67,3.998922030640395,2016-07-27
24.06,33.28,1.52,6.316443549851527,2016-07-28
23.59,35.57,0.63,6.232464539730169,2016-07-29
24.76,32.57,1.59,4.8297119246568,2016-07-30
24.44,34.37,2.38,6.439379377432005,2016-07-31
24.85,34.87,0.41,6.744623307134942,2016-08-01
24.79,34.93,16.26,4.862305002933467,2016-08-02
24.21,28.41,14.57,3.884133968438578,2016-08-03
22.7,33.24,2.1,5.759907084746332,2016-08-04
23.86,34.79,1.04,6.412811650242561,2016-08-05
25.34,32.58,2.54,6.45738884659684,2016-08-06
24.53,33.11,1.73,6.25814420831093,2016-08-07
23.82,31.16,5.43,3.361222971024467,2016-08-08
24.11,29.56,22.95,4.5382423654416675,2016-08-09
23.21,29.2,15.19,4.503436329288497,2016-08-10
23.71,32.12,1.76,5.507439015150271,2016-08-11
23.68,32.35,0.93,3.8440149327560476,2016-08-12
23.53,33.93,0.41,5.956493331357897,2016-08-13
24.03,29.53,24.13,3.7678046363996858,2016-08-14
23.35,30.84,2.94,5.049960380176084,2016-08-15
23.89,32.82,2.26,3.5029369027173987,2016-08-16
23.25,29.76,9.62,4.565474986566372,2016-08-17
22.62,31.81,4.3,4.381666984110571,2016-08-18
23.36,33.72,0.49,5.453275019471257,2016-08-19
24.32,35.78,0.01,6.415533632604109,2016-08-20
25.08,33.06,2.55,6.120637034956515,2016-08-21
24.86,30.68,1.8,5.379019087464242,2016-08-22
24.37,30.06,12.22,3.711189251045012,2016-08-23
23.48,31.4,1.65,5.4783703069419545,2016-08-24
23.05,31.75,3.59,4.590671252514766,2016-08-25
23.22,31.55,6.4,4.996987688177894,2016-08-26
23.7,28.73,5.63,3.8191219567218466,2016-08-27
23.3,29.02,9.37,4.242222569976724,2016-08-28
21.78,30.15,28.48,4.94434470605356,2016-08-29
22.94,31.59,12.91,5.020047372651491,2016-08-30
23.81,30.52,3.3,4.960366414703801,2016-08-31
22.61,30.3,7.1,4.374395923125914,2016-09-01
23.16,30.21,5.57,3.07642295189911,2016-09-02
23.07,30.9,3.96,5.265347750717434,2016-09-03
23.67,32.31,14.02,3.822759639170662,2016-09-04
23.54,32.46,1.52,5.371950367027875,2016-09-05
23.4,32.46,13.05,5.201748912294683,2016-09-06
22.88,32.47,2.89,4.183822774215903,2016-09-07
24.32,30.74,16.13,4.962944024988438,2016-09-08
24.2,31.68,8.22,4.943423419386633,2016-09-09
24.27,29.43,60.87,2.813411956254238,2016-09-10
23.54,30.03,0.59,4.941741088281348,2016-09-11
22.89,30.75,0.91,5.181647450288014,2016-09-12
23.47,30.94,0.33,3.673017730615525,2016-09-13
23.52,28.23,0.89,4.21165624343753,2016-09-14
22.48,29.73,0.72,4.9473735521431665,2016-09-15
22.94,31.71,0.65,3.684259305075345,2016-09-16
23.47,32.99,0.06,5.778068177355012,2016-09-17
23.62,32.81,0.07,5.528700442621712,2016-09-18
22.79,32.19,0.13,5.277533858744757,2016-09-19
23.75,30.47,2.57,4.915598240532874,2016-09-20
23.34,31.92,0.76,5.250074747474454,2016-09-21
23.52,32.2,1.21,4.4938173546058096,2016-09-22
24.07,30.02,6.13,4.711912008421307,2016-09-23
22.34,31.06,1.01,3.6187760406345264,2016-09-24
23.32,31.76,3.01,4.610613975789456,2016-09-25
23.28,30.93,1.62,3.9673565415708993,2016-09-26
22.01,33.13,0.0,5.230099525926433,2016-09-27
22.79,34.21,0.0,5.506752740567373,2016-09-28
23.24,34.89,0.08,5.518128788107234,2016-09-29
24.09,35.69,0.02,5.838547698738003,2016-09-30
23.85,35.85,0.0,5.540233940190578,2016-10-01
23.61,31.23,0.02,4.846460798081973,2016-10-02
22.89,33.78,0.29,5.318107659248744,2016-10-03
23.87,34.31,0.0,5.254616225595523,2016-10-04
24.17,35.04,0.03,5.581803273450001,2016-10-05
24.37,35.87,0.09,5.482867755444512,2016-10-06
24.57,36.6,0.1,6.116913541275922,2016-10-07
24.76,34.01,0.5,4.597615612735737,2016-10-08
23.92,33.88,0.0,5.458205420462085,2016-10-09
23.45,34.6,0.0,5.55926063158197,2016-10-10
23.14,36.4,0.0,5.728548067502996,2016-10-11
23.71,36.12,0.0,5.797439115308063,2016-10-12
23.08,36.09,0.01,5.727650020855872,2016-10-13
24.18,36.18,0.11,5.358981888588704,2016-10-14
25.08,37.42,0.0,5.72810745734048,2016-10-15
23.96,36.96,0.0,5.942360032231314,2016-10-16
22.63,37.73,0.0,6.095257416388131,2016-10-17
20.47,36.32,0.0,5.569842351619716,2016-10-18
22.59,35.49,0.0,5.5650141275000715,2016-10-19
24.27,34.72,0.0,5.131625721116939,2016-10-20
24.9,36.69,0.0,5.669495676481054,2016-10-21
22.52,35.33,0.08,5.205957606284635,2016-10-22
22.3,35.96,0.0,5.953400164149484,2016-10-23
20.21,36.12,0.0,6.214348781613634,2016-10-24
19.84,35.63,0.0,6.418196394493881,2016-10-25
19.16,35.58,0.0,5.849581243213636,2016-10-26
21.32,35.05,0.0,5.388750285786409,2016-10-27
19.28,35.49,0.0,6.232614099345328,2016-10-28
19.16,35.22,0.0,5.424318107422603,2016-10-29
22.16,35.09,0.0,4.769160136668813,2016-10-30
22.76,36.54,0.0,4.967941483455179,2016-10-31
22.81,36.0,0.0,6.252464889955355,2016-11-01
22.88,37.36,0.0,6.126525724869283,2016-11-02
23.58,36.35,0.0,6.27384150211482,2016-11-03
21.73,34.9,0.0,6.788166201154775,2016-11-04
18.75,33.95,0.0,6.488238058365901,2016-11-05
20.77,34.69,0.0,6.548961247095948,2016-11-06
18.46,33.58,0.0,5.90581764190787,2016-11-07
19.48,34.98,0.0,5.859903084299291,2016-11-08
18.49,35.62,0.0,7.038729031799266,2016-11-09
16.38,35.11,0.0,6.911386161397313,2016-11-10
17.25,34.98,0.0,5.444623987352048,2016-11-11
18.5,35.05,0.0,5.466174886064602,2016-11-12
20.68,35.2,0.0,5.783358370226174,2016-11-13
19.41,35.46,0.0,7.332438320671371,2016-11-14
19.0,35.8,0.0,6.9282596741515405,2016-11-15
19.27,35.73,0.0,6.841801181532355,2016-11-16
18.53,36.02,0.0,5.887538287824095,2016-11-17
20.03,36.42,0.0,4.998816586242536,2016-11-18
21.66,36.23,0.0,5.053848569289952,2016-11-19
22.06,37.06,0.0,6.3304813710802845,2016-11-20
20.4,35.96,0.0,6.46665365068394,2016-11-21
19.23,36.05,0.0,5.7345828284549905,2016-11-22
20.14,37.27,0.0,5.761871016076117,2016-11-23
21.18,38.35,0.0,6.355199984890351,2016-11-24
20.84,37.97,0.0,7.2084120734401775,2016-11-25
21.9,38.16,0.0,6.778604879418666,2016-11-26
20.52,37.56,0.0,6.235688187683822,2016-11-27
23.69,36.57,0.0,4.879666537633853,2016-11-28
22.62,36.37,0.0,6.77605975159909,2016-11-29
20.86,37.52,0.0,7.703477356566619,2016-11-30
20.39,37.53,0.0,8.366495421306034,2016-12-01
19.9,36.75,0.0,7.350817630875077,2016-12-02
19.53,35.53,0.0,6.336785352847528,2016-12-03
19.3,35.54,0.0,5.709563628545092,2016-12-04
20.02,34.81,0.0,6.999911740319034,2016-12-05
20.61,35.21,0.0,6.384626100118589,2016-12-06
20.16,35.4,0.0,6.791601546328848,2016-12-07
20.69,36.37,0.0,7.583658484763761,2016-12-08
19.15,35.52,0.0,7.37593166265916,2016-12-09
19.98,35.47,0.0,7.174310544386591,2016-12-10
19.51,35.3,0.0,6.498147194397454,2016-12-11
20.71,34.85,0.0,6.244574703608252,2016-12-12
21.63,32.85,0.0,7.622836117424952,2016-12-13
18.74,35.04,0.0,6.772001265359394,2016-12-14
18.77,35.26,0.0,6.672814721264964,2016-12-15
18.87,34.34,0.0,5.971797479419796,2016-12-16
19.5,35.13,0.0,5.950909423350343,2016-12-17
20.05,35.55,0.0,6.74404896302878,2016-12-18
19.86,34.41,0.0,6.66653927908783,2016-12-19
18.64,35.31,0.0,7.987944202668046,2016-12-20
16.77,34.07,0.0,7.350216383966112,2016-12-21
16.45,34.46,0.0,7.690011676734064,2016-12-22
15.73,34.42,0.0,8.370287301070949,2016-12-23
15.42,33.45,0.0,8.238486706333592,2016-12-24
16.3,32.19,0.0,7.756053404024817,2016-12-25
15.17,29.99,0.0,7.388239783648612,2016-12-26
15.54,30.77,0.0,7.420913720056699,2016-12-27
16.31,30.74,0.0,7.154223208688679,2016-12-28
17.23,31.98,0.0,7.428235232612621,2016-12-29
17.3,32.08,0.0,7.747096948239105,2016-12-30
16.56,31.71,0.0,7.805918377734068,2016-12-31
15.85,31.23,0.0,7.567076180510088,2017-01-01
15.19,30.19,0.0,7.399588041620302,2017-01-02
14.64,31.42,0.0,7.22063365339912,2017-01-03
15.27,31.56,0.0,6.933506532461225,2017-01-04
15.59,31.52,0.0,7.02887325472574,2017-01-05
15.44,31.96,0.0,6.830901447674978,2017-01-06
16.47,33.18,0.0,7.6499338772573395,2017-01-07
16.72,33.55,0.0,7.965131579077384,2017-01-08
15.8,32.84,0.0,7.913703234855026,2017-01-09
14.51,31.78,0.0,6.018516364978867,2017-01-10
16.49,31.01,0.0,5.093834016759862,2017-01-11
14.56,31.38,0.0,6.917222171576474,2017-01-12
13.43,28.89,0.0,7.730607501681421,2017-01-13
13.55,29.58,0.0,7.1954238924613625,2017-01-14
13.71,32.69,0.0,6.371280934203691,2017-01-15
16.07,33.5,0.0,6.78399042788947,2017-01-16
17.92,34.37,0.0,7.8318539040365875,2017-01-17
18.91,35.77,0.0,7.207822886348981,2017-01-18
20.99,36.11,0.0,7.365850901849181,2017-01-19
19.32,35.57,0.0,8.50671546796296,2017-01-20
19.59,36.73,0.0,6.433293963363762,2017-01-21
20.01,35.38,0.0,8.145649849293285,2017-01-22
18.96,34.35,0.0,8.744622153778227,2017-01-23
17.26,31.83,0.0,7.447307133141256,2017-01-24
16.52,33.09,0.0,7.887008810505763,2017-01-25
17.01,34.09,0.0,8.186030535856752,2017-01-26
18.27,35.97,0.0,8.657714864200507,2017-01-27
18.53,34.65,0.0,8.956515169826517,2017-01-28
17.5,34.48,0.0,8.640552657370653,2017-01-29
17.19,34.71,0.0,7.9198413483320715,2017-01-30
17.48,35.24,0.0,7.615521356578581,2017-01-31
19.1,34.94,0.0,7.969900372722719,2017-02-01
19.9,35.93,0.0,5.733865479891669,2017-02-02
20.29,34.73,0.0,6.971804177749322,2017-02-03
20.41,34.42,0.0,8.086378111602524,2017-02-04
19.44,34.98,0.0,9.20968879797661,2017-02-05
18.26,34.8,0.0,9.416613134778606,2017-02-06
18.69,34.47,0.0,8.99268228242929,2017-02-07
16.85,34.69,0.0,8.641730036507074,2017-02-08
18.29,34.63,0.0,8.521783742639894,2017-02-09
18.4,35.18,0.0,8.659391018789899,2017-02-10
18.87,35.93,0.0,8.244022861374939,2017-02-11
20.23,35.79,0.0,9.344520408553372,2017-02-12
20.3,35.89,0.0,10.57319144675641,2017-02-13
19.92,35.75,0.0,9.671907683349845,2017-02-14
18.63,34.79,0.0,9.996826566972171,2017-02-15
18.28,34.31,0.0,10.676506409552582,2017-02-16
16.68,32.57,0.0,10.012724664666228,2017-02-17
15.25,31.91,0.0,9.628373583053921,2017-02-18
14.18,31.02,0.0,8.173947168802098,2017-02-19
14.82,33.49,0.0,8.926140222515285,2017-02-20
16.52,34.67,0.0,8.328936498340546,2017-02-21
19.44,35.74,0.0,9.365224053852906,2017-02-22
20.62,36.44,0.0,9.184599405171838,2017-02-23
21.93,37.41,0.0,9.751403636308957,2017-02-24
21.84,37.32,0.0,9.485260010861642,2017-02-25
20.04,37.16,0.0,9.761335151820886,2017-02-26
18.79,38.41,0.0,9.615495456360668,2017-02-27
18.85,39.22,0.0,9.096890028454995,2017-02-28
19.67,39.97,0.0,9.196418832199912,2017-03-01
20.91,40.11,0.0,9.106183166111977,2017-03-02
21.29,40.01,0.0,8.086049922011101,2017-03-03
21.48,40.06,0.0,8.570354500115712,2017-03-04
20.36,39.25,0.0,10.196536799759652,2017-03-05
21.38,37.95,0.0,11.17813707004626,2017-03-06
18.35,37.27,0.0,9.448977894245761,2017-03-07
19.19,38.42,0.0,9.387360718860267,2017-03-08
19.94,38.62,0.0,10.097815805098286,2017-03-09
19.03,38.05,0.0,9.85284489366592,2017-03-10
19.08,37.21,0.0,9.544449447172147,2017-03-11
18.31,37.25,0.0,9.012903191339467,2017-03-12
17.74,38.03,0.0,8.6611056597664,2017-03-13
19.29,39.43,0.0,9.036103845504424,2017-03-14
20.72,39.9,0.0,10.0708023094453,2017-03-15
19.37,39.81,0.0,9.508410307864207,2017-03-16
20.83,41.31,0.0,8.912439927019852,2017-03-17
21.3,41.6,0.0,9.522687388299328,2017-03-18
22.73,40.66,0.0,9.432340863841201,2017-03-19
25.96,40.13,0.0,9.656648302688565,2017-03-20
28.02,41.26,0.0,7.419616778457892,2017-03-21
25.6,40.0,0.0,8.325068294953144,2017-03-22
25.15,40.41,0.0,6.197713065961488,2017-03-23
25.17,40.46,0.0,8.85240552305274,2017-03-24
24.36,42.05,0.0,11.492200564642442,2017-03-25
24.73,42.63,0.0,11.22327778605306,2017-03-26
23.77,41.68,0.0,10.937502973628066,2017-03-27
22.28,41.44,0.0,10.906351955680023,2017-03-28
21.0,41.48,0.0,10.169972105352391,2017-03-29
21.9,41.91,0.0,9.842522595876634,2017-03-30
24.03,42.89,0.0,9.374737158795913,2017-03-31
24.39,41.65,0.0,7.76489682861445,2017-04-01
25.77,40.61,0.05,9.67943002034681,2017-04-02
26.43,40.59,0.0,7.763471842720816,2017-04-03
27.32,40.94,0.04,6.9120641946579955,2017-04-04
27.12,41.36,0.0,6.782197118213995,2017-04-05
28.45,41.79,0.0,8.93575125744597,2017-04-06
28.8,39.87,0.03,6.544611514410098,2017-04-07
28.45,40.85,0.06,7.0390029045609,2017-04-08
28.37,43.05,0.0,9.3365814662948,2017-04-09
27.51,42.54,0.0,12.027753853552932,2017-04-10
26.17,42.54,0.0,10.350153766774419,2017-04-11
23.75,41.78,0.0,9.770446682494205,2017-04-12
21.67,40.86,0.0,8.901141866810207,2017-04-13
22.99,40.75,0.0,6.138870582146935,2017-04-14
26.77,38.77,0.0,9.925193052057773,2017-04-15
24.54,39.79,0.0,10.646237868872676,2017-04-16
23.05,40.44,0.0,10.625138598376346,2017-04-17
22.61,41.28,0.0,10.07563270233549,2017-04-18
23.83,41.9,0.0,8.591747252306686,2017-04-19
24.77,41.96,0.0,10.033520305449454,2017-04-20
25.42,42.68,0.0,8.244635579436952,2017-04-21
27.07,41.55,0.0,7.7398709318692145,2017-04-22
28.07,42.3,0.0,7.964102655861615,2017-04-23
29.14,43.25,0.0,8.83816871260662,2017-04-24
28.92,43.22,0.0,8.53864340683991,2017-04-25
30.52,42.61,0.2,9.140014234891456,2017-04-26
29.56,42.24,0.2,9.583695556704196,2017-04-27
30.44,43.0,0.0,9.162193767284526,2017-04-28
30.91,42.35,0.0,9.919297096810546,2017-04-29
30.33,42.24,0.13,9.061934254023994,2017-04-30
29.56,42.36,0.0,9.46775351426382,2017-05-01
29.16,42.43,0.05,9.694889095007342,2017-05-02
30.31,41.74,0.02,7.512094243636765,2017-05-03
29.01,41.08,0.0,8.690311350301654,2017-05-04
29.31,41.59,0.36,9.276514769729143,2017-05-05
28.74,42.86,0.0,9.092984634919814,2017-05-06
29.35,42.52,0.0,9.335626158853247,2017-05-07
29.27,43.36,0.0,8.462918122597845,2017-05-08
29.66,43.21,0.0,10.302231585802593,2017-05-09
30.19,42.77,0.02,10.161559151082475,2017-05-10
31.02,42.41,0.91,9.211985933595654,2017-05-11
30.37,39.09,0.23,7.98865568498626,2017-05-12
29.43,42.87,0.0,9.26203516331024,2017-05-13
30.1,44.35,0.0,9.639520244044771,2017-05-14
29.72,42.0,0.0,11.234186759799147,2017-05-15
29.12,39.08,0.57,10.442977579147986,2017-05-16
28.79,32.33,1.76,6.3463440006240655,2017-05-17
27.45,34.7,0.27,6.449425877502899,2017-05-18
28.22,33.69,6.12,6.1390648042048666,2017-05-19
27.43,39.85,0.04,6.745679479367419,2017-05-20
26.77,42.0,0.01,8.912115566114318,2017-05-21
28.1,41.56,0.0,8.286422644828015,2017-05-22
29.21,42.19,0.0,8.621678520637715,2017-05-23
30.71,38.05,0.12,7.948134960671101,2017-05-24
28.2,39.98,1.08,9.014639922195036,2017-05-25
26.78,32.42,22.31,5.505153824147547,2017-05-26
25.49,36.33,0.57,7.317214084461972,2017-05-27
26.32,40.83,0.11,7.545708278235189,2017-05-28
28.76,42.68,0.0,8.384063772050379,2017-05-29
29.0,39.5,0.15,9.521944667395669,2017-05-30
27.45,38.49,0.2,8.79331516137237,2017-05-31
26.59,39.39,0.08,8.236214284046705,2017-06-01
28.03,42.31,0.0,7.502380445476554,2017-06-02
29.33,40.59,0.17,10.050136073129092,2017-06-03
27.17,33.94,0.24,6.79436514077557,2017-06-04
27.0,38.94,0.14,7.423277720978135,2017-06-05
28.11,37.12,2.35,7.380387065496076,2017-06-06
27.91,35.95,0.21,6.384464333603564,2017-06-07
26.21,37.08,5.94,6.179100010493658,2017-06-08
27.28,41.46,0.0,7.105923462815002,2017-06-09
27.84,42.22,0.0,8.147640515070634,2017-06-10
28.59,37.06,5.72,8.057825838854459,2017-06-11
26.8,40.42,0.06,8.916017373578345,2017-06-12
25.95,35.1,18.25,7.480088427020373,2017-06-13
25.22,29.93,44.77,4.610477906851922,2017-06-14
25.12,31.75,12.4,5.219067819601106,2017-06-15
27.16,35.37,2.02,6.312295390921074,2017-06-16
25.64,33.08,5.9,5.80553009723121,2017-06-17
24.61,33.21,0.63,6.290695140677612,2017-06-18
24.95,35.25,2.3,6.199920882194421,2017-06-19
25.62,33.5,3.69,5.809924315829411,2017-06-20
24.07,34.93,0.94,6.473918865551603,2017-06-21
25.16,36.31,0.11,6.912697892802819,2017-06-22
26.38,40.86,0.05,8.865431000781335,2017-06-23
27.02,33.47,2.39,6.761311106833335,2017-06-24
25.48,33.1,4.02,5.247933610852564,2017-06-25
25.2,33.26,4.79,5.246952493211027,2017-06-26
24.96,36.48,0.98,6.862985490099547,2017-06-27
25.77,32.3,3.1,5.081672600277978,2017-06-28
24.57,33.87,0.27,6.848724799227528,2017-06-29
23.98,36.28,0.97,6.856171716603541,2017-06-30
25.38,37.69,2.25,7.279189814536293,2017-07-01
25.57,37.17,0.58,8.31766824222926,2017-07-02
24.96,35.73,3.82,7.683408035880641,2017-07-03
24.9,28.72,18.73,3.9699435648086707,2017-07-04
23.2,34.92,0.94,6.496673758576397,2017-07-05
23.99,30.7,31.18,4.364505179123348,2017-07-06
23.73,32.29,0.11,5.49137522869062,2017-07-07
23.84,34.3,0.17,5.686037578713487,2017-07-08
25.38,33.28,1.35,6.044603282570744,2017-07-09
23.93,29.43,14.45,3.5630305200611687,2017-07-10
23.48,30.15,3.06,5.47858144115291,2017-07-11
22.69,33.3,1.78,5.910212312883401,2017-07-12
24.15,34.06,1.76,5.8830684246370835,2017-07-13
24.49,33.24,0.98,6.289788928101785,2017-07-14
24.38,32.38,2.25,5.485495422352531,2017-07-15
24.53,32.36,2.86,5.928126379194249,2017-07-16
24.37,33.79,1.64,5.923433406433268,2017-07-17
25.04,33.14,1.07,5.519731505373384,2017-07-18
24.19,31.13,7.21,5.15001765003323,2017-07-19
23.13,34.45,1.51,6.295170752976217,2017-07-20
24.15,34.4,0.92,6.329415213039412,2017-07-21
25.47,30.63,16.32,3.6895351959103406,2017-07-22
24.33,29.94,4.91,5.182597182332217,2017-07-23
23.31,34.36,0.87,6.375417474890462,2017-07-24
23.67,33.51,2.39,5.475212070071807,2017-07-25
24.12,30.93,9.5,5.301382384751152,2017-07-26
23.63,33.44,2.84,5.885125187070169,2017-07-27
24.47,33.8,7.93,5.163514079329366,2017-07-28
24.94,33.8,2.25,6.546298758255617,2017-07-29
24.74,30.82,8.55,3.6891062058281268,2017-07-30
24.18,34.18,2.82,6.329831663944234,2017-07-31
23.21,34.61,2.32,6.3186993179125865,2017-08-01
24.86,30.67,15.61,4.0987356864980455,2017-08-02
23.95,31.12,6.33,5.448220599566449,2017-08-03
23.46,32.01,1.56,3.253772300541709,2017-08-04
23.92,31.11,12.86,4.457430382675257,2017-08-05
22.76,32.41,1.03,5.283526603627973,2017-08-06
23.58,30.69,2.98,4.9239499298018385,2017-08-07
23.15,28.98,16.25,4.061524442504425,2017-08-08
22.79,30.43,11.32,4.625523222134827,2017-08-09
23.52,30.59,7.39,4.633940800080387,2017-08-10
22.96,33.49,0.1,5.525658767121253,2017-08-11
24.72,32.11,1.02,5.529891659413556,2017-08-12
24.16,32.64,0.88,5.653071851587716,2017-08-13
24.43,30.83,0.98,4.071155618524485,2017-08-14
24.11,30.45,0.33,5.161187260955691,2017-08-15
23.64,33.51,0.84,5.79489663084681,2017-08-16
25.22,33.19,0.4,5.37660628348364,2017-08-17
23.85,30.29,5.41,4.507464750195073,2017-08-18
23.17,31.17,1.75,4.269242947751545,2017-08-19
23.16,31.88,5.56,4.699717813292571,2017-08-20
24.5,30.69,11.51,3.8995070671914083,2017-08-21
23.88,28.92,9.19,3.2528926609399367,2017-08-22
22.73,28.42,18.21,3.667173969097123,2017-08-23
23.24,28.81,8.22,4.639456196550435,2017-08-24
23.54,32.58,1.98,5.240958904437068,2017-08-25
24.03,28.81,8.43,3.5794587235084503,2017-08-26
22.97,30.86,0.64,4.783444337129335,2017-08-27
22.62,33.7,0.06,6.082777602991805,2017-08-28
23.62,35.22,1.4,6.555547516976774,2017-08-29
24.51,30.43,18.76,4.978110006067669,2017-08-30
24.08,29.98,24.66,4.471136730529857,2017-08-31
22.92,30.44,17.73,3.7541769793933186,2017-09-01
23.01,32.58,0.13,5.506810058035475,2017-09-02
23.51,32.3,2.17,3.271016254504284,2017-09-03
24.01,30.81,1.79,5.482441233627164,2017-09-04
22.39,32.42,0.25,5.547319115517961,2017-09-05
23.08,34.17,0.41,5.37483369511552,2017-09-06
24.29,33.52,0.43,5.506521789875906,2017-09-07
24.12,31.36,2.3,3.5330063726782837,2017-09-08
23.98,29.28,0.97,3.6113009567174132,2017-09-09
23.3,33.0,0.01,5.466405697638274,2017-09-10
23.81,33.14,0.1,4.843326748904125,2017-09-11
23.6,33.29,0.09,5.837823688672085,2017-09-12
22.79,33.64,0.27,5.643295495873993,2017-09-13
24.05,30.41,1.04,5.139772763058987,2017-09-14
23.59,32.09,0.39,5.471689551719761,2017-09-15
23.54,31.29,18.89,3.9233884437839017,2017-09-16
22.85,31.01,2.18,5.022570320878444,2017-09-17
22.51,33.8,0.03,4.699284957878318,2017-09-18
23.49,35.02,0.0,5.820607261556174,2017-09-19
24.55,31.87,0.08,4.993996326265285,2017-09-20
24.71,32.56,1.3,5.167078804384831,2017-09-21
23.91,31.67,0.54,4.083657184165657,2017-09-22
22.55,33.75,0.05,5.528223408013417,2017-09-23
23.52,35.8,0.0,6.007346007631026,2017-09-24
24.23,36.08,0.01,6.393775130846861,2017-09-25
22.85,35.64,0.11,5.960528833211904,2017-09-26
23.39,36.41,0.01,6.343580795531412,2017-09-27
24.21,35.69,0.13,6.1195056693864025,2017-09-28
24.79,35.58,0.62,5.934006457746352,2017-09-29
23.94,35.04,0.25,6.13173491537908,2017-09-30
24.29,36.5,0.13,6.224296390007627,2017-10-01
24.4,35.76,0.92,6.119266082987151,2017-10-02
25.3,34.11,0.02,5.490048119586449,2017-10-03
24.38,36.66,0.0,5.89649701838357,2017-10-04
25.49,32.78,2.62,5.217556722146375,2017-10-05
24.38,37.4,0.09,6.013070053928594,2017-10-06
24.36,37.19,0.0,6.131478064571444,2017-10-07
24.49,36.24,0.66,6.311425212620692,2017-10-08
24.15,36.56,0.6,5.465066889300042,2017-10-09
23.51,37.23,0.0,6.2903508095302865,2017-10-10
22.09,37.13,0.0,5.814709945307637,2017-10-11
23.44,37.09,0.0,5.797657528752738,2017-10-12
23.8,36.83,0.0,6.598773672811843,2017-10-13
20.97,36.59,0.0,6.514413405665082,2017-10-14
21.63,35.98,0.0,6.67536573822341,2017-10-15
20.47,36.44,0.0,7.267764644232507,2017-10-16
20.94,36.64,0.0,7.681073258800498,2017-10-17
18.25,36.18,0.0,7.009534145894663,2017-10-18
20.24,34.52,0.0,6.097031869806474,2017-10-19
19.85,36.83,0.0,6.607847068793059,2017-10-20
20.92,37.41,0.0,6.558825625951287,2017-10-21
20.74,34.21,0.0,5.034187779580713,2017-10-22
21.68,32.69,0.0,4.28298676106867,2017-10-23
19.68,37.39,0.0,5.602558751403329,2017-10-24
19.55,37.39,0.0,6.224421445774055,2017-10-25
20.01,37.44,0.0,7.432946317718423,2017-10-26
21.08,35.83,0.0,8.6116663649481,2017-10-27
18.93,33.68,0.0,7.090678900334757,2017-10-28
20.95,34.4,0.0,5.8441241489428934,2017-10-29
20.17,35.65,0.0,6.808400752391093,2017-10-30
20.34,36.21,0.0,6.872562379010049,2017-10-31
19.77,36.21,0.0,7.859502291613546,2017-11-01
18.61,36.98,0.0,7.7400012003418945,2017-11-02
17.57,36.51,0.0,7.5932031378565545,2017-11-03
17.36,36.2,0.0,6.791620964107818,2017-11-04
17.51,35.78,0.0,6.340033802540708,2017-11-05
18.13,35.11,0.0,6.691181474370678,2017-11-06
17.29,34.47,0.0,6.908522898026448,2017-11-07
16.04,35.17,0.0,7.5923968647233435,2017-11-08
17.03,35.48,0.0,8.219226002764426,2017-11-09
16.74,35.18,0.0,7.603052677739573,2017-11-10
16.07,35.39,0.0,6.973220118893641,2017-11-11
16.14,34.57,0.0,6.322882074937228,2017-11-12
17.42,35.08,0.0,6.095713865976706,2017-11-13
17.62,35.54,0.0,5.723265082422705,2017-11-14
17.88,35.47,0.0,6.720507655741943,2017-11-15
19.07,36.83,0.0,6.7571145360249805,2017-11-16
19.41,36.4,0.0,6.666414373183739,2017-11-17
19.91,36.65,0.0,4.898150893507515,2017-11-18
22.12,37.77,0.0,4.737826634909503,2017-11-19
22.96,34.62,0.0,4.7910544705676115,2017-11-20
23.1,34.69,0.0,6.252800825189619,2017-11-21
21.49,34.68,0.0,7.19990938251103,2017-11-22
20.43,35.87,0.0,6.971373558199665,2017-11-23
19.49,34.83,0.0,7.042091376511789,2017-11-24
18.14,35.16,0.0,7.032973510510499,2017-11-25
18.1,35.38,0.0,8.425188233054085,2017-11-26
17.44,34.48,0.0,7.9870762583635395,2017-11-27
16.38,33.94,0.0,7.338669073306688,2017-11-28
16.13,34.76,0.0,6.569972437248555,2017-11-29
17.96,35.57,0.0,7.305331986830025,2017-11-30
18.49,35.24,0.0,7.668649736244472,2017-12-01
16.52,34.43,0.0,7.41682422931635,2017-12-02
15.39,33.96,0.0,7.074253879630113,2017-12-03
15.98,34.94,0.0,6.630935686126619,2017-12-04
18.56,33.5,0.0,7.167202722699559,2017-12-05
18.06,31.59,0.0,7.002458278507319,2017-12-06
16.75,33.51,0.0,6.281715145556663,2017-12-07
19.87,31.84,0.0,5.998285002184324,2017-12-08
18.34,30.5,0.0,5.798513261549722,2017-12-09
15.83,29.76,0.0,7.134358869329366,2017-12-10
13.92,30.52,0.0,5.540649828770545,2017-12-11
16.87,32.48,0.0,5.3088615502873715,2017-12-12
20.57,31.95,0.0,4.364371286987237,2017-12-13
21.88,35.05,0.0,7.414711507451241,2017-12-14
21.28,34.18,0.0,7.572956959505636,2017-12-15
18.97,35.55,0.0,6.930901294540001,2017-12-16
17.47,34.37,0.0,7.095140279635579,2017-12-17
17.5,35.07,0.0,5.65965333006091,2017-12-18
18.01,35.05,0.0,5.202853673854764,2017-12-19
17.31,34.34,0.0,6.557944823864771,2017-12-20
18.76,31.82,0.0,7.357304649406559,2017-12-21
18.33,30.55,0.0,7.575300715366246,2017-12-22
16.69,30.01,0.0,6.901624883892296,2017-12-23
16.06,30.51,0.0,6.791400838908177,2017-12-24
16.42,31.78,0.0,7.133789029924738,2017-12-25
16.6,31.78,0.0,6.636430845606028,2017-12-26
17.23,32.19,0.0,6.307401871221999,2017-12-27
17.17,32.07,0.0,7.200216486310152,2017-12-28
16.16,32.38,0.0,7.656720740322776,2017-12-29
15.06,30.96,0.0,8.233280924861393,2017-12-30
13.84,30.46,0.0,8.169703569466067,2017-12-31
14.63,30.09,0.0,7.879044721642904,2018-01-01
14.89,29.28,0.0,7.766055461771306,2018-01-02
14.94,29.31,0.0,7.684697107872896,2018-01-03
14.66,29.33,0.0,8.310576722372419,2018-01-04
13.73,29.17,0.0,7.454110947789435,2018-01-05
12.0,29.28,0.0,6.063063337413734,2018-01-06
12.97,31.58,0.0,5.323468083250267,2018-01-07
14.35,33.5,0.0,6.056181360746287,2018-01-08
14.63,32.96,0.0,7.400184891681545,2018-01-09
13.51,31.71,0.0,8.038506241546024,2018-01-10
12.58,30.9,0.0,7.619121719304806,2018-01-11
12.8,30.74,0.0,7.665887808440332,2018-01-12
11.79,30.53,0.0,7.673983789123301,2018-01-13
12.22,30.81,0.0,7.568882576986021,2018-01-14
12.45,31.95,0.0,7.174932765076002,2018-01-15
15.84,32.44,0.0,7.392804425748411,2018-01-16
17.5,32.48,0.0,8.083206070798086,2018-01-17
13.87,31.83,0.0,8.054356220215956,2018-01-18
13.23,32.53,0.0,7.616698828448105,2018-01-19
14.67,32.42,0.0,7.258902399801929,2018-01-20
13.58,31.78,0.0,7.952883656685699,2018-01-21
12.34,31.38,0.0,8.294262419400367,2018-01-22
12.4,30.42,0.0,7.867265929267978,2018-01-23
12.9,29.79,0.0,7.304649247694949,2018-01-24
13.05,31.3,0.0,7.479951334345468,2018-01-25
16.04,31.05,0.0,7.693331359914713,2018-01-26
16.77,31.68,0.0,7.235822485695035,2018-01-27
17.1,32.07,0.0,7.089176502099833,2018-01-28
19.24,34.02,0.0,7.983639602996352,2018-01-29
17.17,30.56,0.0,8.803275078812367,2018-01-30
14.79,31.52,0.0,8.340617538994055,2018-01-31
14.53,31.74,0.0,7.158265060391047,2018-02-01
15.81,34.67,0.0,7.032096215807377,2018-02-02
19.96,35.87,0.0,6.709942369530804,2018-02-03
20.09,35.88,0.0,8.310681544199165,2018-02-04
19.74,36.84,0.0,9.246648120376301,2018-02-05
19.47,37.92,0.0,8.156063365643675,2018-02-06
19.74,37.53,0.0,8.360261186349941,2018-02-07
17.39,37.28,0.0,7.824213175370794,2018-02-08
19.04,35.8,0.0,9.36493823309651,2018-02-09
18.48,33.98,0.0,8.58774581312199,2018-02-10
17.16,33.12,0.0,8.598879875421302,2018-02-11
16.45,30.84,0.0,8.548048976485456,2018-02-12
16.03,33.91,0.0,7.867832846020031,2018-02-13
17.64,35.67,0.0,8.037855225063296,2018-02-14
18.08,36.24,0.0,9.245890690655141,2018-02-15
18.6,37.15,0.0,8.891855604063558,2018-02-16
19.39,36.92,0.0,8.836113906363517,2018-02-17
18.6,37.26,0.0,8.142491864501496,2018-02-18
19.55,37.8,0.0,7.1057292888464705,2018-02-19
20.62,39.08,0.0,5.544772014013224,2018-02-20
24.48,37.52,0.06,6.999610396535887,2018-02-21
23.95,32.73,0.21,5.605690234694449,2018-02-22
22.81,37.75,0.0,6.073358129086371,2018-02-23
25.24,33.24,0.84,6.748426036585702,2018-02-24
24.69,35.73,0.0,6.691029151459785,2018-02-25
23.68,38.33,0.0,8.219392853828204,2018-02-26
23.45,39.57,0.0,9.353466309462968,2018-02-27
23.66,39.75,0.0,10.225435304232718,2018-02-28
22.97,39.54,0.0,11.166321733813943,2018-03-01
20.33,40.23,0.0,10.125308011201833,2018-03-02
22.44,40.46,0.0,9.702535116640071,2018-03-03
23.55,40.46,0.0,9.89479511679654,2018-03-04
22.94,40.62,0.0,8.771303799013863,2018-03-05
23.04,40.51,0.0,9.031540243286688,2018-03-06
22.56,40.45,0.0,8.085549527295308,2018-03-07
22.94,40.73,0.0,8.469842527151355,2018-03-08
23.55,41.31,0.0,11.80578993237027,2018-03-09
22.51,40.8,0.0,9.85031672352777,2018-03-10
22.98,41.16,0.0,8.608460952621602,2018-03-11
23.17,41.02,0.0,8.191826705862901,2018-03-12
22.23,41.13,0.0,8.909828944053237,2018-03-13
21.16,41.23,0.0,8.191197290989338,2018-03-14
22.2,41.3,0.0,8.751253641703233,2018-03-15
20.82,40.64,0.0,7.61303831285226,2018-03-16
23.7,39.96,0.0,6.752092897828242,2018-03-17
23.55,40.51,0.0,5.880844624160381,2018-03-18
22.2,40.91,0.0,6.146194391379127,2018-03-19
25.65,41.57,0.0,6.990301229424147,2018-03-20
30.49,38.98,0.69,10.243362720563333,2018-03-21
27.91,37.59,0.0,7.846621673658687,2018-03-22
23.88,33.77,0.0,10.51069787451393,2018-03-23
20.35,33.74,0.0,8.718637617351641,2018-03-24
19.63,36.25,0.0,8.749701786746,2018-03-25
21.44,39.22,0.0,8.054409040279955,2018-03-26
23.0,40.78,0.0,9.822532637508393,2018-03-27
22.68,41.21,0.0,9.130893493021334,2018-03-28
23.88,39.77,0.0,11.041278293314548,2018-03-29
25.62,38.66,0.0,8.539370340330853,2018-03-30
24.49,40.08,0.0,8.724989842261186,2018-03-31
24.42,40.53,0.0,9.550167379282852,2018-04-01
24.08,40.66,0.0,8.458061277311584,2018-04-02
27.48,42.19,0.0,9.107207317475844,2018-04-03
24.39,41.71,0.0,10.453664294835196,2018-04-04
23.26,41.28,0.0,8.302088007907285,2018-04-05
23.3,41.37,0.0,8.20886896412672,2018-04-06
24.02,41.31,0.0,7.652922587094018,2018-04-07
26.38,41.28,0.01,8.235660878680328,2018-04-08
25.8,40.74,0.03,7.11696607723083,2018-04-09
25.58,40.7,0.0,5.582829984625762,2018-04-10
27.9,40.58,0.0,8.205531645675089,2018-04-11
28.4,41.55,0.0,9.67961257274496,2018-04-12
25.39,41.63,0.0,8.761507716675652,2018-04-13
24.71,40.25,0.0,6.810820677474127,2018-04-14
26.23,40.97,0.0,7.735077482925573,2018-04-15
25.62,41.7,0.0,9.607305443634507,2018-04-16
25.26,42.53,0.0,9.75445117019805,2018-04-17
24.96,42.34,0.0,8.853712440912695,2018-04-18
24.26,42.05,0.0,7.894764492794671,2018-04-19
24.84,42.09,0.0,9.679066140093436,2018-04-20
24.13,41.41,0.0,7.452060450490223,2018-04-21
24.58,41.95,0.0,7.748600689784631,2018-04-22
25.84,43.29,0.0,9.364085168283863,2018-04-23
27.54,43.42,0.0,6.888313588615309,2018-04-24
27.15,43.19,0.0,8.66486159786103,2018-04-25
30.14,40.6,0.03,10.358286427490038,2018-04-26
29.77,42.82,0.0,10.632398185349764,2018-04-27
28.41,42.64,0.0,8.979455995576084,2018-04-28
26.86,42.9,0.0,7.317845961267106,2018-04-29
27.04,43.5,0.0,9.155135663495185,2018-04-30
27.65,44.08,0.0,11.101851973922871,2018-05-01
25.88,43.35,0.0,7.669288198920089,2018-05-02
27.28,42.49,0.0,7.841837327800908,2018-05-03
28.08,41.86,0.0,9.611161073403037,2018-05-04
26.71,42.89,0.0,8.585436932681876,2018-05-05
25.76,42.15,0.0,7.08132710633537,2018-05-06
27.68,42.96,0.0,10.422998501944498,2018-05-07
26.23,44.27,0.0,7.853758572643138,2018-05-08
27.43,42.92,0.0,10.319797444950847,2018-05-09
29.29,38.27,0.08,7.705788024050041,2018-05-10
29.12,39.99,0.12,6.354893471109739,2018-05-11
31.16,39.62,0.0,10.015730713472548,2018-05-12
27.32,41.7,0.0,7.809105204172934,2018-05-13
27.97,40.54,0.0,9.29432790294219,2018-05-14
29.56,41.61,0.12,9.711887992199475,2018-05-15
28.87,42.48,0.04,9.150944054134964,2018-05-16
28.17,36.38,6.44,7.740011287696763,2018-05-17
26.05,38.74,0.35,8.128739977325154,2018-05-18
26.45,41.06,0.0,8.302110107098095,2018-05-19
28.47,42.74,0.0,9.027196398560768,2018-05-20
28.92,43.24,0.48,10.245812513544937,2018-05-21
29.05,42.68,0.38,10.27634606260705,2018-05-22
29.34,38.87,3.82,8.761369461094944,2018-05-23
28.51,39.06,0.48,8.36419791837913,2018-05-24
27.62,40.06,0.09,8.958412284343305,2018-05-25
28.88,35.64,4.49,7.756944122652513,2018-05-26
27.1,35.43,1.12,6.9623088621934714,2018-05-27
26.76,31.16,7.8,5.365159053398082,2018-05-28
25.4,36.55,0.04,6.664760568110302,2018-05-29
27.06,38.22,0.23,8.599638910853164,2018-05-30
27.74,34.47,5.96,7.110957195667217,2018-05-31
26.57,33.56,2.0,6.2553518908624985,2018-06-01
26.35,36.85,0.0,6.877832489215074,2018-06-02
26.82,35.26,0.66,7.383609068066952,2018-06-03
26.71,40.26,0.09,8.843071345984821,2018-06-04
27.2,41.0,0.24,9.041154099932688,2018-06-05
27.82,38.13,0.83,8.00141953880727,2018-06-06
26.7,39.93,0.0,8.107284596004552,2018-06-07
26.98,42.26,0.0,8.183169326715507,2018-06-08
27.41,42.07,0.0,9.398548575370846,2018-06-09
28.4,37.15,0.29,8.801520375972693,2018-06-10
27.0,35.68,1.54,7.4617259111293475,2018-06-11
27.12,38.89,7.2,7.631485887293361,2018-06-12
27.29,39.97,0.31,7.975113808270382,2018-06-13
27.46,38.88,1.17,9.614007433205543,2018-06-14
27.06,38.51,0.17,8.886149622674603,2018-06-15
27.71,36.54,0.02,7.437851424132005,2018-06-16
26.42,35.31,0.09,6.498804248652236,2018-06-17
26.39,37.79,1.67,8.565149071311644,2018-06-18
26.22,36.22,0.27,9.026058135609855,2018-06-19
26.74,35.23,0.79,7.743442696033861,2018-06-20
26.33,33.88,2.69,7.063881500152374,2018-06-21
24.92,35.87,0.58,6.394455051120471,2018-06-22
26.95,34.72,3.59,6.388236141694964,2018-06-23
24.92,35.92,2.35,7.699345912493855,2018-06-24
24.1,35.67,4.64,6.272022230641532,2018-06-25
25.34,39.75,0.15,7.278758186358716,2018-06-26
26.8,38.47,1.87,9.262849052948372,2018-06-27
25.38,29.4,24.76,4.820025885162037,2018-06-28
24.54,33.06,5.25,5.986355388693268,2018-06-29
25.37,36.68,2.1,5.954052947604972,2018-06-30
25.57,36.03,1.68,7.342019994394954,2018-07-01
25.51,31.91,11.12,4.138585003010972,2018-07-02
24.62,32.29,2.98,4.6335079225127735,2018-07-03
24.14,37.39,0.09,7.239100781503877,2018-07-04
25.87,35.57,4.99,6.591777699933926,2018-07-05
25.47,31.02,2.66,4.847998885826779,2018-07-06
23.14,35.89,0.05,6.622257171947585,2018-07-07
25.93,35.66,0.02,5.728203729141965,2018-07-08
25.62,33.97,0.24,6.476329215841201,2018-07-09
24.85,33.08,5.55,6.198767637698185,2018-07-10
24.89,34.8,5.96,6.537569227729638,2018-07-11
25.4,35.64,2.64,6.362146113086279,2018-07-12
25.49,35.43,1.35,6.612898127316799,2018-07-13
24.53,37.84,0.97,8.015427776335185,2018-07-14
26.38,31.05,6.36,5.255399068399902,2018-07-15
24.94,34.33,2.31,5.073083922548441,2018-07-16
25.01,34.49,2.08,6.446753019213267,2018-07-17
24.48,33.84,2.24,6.184864249473264,2018-07-18
24.13,34.18,4.23,6.000812227742081,2018-07-19
25.42,32.89,8.33,4.076438400533428,2018-07-20
24.08,35.76,0.2,6.875706502307568,2018-07-21
24.16,34.92,1.76,6.396530137693172,2018-07-22
24.63,35.47,6.19,6.342395326131617,2018-07-23
25.54,37.03,4.18,7.55034050736268,2018-07-24
25.31,31.4,5.09,4.847830362174059,2018-07-25
24.46,30.45,3.57,5.244762962460654,2018-07-26
22.79,34.71,0.32,6.290006916655764,2018-07-27
24.41,35.73,0.43,5.435192675032204,2018-07-28
24.75,37.63,0.15,7.499779522043237,2018-07-29
24.93,34.85,3.27,6.908192910068865,2018-07-30
24.41,31.54,2.66,5.075923660056792,2018-07-31
24.22,32.68,1.67,6.145282433288807,2018-08-01
24.15,34.07,2.57,5.849879561386697,2018-08-02
22.69,27.18,31.41,2.99526367321172,2018-08-03
21.64,31.26,2.72,4.963282881459897,2018-08-04
23.17,33.51,1.15,5.411734400672423,2018-08-05
24.55,31.53,9.17,2.8149708361677113,2018-08-06
23.54,28.95,12.38,4.679894713374875,2018-08-07
22.49,32.52,3.96,5.252094003902434,2018-08-08
22.96,31.49,5.52,4.7929424769944005,2018-08-09
23.68,31.67,12.54,2.9674283194844033,2018-08-10
24.12,28.26,12.31,4.784665238603916,2018-08-11
23.57,30.55,2.85,5.163452778539337,2018-08-12
23.9,31.01,2.42,4.603663281455916,2018-08-13
22.8,30.44,2.55,5.056097994408599,2018-08-14
22.54,33.21,0.47,5.554144399312221,2018-08-15
24.35,32.24,0.51,5.084394475137452,2018-08-16
25.18,31.62,18.47,3.2164925805463853,2018-08-17
23.75,30.85,0.72,5.018360965314862,2018-08-18
23.49,30.89,6.25,5.203093661196505,2018-08-19
22.63,32.22,22.18,5.5712040209622815,2018-08-20
24.69,30.29,0.78,5.349884564247107,2018-08-21
23.81,31.02,3.52,4.711119719128947,2018-08-22
23.37,32.25,1.97,5.2269922488640885,2018-08-23
24.08,32.19,2.2,5.3679724042242185,2018-08-24
24.49,31.72,4.35,4.966300816324864,2018-08-25
23.88,28.26,7.34,3.939206922142453,2018-08-26
22.46,30.68,8.14,4.174002263743043,2018-08-27
23.6,30.38,5.58,4.831462521909878,2018-08-28
22.97,31.7,1.27,5.303274959057457,2018-08-29
23.57,29.49,4.27,4.5668755288711,2018-08-30
23.21,29.78,10.87,3.9794808233364876,2018-08-31
22.86,30.75,2.64,4.576262772881569,2018-09-01
21.32,32.16,2.11,5.168778907285217,2018-09-02
22.97,31.88,1.66,4.45915610438764,2018-09-03
24.19,31.09,4.45,5.0383302602750675,2018-09-04
23.34,31.21,4.86,5.234938877785277,2018-09-05
23.46,31.11,2.85,4.9186177508234055,2018-09-06
23.89,28.56,8.36,3.3676738976214655,2018-09-07
22.94,29.4,0.83,4.768973475573357,2018-09-08
23.3,30.14,1.62,4.392263215625924,2018-09-09
23.48,31.7,0.62,5.312576129429225,2018-09-10
23.18,30.97,0.56,4.969564984780965,2018-09-11
23.7,31.64,0.13,5.196063719904007,2018-09-12
22.64,32.62,1.55,5.575089795215109,2018-09-13
23.25,31.75,2.69,3.6970350343525045,2018-09-14
23.43,29.32,15.53,3.556716612256844,2018-09-15
23.6,29.14,1.96,4.785035998089149,2018-09-16
24.41,32.35,0.46,4.747735017293097,2018-09-17
23.54,35.26,0.02,5.419085586275565,2018-09-18
24.01,33.8,0.06,5.819093786499193,2018-09-19
23.08,35.62,0.01,5.890537325004488,2018-09-20
24.23,35.92,0.1,6.086551782743499,2018-09-21
24.6,32.1,0.85,5.052240187942946,2018-09-22
24.06,32.82,0.28,5.4355509095839665,2018-09-23
23.34,34.97,0.02,5.669360246214039,2018-09-24
23.35,34.43,1.96,5.433675847736672,2018-09-25
24.33,34.34,0.14,5.419165608927377,2018-09-26
24.53,34.16,0.11,5.555592606148655,2018-09-27
24.64,32.22,2.91,5.37586744575289,2018-09-28
25.03,31.54,1.29,4.87408123489881,2018-09-29
24.61,33.71,1.83,5.137765181551313,2018-09-30
24.09,33.72,1.2,5.531471767480427,2018-10-01
23.99,34.6,0.21,5.676405568867386,2018-10-02
24.33,34.2,2.29,5.642642199206089,2018-10-03
24.39,30.98,7.23,4.787983797250323,2018-10-04
23.94,33.37,0.27,4.475151315393094,2018-10-05
24.14,33.92,2.36,5.203649865213595,2018-10-06
24.67,34.0,2.6,4.7029779250163735,2018-10-07
23.4,36.26,0.2,5.906619579206234,2018-10-08
24.2,32.94,0.21,5.443819520584647,2018-10-09
24.06,31.55,7.97,4.305141382045698,2018-10-10
23.81,36.38,1.15,5.6893110472604045,2018-10-11
23.6,36.38,0.01,6.207736934484129,2018-10-12
24.24,33.95,0.01,5.452025524164561,2018-10-13
23.23,36.0,0.01,5.451475870360758,2018-10-14
25.25,34.3,0.04,4.459480807693969,2018-10-15
25.64,37.16,0.0,5.7300082992488575,2018-10-16
24.41,37.68,0.0,6.227900175208784,2018-10-17
24.02,36.85,0.09,5.989248406353807,2018-10-18
24.83,35.58,0.47,5.753516437734216,2018-10-19
25.5,38.38,0.06,7.100076331342923,2018-10-20
22.31,37.3,0.0,7.447738873665256,2018-10-21
23.27,38.23,0.0,7.003584260330307,2018-10-22
23.89,38.84,0.0,6.653041423023183,2018-10-23
22.47,38.86,0.0,5.699814520635612,2018-10-24
22.55,38.19,0.0,6.279638587874129,2018-10-25
25.61,36.18,0.01,6.217625308253286,2018-10-26
25.16,35.56,0.07,5.902916323675414,2018-10-27
25.71,36.69,0.09,5.750535834650587,2018-10-28
25.15,36.76,0.22,5.450848724410594,2018-10-29
26.11,38.06,0.0,6.229168619358263,2018-10-30
25.26,37.76,0.0,7.168235225802065,2018-10-31
21.97,37.78,0.0,6.971917027197459,2018-11-01
21.83,37.3,0.0,5.861012572549654,2018-11-02
19.93,36.72,0.0,6.185885738817194,2018-11-03
22.28,37.14,0.0,6.250223527961807,2018-11-04
22.25,37.53,0.0,6.0307032123956095,2018-11-05
21.98,38.11,0.0,6.1059694014732475,2018-11-06
20.19,37.87,0.0,6.979246099819681,2018-11-07
20.68,37.08,0.0,6.869566290368965,2018-11-08
19.54,35.27,0.0,6.927759110817244,2018-11-09
18.46,36.16,0.0,7.086058349103605,2018-11-10
19.23,36.45,0.0,6.86814005200988,2018-11-11
18.45,36.5,0.0,7.057349982333584,2018-11-12
18.0,36.36,0.0,7.352095648039211,2018-11-13
17.65,36.41,0.0,7.592399862811273,2018-11-14
19.23,35.8,0.0,7.5098445364952395,2018-11-15
18.94,35.27,0.0,6.458001336673366,2018-11-16
18.66,35.33,0.0,5.795411631982378,2018-11-17
20.32,35.8,0.0,4.710670182631928,2018-11-18
21.65,36.34,0.0,5.1051169342162845,2018-11-19
22.85,36.41,0.0,4.759019689877711,2018-11-20
22.04,35.72,0.0,7.263897525178124,2018-11-21
18.85,36.17,0.0,7.326570493608137,2018-11-22
17.77,35.94,0.0,7.237967045122923,2018-11-23
17.21,36.1,0.0,6.6858287493493425,2018-11-24
17.4,35.48,0.0,6.887176030502677,2018-11-25
18.87,35.12,0.0,7.6086917558320195,2018-11-26
17.02,35.22,0.0,6.908561283716059,2018-11-27
17.98,35.5,0.0,7.0105959452003,2018-11-28
16.98,34.7,0.0,8.09260131518944,2018-11-29
15.53,34.04,0.0,7.679981607780283,2018-11-30
16.03,34.1,0.0,7.290956790730933,2018-12-01
16.43,33.68,0.0,7.171504883013134,2018-12-02
17.27,33.6,0.0,7.723821168622371,2018-12-03
18.19,33.5,0.0,8.339084195714626,2018-12-04
19.37,34.17,0.0,8.578936707688701,2018-12-05
18.12,32.77,0.0,8.593111960740103,2018-12-06
16.21,33.04,0.0,7.588387223641965,2018-12-07
15.44,32.53,0.0,6.865004313122041,2018-12-08
15.59,32.62,0.0,7.031991091543723,2018-12-09
14.83,31.49,0.0,7.370053473997744,2018-12-10
13.61,31.26,0.0,6.921445836562323,2018-12-11
15.54,31.89,0.0,6.710791113097011,2018-12-12
18.29,33.3,0.0,7.360078950309322,2018-12-13
16.97,34.34,0.0,7.733185994332494,2018-12-14
18.01,34.79,0.0,8.210804120956212,2018-12-15
18.17,34.23,0.0,8.19553360620825,2018-12-16
17.5,33.63,0.0,7.920123484555835,2018-12-17
17.12,32.8,0.0,7.445170287012636,2018-12-18
17.36,32.57,0.0,7.75491861161203,2018-12-19
15.84,32.24,0.0,7.439801246605438,2018-12-20
16.28,31.4,0.0,7.263665394949503,2018-12-21
15.49,30.37,0.0,7.382310568836066,2018-12-22
14.45,29.66,0.0,7.633683206041886,2018-12-23
13.49,28.96,0.0,6.938229708158742,2018-12-24
13.86,28.88,0.0,6.782473899003851,2018-12-25
14.39,28.42,0.0,6.545898336908891,2018-12-26
12.64,29.66,0.0,6.361722244480104,2018-12-27
14.13,31.41,0.0,6.750076714360361,2018-12-28
15.4,32.48,0.0,6.830069979474699,2018-12-29
17.33,32.22,0.0,7.0551967577191625,2018-12-30
18.29,28.9,0.0,7.315716143547611,2018-12-31
17.14,31.61,0.0,7.670140948084247,2019-01-01
16.45,31.18,0.0,7.269078557701091,2019-01-02
15.54,31.36,0.0,6.778942920042027,2019-01-03
15.87,31.05,0.0,7.861152811422276,2019-01-04
14.39,31.03,0.0,8.12573545630795,2019-01-05
15.03,30.65,0.0,8.17093276174469,2019-01-06
15.91,30.02,0.0,7.8728011938576925,2019-01-07
13.55,29.94,0.0,6.93431397497607,2019-01-08
15.05,31.4,0.0,7.020611691859675,2019-01-09
15.14,30.36,0.0,5.810993234840992,2019-01-10
16.85,34.27,0.0,6.745541500227666,2019-01-11
17.58,34.77,0.0,8.382120599823502,2019-01-12
17.96,34.49,0.0,8.738566311006988,2019-01-13
15.96,33.03,0.0,7.6595566387833625,2019-01-14
15.21,32.9,0.0,7.49244309428689,2019-01-15
15.58,33.99,0.0,7.7239648838232835,2019-01-16
16.01,35.57,0.0,7.370636422582095,2019-01-17
17.48,36.17,0.0,6.947333636743825,2019-01-18
21.47,32.49,0.0,6.020965938645571,2019-01-19
16.95,33.33,0.0,7.606370304220048,2019-01-20
15.95,33.72,0.0,6.514627087275255,2019-01-21
15.55,33.67,0.0,7.2079885817210645,2019-01-22
14.36,32.1,0.0,7.577058254110476,2019-01-23
14.73,33.47,0.0,6.671703849414945,2019-01-24
16.79,34.97,0.0,6.621728382277649,2019-01-25
16.02,34.5,0.0,7.201095811567939,2019-01-26
15.22,32.97,0.0,8.06538733336809,2019-01-27
15.18,33.73,0.0,7.253890683679353,2019-01-28
15.48,34.13,0.0,8.145230415179915,2019-01-29
14.78,33.97,0.0,7.831746926228022,2019-01-30
15.87,35.21,0.0,7.616184667936254,2019-01-31
17.27,36.54,0.0,7.264303095190947,2019-02-01
17.57,36.82,0.0,6.647785586727589,2019-02-02
20.01,37.18,0.0,5.827198286726447,2019-02-03
19.04,36.43,0.0,7.155476336444057,2019-02-04
18.72,34.22,0.0,8.745777943518204,2019-02-05
17.27,33.82,0.0,8.774791000942656,2019-02-06
16.4,33.03,0.0,8.946770390926375,2019-02-07
15.52,32.43,0.0,9.079061486324392,2019-02-08
15.27,32.42,0.0,9.430698744809746,2019-02-09
14.53,32.93,0.0,9.780524885738114,2019-02-10
14.97,33.16,0.0,9.381467056435799,2019-02-11
15.37,32.75,0.0,8.918693483946967,2019-02-12
15.51,33.55,0.0,9.424448903510205,2019-02-13
15.93,33.1,0.0,9.657280150419739,2019-02-14
15.31,31.9,0.0,9.261285146746706,2019-02-15
16.11,32.31,0.0,8.939221013642785,2019-02-16
16.9,32.81,0.0,8.137527257549038,2019-02-17
17.81,35.12,0.0,8.407431226375188,2019-02-18
19.23,35.81,0.0,8.25027105495312,2019-02-19
21.6,35.16,0.0,7.039631580363979,2019-02-20
21.27,37.58,0.0,6.5999470681957275,2019-02-21
21.82,37.83,0.0,7.804937068684854,2019-02-22
18.94,36.16,0.0,9.228552176073016,2019-02-23
16.1,34.85,0.0,8.10225500746996,2019-02-24
17.52,35.35,0.0,7.971814302181834,2019-02-25
17.17,35.39,0.0,7.552204911996465,2019-02-26
16.42,35.06,0.0,8.028029368261313,2019-02-27
17.2,33.43,0.0,8.559572173477354,2019-02-28
18.62,29.36,0.0,7.65427169486725,2019-03-01
16.92,34.19,0.0,8.077737225907006,2019-03-02
18.44,34.99,0.0,8.947350857308304,2019-03-03
18.16,36.81,0.0,8.247072578513025,2019-03-04
21.14,37.31,0.0,8.272248791706346,2019-03-05
19.93,38.38,0.0,7.69028384275472,2019-03-06
21.03,39.63,0.0,6.836871681208132,2019-03-07
20.83,39.02,0.0,7.2910751474203455,2019-03-08
21.5,37.22,0.0,5.558137215262888,2019-03-09
23.03,37.54,0.0,8.524343296061142,2019-03-10
23.05,38.75,0.0,9.731016346454231,2019-03-11
23.46,38.32,0.0,10.282811697725272,2019-03-12
22.91,39.02,0.0,9.264935363172098,2019-03-13
22.41,40.04,0.0,9.320048039213258,2019-03-14
22.21,39.25,0.0,10.47804346384235,2019-03-15
23.59,39.13,0.0,10.423981805965814,2019-03-16
23.13,39.92,0.0,7.954277830855458,2019-03-17
26.72,40.58,0.0,9.714135628203312,2019-03-18
24.81,40.66,0.0,6.2050456279361805,2019-03-19
25.11,40.5,0.0,8.1563874836451,2019-03-20
23.57,40.06,0.0,9.73575292818704,2019-03-21
24.03,38.45,0.02,9.303906449976237,2019-03-22
23.08,40.41,0.0,10.14681796589918,2019-03-23
23.84,39.59,0.0,9.522235733135187,2019-03-24
25.92,38.31,0.0,10.82583147867363,2019-03-25
25.82,38.7,0.0,8.464874644522686,2019-03-26
26.06,40.41,0.05,11.403511292100736,2019-03-27
25.46,41.69,0.0,12.858524882799427,2019-03-28
24.62,42.59,0.0,11.09750137391375,2019-03-29
24.09,42.43,0.0,9.76541040976197,2019-03-30
25.87,38.56,0.0,6.482183185352635,2019-03-31
27.2,40.68,0.0,7.184972356535696,2019-04-01
26.89,41.68,0.0,9.436743303053733,2019-04-02
26.75,42.69,0.0,9.551953210001441,2019-04-03
25.37,42.62,0.0,8.96457214353813,2019-04-04
26.38,43.11,0.0,8.27973589428555,2019-04-05
27.43,42.29,0.0,8.155393789002652,2019-04-06
27.39,41.23,0.0,10.162342045048444,2019-04-07
26.54,41.49,0.0,10.486566880261298,2019-04-08
25.4,41.76,0.0,10.76393445128862,2019-04-09
24.15,41.86,0.0,10.828412641517536,2019-04-10
24.84,41.36,0.0,8.896153239155861,2019-04-11
26.85,37.58,0.0,7.532354760165745,2019-04-12
26.41,40.86,0.0,7.972664878292159,2019-04-13
25.24,41.69,0.0,8.726660426142253,2019-04-14
24.89,41.83,0.0,8.164159319594646,2019-04-15
25.27,41.15,0.0,10.399357029709725,2019-04-16
25.22,41.47,0.0,9.839942178297395,2019-04-17
23.91,42.05,0.0,10.091621320546933,2019-04-18
23.47,42.38,0.0,9.276671570752788,2019-04-19
24.38,42.03,0.06,8.949485430223437,2019-04-20
26.64,40.92,0.0,6.896334124570843,2019-04-21
29.3,40.41,0.31,9.866062092024121,2019-04-22
28.53,40.79,0.0,4.247983307273272,2019-04-23
29.38,38.33,0.03,6.280705423834517,2019-04-24
29.19,40.51,0.67,8.861978882474572,2019-04-25
28.14,41.16,0.0,10.861251755440477,2019-04-26
26.72,42.32,0.0,7.635165090827458,2019-04-27
28.17,42.08,0.0,7.134510528629205,2019-04-28
28.06,43.62,0.0,6.493627780319119,2019-04-29
28.57,42.0,0.2,10.009761257774807,2019-04-30
29.04,42.23,0.0,9.414224295857256,2019-05-01
27.89,41.87,0.0,9.254794290714608,2019-05-02
28.78,37.07,0.01,9.729497452630842,2019-05-03
27.19,35.4,0.14,7.587979943386399,2019-05-04
27.11,43.43,0.01,8.687761189960149,2019-05-05
28.33,44.59,0.0,8.97304595541718,2019-05-06
29.7,40.9,0.0,10.661132504609789,2019-05-07
30.3,38.92,0.02,9.880853118055446,2019-05-08
29.22,42.15,0.14,12.242832096915643,2019-05-09
27.79,41.53,0.06,9.979092804126191,2019-05-10
29.04,37.13,0.84,8.222567789377543,2019-05-11
27.12,39.28,0.0,7.981339871227264,2019-05-12
28.88,40.89,0.04,9.542543697304861,2019-05-13
29.66,39.58,0.02,9.658285303796994,2019-05-14
29.56,38.33,0.69,8.12342688741044,2019-05-15
28.58,35.55,1.24,9.108676423507859,2019-05-16
26.85,39.77,0.0,8.476251107448421,2019-05-17
27.94,40.62,0.0,9.213286894388174,2019-05-18
28.72,41.2,0.38,10.613272000308005,2019-05-19
29.29,36.39,0.02,10.156465421166688,2019-05-20
25.87,39.88,0.02,8.284845388917105,2019-05-21
28.19,40.09,1.46,6.8439637396099755,2019-05-22
29.5,41.04,0.0,7.793832084926713,2019-05-23
30.26,37.64,0.42,7.82438108285809,2019-05-24
28.69,38.99,0.81,9.046619131146096,2019-05-25
27.14,41.14,0.0,9.492060517685031,2019-05-26
27.28,41.97,0.0,10.338497607360278,2019-05-27
29.11,39.42,0.07,10.06760641783601,2019-05-28
29.21,37.57,1.49,8.929013819564341,2019-05-29
27.37,37.36,0.46,8.904568294416451,2019-05-30
27.03,38.05,0.21,8.10245922922443,2019-05-31
27.99,35.66,1.74,6.595750962252569,2019-06-01
27.21,35.72,1.4,6.434705773817483,2019-06-02
27.58,37.6,0.64,8.740313554065775,2019-06-03
28.54,39.11,1.66,9.568503843685356,2019-06-04
27.92,39.59,0.01,8.451189714780783,2019-06-05
29.29,37.34,3.53,8.12931537487854,2019-06-06
27.83,36.79,2.1,7.779391097883122,2019-06-07
27.44,36.55,0.07,6.105977082550086,2019-06-08
27.15,37.96,0.1,7.801515271006626,2019-06-09
27.69,38.54,0.23,8.161309189911156,2019-06-10
27.8,35.04,3.59,7.388885407940721,2019-06-11
26.52,34.65,0.48,6.156066544218102,2019-06-12
27.45,37.05,0.38,6.111440983548904,2019-06-13
26.47,41.36,0.0,8.421227574359,2019-06-14
28.0,41.55,0.54,9.56809330657041,2019-06-15
27.09,36.93,8.98,7.3260115617349255,2019-06-16
26.57,40.49,0.01,8.17502360731374,2019-06-17
27.66,41.39,0.0,9.355570510359225,2019-06-18
27.7,42.08,0.41,8.044169101184274,2019-06-19
28.35,42.65,0.0,9.73730380784484,2019-06-20
28.19,41.96,0.83,10.46076001051082,2019-06-21
27.18,34.82,6.96,6.544182998372343,2019-06-22
26.25,39.47,0.0,8.663463079073363,2019-06-23
27.03,39.38,0.04,9.537442453548426,2019-06-24
26.74,37.81,0.89,9.057622714325705,2019-06-25
26.76,37.32,3.55,7.414251159442635,2019-06-26
26.45,38.29,0.4,8.11242598057278,2019-06-27
26.42,36.53,4.93,7.399633342870303,2019-06-28
26.18,32.85,17.44,5.506101309072967,2019-06-29
24.99,35.01,9.3,6.477583866662056,2019-06-30
26.26,37.14,0.59,7.492505335230797,2019-07-01
25.93,36.28,1.43,7.757247690488071,2019-07-02
25.85,36.87,0.77,7.305017692285423,2019-07-03
26.04,34.43,4.94,5.41118567263835,2019-07-04
25.28,30.64,21.56,4.22302869721681,2019-07-05
24.56,34.35,5.71,5.405487804397861,2019-07-06
24.51,38.48,0.0,7.932619708459038,2019-07-07
25.91,35.67,0.16,7.730444252268942,2019-07-08
24.4,29.03,23.98,4.121848289030342,2019-07-09
22.98,34.02,0.0,5.841068914238095,2019-07-10
24.43,36.64,0.1,6.542051131239316,2019-07-11
25.3,33.51,1.62,5.577549903228355,2019-07-12
23.29,34.57,0.34,6.321429214650426,2019-07-13
24.62,36.46,0.17,6.331906427458623,2019-07-14
25.7,38.82,0.32,7.0493207320064295,2019-07-15
25.66,35.08,7.78,7.01868078047119,2019-07-16
24.77,32.79,13.65,5.9670980167563235,2019-07-17
24.59,35.56,0.23,6.389830821602216,2019-07-18
25.32,32.45,0.14,6.34551401104001,2019-07-19
24.13,33.03,7.0,4.467574325261025,2019-07-20
24.38,34.99,0.38,5.8564334878725335,2019-07-21
24.49,33.38,2.46,4.977053570648795,2019-07-22
24.82,29.84,11.58,4.367537743071632,2019-07-23
23.27,31.12,15.73,5.286296630906135,2019-07-24
24.36,31.53,8.06,4.2318712159830385,2019-07-25
24.89,33.33,0.14,5.611572541590181,2019-07-26
24.38,35.49,0.22,6.7008554338878525,2019-07-27
25.24,31.45,11.27,4.386752394379466,2019-07-28
24.62,33.46,0.87,5.909183673435751,2019-07-29
24.53,33.08,7.94,5.406764138346188,2019-07-30
24.23,31.5,7.98,3.7247412133670146,2019-07-31
24.6,30.75,9.68,4.433260142479975,2019-08-01
23.69,31.22,4.34,4.491390632028244,2019-08-02
23.71,31.55,0.28,5.482904292271236,2019-08-03
22.96,33.33,0.78,6.037015709392908,2019-08-04
24.37,32.45,2.09,3.777376778233524,2019-08-05
24.09,32.63,1.11,5.827543665995156,2019-08-06
24.33,33.25,9.42,5.2717807002701536,2019-08-07
24.42,30.35,21.2,4.76026997311183,2019-08-08
24.25,32.66,7.12,5.801438990205376,2019-08-09
23.55,29.9,16.32,4.567117438468504,2019-08-10
21.82,33.07,0.22,5.928111255327054,2019-08-11
23.34,33.45,0.29,6.143867744613959,2019-08-12
24.12,33.17,3.17,3.971865696833142,2019-08-13
23.87,33.5,0.46,5.7450739060488685,2019-08-14
24.26,32.74,1.18,3.854852506622601,2019-08-15
24.85,30.57,4.92,3.2463455019931162,2019-08-16
24.0,30.44,3.95,5.006837779778195,2019-08-17
23.71,31.65,3.76,4.824784433482881,2019-08-18
24.08,32.32,6.08,2.542235420011329,2019-08-19
24.02,29.72,3.44,4.482852224629485,2019-08-20
23.12,31.39,1.73,4.668494684342879,2019-08-21
24.01,27.95,16.26,3.691361982100636,2019-08-22
22.93,27.89,10.69,3.625480394792445,2019-08-23
21.58,30.63,4.15,4.902319347964791,2019-08-24
22.87,27.96,5.89,4.0097570244567144,2019-08-25
22.58,30.29,6.96,3.6921815632967614,2019-08-26
23.13,30.97,3.3,4.844559892665285,2019-08-27
23.56,30.92,8.29,3.341466488947154,2019-08-28
23.33,28.4,19.99,4.886089303281156,2019-08-29
23.28,30.71,5.02,4.466969313359607,2019-08-30
23.73,32.99,1.03,5.664495863508393,2019-08-31
24.47,32.96,0.59,5.283166789978614,2019-09-01
24.15,31.23,4.0,4.981549136101602,2019-09-02
23.92,31.78,0.49,5.54142850928932,2019-09-03
23.58,32.62,5.82,4.610887954908603,2019-09-04
23.5,32.8,0.87,5.417121129654066,2019-09-05
24.04,33.83,1.76,5.041574994888089,2019-09-06
24.76,31.21,3.16,3.6087895781855077,2019-09-07
24.2,30.85,3.45,5.0650687409810855,2019-09-08
24.16,30.74,9.26,4.134195504940712,2019-09-09
23.38,33.9,0.43,5.266507243842165,2019-09-10
23.87,33.11,3.05,5.308843059982555,2019-09-11
24.17,32.87,1.45,5.269224271005897,2019-09-12
23.94,32.53,0.56,4.557076230925198,2019-09-13
24.93,33.96,0.14,4.819116412305541,2019-09-14
24.79,29.95,1.61,4.044788891154283,2019-09-15
22.99,31.7,3.07,3.8548962762349746,2019-09-16
24.05,30.29,0.42,4.795921203061344,2019-09-17
24.51,33.45,1.25,5.0490873645121335,2019-09-18
24.32,35.11,1.43,5.453074041287373,2019-09-19
24.08,30.86,1.69,4.746441111134197,2019-09-20
22.92,35.17,0.08,5.5629410010584275,2019-09-21
23.86,34.98,0.0,5.806568374787436,2019-09-22
25.52,35.18,0.01,5.748710949103817,2019-09-23
24.49,36.12,0.0,5.441216619708228,2019-09-24
24.64,36.64,0.0,5.963078164678625,2019-09-25
24.66,36.81,0.06,6.2676376976387385,2019-09-26
25.53,34.02,1.34,5.622856359956336,2019-09-27
24.59,36.24,0.01,6.364517123584567,2019-09-28
24.03,36.25,0.08,6.489133752611604,2019-09-29
25.16,35.56,0.01,6.101846997196363,2019-09-30
25.18,31.42,6.5,4.952840956695721,2019-10-01
24.16,30.56,4.46,3.819831064238353,2019-10-02
24.32,33.98,0.02,5.593340353136341,2019-10-03
23.76,32.73,0.0,5.042672795654762,2019-10-04
24.05,31.74,0.0,4.513977925923909,2019-10-05
24.15,30.97,1.17,4.817560507332047,2019-10-06
23.28,34.03,0.46,5.306575028550611,2019-10-07
24.48,34.23,0.3,5.091796761091812,2019-10-08
24.07,32.49,0.75,4.988493252486657,2019-10-09
23.61,31.73,4.38,4.635549611600584,2019-10-10
22.3,29.4,6.15,4.5059670542174395,2019-10-11
23.13,30.71,1.1,4.492946257009483,2019-10-12
22.81,32.67,2.16,4.900217728711823,2019-10-13
22.7,37.24,0.14,6.212450530746848,2019-10-14
23.88,37.06,0.05,6.461581102864536,2019-10-15
23.73,37.73,0.22,6.163093077031024,2019-10-16
24.14,35.66,2.86,5.443276218731715,2019-10-17
24.22,36.88,0.0,5.858038436719587,2019-10-18
24.39,34.88,0.11,5.69437310286693,2019-10-19
24.02,29.86,0.83,4.7781106586713555,2019-10-20
23.06,32.83,2.57,4.689107543357226,2019-10-21
23.66,36.65,0.0,5.645990086101677,2019-10-22
24.69,38.18,0.0,6.495257475298078,2019-10-23
22.89,37.56,0.0,6.3859064301696895,2019-10-24
23.23,37.3,0.0,6.1594210783357575,2019-10-25
21.93,33.64,0.0,5.999633443347336,2019-10-26
23.16,34.95,0.0,5.3939956880385,2019-10-27
24.5,30.9,0.34,4.554576336266917,2019-10-28
23.67,33.98,0.16,5.166298205278553,2019-10-29
24.15,31.25,0.11,4.049241287656784,2019-10-30
23.96,33.34,0.04,5.395866222925827,2019-10-31
21.11,36.97,0.0,6.949196837463363,2019-11-01
21.08,36.3,0.0,6.727620225646642,2019-11-02
20.22,36.97,0.03,5.9879305587901985,2019-11-03
22.72,37.46,0.0,6.576704700536248,2019-11-04
19.7,37.14,0.0,6.69220321363672,2019-11-05
20.43,37.25,0.0,6.098535658757366,2019-11-06
20.3,37.31,0.0,6.415740984217567,2019-11-07
20.59,37.03,0.0,6.517183491265767,2019-11-08
20.59,37.07,0.0,6.221180072855416,2019-11-09
21.09,37.48,0.0,5.674054679766963,2019-11-10
22.13,37.83,0.0,5.626419730778251,2019-11-11
21.43,36.42,0.0,7.949860525261047,2019-11-12
19.2,35.16,0.0,7.323519584461481,2019-11-13
19.96,34.89,0.0,6.067062274255452,2019-11-14
19.3,35.9,0.0,5.504365039349919,2019-11-15
21.91,36.75,0.01,5.570264292784915,2019-11-16
20.9,37.36,0.0,7.07929366762623,2019-11-17
21.71,37.34,0.0,6.032352549712899,2019-11-18
20.38,37.24,0.0,5.611379430818265,2019-11-19
19.33,36.51,0.0,6.83983741605224,2019-11-20
19.71,37.53,0.0,7.300479350648955,2019-11-21
21.57,37.5,0.0,5.6706046986783525,2019-11-22
21.08,37.37,0.0,6.355484941440708,2019-11-23
20.38,37.57,0.0,6.300634525435935,2019-11-24
19.85,37.83,0.0,6.027875176434009,2019-11-25
19.84,37.87,0.0,7.077200693635822,2019-11-26
19.75,37.17,0.0,7.617584384802456,2019-11-27
19.2,36.53,0.0,7.95455479258921,2019-11-28
18.04,36.02,0.0,7.932657549472476,2019-11-29
17.98,35.86,0.0,8.332449843753553,2019-11-30
17.97,35.46,0.0,7.650828460995022,2019-12-01
18.25,35.67,0.0,6.52269083188842,2019-12-02
17.22,34.75,0.0,6.687839254041712,2019-12-03
17.4,34.62,0.0,6.347338167673399,2019-12-04
17.22,34.21,0.0,6.619395054342177,2019-12-05
17.54,34.97,0.0,6.800176125988842,2019-12-06
18.02,32.96,0.0,6.659004537653747,2019-12-07
15.72,33.9,0.0,7.088135162251974,2019-12-08
16.78,33.41,0.0,6.795499640145015,2019-12-09
15.36,33.69,0.0,6.65661391681424,2019-12-10
14.56,33.54,0.0,7.77744485775198,2019-12-11
15.72,32.75,0.0,7.464872856573346,2019-12-12
15.11,32.22,0.0,7.323022796618656,2019-12-13
15.35,32.02,0.0,7.558323846625857,2019-12-14
14.05,32.36,0.0,7.623844417193604,2019-12-15
14.56,32.91,0.0,7.490492909651294,2019-12-16
15.19,33.94,0.0,6.794727519336391,2019-12-17
17.61,33.77,0.0,6.112003040080322,2019-12-18
18.02,34.47,0.0,7.502763633778888,2019-12-19
17.95,33.5,0.0,8.329367552144824,2019-12-20
15.46,32.55,0.0,8.171325963300857,2019-12-21
14.77,33.28,0.0,8.026850262587347,2019-12-22
14.43,32.66,0.0,7.83971365265434,2019-12-23
13.85,31.74,0.0,7.8955954487376,2019-12-24
12.02,32.0,0.0,7.475728522743056,2019-12-25
12.7,31.61,0.0,7.595869607381834,2019-12-26
14.45,31.63,0.0,7.687393947974863,2019-12-27
14.67,31.91,0.0,7.165280678173969,2019-12-28
14.62,31.42,0.0,7.444633487206098,2019-12-29
13.08,30.57,0.0,7.339910698309488,2019-12-30
12.31,29.92,0.0,7.6816633367247915,2019-12-31
12.62,28.66,0.0,8.094647525622857,2020-01-01
10.79,24.84,0.0,7.32492751077825,2020-01-02
9.75,24.33,0.0,6.710234408007917,2020-01-03
11.42,26.9,0.0,7.026073988039256,2020-01-04
13.11,29.27,0.0,6.799330285601964,2020-01-05
15.27,29.64,0.0,6.172176144788574,2020-01-06
16.82,30.32,0.0,6.654351546089679,2020-01-07
18.89,32.0,0.0,7.586199143171306,2020-01-08
18.29,33.58,0.0,7.564651323959908,2020-01-09
19.98,34.94,0.0,6.591049275313288,2020-01-10
19.26,33.29,0.0,7.693650884526289,2020-01-11
18.95,34.5,0.0,6.515663939650432,2020-01-12
18.53,32.89,0.0,7.465562107119124,2020-01-13
15.68,32.51,0.0,8.060730457773104,2020-01-14
16.09,33.09,0.0,8.136355063579366,2020-01-15
16.73,32.69,0.0,8.126701517403976,2020-01-16
15.59,31.52,0.0,8.265886036245227,2020-01-17
13.72,30.23,0.0,7.76311159650765,2020-01-18
14.83,30.37,0.0,7.169873640315807,2020-01-19
16.53,31.37,0.0,6.173835362419378,2020-01-20
18.0,33.52,0.0,6.6632223982673295,2020-01-21
18.88,33.71,0.0,7.996869066808589,2020-01-22
17.45,31.98,0.0,8.940383040856107,2020-01-23
16.94,33.43,0.0,10.040690152120426,2020-01-24
16.56,32.84,0.0,10.06857955409719,2020-01-25
16.12,31.31,0.0,8.650919265405756,2020-01-26
15.53,32.4,0.0,8.20024928032908,2020-01-27
16.7,33.37,0.0,7.967589160378891,2020-01-28
15.75,34.58,0.0,9.575664814032557,2020-01-29
16.33,34.62,0.0,9.639423520429435,2020-01-30
17.83,33.87,0.0,9.251054117050884,2020-01-31
16.53,33.94,0.0,9.222029383647696,2020-02-01
14.67,32.54,0.0,8.552456802328264,2020-02-02
14.14,32.66,0.0,8.6015521306092,2020-02-03
14.14,32.66,0.0,8.68419772225918,2020-02-04
14.89,32.3,0.0,9.00841816514476,2020-02-05
14.63,32.78,0.0,7.840723912046836,2020-02-06
14.96,33.46,0.0,8.258942700157629,2020-02-07
14.66,33.31,0.0,9.048226519995678,2020-02-08
17.25,33.77,0.0,8.520017198778119,2020-02-09
21.05,34.14,0.0,8.98445573098181,2020-02-10
19.03,32.69,0.0,10.509511667771175,2020-02-11
18.98,32.75,0.0,10.478510737275457,2020-02-12
17.64,31.97,0.0,9.249659830427188,2020-02-13
14.78,33.16,0.0,8.835697254688768,2020-02-14
14.64,34.53,0.0,9.218242455424138,2020-02-15
15.0,35.04,0.0,9.49140280913054,2020-02-16
16.22,35.83,0.0,9.284293727428532,2020-02-17
17.29,35.68,0.0,9.122874611270333,2020-02-18
17.07,35.45,0.0,8.965134616241574,2020-02-19
17.13,35.51,0.0,8.887134650606047,2020-02-20
18.73,35.6,0.0,9.247525267299437,2020-02-21
20.52,37.25,0.0,9.98898416997874,2020-02-22
19.71,37.05,0.0,11.107944446904877,2020-02-23
20.52,35.39,0.0,11.448848213544869,2020-02-24
17.08,33.65,0.0,9.20719459068426,2020-02-25
17.81,34.76,0.0,7.702567584384412,2020-02-26
19.12,35.42,0.0,8.04319736713369,2020-02-27
20.63,36.51,0.0,8.565433201724082,2020-02-28
20.62,38.04,0.0,8.61193394918458,2020-02-29
20.17,38.7,0.0,7.653065750635738,2020-03-01
21.53,38.89,0.0,8.193699519394709,2020-03-02
21.68,39.03,0.0,9.560307479599356,2020-03-03
22.17,38.42,0.0,10.812765307161921,2020-03-04
20.83,39.07,0.0,9.369083859808267,2020-03-05
20.29,39.44,0.0,8.355578248176053,2020-03-06
20.28,39.07,0.0,8.4024034131291,2020-03-07
21.56,39.84,0.0,8.390280304946856,2020-03-08
22.58,40.72,0.0,9.023030772737483,2020-03-09
22.12,39.1,0.0,8.674146837903702,2020-03-10
23.5,39.42,0.0,9.149501699169287,2020-03-11
21.31,36.73,0.0,10.970439037382482,2020-03-12
21.35,36.68,0.0,10.000623910510642,2020-03-13
20.82,38.19,0.0,9.6572169693535,2020-03-14
21.24,38.85,0.0,9.324626382539032,2020-03-15
23.76,40.54,0.0,9.933889108719583,2020-03-16
22.44,40.75,0.25,10.452333217174848,2020-03-17
23.5,40.95,0.0,9.164763898337984,2020-03-18
24.23,41.24,0.08,7.387040077046363,2020-03-19
29.22,40.69,0.0,7.806886170651525,2020-03-20
29.08,41.75,0.0,8.407641058692922,2020-03-21
27.82,42.28,0.0,10.983438494871272,2020-03-22
25.8,41.83,0.0,8.8108888130832,2020-03-23
27.58,37.17,0.0,9.172292211299554,2020-03-24
26.25,38.36,0.0,8.89444861690005,2020-03-25
24.99,38.61,0.0,9.651673621640017,2020-03-26
24.03,38.53,0.0,9.787645679273815,2020-03-27
25.2,42.05,0.0,7.059172581978438,2020-03-28
24.12,40.35,0.0,9.27059212161299,2020-03-29
25.75,42.59,0.0,10.156345864180173,2020-03-30
25.83,42.07,0.0,6.2333906602141855,2020-03-31
25.95,42.89,0.0,9.897531344988199,2020-04-01
27.29,41.9,0.0,7.400386014070103,2020-04-02
28.35,42.54,0.0,7.879298373809327,2020-04-03
27.94,41.67,0.0,8.165110274135484,2020-04-04
30.68,42.33,0.0,10.123124929379067,2020-04-05
25.03,43.82,0.0,8.600985898256742,2020-04-06
27.59,41.91,0.01,9.795717511061708,2020-04-07
28.28,37.27,0.0,8.19727057908058,2020-04-08
27.91,39.74,0.57,8.634638889581682,2020-04-09
26.8,35.85,0.08,7.840481062884506,2020-04-10
25.92,37.44,0.15,6.40356396817199,2020-04-11
25.51,41.1,0.0,9.11965459199173,2020-04-12
24.85,40.97,0.0,10.373897378281645,2020-04-13
24.22,40.74,0.0,8.754757143824104,2020-04-14
26.1,41.93,0.0,8.779425024823302,2020-04-15
27.73,41.8,0.0,9.346755458034048,2020-04-16
24.38,42.81,0.0,10.801944294148687,2020-04-17
24.38,41.26,0.0,8.320891824172618,2020-04-18
28.07,41.83,0.0,8.39174905140318,2020-04-19
28.93,38.48,0.52,9.640400622859477,2020-04-20
28.18,37.45,0.66,8.339798544695704,2020-04-21
26.22,41.33,0.0,8.124921363574748,2020-04-22
27.91,42.16,0.0,10.595033626875248,2020-04-23
28.01,41.36,0.0,10.126267262269726,2020-04-24
28.88,42.88,0.0,9.998447127133135,2020-04-25
29.82,41.74,0.0,10.295453258255906,2020-04-26
27.93,42.46,0.07,10.58558854672987,2020-04-27
27.35,42.38,0.0,8.689563633475192,2020-04-28
29.34,44.06,0.0,8.878658039349606,2020-04-29
30.07,40.78,0.0,9.432433200563702,2020-04-30
29.83,39.5,0.01,9.338171064749478,2020-05-01
28.67,42.97,0.01,10.738867588455385,2020-05-02
29.24,43.2,0.0,11.29432367859537,2020-05-03
29.39,37.84,7.32,7.902723705444945,2020-05-04
28.35,38.84,0.63,7.037466196803359,2020-05-05
28.69,42.04,0.0,8.694349028588181,2020-05-06
24.14,41.75,0.0,8.437214670865947,2020-05-07
27.45,41.74,0.0,9.698775726770215,2020-05-08
28.77,42.48,0.0,8.377862244520216,2020-05-09
29.14,41.99,0.0,9.036892753428226,2020-05-10
28.36,40.85,0.88,10.816165449262673,2020-05-11
27.9,39.75,0.02,8.53561434950083,2020-05-12
29.03,40.35,0.04,7.5354344754274125,2020-05-13
29.55,42.69,0.0,7.513707412875616,2020-05-14
30.01,41.09,0.02,10.018356331664023,2020-05-15
29.66,38.95,0.31,10.546444835568973,2020-05-16
28.71,37.37,0.11,8.735008399060765,2020-05-17
27.79,39.65,0.0,8.995253960149263,2020-05-18
28.3,41.67,0.0,9.78566816696127,2020-05-19
28.67,42.89,0.0,10.769497911828802,2020-05-20
27.61,42.29,0.0,11.142134131506706,2020-05-21
25.68,41.66,0.0,8.710492675166481,2020-05-22
27.54,40.13,0.0,9.16363868356681,2020-05-23
29.18,40.64,0.09,8.467588826269363,2020-05-24
30.79,41.3,0.09,6.9371894441068935,2020-05-25
29.81,36.97,0.86,7.497359656317741,2020-05-26
28.6,36.91,9.04,5.620255798709419,2020-05-27
27.66,38.12,2.1,6.528060505304041,2020-05-28
28.27,42.02,0.0,9.021453416311603,2020-05-29
28.16,36.32,1.67,8.954681052463314,2020-05-30
27.13,38.92,0.02,7.443703714913146,2020-05-31
28.52,40.74,0.01,8.726743826077763,2020-06-01
28.15,41.47,0.0,9.384563237744283,2020-06-02
28.26,40.08,0.01,9.3530038395745,2020-06-03
28.24,41.54,0.01,10.021846356940042,2020-06-04
27.18,32.57,9.96,6.673222170369132,2020-06-05
25.4,35.47,5.0,6.51132924053826,2020-06-06
27.73,36.12,0.0,6.560766747271844,2020-06-07
26.52,39.83,0.0,7.90315009718686,2020-06-08
27.91,39.12,0.01,9.639675545338042,2020-06-09
26.44,38.64,0.37,9.267087466110292,2020-06-10
26.11,39.11,0.09,8.394965265773891,2020-06-11
27.44,35.54,2.2,7.064655854786388,2020-06-12
25.38,38.55,0.75,7.662611444151614,2020-06-13
26.47,32.97,8.93,5.200531466622193,2020-06-14
25.95,36.57,0.0,6.905339190435239,2020-06-15
26.01,41.3,0.0,8.477277737750121,2020-06-16
27.77,35.22,0.05,7.828156792028932,2020-06-17
26.35,36.05,4.07,8.097826023581591,2020-06-18
24.87,28.75,60.94,4.6761683830380765,2020-06-19
24.25,33.08,0.01,5.772598630878597,2020-06-20
24.92,39.34,0.0,7.964953137570827,2020-06-21
25.76,38.03,0.0,8.025036670276641,2020-06-22
26.23,36.44,0.01,7.63707307335796,2020-06-23
26.48,37.95,0.17,6.0262801033928195,2020-06-24
26.69,39.33,0.0,7.227556081010668,2020-06-25
26.97,38.39,0.0,7.349615204947753,2020-06-26
26.63,37.81,0.43,8.073357255290246,2020-06-27
26.33,31.87,4.93,5.6084929714940674,2020-06-28
24.41,34.82,0.91,6.050695234721777,2020-06-29
25.62,34.94,1.64,5.64462072111881,2020-06-30
25.28,37.71,0.05,7.404174135322509,2020-07-01
25.45,39.09,0.08,7.629914608604894,2020-07-02
26.9,39.73,0.03,9.211486547357985,2020-07-03
26.93,35.29,0.6,7.60274397194679,2020-07-04
24.95,36.89,0.24,7.634281778728399,2020-07-05
25.57,38.75,0.12,7.224166369676646,2020-07-06
26.7,40.8,0.01,9.03842634131922,2020-07-07
27.05,37.86,0.08,8.105020245288967,2020-07-08
27.01,36.98,1.0,7.6698799047359785,2020-07-09
26.32,35.04,4.28,4.817310268489819,2020-07-10
24.81,27.9,36.65,4.483593734164182,2020-07-11
23.1,33.93,2.24,5.363078375695542,2020-07-12
24.66,33.92,3.59,6.328567545651355,2020-07-13
24.5,32.18,10.89,4.405781523751334,2020-07-14
24.28,29.41,8.15,3.349236180055023,2020-07-15
23.41,30.75,16.71,4.851216942840256,2020-07-16
23.85,30.74,3.76,5.157809388231922,2020-07-17
23.6,29.74,5.86,4.667143959981019,2020-07-18
23.89,30.7,12.18,3.6260862652855765,2020-07-19
22.73,33.93,0.7,5.943224026199074,2020-07-20
23.4,33.45,1.29,4.312477831197171,2020-07-21
23.34,34.64,2.28,6.158598509284855,2020-07-22
24.87,34.29,2.5,5.258148963955175,2020-07-23
24.26,31.33,8.74,4.512231747322284,2020-07-24
23.87,31.29,6.98,5.3661951591819514,2020-07-25
23.55,33.76,6.05,5.344864679711563,2020-07-26
24.46,31.03,11.6,4.335250298931879,2020-07-27
24.09,29.18,8.58,3.811005043310237,2020-07-28
22.6,33.22,0.85,5.570880480048488,2020-07-29
23.72,33.78,0.7,6.1738815146337425,2020-07-30
24.92,31.47,1.52,4.50870017556852,2020-07-31
23.68,33.75,0.41,6.229728092368299,2020-08-01
23.93,32.81,2.33,5.191165512748024,2020-08-02
23.48,27.4,124.23,2.9760826234089373,2020-08-03
22.45,29.17,3.95,3.7984681091680303,2020-08-04
22.45,30.63,6.02,4.736944762584738,2020-08-05
23.27,31.89,4.48,5.264575204226186,2020-08-06
23.31,26.76,34.34,1.9230156667041671,2020-08-07
22.42,30.19,11.4,3.766566399866946,2020-08-08
23.18,30.72,2.38,4.5704894331534,2020-08-09
24.18,28.21,12.03,3.2964775028466273,2020-08-10
22.3,27.51,1.97,2.961779645740053,2020-08-11
21.23,31.41,0.3,4.757584952493684,2020-08-12
23.5,31.35,2.22,4.982628194221291,2020-08-13
24.43,31.96,5.98,4.802470052620828,2020-08-14
23.94,29.06,6.37,3.4686990608985195,2020-08-15
22.7,31.77,0.32,5.52568381276094,2020-08-16
23.67,31.1,2.12,5.273482038738887,2020-08-17
23.87,31.43,6.99,4.502231717457851,2020-08-18
22.79,32.68,1.06,4.862113182935664,2020-08-19
24.14,33.19,7.45,5.021921182788042,2020-08-20
23.69,31.54,57.66,4.491589878833676,2020-08-21
23.77,30.19,2.78,4.914532730491876,2020-08-22
22.68,30.97,7.85,4.700605556747361,2020-08-23
23.51,27.16,9.28,2.04604457763668,2020-08-24
22.74,28.59,45.84,4.329225375596318,2020-08-25
21.14,30.91,0.37,4.753033496319803,2020-08-26
23.31,30.79,2.26,3.9097872785492482,2020-08-27
23.06,30.8,2.04,4.3763882751054215,2020-08-28
23.33,29.77,1.25,4.40130978099363,2020-08-29
23.31,29.16,3.16,4.018865860977397,2020-08-30
23.07,28.43,9.88,4.2056725194613005,2020-08-31
22.83,30.68,2.6,5.044613626529259,2020-09-01
23.7,29.21,5.32,3.7490985283217433,2020-09-02
23.59,27.85,10.15,4.4220684938632,2020-09-03
22.16,28.91,48.85,4.4225100070424395,2020-09-04
23.12,30.37,7.27,4.613729910086065,2020-09-05
22.99,26.71,26.04,2.3071952703218286,2020-09-06
22.44,29.08,2.52,4.1640360001064884,2020-09-07
22.54,30.71,2.25,5.207855161801447,2020-09-08
23.01,30.84,3.5,4.183610154102962,2020-09-09
24.45,29.22,4.47,4.6925330786912385,2020-09-10
23.41,30.13,7.95,3.2055629787919107,2020-09-11
24.04,30.07,0.91,5.016398600101388,2020-09-12
23.08,31.19,1.44,4.1696525901599895,2020-09-13
23.15,30.86,1.25,5.17688612601384,2020-09-14
23.02,32.4,0.26,5.162408275273237,2020-09-15
24.4,28.86,5.4,3.6989793406154186,2020-09-16
23.44,27.6,16.42,2.2214019473035065,2020-09-17
22.91,29.35,2.42,3.728715320173026,2020-09-18
22.0,32.42,0.01,5.3922943312213665,2020-09-19
22.48,32.16,0.54,4.873618477298683,2020-09-20
23.25,28.69,0.54,4.707481238438299,2020-09-21
22.42,30.72,0.58,3.4122452993048884,2020-09-22
22.11,31.84,0.46,5.067925221506849,2020-09-23
22.67,32.06,0.53,5.03757120716016,2020-09-24
22.86,31.39,1.21,4.724257531994016,2020-09-25
23.4,28.48,2.53,4.3367953837979805,2020-09-26
22.41,31.94,0.36,5.0865026140971255,2020-09-27
22.62,31.67,0.24,4.990627467181489,2020-09-28
23.45,33.2,0.01,4.70860726948726,2020-09-29
23.44,30.64,0.29,4.6375525915835345,2020-09-30
22.67,30.48,0.24,4.896589489701976,2020-10-01
22.52,31.86,0.16,5.149476292594993,2020-10-02
23.3,28.93,3.18,3.347200519897923,2020-10-03
22.54,30.49,4.0,4.287891811913618,2020-10-04
23.12,33.28,0.04,5.1113647436313565,2020-10-05
23.63,34.53,0.0,5.501250846841886,2020-10-06
23.76,29.95,1.12,4.335417194125359,2020-10-07
22.85,29.74,2.14,4.452197137342308,2020-10-08
19.85,29.76,5.96,2.940570234379912,2020-10-09
19.11,30.6,0.25,4.746415776128824,2020-10-10
21.0,32.16,1.29,5.312707536689064,2020-10-11
20.01,33.01,0.0,5.145153305510074,2020-10-12
21.2,34.04,0.0,5.425078343250262,2020-10-13
21.62,34.43,0.0,5.132733676269902,2020-10-14
23.09,30.26,0.18,4.6200620929796905,2020-10-15
23.31,33.6,0.11,5.02711472630434,2020-10-16
23.9,31.69,0.08,4.893204597757945,2020-10-17
24.04,32.15,0.24,4.8814364679565765,2020-10-18
23.14,32.17,0.03,4.952899543383867,2020-10-19
22.44,34.37,0.0,5.236192311783299,2020-10-20
22.34,34.74,0.0,5.236843016638639,2020-10-21
22.05,34.25,0.0,5.760463197482901,2020-10-22
18.34,33.35,0.0,5.831185233461055,2020-10-23
17.56,33.06,0.0,5.440676901073245,2020-10-24
18.5,32.93,0.0,5.618371751054133,2020-10-25
18.48,32.82,0.0,5.186119714509486,2020-10-26
17.92,32.97,0.0,5.674217153318292,2020-10-27
18.75,32.76,0.0,5.750326815812576,2020-10-28
17.53,32.81,0.0,5.54583944406674,2020-10-29
18.86,33.7,0.0,5.767722317743029,2020-10-30
17.93,33.39,0.0,5.70228047094356,2020-10-31
17.96,32.52,0.0,5.710548783578749,2020-11-01
16.8,32.84,0.0,5.5294801120426476,2020-11-02
21.26,31.93,0.02,5.148309240932829,2020-11-03
21.6,33.28,0.01,5.244722796361304,2020-11-04
23.34,32.83,0.01,5.6159328143912415,2020-11-05
20.11,32.75,0.0,6.203483418455939,2020-11-06
16.41,32.11,0.0,6.238714673865909,2020-11-07
15.52,31.38,0.0,5.872863609978978,2020-11-08
15.21,31.73,0.0,5.590890638512057,2020-11-09
15.42,31.52,0.0,5.966858830322053,2020-11-10
15.94,31.58,0.0,5.680269327765914,2020-11-11
16.21,31.31,0.0,5.88807987807406,2020-11-12
15.8,31.78,0.0,6.7290728503024235,2020-11-13
16.65,32.42,0.0,6.259737215469106,2020-11-14
18.72,33.32,0.0,6.258169044312273,2020-11-15
17.55,32.34,0.0,6.177021528596669,2020-11-16
17.81,31.69,0.0,5.594526517016454,2020-11-17
17.28,31.38,0.0,5.605456042768966,2020-11-18
15.26,31.03,0.0,5.998571238283454,2020-11-19
14.73,31.42,0.0,5.897386356999494,2020-11-20
15.33,32.02,0.0,5.2647015264013275,2020-11-21
16.08,32.69,0.0,5.546036274511278,2020-11-22
15.48,33.19,0.0,5.67891242117929,2020-11-23
15.68,33.37,0.0,5.5335951461296835,2020-11-24
16.8,33.38,0.0,5.152147685134166,2020-11-25
17.66,33.33,0.0,4.8690159949824245,2020-11-26
20.97,34.01,0.0,4.7523773028170515,2020-11-27
19.95,34.8,0.0,5.115034337114664,2020-11-28
20.43,35.17,0.0,5.805754787571264,2020-11-29
18.04,34.61,0.0,6.859706197821761,2020-11-30
17.4,34.12,0.0,7.377132420538917,2020-12-01
16.87,34.14,0.0,6.491006147599713,2020-12-02
17.22,34.41,0.0,6.101958332200903,2020-12-03
17.72,34.7,0.0,5.175010895258292,2020-12-04
18.94,35.12,0.0,5.198091085264153,2020-12-05
18.97,35.71,0.0,4.8974003109805215,2020-12-06
20.19,36.19,0.0,5.47186824729706,2020-12-07
19.98,36.09,0.0,6.297683626947423,2020-12-08
19.07,35.66,0.0,6.150617467309884,2020-12-09
18.83,35.95,0.0,6.132761431249935,2020-12-10
18.63,36.0,0.0,6.2829308393626,2020-12-11
17.99,35.53,0.0,6.556982807779056,2020-12-12
18.04,35.21,0.0,5.535548259439722,2020-12-13
17.95,35.49,0.0,6.348787616102549,2020-12-14
17.91,35.42,0.0,6.2985307121128145,2020-12-15
18.02,34.69,0.0,7.068590416046036,2020-12-16
17.58,34.19,0.0,7.294506777969359,2020-12-17
17.11,33.27,0.0,6.6282359526955466,2020-12-18
17.71,33.37,0.0,6.640678881038382,2020-12-19
17.57,33.61,0.0,5.965799574534747,2020-12-20
18.78,34.2,0.0,6.268132646692316,2020-12-21
17.73,33.54,0.0,6.836292742441144,2020-12-22
17.11,33.55,0.0,6.680901349901328,2020-12-23
17.18,33.4,0.0,7.285729217373319,2020-12-24
16.64,31.99,0.0,7.644629031038245,2020-12-25
16.08,30.66,0.0,7.234303185134005,2020-12-26
14.04,29.71,0.0,5.981166026461418,2020-12-27
15.0,30.58,0.0,6.556504952944915,2020-12-28
14.61,31.29,0.0,6.947027826164201,2020-12-29
15.13,32.84,0.0,6.989783177140623,2020-12-30
16.51,33.9,0.0,6.8245394197048475,2020-12-31
17.45,34.93,0.0,6.047053236290886,2021-01-01
17.9,35.73,0.0,5.780248285516196,2021-01-02
18.35,36.47,0.0,5.693106718618437,2021-01-03
19.34,36.75,0.0,5.896379016550516,2021-01-04
18.69,36.76,0.0,6.534483869684147,2021-01-05
17.84,36.42,0.0,7.556468984076358,2021-01-06
17.27,37.07,0.0,8.722058200643911,2021-01-07
17.6,36.69,0.0,8.429433966884183,2021-01-08
18.18,36.49,0.0,7.588242413697652,2021-01-09
17.26,35.63,0.0,7.495228466683936,2021-01-10
16.38,34.82,0.0,6.716662880148916,2021-01-11
16.64,34.75,0.0,7.622686714615869,2021-01-12
15.64,34.16,0.0,8.668182161250755,2021-01-13
14.35,33.47,0.0,8.338472147887726,2021-01-14
14.77,33.3,0.0,7.759327874500507,2021-01-15
14.94,34.18,0.0,7.19035404935658,2021-01-16
17.21,33.11,0.0,7.116691295579249,2021-01-17
16.62,33.27,0.0,7.887603637035808,2021-01-18
16.05,32.65,0.0,8.20119996990552,2021-01-19
14.67,31.39,0.0,8.26816506889847,2021-01-20
14.12,29.59,0.0,7.456243610462397,2021-01-21
13.8,29.86,0.0,7.49450396689395,2021-01-22
13.03,31.27,0.0,7.617313687227959,2021-01-23
13.03,31.92,0.0,7.905943839323693,2021-01-24
13.63,33.44,0.0,8.461481636760873,2021-01-25
13.78,33.97,0.0,8.575956174227636,2021-01-26
13.2,33.87,0.0,8.301749328096145,2021-01-27
14.36,34.43,0.0,8.460815752655863,2021-01-28
15.87,33.39,0.0,8.880254619876942,2021-01-29
16.41,33.44,0.0,8.206200238203234,2021-01-30
16.34,33.41,0.0,7.387653968206643,2021-01-31
17.83,33.19,0.0,7.592062790698456,2021-02-01
15.53,34.56,0.0,7.432257882572029,2021-02-02
16.79,35.36,0.0,8.043383680810928,2021-02-03
17.61,35.14,0.0,8.01340394507343,2021-02-04
17.94,35.08,0.0,8.281448175120095,2021-02-05
20.56,35.32,0.0,8.408415940965593,2021-02-06
19.93,35.66,0.0,7.749001732550239,2021-02-07
19.21,35.78,0.0,7.935908785966612,2021-02-08
16.94,35.93,0.0,8.485555986938474,2021-02-09
16.32,36.45,0.0,7.8658775388825735,2021-02-10
17.32,36.34,0.0,8.088414686444505,2021-02-11
17.8,36.34,0.0,8.671729185273001,2021-02-12
17.13,36.48,0.0,8.803935248866807,2021-02-13
17.54,37.02,0.0,8.270513752487295,2021-02-14
18.59,37.6,0.0,8.374800827543043,2021-02-15
19.23,36.97,0.0,9.926577085040359,2021-02-16
19.46,33.92,0.0,10.526606659759407,2021-02-17
17.54,31.01,0.0,8.989265593115077,2021-02-18
16.71,30.75,0.0,9.288597583682149,2021-02-19
16.93,32.03,0.0,8.746223877174383,2021-02-20
17.22,33.37,0.0,9.21909759266011,2021-02-21
15.78,33.98,0.0,9.369611204288956,2021-02-22
15.12,34.05,0.0,8.872743171570148,2021-02-23
15.91,34.82,0.0,7.9582890265696165,2021-02-24
17.28,34.73,0.0,7.503024615218667,2021-02-25
16.02,34.11,0.0,7.271517312074924,2021-02-26
17.8,35.46,0.0,7.333701305071981,2021-02-27
20.77,37.17,0.0,8.788453476567248,2021-02-28
21.35,36.74,0.0,10.75036155498087,2021-03-01
22.02,37.78,0.0,11.09933366063632,2021-03-02
22.27,38.43,0.0,10.756866454520072,2021-03-03
22.4,38.46,0.0,10.353844390692839,2021-03-04
21.62,38.6,0.0,9.635944747627198,2021-03-05
22.18,38.98,0.0,8.921773770107244,2021-03-06
23.46,38.99,0.0,8.196853542670139,2021-03-07
24.01,39.33,0.0,7.504721770173466,2021-03-08
23.7,41.23,0.0,7.306702378836675,2021-03-09
25.22,39.85,0.0,8.037856315977125,2021-03-10
25.06,38.51,0.0,8.490882620912167,2021-03-11
25.06,35.56,0.0,8.078770104612095,2021-03-12
22.31,35.88,0.0,8.458889652105473,2021-03-13
24.36,36.07,0.0,8.470292403281775,2021-03-14
23.99,36.01,0.0,7.223591600473183,2021-03-15
24.4,38.4,0.0,6.956010651235722,2021-03-16
26.55,39.77,0.0,6.115623267210275,2021-03-17
26.25,37.61,0.0,7.1817269501857,2021-03-18
23.64,37.49,0.0,5.770248798691379,2021-03-19
24.3,39.69,0.0,7.808185969147437,2021-03-20
24.28,39.91,0.0,5.915570654575203,2021-03-21
24.96,41.27,0.0,8.829987455479959,2021-03-22
25.03,40.44,0.0,9.78238488591887,2021-03-23
25.51,39.48,0.0,8.701133277400057,2021-03-24
23.04,41.02,0.0,9.229638354481413,2021-03-25
22.61,40.24,0.0,10.711341095091662,2021-03-26
22.83,37.79,0.0,12.328538452009326,2021-03-27
19.9,36.41,0.0,10.541445686830649,2021-03-28
20.91,37.47,0.0,9.37565800167023,2021-03-29
22.07,38.07,0.0,9.772071558017666,2021-03-30
22.34,37.68,0.0,10.17423812323184,2021-03-31
19.37,37.76,0.0,10.949739128646437,2021-04-01
19.19,38.24,0.0,10.822504835619243,2021-04-02
19.9,38.49,0.0,10.668517083441143,2021-04-03
20.38,39.61,0.0,8.95946527448869,2021-04-04
22.18,40.59,0.0,7.798368708780708,2021-04-05
23.31,41.75,0.0,7.241814471789986,2021-04-06
23.67,42.16,0.0,8.222835260652811,2021-04-07
23.99,40.69,0.0,9.55547328708199,2021-04-08
24.17,42.72,0.0,9.951474477552791,2021-04-09
24.24,42.63,0.0,9.926089506985257,2021-04-10
25.21,42.96,0.0,8.975460779318169,2021-04-11
25.73,41.19,0.0,8.630566779739851,2021-04-12
26.74,42.55,0.0,9.188803311403698,2021-04-13
24.54,41.84,0.0,8.524762883143183,2021-04-14
27.03,41.03,0.02,8.430589653228152,2021-04-15
26.02,42.79,0.0,9.821391717705213,2021-04-16
28.35,36.86,0.0,8.612276042747533,2021-04-17
28.96,41.02,0.0,7.798910451613205,2021-04-18
27.32,38.63,0.01,9.883670446098504,2021-04-19
28.54,42.21,0.0,10.72748280319017,2021-04-20
26.89,41.51,0.0,9.591113693925257,2021-04-21
26.82,41.38,0.0,8.03292385342394,2021-04-22
25.29,42.77,0.0,8.875966365271157,2021-04-23
24.78,43.03,0.0,8.023775004390789,2021-04-24
26.85,41.54,0.0,8.609912892071518,2021-04-25
28.33,42.46,0.1,7.862628199262641,2021-04-26
29.62,42.41,0.0,8.197673100662085,2021-04-27
28.33,43.19,0.0,8.194486344932946,2021-04-28
29.61,42.38,0.0,9.38575107445089,2021-04-29
27.19,42.41,0.0,9.089249823329757,2021-04-30
27.28,43.22,0.0,8.659485021800924,2021-05-01
27.21,43.7,0.0,9.017109892159219,2021-05-02
28.09,41.17,0.0,7.850142952703874,2021-05-03
28.4,41.6,0.0,7.387723077654644,2021-05-04
28.81,42.06,0.0,8.601354715973592,2021-05-05
30.62,41.73,0.0,9.374956948457015,2021-05-06
29.12,41.39,0.0,9.30987679159754,2021-05-07
28.72,42.15,0.0,9.95914921007881,2021-05-08
28.93,39.63,0.11,10.563280768661972,2021-05-09
28.39,40.06,1.15,9.476864174749581,2021-05-10
28.56,42.72,0.02,8.638260231745633,2021-05-11
29.17,44.74,0.0,8.79133230641926,2021-05-12
28.56,43.44,0.0,9.532304547990023,2021-05-13
30.45,42.76,0.55,10.008442210467242,2021-05-14
29.35,42.47,0.0,9.050445477993179,2021-05-15
30.59,43.66,0.06,10.299303844534665,2021-05-16
28.31,43.25,0.0,10.153251716109764,2021-05-17
29.69,42.85,0.0,10.078413591906388,2021-05-18
30.55,40.96,0.23,9.10212439430116,2021-05-19
29.88,42.9,0.01,9.702337393647658,2021-05-20
28.95,41.42,0.0,10.242940757115328,2021-05-21
28.93,40.58,0.09,9.304733203904622,2021-05-22
29.35,41.63,0.0,9.336652302384397,2021-05-23
29.41,41.14,0.31,7.595010858718663,2021-05-24
30.18,42.17,0.0,7.889029321033052,2021-05-25
29.84,42.99,0.0,7.939285151534149,2021-05-26
30.61,40.6,0.0,11.160814025843473,2021-05-27
29.29,39.58,0.34,7.839562029994338,2021-05-28
29.82,39.79,1.14,7.078189790759013,2021-05-29
28.02,42.11,7.01,9.222830669050639,2021-05-30
27.85,40.27,1.69,8.175331048131284,2021-05-31
27.76,41.2,0.01,9.493121232429397,2021-06-01
28.51,41.24,0.01,9.655341592141326,2021-06-02
29.09,42.49,0.0,9.45953766397043,2021-06-03
29.06,42.44,0.0,9.189572790293914,2021-06-04
29.35,40.83,1.22,9.901397510473549,2021-06-05
27.6,34.67,8.37,6.7480840341426065,2021-06-06
26.24,38.53,0.0,7.800486204884244,2021-06-07
27.33,40.83,0.0,8.70395832916889,2021-06-08
28.67,40.08,0.23,9.47818722296554,2021-06-09
27.25,38.65,0.37,8.87398694476212,2021-06-10
28.46,39.14,0.0,8.270635846379115,2021-06-11
28.03,41.88,0.08,10.718898233263443,2021-06-12
27.38,39.12,2.58,8.31031830584714,2021-06-13
27.12,40.67,0.0,8.603633005582108,2021-06-14
27.4,42.15,0.0,9.169059084988993,2021-06-15
28.93,40.49,0.0,10.642658393692482,2021-06-16
27.74,35.96,4.39,8.83811682785377,2021-06-17
26.43,37.92,0.04,8.002272317002594,2021-06-18
26.96,31.47,19.73,5.609850116932124,2021-06-19
25.74,36.37,0.03,7.446746464206818,2021-06-20
25.66,37.22,0.64,5.406588227246569,2021-06-21
25.74,32.15,13.9,6.087875758449822,2021-06-22
25.13,33.16,0.85,5.65741497119718,2021-06-23
25.87,33.73,0.1,6.397031371427002,2021-06-24
25.74,33.11,0.98,4.885043559081907,2021-06-25
25.79,39.0,0.0,6.4155238731774,2021-06-26
26.21,38.66,0.09,9.142029254046472,2021-06-27
25.85,38.72,0.0,9.281681729236196,2021-06-28
25.92,36.5,0.01,8.373582118474355,2021-06-29
25.19,38.43,0.09,7.244160904438627,2021-06-30
26.15,39.6,0.0,8.285231894925232,2021-07-01
27.95,36.86,0.99,8.39404423255771,2021-07-02
26.35,36.25,0.37,6.8360735078164065,2021-07-03
26.02,34.92,11.61,6.8670540186606885,2021-07-04
25.03,34.81,0.07,5.398629208459962,2021-07-05
25.45,36.31,0.04,7.755963127907317,2021-07-06
25.91,38.09,0.0,8.81733145703536,2021-07-07
26.2,33.75,0.15,7.0835075634668065,2021-07-08
26.17,31.19,8.63,4.415901909905175,2021-07-09
25.16,31.41,16.61,4.682793208828491,2021-07-10
23.62,32.64,8.13,4.186817899149444,2021-07-11
25.21,34.28,5.46,5.779104646376272,2021-07-12
25.54,31.79,6.83,4.946666706471505,2021-07-13
24.34,33.56,3.52,6.302419556815304,2021-07-14
23.54,36.22,0.77,6.268336004758485,2021-07-15
25.57,34.26,7.22,6.102299824061951,2021-07-16
24.94,34.22,3.57,6.725207790683064,2021-07-17
24.94,34.86,1.64,5.604004795175963,2021-07-18
25.48,35.6,0.5,6.950407028212507,2021-07-19
25.71,34.87,1.21,7.178094481736765,2021-07-20
25.65,34.83,1.77,5.555144647777906,2021-07-21
25.57,34.63,2.88,6.428380269676982,2021-07-22
25.41,32.96,9.01,5.154245323134246,2021-07-23
23.81,29.12,16.51,4.2647387206072676,2021-07-24
23.55,34.08,0.4,5.844518154753665,2021-07-25
25.34,32.35,0.55,5.738880597465559,2021-07-26
24.55,29.13,17.27,3.57790389931134,2021-07-27
23.19,31.12,5.45,5.118248388354884,2021-07-28
23.97,31.93,2.1,3.075646971278218,2021-07-29
23.82,33.21,4.31,5.388804459204211,2021-07-30
24.08,32.29,5.72,5.618511725572506,2021-07-31
23.7,32.65,2.3,6.187260052214,2021-08-01
24.09,33.87,1.51,5.59934567110508,2021-08-02
24.67,35.39,0.68,5.283371310225644,2021-08-03
24.95,34.85,1.17,6.799639805594407,2021-08-04
24.69,32.84,1.24,5.146064996003967,2021-08-05
24.28,31.37,2.28,5.095131778286666,2021-08-06
24.49,34.02,2.45,5.099781645664062,2021-08-07
24.83,28.43,27.88,4.505067278126072,2021-08-08
23.29,30.93,12.31,4.616186344396046,2021-08-09
23.93,31.29,7.41,4.403987864503703,2021-08-10
23.83,31.09,10.59,3.9419332546773056,2021-08-11
23.44,28.98,6.89,4.27038261475193,2021-08-12
23.49,28.95,18.68,3.6200648408386145,2021-08-13
23.44,31.98,2.13,4.831809877531663,2021-08-14
22.87,32.24,4.21,4.807299761329241,2021-08-15
23.89,28.99,10.21,3.149968491452914,2021-08-16
23.6,27.84,11.36,3.8827298368168934,2021-08-17
22.77,30.64,2.52,4.031146687014025,2021-08-18
23.27,30.83,3.64,4.215666200592159,2021-08-19
23.61,31.46,2.84,5.336778722348447,2021-08-20
23.31,32.5,4.68,5.5914131123072295,2021-08-21
23.17,29.18,4.93,4.0303068110148565,2021-08-22
23.11,33.23,0.47,5.197922311190902,2021-08-23
23.41,34.88,0.22,6.083064063182124,2021-08-24
24.7,31.52,10.27,5.484982978894093,2021-08-25
24.2,28.21,27.38,2.3605394965153943,2021-08-26
23.24,29.78,7.89,4.740741274720645,2021-08-27
22.92,30.36,4.2,5.137830518284651,2021-08-28
23.91,31.08,2.15,3.0916038141219118,2021-08-29
23.36,29.35,2.91,5.043809338526236,2021-08-30
22.86,33.49,0.55,4.721302870611791,2021-08-31
23.52,34.42,0.0,6.056771065752535,2021-09-01
24.66,30.14,1.33,4.342106296729085,2021-09-02
23.79,30.61,0.77,4.683911183831448,2021-09-03
23.47,32.67,0.73,5.611696405078371,2021-09-04
23.85,30.52,2.41,4.438558623936621,2021-09-05
23.32,33.0,0.02,5.748886991148903,2021-09-06
22.73,32.42,4.25,4.391716850500673,2021-09-07
23.14,32.0,1.52,4.452463021033107,2021-09-08
23.3,32.68,1.6,5.969668290425298,2021-09-09
23.6,32.66,5.09,3.9335792047319202,2021-09-10
24.07,32.6,3.24,5.1599632601361884,2021-09-11
23.94,28.85,0.51,3.513775156292837,2021-09-12
22.8,31.02,0.91,4.7079738624654714,2021-09-13
23.34,31.4,2.11,4.269654210393397,2021-09-14
23.61,30.57,3.75,4.2536960030072875,2021-09-15
23.29,31.39,3.74,4.93502539482494,2021-09-16
24.06,31.68,22.73,4.472777409920512,2021-09-17
23.34,33.38,0.06,5.685483747679014,2021-09-18
23.15,33.73,0.83,5.493462279920819,2021-09-19
23.49,34.1,0.14,5.316242132789134,2021-09-20
24.45,33.9,0.18,5.63749927844583,2021-09-21
24.2,32.84,19.21,5.2747238640714995,2021-09-22
23.05,30.7,0.34,5.020159042064784,2021-09-23
23.13,31.8,0.5,4.691011028834688,2021-09-24
23.5,30.38,0.0,5.052954096676875,2021-09-25
23.33,35.62,0.0,6.090701422197517,2021-09-26
22.7,36.12,0.0,6.190763618966951,2021-09-27
23.65,33.35,0.0,5.856145333181167,2021-09-28
22.81,33.1,0.1,5.160329044097323,2021-09-29
24.48,29.12,7.85,4.858882353329722,2021-09-30
23.39,34.19,0.02,4.684619713527826,2021-10-01
23.7,36.09,0.0,6.112446052111678,2021-10-02
23.12,35.59,0.09,6.213523774117915,2021-10-03
23.54,34.96,0.0,5.890187642957772,2021-10-04
25.44,36.89,0.0,6.377069793670768,2021-10-05
24.01,36.92,0.0,6.207316431822364,2021-10-06
23.2,36.57,0.0,6.112341786898106,2021-10-07
24.02,36.66,0.0,5.751760515649747,2021-10-08
24.29,37.23,0.05,6.076432528660458,2021-10-09
23.99,36.52,0.02,5.959934450583801,2021-10-10
23.76,36.82,0.04,5.951207688111837,2021-10-11
22.8,37.82,0.0,5.5869135955465845,2021-10-12
22.49,37.48,0.0,6.582361739411254,2021-10-13
21.45,37.26,0.0,6.772558546399734,2021-10-14
21.2,37.11,0.0,6.721978920799604,2021-10-15
22.15,38.42,0.0,6.800579489508966,2021-10-16
22.92,35.18,2.93,6.397247447774232,2021-10-17
24.09,28.18,14.06,3.5700167668897778,2021-10-18
23.52,31.31,0.45,4.671512662865797,2021-10-19
22.19,35.55,0.01,5.510628212119116,2021-10-20
23.73,36.55,0.05,5.539979298878722,2021-10-21
24.18,37.16,0.03,5.963006777119712,2021-10-22
24.67,34.12,0.12,5.542062871107876,2021-10-23
24.59,34.06,0.0,4.316298408559981,2021-10-24
24.21,36.83,0.0,5.699030835031533,2021-10-25
22.77,37.78,0.0,6.080906259301006,2021-10-26
22.31,36.9,0.0,6.276258274723239,2021-10-27
23.07,36.62,0.12,5.8856427258655835,2021-10-28
23.11,37.19,0.0,6.200745356327429,2021-10-29
21.11,36.79,0.0,6.390285400805717,2021-10-30
20.03,36.97,0.0,7.054746793636765,2021-10-31
20.59,36.19,0.0,6.454107116371247,2021-11-01
19.96,36.1,0.0,6.097072278071103,2021-11-02
22.18,36.61,0.0,6.349993059239948,2021-11-03
22.3,37.61,0.0,6.759529184934579,2021-11-04
22.36,37.64,0.0,6.485652730134162,2021-11-05
22.29,37.04,0.0,6.397252685432272,2021-11-06
19.84,37.09,0.0,6.69459512201826,2021-11-07
20.88,37.29,0.0,6.146153028100566,2021-11-08
21.53,37.97,0.0,5.74151945455953,2021-11-09
22.01,37.04,0.0,5.612838888367567,2021-11-10
22.27,37.13,0.0,5.827320383651943,2021-11-11
22.13,36.47,0.0,5.203121652098376,2021-11-12
22.57,36.24,0.0,5.245667348612137,2021-11-13
22.49,37.06,0.0,5.6339471810533395,2021-11-14
21.96,37.26,0.0,5.379874252230992,2021-11-15
20.92,37.53,0.0,6.041565162584317,2021-11-16
21.47,37.24,0.0,5.35399860217688,2021-11-17
21.89,36.97,0.0,6.134577908654981,2021-11-18
19.55,37.17,0.0,7.328719212561993,2021-11-19
19.21,36.43,0.0,8.018124770817543,2021-11-20
18.73,36.51,0.0,7.184534419608523,2021-11-21
18.74,36.38,0.0,6.173798169620282,2021-11-22
18.61,37.08,0.0,6.963022341917884,2021-11-23
19.01,36.65,0.0,7.055437534911728,2021-11-24
19.14,36.72,0.0,6.884388075504878,2021-11-25
18.61,36.25,0.0,6.957645124098047,2021-11-26
17.86,35.73,0.0,7.226776274495996,2021-11-27
17.61,35.48,0.0,6.671656511416726,2021-11-28
17.92,35.36,0.0,7.677100668415555,2021-11-29
16.25,35.41,0.0,7.123445730614798,2021-11-30
18.29,35.21,0.0,7.819702978304703,2021-12-01
18.03,34.7,0.0,7.190624393576693,2021-12-02
17.58,33.94,0.0,6.2455336391146865,2021-12-03
17.05,33.85,0.0,7.170693657755977,2021-12-04
17.29,34.75,0.0,7.068305172694255,2021-12-05
17.67,34.99,0.0,7.037333507636474,2021-12-06
17.87,34.67,0.0,7.633227542343262,2021-12-07
17.11,33.13,0.0,7.2729515868126615,2021-12-08
16.14,32.99,0.0,7.299771240903172,2021-12-09
15.61,32.48,0.0,6.765294832300142,2021-12-10
17.46,34.35,0.0,6.693327113534961,2021-12-11
18.3,34.59,0.0,6.873994755444327,2021-12-12
18.3,35.03,0.0,7.28051907921653,2021-12-13
17.43,34.39,0.0,7.052325050042945,2021-12-14
16.92,33.09,0.0,8.289948875410095,2021-12-15
15.83,31.51,0.0,7.848856766748396,2021-12-16
16.44,31.04,0.0,7.351336703457321,2021-12-17
17.86,30.09,0.0,7.733757959619263,2021-12-18
15.19,29.66,0.0,7.907678674949039,2021-12-19
15.45,29.25,0.0,7.898983354175595,2021-12-20
14.36,30.34,0.0,7.696211214033285,2021-12-21
14.85,30.54,0.0,7.846855452847733,2021-12-22
15.66,30.93,0.0,7.782318650461636,2021-12-23
15.13,32.33,0.0,7.545372914220906,2021-12-24
15.94,32.63,0.0,7.0214806709569135,2021-12-25
19.25,29.25,0.0,6.1191884645478005,2021-12-26
16.35,31.64,0.0,7.703224039073262,2021-12-27
14.73,31.5,0.0,7.897197158118503,2021-12-28
16.23,30.84,0.0,7.389877749707001,2021-12-29
14.51,31.23,0.0,7.241176838818105,2021-12-30
13.58,31.57,0.0,7.215081299018776,2021-12-31
14.02,31.96,0.0,7.555968066437834,2022-01-01
15.7,27.03,0.0,6.206895768606402,2022-01-02
17.14,27.13,0.0,6.508241715884588,2022-01-03
16.44,28.97,0.0,5.925818648429724,2022-01-04
18.94,30.53,0.0,6.03429890104792,2022-01-05
17.14,31.0,0.0,6.043899477940628,2022-01-06
17.9,32.53,0.0,7.103528686529841,2022-01-07
15.51,32.5,0.0,7.535367384322963,2022-01-08
15.32,32.64,0.0,7.577473241213059,2022-01-09
15.67,31.23,0.0,7.205941418559757,2022-01-10
15.07,31.77,0.0,6.35052408202773,2022-01-11
16.61,33.37,0.0,6.578723748805311,2022-01-12
15.89,34.04,0.0,7.22205103104773,2022-01-13
16.45,33.98,0.0,7.455700860273333,2022-01-14
16.22,33.44,0.0,7.986611967781998,2022-01-15
14.91,31.35,0.0,7.431338441149415,2022-01-16
13.66,29.74,0.0,8.108211477649824,2022-01-17
12.42,28.65,0.0,8.16146807299681,2022-01-18
10.98,27.9,0.0,7.513588546451088,2022-01-19
11.37,28.27,0.0,7.46701064354723,2022-01-20
12.02,28.69,0.0,7.657301934113416,2022-01-21
12.06,29.09,0.0,8.015231368784534,2022-01-22
12.89,30.36,0.0,8.105512500041087,2022-01-23
12.27,31.11,0.0,8.256371649444262,2022-01-24
13.24,29.83,0.0,8.55792119521845,2022-01-25
11.88,30.35,0.0,8.113499658062057,2022-01-26
14.45,30.99,0.0,8.233921089705655,2022-01-27
15.37,31.3,0.0,7.988821025468184,2022-01-28
16.03,31.92,0.0,8.706430724267358,2022-01-29
14.8,31.87,0.0,9.247474765204299,2022-01-30
14.92,31.37,0.0,9.335074462843734,2022-01-31
13.1,30.14,0.0,7.8735619497961284,2022-02-01
14.13,31.02,0.0,7.836941170055521,2022-02-02
13.53,31.53,0.0,8.398727191976008,2022-02-03
14.3,30.52,0.0,8.453528190700567,2022-02-04
13.33,30.71,0.0,7.685287854703025,2022-02-05
14.33,31.04,0.0,7.331504482193082,2022-02-06
16.13,31.42,0.0,7.56327318276217,2022-02-07
16.67,33.37,0.0,7.721230824399121,2022-02-08
17.01,34.95,0.0,8.342618861237227,2022-02-09
17.31,35.31,0.0,9.004343457687188,2022-02-10
16.12,34.68,0.0,8.115029741840424,2022-02-11
16.47,34.47,0.0,8.12224294330629,2022-02-12
17.36,34.81,0.0,7.396168487947482,2022-02-13
19.39,35.56,0.0,7.17623651200197,2022-02-14
18.57,37.11,0.0,7.404634479781976,2022-02-15
19.07,37.72,0.0,6.620845597691535,2022-02-16
19.88,38.45,0.0,7.240688890372589,2022-02-17
21.1,38.27,0.0,7.8644780907729155,2022-02-18
20.51,37.24,0.0,10.330668487086413,2022-02-19
19.89,35.53,0.0,9.90670338601405,2022-02-20
17.73,34.53,0.0,9.290276236439812,2022-02-21
16.53,35.67,0.0,9.436597139258483,2022-02-22
16.07,36.7,0.0,9.61300195752824,2022-02-23
16.57,37.34,0.0,9.504383303966728,2022-02-24
18.65,37.17,0.0,9.574717471820604,2022-02-25
18.01,36.48,0.0,9.727286444491655,2022-02-26
18.5,36.72,0.0,9.048364704710202,2022-02-27
20.22,38.56,0.0,8.49873510054015,2022-02-28
21.71,39.13,0.0,7.98189651639763,2022-03-01
21.8,39.11,0.0,6.4373586720291005,2022-03-02
23.54,39.22,0.0,6.131180485482242,2022-03-03
22.86,38.38,0.0,7.583316192219939,2022-03-04
22.9,38.43,0.0,7.470355018842244,2022-03-05
23.18,39.11,0.0,8.844589961489751,2022-03-06
24.62,38.64,0.0,9.185932703701416,2022-03-07
24.52,37.8,0.0,10.917422334725623,2022-03-08
21.94,39.42,0.0,9.144428058902813,2022-03-09
22.17,40.12,0.0,7.953670951178329,2022-03-10
24.43,40.5,0.0,8.011326641945626,2022-03-11
26.82,39.88,0.01,7.890355097176326,2022-03-12
25.14,38.49,0.0,8.10743075444429,2022-03-13
23.98,37.81,0.0,8.981384896121583,2022-03-14
22.7,38.49,0.0,9.475328156973882,2022-03-15
24.36,37.71,0.0,8.294777782479764,2022-03-16
23.65,38.83,0.0,7.151463363084522,2022-03-17
24.08,39.43,0.0,7.279539023967988,2022-03-18
22.95,40.15,0.0,7.443421303219687,2022-03-19
23.92,39.5,0.0,5.6023715121972435,2022-03-20
26.85,40.44,0.0,7.508199496795602,2022-03-21
24.01,41.54,0.0,9.92126505243339,2022-03-22
23.07,41.11,0.0,8.40619446711424,2022-03-23
24.3,40.64,0.0,8.349639407733,2022-03-24
28.22,40.01,0.0,9.32863875935915,2022-03-25
24.6,40.5,0.0,11.135062040176347,2022-03-26
25.24,40.42,0.0,12.143595585099261,2022-03-27
23.18,39.81,0.0,11.971894032276413,2022-03-28
22.21,38.67,0.0,11.255687028502454,2022-03-29
21.03,38.76,0.0,9.199171799024581,2022-03-30
22.28,39.82,0.0,6.9369471852086955,2022-03-31
25.71,38.15,0.0,7.350856879530363,2022-04-01
26.84,38.47,0.0,6.533878436893655,2022-04-02
27.27,40.16,0.0,7.61750697787141,2022-04-03
25.63,42.04,0.0,6.991537551003609,2022-04-04
28.09,42.02,0.0,8.09802361644869,2022-04-05
29.41,42.08,0.58,8.244934944200075,2022-04-06
29.68,43.8,0.0,8.397474774289428,2022-04-07
28.67,43.43,0.0,8.8240710683559,2022-04-08
27.87,42.56,0.0,9.175427442682714,2022-04-09
29.47,41.78,0.07,9.942617517005607,2022-04-10
30.16,43.37,0.04,8.443130695352218,2022-04-11
31.06,42.47,0.14,8.155644530961593,2022-04-12
29.36,42.07,0.22,10.700894024478986,2022-04-13
29.05,41.44,0.11,10.952221116833876,2022-04-14
29.5,40.47,0.0,9.06882222066885,2022-04-15
29.0,35.43,0.09,7.672731191200542,2022-04-16
26.42,38.85,0.0,11.50600540596301,2022-04-17
25.6,39.59,0.0,7.7720818934475675,2022-04-18
25.28,41.13,0.0,6.415153248849621,2022-04-19
26.6,41.47,0.0,8.893678518570308,2022-04-20
28.25,41.69,0.0,9.51639745487962,2022-04-21
29.23,41.0,0.0,8.768883623756578,2022-04-22
27.21,42.8,0.0,10.117952716566936,2022-04-23
26.32,43.43,0.0,11.971453872008578,2022-04-24
26.44,42.1,0.0,10.132516989515963,2022-04-25
24.78,41.48,0.0,8.423506056834178,2022-04-26
25.43,41.63,0.0,7.921418377383203,2022-04-27
27.16,38.94,0.0,7.359480497631598,2022-04-28
26.57,39.46,0.44,6.703692773434076,2022-04-29
29.18,40.46,0.11,7.139437997661585,2022-04-30
28.03,41.6,0.0,9.61153872022782,2022-05-01
30.94,42.98,0.01,8.494520371381467,2022-05-02
28.43,39.93,0.0,8.009260003507167,2022-05-03
28.98,41.36,0.0,8.321764573209837,2022-05-04
27.7,40.48,0.0,7.69952013072941,2022-05-05
28.7,42.17,0.0,8.117443313398521,2022-05-06
29.45,40.37,0.02,7.628447944550019,2022-05-07
28.95,38.43,0.0,8.127914382714568,2022-05-08
27.66,42.82,0.0,9.23914057251103,2022-05-09
28.34,38.49,2.39,10.271086820160367,2022-05-10
27.59,41.04,0.06,9.599205217399687,2022-05-11
28.19,41.08,0.09,10.015196470789256,2022-05-12
29.02,42.63,0.24,9.007087156126245,2022-05-13
30.71,40.82,0.01,10.544820959893158,2022-05-14
28.65,41.09,1.12,9.235158678632427,2022-05-15
29.19,42.3,0.0,8.624999705342638,2022-05-16
27.98,42.53,0.0,6.969917038163175,2022-05-17
28.14,42.04,0.0,8.37605987949769,2022-05-18
28.8,40.88,0.0,8.91693592629,2022-05-19
29.17,37.3,12.6,8.37501969060421,2022-05-20
27.11,37.98,0.13,7.094732990335276,2022-05-21
26.93,34.46,0.87,7.271564246992384,2022-05-22
25.27,32.07,4.95,4.548379646820111,2022-05-23
23.84,38.04,0.0,5.656166373811897,2022-05-24
27.01,39.17,0.0,7.8897142923906225,2022-05-25
27.45,40.27,0.29,9.214739107373799,2022-05-26
28.71,39.66,0.09,10.236051665347858,2022-05-27
27.31,41.3,0.23,9.97100956251827,2022-05-28
28.14,40.98,0.34,10.002767987011422,2022-05-29
28.82,39.54,0.43,8.277647909672664,2022-05-30
28.01,41.93,0.11,8.983376198194327,2022-05-31
27.51,41.91,0.0,8.833312148312569,2022-06-01
28.72,42.14,0.0,9.242653330382197,2022-06-02
28.04,41.21,0.0,9.08177910858839,2022-06-03
28.05,40.76,0.02,9.349228198717448,2022-06-04
27.69,40.73,0.01,9.794560072459372,2022-06-05
27.37,35.38,14.33,5.956836447472423,2022-06-06
26.1,32.73,4.43,6.018800770399323,2022-06-07
26.07,39.2,0.01,6.575591476797407,2022-06-08
27.08,41.79,0.0,8.401856314136882,2022-06-09
27.02,40.48,0.02,10.328752747364202,2022-06-10
27.18,36.46,2.22,6.585094662813302,2022-06-11
26.64,33.45,4.71,5.956496743632557,2022-06-12
25.66,38.48,0.44,7.559313216368093,2022-06-13
27.22,41.1,0.02,9.847582174024376,2022-06-14
26.51,38.01,1.08,8.559429113014701,2022-06-15
25.37,35.89,1.91,7.031721352390522,2022-06-16
25.74,31.24,23.04,4.550278345408915,2022-06-17
24.61,30.92,6.65,5.192513558266932,2022-06-18
24.98,36.31,0.26,6.393619509815607,2022-06-19
25.56,38.8,0.1,7.4275465426953,2022-06-20
26.15,30.72,14.02,6.1025173117815585,2022-06-21
25.32,36.28,1.62,7.646420415256209,2022-06-22
25.06,36.87,0.11,7.297962875065886,2022-06-23
26.08,38.26,0.57,8.398833126880573,2022-06-24
26.56,36.12,0.09,8.29699870496124,2022-06-25
25.75,34.45,0.49,5.868971963780521,2022-06-26
26.21,37.86,0.16,7.310208527019375,2022-06-27
25.73,39.53,0.0,7.256355640236524,2022-06-28
27.43,36.39,0.28,6.944548996583203,2022-06-29
24.71,35.16,3.84,7.101607415646778,2022-06-30
24.3,36.25,0.45,8.199021952664122,2022-07-01
25.58,37.18,0.33,7.822924396122581,2022-07-02
24.89,37.96,0.94,7.859231014935582,2022-07-03
25.61,36.44,4.49,7.363917991014283,2022-07-04
25.61,35.22,0.84,6.675979468758355,2022-07-05
25.76,36.46,0.95,7.005672437970359,2022-07-06
25.99,35.8,1.67,6.03088023204477,2022-07-07
25.75,39.7,0.07,7.841752633105132,2022-07-08
27.37,35.34,1.98,7.673129302412188,2022-07-09
25.04,34.3,0.8,5.425833821646398,2022-07-10
25.51,38.26,0.04,7.930542539698491,2022-07-11
26.26,38.47,0.01,7.774252938402142,2022-07-12
27.1,38.18,0.13,7.702871946166011,2022-07-13
26.4,34.4,2.4,7.161918249694825,2022-07-14
25.19,34.93,12.36,6.704323317335117,2022-07-15
25.34,32.99,7.22,4.091603596200535,2022-07-16
24.52,29.95,18.88,4.5886866478592365,2022-07-17
23.52,32.73,6.13,4.003863424820635,2022-07-18
24.05,30.76,4.5,4.655799711988419,2022-07-19
22.78,33.95,0.73,6.237261852479652,2022-07-20
24.02,35.18,2.14,5.598362011202928,2022-07-21
25.56,35.84,4.59,5.937440696563817,2022-07-22
25.43,35.27,4.54,6.435295675810316,2022-07-23
24.89,31.13,12.09,4.8318173239868,2022-07-24
24.45,35.88,0.21,6.181924273478715,2022-07-25
26.33,35.75,0.63,7.806535369047593,2022-07-26
24.7,33.11,0.85,6.8090818681897085,2022-07-27
24.05,35.01,5.25,5.550177053765299,2022-07-28
23.8,27.24,31.06,3.479218911983495,2022-07-29
22.85,33.75,0.55,5.920829172523393,2022-07-30
24.13,32.59,1.79,5.519198585058645,2022-07-31
24.64,33.47,2.32,5.802234271903776,2022-08-01
23.44,33.7,1.06,4.9804942614726,2022-08-02
24.35,31.85,2.88,5.5165207692323746,2022-08-03
24.34,28.13,24.46,1.9951619151699596,2022-08-04
23.4,31.76,5.85,4.090236677501753,2022-08-05
23.86,30.79,3.27,5.205382801671089,2022-08-06
23.83,33.6,4.63,6.017109047277067,2022-08-07
25.01,31.57,1.32,4.401102732557096,2022-08-08
23.21,27.92,14.06,3.367389816693332,2022-08-09
23.41,33.66,0.69,5.617751154592336,2022-08-10
24.0,34.38,2.89,5.074796200440216,2022-08-11
24.51,31.23,5.21,4.337691129017848,2022-08-12
23.91,32.75,2.24,5.776961146447362,2022-08-13
24.6,32.85,1.95,5.6059450992990385,2022-08-14
24.59,31.99,3.15,5.582609766233968,2022-08-15
23.17,29.93,14.66,4.211249974876191,2022-08-16
22.52,28.72,22.48,3.985338219461702,2022-08-17
22.68,32.12,2.24,5.417681865185644,2022-08-18
24.4,32.14,10.96,5.452714818581805,2022-08-19
23.68,29.85,10.68,4.1144274657317705,2022-08-20
23.18,31.0,3.02,4.531525044578724,2022-08-21
23.62,34.15,4.85,5.714582364581068,2022-08-22
23.87,28.11,36.86,4.172841621721976,2022-08-23
22.96,30.13,1.2,4.798168507741834,2022-08-24
22.51,30.65,0.8,4.385884237133901,2022-08-25
23.14,31.74,0.55,5.187075783100127,2022-08-26
23.81,29.6,3.98,3.592908404258368,2022-08-27
23.14,28.59,17.98,4.186562027443814,2022-08-28
22.93,30.87,1.44,5.0466794013565925,2022-08-29
23.34,31.77,1.38,5.555345052123513,2022-08-30
24.54,31.54,0.8,4.269266054439578,2022-08-31
23.58,29.32,2.03,4.155218468813055,2022-09-01
23.2,27.33,25.88,3.4437836670663464,2022-09-02
22.52,28.65,3.38,4.1422461269814335,2022-09-03
22.63,32.76,1.61,5.309475508302975,2022-09-04
23.46,32.85,1.69,5.571724520127604,2022-09-05
23.62,32.78,2.82,4.259241865382877,2022-09-06
23.92,31.78,2.69,4.7319649196252085,2022-09-07
22.67,31.87,5.97,3.7137338431332485,2022-09-08
22.96,27.88,9.67,2.8830011228659695,2022-09-09
23.42,28.23,15.52,3.454727700433137,2022-09-10
22.02,31.31,8.91,4.903271751059587,2022-09-11
22.71,30.33,6.15,3.9019767608498315,2022-09-12
22.0,32.02,0.72,5.225709065836568,2022-09-13
22.75,33.91,0.22,5.554305263402245,2022-09-14
24.18,32.7,2.83,4.749388386919602,2022-09-15
23.6,31.76,1.23,4.46572826879041,2022-09-16
22.91,32.19,0.28,4.964476956501691,2022-09-17
23.59,28.37,9.47,2.9981176103149485,2022-09-18
22.93,30.55,4.43,4.851468304620012,2022-09-19
23.5,29.47,14.65,4.190261848822042,2022-09-20
22.91,31.35,1.24,4.768032199639441,2022-09-21
23.51,33.75,1.8,4.880475396011112,2022-09-22
23.38,34.48,0.24,5.47022952060542,2022-09-23
23.85,30.33,0.69,5.0010971558007915,2022-09-24
23.38,33.7,0.49,5.646222107470057,2022-09-25
23.67,34.04,1.11,5.455270426111318,2022-09-26
23.6,30.32,0.73,4.0442989469379595,2022-09-27
24.11,32.57,0.29,5.07191520566417,2022-09-28
21.86,32.71,1.0,5.266102198796442,2022-09-29
22.78,31.71,2.22,3.6286360537795255,2022-09-30
23.04,30.19,2.85,4.9321408220205445,2022-10-01
23.48,30.28,1.63,4.8878822027813404,2022-10-02
22.64,34.9,0.85,6.15734813456791,2022-10-03
23.98,31.3,2.62,5.185063920607237,2022-10-04
23.72,30.56,7.05,4.387822197183815,2022-10-05
23.91,32.52,3.24,5.020900011156785,2022-10-06
24.14,31.17,0.5,3.4170071708300163,2022-10-07
22.72,31.67,0.0,4.699518084445077,2022-10-08
23.11,33.97,0.32,5.149572781700813,2022-10-09
23.26,35.28,0.0,5.337819564012103,2022-10-10
23.38,34.41,0.09,5.445558817661299,2022-10-11
22.95,35.64,0.0,5.500549698020105,2022-10-12
22.51,34.68,0.0,5.488535524337146,2022-10-13
23.57,32.62,1.28,3.9055791049446524,2022-10-14
23.45,33.95,0.11,5.020139397654214,2022-10-15
23.34,34.83,0.01,5.461487032713224,2022-10-16
22.22,35.5,0.0,6.363598746283525,2022-10-17
19.96,34.82,0.0,6.081997435346629,2022-10-18
21.74,34.95,0.0,5.460129426433941,2022-10-19
21.83,35.31,0.0,5.146794845063647,2022-10-20
21.15,35.11,0.0,5.710723049659045,2022-10-21
20.74,35.01,0.0,6.1786005810093,2022-10-22
20.6,34.56,0.0,6.188352782426223,2022-10-23
19.56,35.74,0.0,6.577841950232625,2022-10-24
23.94,35.51,0.0,6.211538380315913,2022-10-25
21.98,33.72,0.0,5.277311878910769,2022-10-26
21.55,34.27,0.0,5.914493009912043,2022-10-27
19.36,33.56,0.0,6.163648094177965,2022-10-28
16.36,33.65,0.0,6.427068260337522,2022-10-29
19.37,33.94,0.0,6.705503871094117,2022-10-30
18.88,33.89,0.0,6.8613158738622415,2022-10-31
17.35,33.89,0.0,6.8199807222524,2022-11-01
17.94,34.29,0.0,6.943300635326962,2022-11-02
20.77,34.97,0.0,6.139736529237036,2022-11-03
22.24,30.17,0.0,4.4461953146798665,2022-11-04
21.13,32.59,0.0,5.797205357726691,2022-11-05
18.54,33.48,0.0,6.883646840200548,2022-11-06
15.64,33.2,0.0,7.051791506614591,2022-11-07
16.66,34.2,0.0,6.399548530916626,2022-11-08
19.53,35.28,0.0,6.426755259721243,2022-11-09
18.24,35.56,0.0,4.977569482030224,2022-11-10
22.43,35.55,0.0,5.085137662605396,2022-11-11
22.01,34.98,0.0,6.028989359395403,2022-11-12
20.5,34.63,0.0,6.431439867108305,2022-11-13
18.43,33.87,0.0,7.2738637087555436,2022-11-14
15.78,32.76,0.0,7.073174575963052,2022-11-15
15.37,31.8,0.0,6.593149230353216,2022-11-16
16.13,32.78,0.0,6.392633420403692,2022-11-17
17.17,33.0,0.0,6.258253793239945,2022-11-18
18.54,33.82,0.0,5.269684882070671,2022-11-19
17.38,34.07,0.0,7.3431218779046725,2022-11-20
17.08,33.85,0.0,7.446561575847754,2022-11-21
17.22,33.63,0.0,7.313476518405017,2022-11-22
16.38,33.98,0.0,7.0980174901167725,2022-11-23
16.06,32.9,0.0,7.1747906456948165,2022-11-24
15.04,32.74,0.0,6.57158438654603,2022-11-25
15.84,32.77,0.0,6.76572087491937,2022-11-26
15.0,32.67,0.0,6.599006026126276,2022-11-27
16.28,32.16,0.0,5.733881404575099,2022-11-28
16.47,33.37,0.0,5.722603659473245,2022-11-29
15.51,33.01,0.0,6.249942639943311,2022-11-30
16.51,33.53,0.0,5.688446967442559,2022-12-01
17.03,34.32,0.0,5.5684988071645,2022-12-02
19.58,35.25,0.0,4.967358653226145,2022-12-03
22.32,35.2,0.0,7.97360267574855,2022-12-04
19.96,36.13,0.0,8.013700912774592,2022-12-05
19.99,34.17,0.0,7.568779289118006,2022-12-06
18.97,33.09,0.0,7.215396965387613,2022-12-07
18.08,33.28,0.0,7.903958452996615,2022-12-08
16.34,32.84,0.0,7.585545387527889,2022-12-09
16.99,32.41,0.0,7.451891431902718,2022-12-10
14.99,32.15,0.0,7.18372252392277,2022-12-11
15.52,32.97,0.0,7.30365047590647,2022-12-12
16.08,33.34,0.0,7.489357930736308,2022-12-13
14.42,33.23,0.0,7.287765316936591,2022-12-14
14.08,32.96,0.0,6.458051802728277,2022-12-15
17.32,33.78,0.0,6.1863478655485595,2022-12-16
17.45,34.58,0.0,6.889788008928227,2022-12-17
16.97,33.06,0.0,7.1156367878831865,2022-12-18
15.3,32.55,0.0,7.339695795128526,2022-12-19
16.24,28.39,0.0,6.625447682014803,2022-12-20
14.99,30.25,0.0,7.742457510262763,2022-12-21
16.16,28.62,0.0,7.245522955490503,2022-12-22
14.22,28.58,0.0,6.951520479712508,2022-12-23
14.13,28.52,0.0,7.003625294856294,2022-12-24
14.38,27.47,0.0,6.615893912173696,2022-12-25
14.41,29.46,0.0,6.713015479341599,2022-12-26
15.43,30.37,0.0,7.158954051534309,2022-12-27
15.83,30.42,0.0,7.793512947482764,2022-12-28
15.38,30.73,0.0,7.721770123552897,2022-12-29
13.84,29.02,0.0,7.445488099858624,2022-12-30
13.57,28.94,0.0,7.628957231921771,2022-12-31
13.53,28.76,0.0,7.312955345962437,2023-01-01
13.95,28.58,0.0,6.676513974695133,2023-01-02
15.25,29.39,0.0,6.83004887817922,2023-01-03
15.37,30.24,0.0,6.75115697747529,2023-01-04
17.11,31.52,0.0,7.234378629294426,2023-01-05
17.06,31.72,0.0,7.019379935706895,2023-01-06
16.25,32.79,0.0,7.6015953461676125,2023-01-07
16.06,33.3,0.0,7.845351360193342,2023-01-08
16.41,32.99,0.0,8.202654619489472,2023-01-09
16.77,31.51,0.0,7.973068646328403,2023-01-10
15.64,30.45,0.0,7.455565514855901,2023-01-11
14.54,30.0,0.0,7.010044115217483,2023-01-12
13.28,30.17,0.0,6.800368149901142,2023-01-13
13.1,31.2,0.0,7.364791716691607,2023-01-14
13.87,31.65,0.0,7.14347017189587,2023-01-15
14.75,31.79,0.0,7.7009806339570055,2023-01-16
14.27,31.35,0.0,7.963612209483123,2023-01-17
13.94,31.74,0.0,7.407744539895598,2023-01-18
15.47,32.36,0.0,7.509526944665879,2023-01-19
15.59,33.66,0.0,7.266886608572952,2023-01-20
17.24,34.74,0.0,6.212728796897544,2023-01-21
18.03,35.79,0.0,6.019538024408868,2023-01-22
18.54,36.08,0.0,5.877656657710643,2023-01-23
19.5,37.05,0.0,6.522607822743081,2023-01-24
19.73,37.37,0.0,7.597010654899858,2023-01-25
18.42,37.46,0.0,7.581190665263893,2023-01-26
18.11,36.4,0.0,7.8272001246333875,2023-01-27
18.11,34.4,0.0,7.879912660665562,2023-01-28
15.95,32.14,0.0,7.598143155417308,2023-01-29
14.8,32.78,0.0,7.811147378107026,2023-01-30
16.18,34.62,0.0,8.227921820683893,2023-01-31
17.04,36.19,0.0,8.236638543247095,2023-02-01
18.83,36.65,0.0,7.825419273952259,2023-02-02
19.62,36.94,0.0,5.547006224514075,2023-02-03
19.51,36.94,0.0,6.967261654571778,2023-02-04
19.85,37.8,0.0,7.923341678550761,2023-02-05
20.28,37.92,0.0,8.79059344253329,2023-02-06
22.17,34.98,0.0,8.46917980459531,2023-02-07
20.18,36.63,0.0,8.435727622178058,2023-02-08
18.64,36.76,0.0,9.65484310679228,2023-02-09
17.86,36.85,0.0,9.489896904512488,2023-02-10
17.66,37.04,0.0,9.838844592022168,2023-02-11
18.2,35.65,0.0,10.044381743287401,2023-02-12
18.35,35.81,0.0,9.824349358135553,2023-02-13
18.97,35.23,0.0,10.033102111073651,2023-02-14
18.52,32.13,0.0,9.491594429750583,2023-02-15
16.87,29.97,0.0,8.516551913634563,2023-02-16
17.43,31.03,0.0,8.837151559290335,2023-02-17
17.11,32.07,0.0,8.89170116045708,2023-02-18
17.96,32.82,0.0,9.056265587878968,2023-02-19
16.7,33.37,0.0,8.47684392941103,2023-02-20
16.78,35.08,0.0,9.118442788585114,2023-02-21
17.66,35.97,0.0,8.197746982632657,2023-02-22
18.15,37.05,0.0,8.035034109918087,2023-02-23
19.7,38.31,0.0,8.346865171135658,2023-02-24
20.34,39.4,0.0,7.2663983226080155,2023-02-25
21.42,39.14,0.0,7.339080926709112,2023-02-26
20.86,39.08,0.0,7.071345896768181,2023-02-27
22.89,39.09,0.0,8.689353661008273,2023-02-28
22.34,39.01,0.0,9.231813241785476,2023-03-01
21.28,39.48,0.0,9.480984211609922,2023-03-02
21.78,39.7,0.0,9.78904296755309,2023-03-03
21.4,40.28,0.0,9.737966935046533,2023-03-04
22.41,40.55,0.0,11.000958312314712,2023-03-05
23.07,40.7,0.0,11.828794960148178,2023-03-06
22.71,40.66,0.0,9.839015444281923,2023-03-07
23.54,41.18,0.0,6.657726361571307,2023-03-08
25.3,40.57,0.0,8.263350139649633,2023-03-09
28.37,39.22,0.02,6.990769648801584,2023-03-10
26.72,40.21,0.0,8.721157339918234,2023-03-11
25.57,36.83,0.0,6.649628186798568,2023-03-12
24.31,38.88,0.0,9.901452350732955,2023-03-13
22.46,38.55,0.0,9.690814159595329,2023-03-14
20.85,39.81,0.0,9.326545142894602,2023-03-15
21.83,40.18,0.0,8.551504620732077,2023-03-16
21.06,40.19,0.0,8.577803334247678,2023-03-17
23.19,39.61,0.0,9.968426345863199,2023-03-18
25.94,39.5,0.05,9.681635745461955,2023-03-19
25.19,39.3,0.01,7.901329855564389,2023-03-20
26.7,38.77,0.02,7.84100725409642,2023-03-21
25.33,38.4,0.0,7.396249733315895,2023-03-22
24.25,38.48,0.0,7.283186717794584,2023-03-23
22.66,39.46,0.0,7.990375813337078,2023-03-24
22.16,39.47,0.0,6.1929880330668565,2023-03-25
22.56,39.7,0.0,6.96224899614236,2023-03-26
24.75,38.9,0.02,8.199509536626659,2023-03-27
23.91,38.95,0.0,7.5572446727741385,2023-03-28
22.75,40.0,0.0,10.624413873194683,2023-03-29
21.91,39.41,0.0,10.003554384163532,2023-03-30
21.35,39.09,0.0,9.548584557826848,2023-03-31
22.74,38.5,0.0,9.572025370285475,2023-04-01
23.65,38.45,0.0,8.376034884358768,2023-04-02
24.34,37.31,0.0,8.530619921842781,2023-04-03
22.32,39.6,0.0,7.169819942158004,2023-04-04
23.5,41.2,0.0,6.97313628929727,2023-04-05
29.33,41.07,0.0,6.700304320932981,2023-04-06
29.56,41.87,0.0,10.577531033146709,2023-04-07
27.64,41.14,0.0,11.108009012332001,2023-04-08
26.84,41.22,0.0,10.689896980602283,2023-04-09
27.91,41.28,0.0,11.13320781715701,2023-04-10
26.06,40.96,0.0,12.36651330684733,2023-04-11
25.24,41.3,0.0,10.91581726120256,2023-04-12
27.11,41.35,0.0,8.961763864476868,2023-04-13
27.3,41.57,0.0,6.0268263858266975,2023-04-14
28.8,41.99,0.0,5.6660249081124014,2023-04-15
28.21,41.95,0.0,8.383285160401709,2023-04-16
26.06,41.19,0.0,8.682539957628181,2023-04-17
26.88,41.97,0.01,6.875512957352684,2023-04-18
29.06,41.63,0.01,7.921301009617088,2023-04-19
26.87,43.26,0.0,8.266588963510484,2023-04-20
26.31,43.09,0.0,7.356555096894267,2023-04-21
26.53,42.38,0.0,6.845528926303401,2023-04-22
25.74,40.5,0.0,7.007886332792647,2023-04-23
27.01,40.82,0.0,9.063742981016258,2023-04-24
27.98,41.72,0.0,8.398232396449563,2023-04-25
26.76,42.1,0.0,9.566338604404043,2023-04-26
27.9,40.36,0.09,10.550662920964426,2023-04-27
29.11,40.16,0.01,9.507670279634338,2023-04-28
29.21,41.69,0.01,9.364968044925178,2023-04-29
27.53,41.24,0.0,9.23004507402973,2023-04-30
29.04,41.91,0.58,9.315140008237274,2023-05-01
28.35,41.89,0.46,9.366750326668656,2023-05-02
29.54,42.16,0.01,8.264805831769714,2023-05-03
30.2,43.44,0.05,8.914057855535226,2023-05-04
28.88,42.37,0.08,8.29060258606791,2023-05-05
30.96,42.28,0.04,8.871954973702437,2023-05-06
29.75,42.11,0.0,8.65457350867063,2023-05-07
30.16,40.91,0.0,8.112951683509785,2023-05-08
29.18,43.97,0.0,9.448775892451513,2023-05-09
26.43,43.31,0.0,9.218978872452292,2023-05-10
30.41,39.43,0.0,10.593916687384183,2023-05-11
29.62,37.12,1.16,7.259866517060049,2023-05-12
28.24,41.45,0.0,7.491839404195641,2023-05-13
29.54,43.51,0.0,7.959042109038267,2023-05-14
31.39,41.16,0.01,8.49438749577793,2023-05-15
30.06,41.95,0.09,10.361307806728556,2023-05-16
29.86,40.75,0.0,10.591544658914431,2023-05-17
30.28,39.02,0.03,8.792522572721436,2023-05-18
29.65,40.76,0.0,8.516232824187528,2023-05-19
29.05,41.26,0.05,9.848711028500482,2023-05-20
29.39,38.39,1.02,9.57385650610043,2023-05-21
27.89,34.67,5.66,6.399180894357787,2023-05-22
26.96,39.22,0.03,8.763747800178571,2023-05-23
28.25,41.52,0.37,9.212484113273065,2023-05-24
28.47,39.47,1.31,8.902497560749099,2023-05-25
28.69,42.01,0.0,9.074455923259679,2023-05-26
28.7,42.83,0.0,9.085749202059164,2023-05-27
28.5,42.0,0.03,9.76234776658414,2023-05-28
28.97,40.44,0.0,9.86621561469685,2023-05-29
29.4,40.44,0.21,9.219058373278866,2023-05-30
29.75,40.3,0.01,9.9703686258227,2023-05-31
29.2,40.54,0.0,9.863019949632724,2023-06-01
29.44,36.88,0.0,9.027787443532757,2023-06-02
27.35,38.07,0.43,8.875327570325771,2023-06-03
28.82,36.37,0.34,7.473761656663429,2023-06-04
28.43,39.57,0.98,9.306442613312612,2023-06-05
28.24,40.08,0.1,9.757160656757923,2023-06-06
28.07,40.08,0.64,10.293377177122183,2023-06-07
27.61,38.17,1.36,9.884183018103242,2023-06-08
27.33,35.52,2.84,8.359481447869083,2023-06-09
27.93,36.32,1.94,6.7996692846473366,2023-06-10
27.32,35.65,4.21,7.37053988999084,2023-06-11
26.2,31.96,14.31,5.2279155568905145,2023-06-12
24.88,35.83,2.79,7.281044196949973,2023-06-13
25.03,36.05,3.63,6.594599108956675,2023-06-14
27.41,36.6,6.25,7.280373141949526,2023-06-15
26.0,36.9,6.29,7.283190008382899,2023-06-16
26.94,34.03,2.08,5.6863936873210195,2023-06-17
27.06,37.96,1.93,7.368009445639953,2023-06-18
27.28,33.53,2.63,6.347604960819386,2023-06-19
25.54,33.9,1.59,5.305197651451223,2023-06-20
25.82,34.31,0.42,6.745075353100259,2023-06-21
25.66,36.09,1.4,7.85788683651352,2023-06-22
26.17,36.29,2.4,7.861545490442527,2023-06-23
25.98,34.51,5.77,6.961724813446058,2023-06-24
24.85,34.77,0.26,6.523542249575916,2023-06-25
24.58,37.13,0.85,7.068415666330946,2023-06-26
26.16,38.55,0.96,7.998393182410312,2023-06-27
26.86,37.4,0.04,7.744308885789823,2023-06-28
27.13,35.93,1.73,7.9037702291852225,2023-06-29
25.51,36.12,6.02,6.437063779723064,2023-06-30
25.77,38.17,1.17,6.877966037218405,2023-07-01
26.58,39.18,0.03,8.27052723338827,2023-07-02
27.42,39.28,1.83,9.002157370788801,2023-07-03
25.64,34.42,73.13,6.313565367322281,2023-07-04
25.03,33.86,16.45,4.7250458315401165,2023-07-05
24.68,37.35,0.0,6.917248545144157,2023-07-06
25.81,39.41,0.05,7.633648438449732,2023-07-07
26.04,29.62,3.92,5.339564961587547,2023-07-08
24.77,35.51,0.96,6.437531251709739,2023-07-09
26.05,36.93,0.15,6.301547462380406,2023-07-10
25.98,37.66,0.6,7.04954128307269,2023-07-11
26.27,35.48,1.6,7.171093451188504,2023-07-12
25.39,36.29,1.93,7.386764543969551,2023-07-13
26.1,33.87,10.45,5.42895535162974,2023-07-14
25.14,30.8,15.85,3.998408165914875,2023-07-15
25.15,36.26,1.3,5.903734082681993,2023-07-16
25.94,37.26,0.4,6.052291692165972,2023-07-17
25.44,39.39,0.05,7.640389040933519,2023-07-18
26.17,37.03,0.28,7.914782724075001,2023-07-19
26.28,34.43,1.3,7.0543588057075635,2023-07-20
26.2,31.05,5.14,3.791897624532721,2023-07-21
24.99,33.47,5.0,5.728576109904287,2023-07-22
24.85,32.36,14.16,5.364530579539674,2023-07-23
25.31,32.14,5.69,4.617016115643104,2023-07-24
24.62,34.06,6.68,6.123636869864577,2023-07-25
24.69,35.89,0.01,6.234916132352649,2023-07-26
26.19,36.17,0.83,5.053715874057737,2023-07-27
26.46,33.72,2.84,5.916256525837401,2023-07-28
24.95,32.77,1.32,5.530752499311845,2023-07-29
25.12,34.29,10.06,5.830485015657125,2023-07-30
25.25,35.55,0.16,6.917523486764216,2023-07-31
26.62,34.14,1.14,5.886478168943417,2023-08-01
25.15,34.58,0.17,6.0592430043593675,2023-08-02
24.11,34.56,0.15,6.442076287454119,2023-08-03
25.41,36.07,0.48,6.014417069694738,2023-08-04
26.23,34.91,3.86,4.393604784916764,2023-08-05
25.03,31.96,6.88,4.523398924808222,2023-08-06
24.79,30.44,15.38,3.848434815678121,2023-08-07
23.92,31.72,24.75,4.5270139889516745,2023-08-08
24.11,30.52,9.56,3.5381852657216557,2023-08-09
22.92,31.32,7.4,4.762255691481767,2023-08-10
23.51,30.34,5.23,3.6083774812674605,2023-08-11
23.69,33.81,0.73,5.277870094948218,2023-08-12
25.06,32.45,5.99,4.876954553107904,2023-08-13
24.36,30.08,2.03,4.047910355890139,2023-08-14
23.71,30.86,1.8,5.031603896572735,2023-08-15
24.51,30.52,1.98,5.14457002522975,2023-08-16
24.07,34.73,1.13,4.313474512865122,2023-08-17
25.85,36.58,0.22,6.038499314508382,2023-08-18
24.9,35.05,2.12,6.021777578680377,2023-08-19
24.28,35.1,3.86,5.2773779728185595,2023-08-20
24.47,32.42,2.01,4.1936185850993475,2023-08-21
24.87,33.26,4.16,5.428794398632543,2023-08-22
25.55,34.44,4.07,4.332344875702226,2023-08-23
24.77,32.64,0.98,5.6408758612958145,2023-08-24
24.46,33.77,2.21,4.68861047047107,2023-08-25
25.34,30.37,8.44,3.9858275863325954,2023-08-26
24.35,32.98,0.74,5.12073115068278,2023-08-27
24.16,32.57,3.34,5.023159237908957,2023-08-28
24.61,35.26,0.08,5.96063526511885,2023-08-29
25.52,31.62,8.4,4.022261505136093,2023-08-30
24.01,33.42,0.7,5.610349220152123,2023-08-31
24.0,34.81,0.01,5.937353960439709,2023-09-01
25.33,33.12,30.08,3.8536245608169932,2023-09-02
23.86,31.22,4.14,5.255880074286881,2023-09-03
23.18,33.47,1.53,3.911045641964638,2023-09-04
24.42,32.45,13.11,4.522897102138662,2023-09-05
23.76,34.08,0.35,5.902868510558089,2023-09-06
23.98,34.79,0.07,5.508836201553994,2023-09-07
26.05,35.2,0.01,5.522310154931566,2023-09-08
25.54,31.66,3.36,5.0081184020173435,2023-09-09
24.53,35.13,0.77,5.833328623772382,2023-09-10
24.27,36.32,2.08,6.429547077023088,2023-09-11
25.22,35.37,0.27,5.935222362481031,2023-09-12
25.12,32.25,2.35,5.226134932931745,2023-09-13
24.79,32.18,1.77,5.107694150154753,2023-09-14
24.93,31.61,2.36,3.944873784837132,2023-09-15
24.89,30.46,2.89,4.7135653807203255,2023-09-16
24.27,30.98,3.69,4.537244585398098,2023-09-17
24.22,33.41,6.02,5.052740032628717,2023-09-18
24.58,32.64,4.04,4.553804536864674,2023-09-19
24.99,33.8,0.36,5.12707357055637,2023-09-20
24.61,36.3,0.02,5.754896434648169,2023-09-21
25.4,36.62,0.66,6.527761666978154,2023-09-22
24.35,37.9,0.04,6.931104902695687,2023-09-23
25.32,32.59,0.35,5.646463161150535,2023-09-24
23.58,34.22,2.35,4.658672815243058,2023-09-25
23.65,36.89,0.02,5.858302732509764,2023-09-26
24.74,39.57,0.0,6.8729846931842635,2023-09-27
25.28,38.17,0.01,7.281998896485882,2023-09-28
25.43,35.44,1.59,6.132110961709862,2023-09-29
24.44,37.72,0.0,6.205774775186494,2023-09-30
24.97,37.4,0.03,5.7304287343061535,2023-10-01
25.61,35.48,0.96,5.2123708225937735,2023-10-02
26.06,33.88,0.48,5.736265468319486,2023-10-03
25.72,34.95,0.11,4.610939096255074,2023-10-04
25.34,36.95,0.0,5.806282947728188,2023-10-05
24.82,37.31,0.0,5.63731313706787,2023-10-06
25.18,36.66,0.0,6.015146160924841,2023-10-07
26.03,36.56,0.97,6.03158042855007,2023-10-08
24.55,37.69,0.61,5.3341467996091625,2023-10-09
25.62,37.87,0.07,5.819872496386586,2023-10-10
24.73,38.82,0.0,5.527351856424669,2023-10-11
26.01,37.93,0.05,6.016498013202254,2023-10-12
25.33,37.96,0.0,6.468138444233615,2023-10-13
25.1,38.98,0.0,6.31669324874966,2023-10-14
23.77,39.04,0.0,6.329050716375369,2023-10-15
24.87,36.9,0.03,5.917271103542298,2023-10-16
25.58,36.3,0.77,5.613838125901289,2023-10-17
24.91,38.33,0.01,6.322296834073159,2023-10-18
25.54,39.32,0.0,6.346671808891041,2023-10-19
22.45,39.18,0.0,6.152930292322283,2023-10-20
24.35,38.24,0.0,6.331544259196252,2023-10-21
24.4,39.04,0.0,6.835344212092279,2023-10-22
21.89,38.9,0.0,6.787280353268006,2023-10-23
21.72,39.3,0.0,6.347074689585904,2023-10-24
22.08,38.53,0.0,6.845649220268057,2023-10-25
22.72,38.76,0.0,5.385097546408838,2023-10-26
20.43,38.74,0.0,6.012549585200183,2023-10-27
21.59,38.23,0.0,5.856865821837578,2023-10-28
23.47,38.36,0.0,5.952308305030757,2023-10-29
22.29,40.03,0.0,7.515465565302551,2023-10-30
23.36,38.84,0.0,6.726383816660248,2023-10-31
22.8,38.48,0.0,6.533971374833413,2023-11-01
22.75,37.5,0.0,6.654692200865108,2023-11-02
22.81,38.32,0.0,5.1102604407334065,2023-11-03
23.38,37.8,0.0,5.724599447717386,2023-11-04
22.96,38.38,0.0,6.275924022377777,2023-11-05
22.73,38.6,0.0,6.862727037136774,2023-11-06
20.92,37.98,0.0,6.57321496498609,2023-11-07
23.86,37.74,0.0,5.485965776678857,2023-11-08
25.57,36.79,0.0,5.275130066869289,2023-11-09
24.11,38.16,0.0,5.785641029378489,2023-11-10
21.38,38.24,0.0,7.140166612377991,2023-11-11
20.12,37.71,0.0,8.24716212902575,2023-11-12
20.2,37.4,0.0,8.992357806287995,2023-11-13
18.12,36.97,0.0,8.629337702232595,2023-11-14
19.47,37.27,0.0,7.8346935580292465,2023-11-15
23.26,36.71,0.0,6.669589122227574,2023-11-16
24.56,37.12,0.0,8.219220129655588,2023-11-17
21.93,36.57,0.0,8.944506063113868,2023-11-18
21.2,36.66,0.0,8.011570001078425,2023-11-19
20.9,37.25,0.0,7.243283251023375,2023-11-20
21.62,37.19,0.0,7.60432400128706,2023-11-21
20.85,36.75,0.0,6.16440226192322,2023-11-22
21.65,36.77,0.0,5.291780950382572,2023-11-23
23.65,35.61,0.0,4.745782063731,2023-11-24
22.42,35.32,0.0,5.0552179894428155,2023-11-25
22.97,34.82,0.04,4.6674392539085865,2023-11-26
25.46,34.7,0.0,4.058718567546558,2023-11-27
24.8,37.64,0.0,7.101765394634941,2023-11-28
23.09,38.03,0.0,7.6218460874664355,2023-11-29
22.13,38.03,0.0,7.780253904227786,2023-11-30
21.86,38.19,0.0,8.522401677808912,2023-12-01
21.38,37.34,0.0,8.146729277543747,2023-12-02
20.34,36.52,0.0,8.407099683408731,2023-12-03
17.51,36.37,0.0,7.345095112230487,2023-12-04
18.27,36.24,0.0,7.396611970827074,2023-12-05
17.94,36.11,0.0,7.223510765794921,2023-12-06
17.94,35.59,0.0,7.89582440193979,2023-12-07
17.87,35.08,0.0,7.96944514614366,2023-12-08
17.26,33.73,0.0,7.098800862461311,2023-12-09
16.98,33.62,0.0,6.690300701725638,2023-12-10
15.75,32.34,0.0,8.063382071146307,2023-12-11
15.93,29.54,0.0,7.784480641700092,2023-12-12
14.43,30.05,0.0,7.569942573353424,2023-12-13
14.17,31.02,0.0,6.8905632273741775,2023-12-14
15.62,31.83,0.0,7.408446897832284,2023-12-15
14.18,32.53,0.0,7.227503522946514,2023-12-16
14.27,32.62,0.0,7.223287233008437,2023-12-17
15.68,31.47,0.0,7.980977306432385,2023-12-18
16.29,30.87,0.0,7.474929981561457,2023-12-19
15.41,30.4,0.0,7.90158536674412,2023-12-20
13.24,31.03,0.0,6.995000878431831,2023-12-21
14.69,32.85,0.0,7.2850465006907585,2023-12-22
15.7,32.29,0.0,7.739678354618346,2023-12-23
14.13,32.03,0.0,7.941577332756707,2023-12-24
13.85,30.77,0.0,7.678908129616454,2023-12-25
12.79,30.78,0.0,7.5797051543389875,2023-12-26
13.21,31.1,0.0,7.559124112013057,2023-12-27
13.29,31.56,0.0,7.166084115245891,2023-12-28
13.71,31.81,0.0,7.154334418704023,2023-12-29
14.01,32.58,0.0,6.8513495548887855,2023-12-30
14.98,33.58,0.0,6.766308920311752,2023-12-31
15.8,34.33,0.0,7.003812295893179,2024-01-01
17.44,34.85,0.0,7.705901775020269,2024-01-02
16.71,34.53,0.0,7.465807026144548,2024-01-03
16.77,35.15,0.0,6.231749065337523,2024-01-04
17.24,35.21,0.0,7.324616734383264,2024-01-05
18.19,35.63,0.0,7.932227119600116,2024-01-06
17.89,35.61,0.0,8.511880858417907,2024-01-07
18.34,35.02,0.0,8.338516144448226,2024-01-08
16.37,35.06,0.0,8.084977890210691,2024-01-09
17.4,34.42,0.0,7.914067695543975,2024-01-10
17.14,34.97,0.0,8.237515565326547,2024-01-11
16.1,34.3,0.0,8.887674433867389,2024-01-12
16.22,33.83,0.0,8.284457069933103,2024-01-13
15.18,33.4,0.0,8.654861789816955,2024-01-14
14.37,32.45,0.0,8.248980945210345,2024-01-15
13.56,31.97,0.0,7.841921125874826,2024-01-16
13.87,32.39,0.0,8.162314370664335,2024-01-17
13.2,32.75,0.0,8.142305522683216,2024-01-18
14.41,33.63,0.0,7.97947066418405,2024-01-19
14.88,34.48,0.0,7.6967135800550315,2024-01-20
14.77,34.31,0.0,8.427707797111234,2024-01-21
14.21,34.6,0.0,8.131376399265784,2024-01-22
14.24,34.9,0.0,7.465541116657874,2024-01-23
14.23,33.07,0.0,8.89999266468291,2024-01-24
16.35,31.0,0.0,8.755762230126086,2024-01-25
15.02,30.32,0.0,8.111697530999257,2024-01-26
15.68,29.68,0.0,7.852946798036921,2024-01-27
15.18,30.67,0.0,8.03423176705571,2024-01-28
15.29,33.26,0.0,8.249539186858073,2024-01-29
16.92,33.62,0.0,8.25724341839989,2024-01-30
18.82,33.56,0.0,8.979640387943506,2024-01-31
19.92,32.21,0.0,8.845620786342716,2024-02-01
17.93,31.4,0.0,8.60392620837627,2024-02-02
18.31,31.95,0.0,8.963983623465715,2024-02-03
17.13,32.74,0.0,9.2486160375599,2024-02-04
18.28,30.69,0.0,9.248907725202113,2024-02-05
17.89,29.88,0.0,8.841988864649972,2024-02-06
17.17,32.71,0.0,9.156791209355843,2024-02-07
14.94,33.25,0.0,8.304159164813244,2024-02-08
15.52,34.39,0.0,7.312190325546394,2024-02-09
16.78,36.36,0.0,6.915706196823579,2024-02-10
17.9,37.54,0.0,7.3063728809623525,2024-02-11
18.36,38.4,0.0,8.7665399268238,2024-02-12
18.97,38.06,0.0,9.678805453298343,2024-02-13
18.82,37.68,0.0,9.579923974416964,2024-02-14
18.05,36.19,0.0,9.744797916171322,2024-02-15
17.54,35.02,0.0,8.804049048139602,2024-02-16
17.49,35.5,0.0,8.58213686199705,2024-02-17
19.59,34.7,0.0,7.183855503116402,2024-02-18
19.42,36.85,0.0,7.9780769354253085,2024-02-19
17.57,34.76,0.0,8.035837638998242,2024-02-20
18.01,37.0,0.0,7.303258237394507,2024-02-21
18.99,37.13,0.0,7.7703499635746365,2024-02-22
19.0,37.17,0.0,7.641979226173752,2024-02-23
20.1,37.82,0.0,7.524959856872305,2024-02-24
22.75,39.11,0.0,8.504976275411298,2024-02-25
22.53,39.18,0.0,8.235390902101102,2024-02-26
23.07,39.8,0.0,8.141118267075655,2024-02-27
24.22,41.41,0.0,7.885570016293465,2024-02-28
22.8,39.7,0.0,10.91138176696636,2024-02-29
21.61,37.49,0.0,9.463816519609752,2024-03-01
22.55,40.11,0.0,7.944849680247147,2024-03-02
23.66,41.43,0.0,7.832402574639798,2024-03-03
24.53,40.84,0.0,8.950070652907305,2024-03-04
23.14,41.07,0.0,10.826983869558385,2024-03-05
23.44,40.6,0.0,10.524731277922106,2024-03-06
23.39,41.39,0.0,9.316558715365154,2024-03-07
23.45,41.35,0.0,10.474289021551574,2024-03-08
24.35,41.81,0.0,9.667600628011622,2024-03-09
24.85,42.71,0.0,8.790625141397514,2024-03-10
25.26,43.69,0.0,9.853149894093171,2024-03-11
24.77,43.1,0.0,8.590921679903229,2024-03-12
28.99,42.39,0.0,7.064747789004792,2024-03-13
28.43,41.86,0.0,6.754024440288184,2024-03-14
27.82,40.89,0.02,10.17878519847181,2024-03-15
22.77,40.92,0.0,10.172723242305471,2024-03-16
22.36,41.08,0.0,10.917815270569522,2024-03-17
22.11,38.46,0.0,11.174488687356918,2024-03-18
20.19,38.02,0.0,10.116401669883833,2024-03-19
20.46,38.31,0.0,8.297066654221874,2024-03-20
23.67,39.64,0.0,8.428485854577543,2024-03-21
24.27,40.31,0.0,8.834545659554605,2024-03-22
25.05,39.08,0.0,8.760961992138753,2024-03-23
25.97,39.13,0.0,9.36343024308081,2024-03-24
25.16,40.38,0.0,10.483736882546111,2024-03-25
25.44,40.14,0.0,7.845688898031772,2024-03-26
29.74,39.46,0.0,5.785959580753408,2024-03-27
26.05,42.91,0.0,10.245911075065177,2024-03-28
27.36,43.49,0.0,11.581850797142218,2024-03-29
25.91,43.58,0.0,10.68854197247748,2024-03-30
26.04,43.51,0.0,11.049863020845951,2024-03-31
26.78,44.64,0.0,10.685136013885487,2024-04-01
28.03,44.16,0.0,10.565799089032426,2024-04-02
27.47,44.92,0.0,10.956230816322325,2024-04-03
25.11,43.5,0.0,8.216617988824561,2024-04-04
27.49,43.75,0.0,7.294214737818439,2024-04-05
27.32,42.43,0.02,8.073850581197451,2024-04-06
29.02,43.0,0.01,9.278033598055321,2024-04-07
26.33,43.49,0.0,5.539287295584177,2024-04-08
28.6,41.55,0.01,10.009091764867769,2024-04-09
28.56,43.03,0.0,8.57853611056689,2024-04-10
30.98,41.22,0.0,8.042297937251524,2024-04-11
28.65,43.05,0.0,6.881881740655849,2024-04-12
30.05,41.81,0.0,11.093294017574282,2024-04-13
27.71,39.76,0.0,6.014886872204403,2024-04-14
25.2,40.31,0.0,9.547180681845026,2024-04-15
25.86,41.77,0.0,11.002436803595748,2024-04-16
25.99,42.07,0.0,10.212620952771541,2024-04-17
26.85,42.75,0.0,9.237071558405951,2024-04-18
26.64,44.54,0.0,7.616270507283928,2024-04-19
27.33,42.9,0.0,9.391986867857911,2024-04-20
30.48,43.3,0.23,10.98195512452787,2024-04-21
28.86,41.0,0.82,9.630591121102807,2024-04-22
29.48,43.4,0.1,8.289158217819914,2024-04-23
31.86,44.63,0.0,9.855863393634891,2024-04-24
28.31,43.34,0.0,9.343228882716291,2024-04-25
29.94,42.73,0.03,9.654718495750583,2024-04-26
30.2,43.5,0.01,9.06083586825896,2024-04-27
29.97,42.91,0.0,8.042522044691644,2024-04-28
30.12,44.18,0.0,8.881137720334426,2024-04-29
30.12,44.45,0.0,8.854057819394995,2024-04-30
29.68,44.56,0.0,11.82665432495585,2024-05-01
30.08,41.87,0.03,10.670239402338792,2024-05-02
30.62,43.1,0.0,8.859646685929642,2024-05-03
31.23,44.25,0.0,9.800474061007883,2024-05-04
31.65,44.71,0.0,10.211657351912665,2024-05-05
32.21,42.15,0.01,10.861679615174417,2024-05-06
30.34,36.95,6.69,6.616935845701757,2024-05-07
29.43,42.6,0.0,7.9750670381720585,2024-05-08
30.17,43.62,0.0,10.382002263159873,2024-05-09
29.84,44.6,0.02,11.46675980977584,2024-05-10
30.11,42.46,0.04,11.51497056459992,2024-05-11
30.35,40.03,0.59,7.505609394169718,2024-05-12
28.85,39.31,1.3,7.123559140860127,2024-05-13
28.36,40.81,0.01,8.004972680006306,2024-05-14
29.3,41.98,0.01,8.267500758833949,2024-05-15
31.2,41.74,0.18,9.269107132776368,2024-05-16
29.52,41.63,0.03,9.86794272769536,2024-05-17
29.39,43.73,0.0,9.107449229644352,2024-05-18
29.4,42.95,0.0,8.933505342715232,2024-05-19
30.17,42.6,0.0,9.76126726616795,2024-05-20
31.27,43.49,0.1,8.869680258346397,2024-05-21
31.69,41.26,3.4,9.408293093125401,2024-05-22
29.69,40.49,0.01,9.697956723090412,2024-05-23
29.76,42.87,0.0,9.548807439254405,2024-05-24
29.37,41.67,0.54,10.421955927022719,2024-05-25
28.32,40.41,1.06,9.635314224746587,2024-05-26
28.71,42.82,0.18,9.295485437746999,2024-05-27
29.28,43.99,0.0,9.95492298027439,2024-05-28
31.07,43.66,1.25,11.106209790523208,2024-05-29
30.25,41.04,2.39,10.750509815820708,2024-05-30
28.72,36.76,1.83,8.539467004639516,2024-05-31
28.12,38.96,3.7,8.545805227312108,2024-06-01
28.53,40.89,1.59,9.03701300539976,2024-06-02
29.35,37.81,8.07,7.437043704133771,2024-06-03
27.92,40.62,0.39,8.258922160824655,2024-06-04
28.01,41.11,0.03,9.43161246282869,2024-06-05
28.68,41.82,0.83,9.841131980645883,2024-06-06
27.32,29.91,31.99,5.111194645062452,2024-06-07
25.94,36.39,0.09,6.599949576704886,2024-06-08
26.91,40.83,0.0,8.072184144067847,2024-06-09
27.57,40.3,0.02,8.805954570023584,2024-06-10
27.66,38.19,4.31,8.84839139112597,2024-06-11
27.1,32.0,13.28,5.370331395157923,2024-06-12
26.22,38.0,1.94,7.425209993899971,2024-06-13
26.72,39.19,2.27,8.486498657692511,2024-06-14
27.06,33.11,0.83,5.7541148217375175,2024-06-15
25.23,34.69,1.3,6.66440574670024,2024-06-16
25.16,37.82,0.19,7.482216686558231,2024-06-17
26.7,40.77,0.0,7.866474585779465,2024-06-18
27.89,41.6,0.0,9.034840626921133,2024-06-19
27.91,37.13,0.0,8.070783141791456,2024-06-20
27.71,37.67,0.09,6.304047041564406,2024-06-21
26.57,41.01,0.0,9.245736202446562,2024-06-22
27.78,40.32,0.01,9.143967258219703,2024-06-23
28.03,37.73,0.0,6.7495629692003165,2024-06-24
26.69,38.16,3.51,7.245430233242939,2024-06-25
26.12,35.11,8.13,6.883440571348553,2024-06-26
26.73,34.67,2.22,6.524157408288783,2024-06-27
26.3,36.21,0.2,7.400580494583456,2024-06-28
26.82,31.62,27.89,5.784486532123841,2024-06-29
25.81,36.51,0.15,7.020693153638844,2024-06-30
25.49,37.79,0.01,7.751769003335904,2024-07-01
26.52,38.36,2.59,8.31943005882576,2024-07-02
25.65,30.31,17.97,5.495934460318446,2024-07-03
23.93,34.22,0.6,6.4912923294096405,2024-07-04
25.5,37.75,1.56,5.9494127241987655,2024-07-05
26.25,33.89,8.7,5.966929701797265,2024-07-06
24.88,34.68,3.57,6.487323129179374,2024-07-07
25.64,29.97,13.69,4.927385315081247,2024-07-08
23.94,35.31,2.63,6.1673560958141636,2024-07-09
25.34,34.97,3.6,6.806430067998065,2024-07-10
25.02,34.43,3.28,5.1228345483731665,2024-07-11
25.21,32.27,5.55,5.22505510505885,2024-07-12
23.69,32.56,14.76,5.625522465357195,2024-07-13
24.69,31.05,22.86,2.20688117061504,2024-07-14
24.95,28.91,26.8,4.368636102135037,2024-07-15
24.9,31.17,8.71,3.2054194347704383,2024-07-16
24.79,30.48,17.13,4.531702126697326,2024-07-17
24.71,30.13,6.44,4.986043836132024,2024-07-18
24.5,32.65,7.39,5.410130463090762,2024-07-19
24.84,30.4,8.25,3.1988451708117345,2024-07-20
23.86,33.04,1.27,5.855951050223115,2024-07-21
23.94,32.94,0.6,5.3914599416888365,2024-07-22
24.64,31.9,1.98,4.737029693554135,2024-07-23
24.43,33.54,1.39,5.629876961566659,2024-07-24
25.05,30.95,2.01,5.002807842375036,2024-07-25
24.59,30.22,7.31,4.748443461579522,2024-07-26
24.57,31.83,8.97,5.020632397292432,2024-07-27
24.89,30.34,10.77,3.8814808032285626,2024-07-28
23.34,30.56,3.81,4.971846451475098,2024-07-29
22.57,33.44,0.07,5.740065153725031,2024-07-30
24.95,33.65,1.59,5.118844333364595,2024-07-31
24.33,31.89,7.13,5.568712553581131,2024-08-01
23.62,32.62,3.33,5.042097003788608,2024-08-02
24.23,27.7,27.1,2.0952788640650515,2024-08-03
23.35,30.13,35.69,3.8053857180811246,2024-08-04
24.02,30.81,11.25,4.972970203290938,2024-08-05
24.4,30.14,7.31,4.713978277539368,2024-08-06
24.28,29.89,3.9,2.3614363132944702,2024-08-07
23.26,29.94,3.54,4.5916332177360255,2024-08-08
23.86,31.06,0.87,4.609312568170174,2024-08-09
24.57,29.65,2.97,4.746862010796704,2024-08-10
23.89,31.6,2.48,3.467165805421027,2024-08-11
23.98,31.44,6.16,5.079111486950445,2024-08-12
24.22,29.32,12.11,3.641930735819727,2024-08-13
23.94,28.5,12.39,3.3499450652834537,2024-08-14
23.62,29.55,7.31,4.3541073928059175,2024-08-15
23.83,27.53,15.68,2.776500870787634,2024-08-16
23.88,30.37,12.93,4.266639635270427,2024-08-17
22.47,31.07,2.62,4.502479832912481,2024-08-18
24.13,30.78,10.62,3.841532843431877,2024-08-19
24.03,29.6,8.47,3.8657664986024236,2024-08-20
22.74,31.28,2.28,4.730746025893343,2024-08-21
23.95,31.43,3.44,5.06144513311197,2024-08-22
24.47,30.47,4.14,3.5824863222469046,2024-08-23
23.55,31.16,0.46,4.814669181688487,2024-08-24
23.76,31.6,0.24,4.38073101655644,2024-08-25
24.11,32.19,0.21,4.706090972890835,2024-08-26
25.22,30.32,1.2,5.227538227259137,2024-08-27
24.4,30.89,1.49,4.358178879767283,2024-08-28
23.76,30.49,12.51,4.395291073248558,2024-08-29
24.22,28.9,14.88,3.5781513857111102,2024-08-30
22.57,26.31,11.89,2.1207499298898136,2024-08-31
21.43,30.5,5.6,3.884985057593696,2024-09-01
23.43,31.24,2.26,4.834648292424648,2024-09-02
24.01,27.78,18.17,3.698792244656629,2024-09-03
24.25,27.12,20.32,2.4324521634697134,2024-09-04
23.32,30.12,3.04,4.501385982162965,2024-09-05
23.86,30.6,2.34,4.940524929994558,2024-09-06
24.29,30.84,1.77,3.9616909420546045,2024-09-07
24.21,30.22,10.18,4.93575920648087,2024-09-08
24.07,31.22,13.08,4.174435616241069,2024-09-09
24.02,33.29,1.72,5.324688788071735,2024-09-10
24.82,31.01,7.8,4.632155891128367,2024-09-11
23.42,29.2,9.16,4.782968201576367,2024-09-12
24.18,28.62,9.96,3.7714263977000826,2024-09-13
24.13,30.56,8.13,3.609366782646056,2024-09-14
24.33,29.87,8.0,3.6417930162847876,2024-09-15
24.62,31.94,3.94,5.046752067502357,2024-09-16
24.01,30.92,11.57,3.5118087951501216,2024-09-17
23.34,31.44,1.31,4.879141029266154,2024-09-18
24.09,29.36,13.25,3.53506800866017,2024-09-19
24.25,29.34,3.43,4.350488208581035,2024-09-20
23.49,32.2,1.22,4.697374621543871,2024-09-21
23.02,29.13,7.88,3.4961620744251127,2024-09-22
21.78,30.65,2.82,3.64737782841747,2024-09-23
23.65,30.59,0.65,4.645609814639925,2024-09-24
22.83,32.91,0.65,5.207621129353808,2024-09-25
23.61,33.1,0.83,5.2236621821485745,2024-09-26
24.14,32.32,3.13,5.206025110701264,2024-09-27
25.07,32.21,0.69,5.091011751943424,2024-09-28
23.73,31.52,0.58,4.3503984335092385,2024-09-29
23.86,32.59,0.13,5.14161049929077,2024-09-30
24.41,32.21,0.19,4.795815276836842,2024-10-01
24.18,32.35,0.52,4.8260532255405515,2024-10-02
24.61,34.06,0.06,4.8221207727001465,2024-10-03
25.4,32.81,0.05,4.650236441220371,2024-10-04
23.22,30.2,3.81,3.408751703461782,2024-10-05
22.45,27.6,7.54,2.6085541153202763,2024-10-06
21.91,31.11,2.16,3.925691919184559,2024-10-07
22.16,33.6,0.86,5.111716431278767,2024-10-08
23.34,34.53,0.02,5.5221926257559595,2024-10-09
23.78,33.22,0.08,5.253758725514356,2024-10-10
23.99,32.13,0.71,4.96693723768614,2024-10-11
23.23,34.29,0.01,5.223137664562987,2024-10-12
23.2,33.48,0.01,5.20473730659785,2024-10-13
24.12,31.33,0.25,4.994026399650244,2024-10-14
22.78,33.02,0.13,5.032318684111992,2024-10-15
22.98,35.25,0.01,5.4884260226201285,2024-10-16
23.48,35.48,0.0,5.5052005344237145,2024-10-17
22.59,35.03,0.01,5.414820623402592,2024-10-18
22.59,35.74,0.0,5.449773595213855,2024-10-19
21.98,35.67,0.0,5.474483357942896,2024-10-20
22.47,35.0,0.0,5.606704352016483,2024-10-21
24.31,35.24,0.03,5.119663411347,2024-10-22
25.61,32.91,0.25,4.441467409382998,2024-10-23
24.72,34.82,0.0,5.367194563788811,2024-10-24
21.53,33.72,0.0,5.247692733628773,2024-10-25
21.32,33.93,0.0,5.183998398828466,2024-10-26
19.86,33.45,0.0,5.563753262947097,2024-10-27
18.08,32.52,0.0,5.7334851187965095,2024-10-28
17.63,33.32,0.0,5.650144176624478,2024-10-29
18.11,34.04,0.0,5.6862069396420605,2024-10-30
17.75,33.83,0.0,5.691293918889009,2024-10-31
16.79,33.28,0.0,5.734772280892666,2024-11-01
16.08,31.8,0.0,5.779245839466656,2024-11-02
17.29,32.17,0.0,5.720673170290082,2024-11-03
16.35,32.31,0.0,6.312671556668114,2024-11-04
15.95,32.25,0.0,6.782902039994997,2024-11-05
14.68,31.16,0.0,6.036877415386825,2024-11-06
15.65,31.53,0.0,5.373438791831715,2024-11-07
18.18,32.18,0.0,5.430162893683562,2024-11-08
17.78,32.19,0.0,6.600503376927842,2024-11-09
15.34,31.58,0.0,6.2191321366135295,2024-11-10
14.79,31.82,0.0,6.074764403045754,2024-11-11
15.13,33.02,0.0,5.830917289305647,2024-11-12
18.63,33.58,0.0,5.4080995109559,2024-11-13
20.42,34.58,0.0,6.34060971447685,2024-11-14
18.66,34.44,0.0,6.942186712353888,2024-11-15
16.67,33.02,0.0,7.032988148827513,2024-11-16
14.54,31.27,0.0,6.2378990423485146,2024-11-17
15.23,31.67,0.0,6.667727446422784,2024-11-18
14.28,31.1,0.0,6.349400014122254,2024-11-19
14.08,31.35,0.0,6.50884817203668,2024-11-20
14.31,31.48,0.0,6.442937523033899,2024-11-21
13.96,31.33,0.0,5.894452833026904,2024-11-22
14.1,32.53,0.0,6.593878130294682,2024-11-23
15.14,32.29,0.0,7.107695196598381,2024-11-24
15.48,32.16,0.0,6.7931100218536,2024-11-25
15.76,30.13,0.0,6.129067695084985,2024-11-26
16.38,26.65,0.0,5.497727994979574,2024-11-27
15.93,27.56,0.0,6.143777416570526,2024-11-28
13.28,28.28,0.0,6.321933747948451,2024-11-29
12.76,29.31,0.0,5.9623332035717675,2024-11-30
12.92,30.38,0.0,6.099286690020858,2024-12-01
13.82,31.08,0.0,6.3877112921291985,2024-12-02
13.97,31.28,0.0,6.78271774927108,2024-12-03
13.38,30.32,0.0,6.628224066592324,2024-12-04
13.81,30.76,0.0,6.415925116240591,2024-12-05
14.46,31.04,0.0,6.414892492178357,2024-12-06
13.87,29.83,0.0,7.020781596342701,2024-12-07
12.92,29.18,0.0,6.595302751738834,2024-12-08
12.1,30.62,0.0,5.7093645755051154,2024-12-09
14.81,33.14,0.0,5.71619593409388,2024-12-10
19.05,34.73,0.0,6.431711697597428,2024-12-11
19.94,33.21,0.0,6.153932402695944,2024-12-12
17.58,33.46,0.0,7.345763468779947,2024-12-13
16.03,31.43,0.0,7.640231508599118,2024-12-14
13.66,30.17,0.0,6.821234474714102,2024-12-15
14.26,31.07,0.0,6.644666626825869,2024-12-16
13.24,30.96,0.0,6.915395084755242,2024-12-17
12.3,29.25,0.0,7.564341699505375,2024-12-18
12.31,27.04,0.0,6.785789540895603,2024-12-19
11.07,26.24,0.0,6.043843220630526,2024-12-20
11.59,26.94,0.0,6.024204245629597,2024-12-21
11.36,28.44,0.0,6.317060764584976,2024-12-22
12.01,29.72,0.0,6.548202859984793,2024-12-23
12.63,30.79,0.0,6.506642612035554,2024-12-24
12.6,31.35,0.0,6.753723398526168,2024-12-25
12.49,31.46,0.0,7.024978799470619,2024-12-26
13.91,31.34,0.0,7.040360063545952,2024-12-27
12.41,31.3,0.0,6.907320109432,2024-12-28
12.94,31.37,0.0,6.624488738774801,2024-12-29
14.01,32.45,0.0,6.347886928819864,2024-12-30
16.13,33.43,0.0,6.649848386590604,2024-12-31
17.74,33.29,0.0,6.296663594434516,2025-01-01
17.71,32.31,0.0,5.389816269384291,2025-01-02
18.06,33.4,0.0,6.675799911630049,2025-01-03
16.42,33.19,0.0,6.590343089060924,2025-01-04
16.25,33.6,0.0,6.4738727275345935,2025-01-05
16.2,32.84,0.0,6.812535257126597,2025-01-06
17.71,32.95,0.0,7.271655956623553,2025-01-07
17.31,30.7,0.0,6.717844303062862,2025-01-08
17.35,29.95,0.0,7.227560864286239,2025-01-09
15.56,28.75,0.0,7.23199625518161,2025-01-10
14.32,30.18,0.0,7.644093152754711,2025-01-11
15.8,28.55,0.0,6.722667959020467,2025-01-12
14.38,28.17,0.0,5.768449572096692,2025-01-13
14.45,31.52,0.0,6.5915820924596655,2025-01-14
15.55,32.96,0.0,7.239075163772317,2025-01-15
18.18,33.83,0.0,7.4537678285608715,2025-01-16
18.06,33.27,0.0,8.795730761272587,2025-01-17
17.73,33.16,0.0,7.1449172768973765,2025-01-18
18.96,33.57,0.0,7.566638623717006,2025-01-19
17.07,34.6,0.0,7.4614902842867235,2025-01-20
17.57,35.27,0.0,7.493695975367728,2025-01-21
18.45,35.63,0.0,7.613576093415382,2025-01-22
18.69,35.44,0.0,8.868449375681635,2025-01-23
16.68,33.51,0.0,7.656456435672869,2025-01-24
17.99,34.68,0.0,8.562105658090015,2025-01-25
16.68,33.32,0.0,8.609090229647371,2025-01-26
16.25,33.58,0.0,8.565379339476976,2025-01-27
15.82,33.13,0.0,8.807084179945415,2025-01-28
15.96,33.16,0.0,8.443507470315009,2025-01-29
15.15,32.82,0.0,7.832565511768355,2025-01-30
17.32,32.9,0.0,6.961329260239559,2025-01-31
17.28,31.22,0.0,6.325931817431237,2025-02-01
18.0,28.54,0.0,5.8391758164014345,2025-02-02
17.21,31.53,0.0,6.984070680482077,2025-02-03
17.8,35.62,0.0,8.256830413108519,2025-02-04
18.35,35.68,0.0,9.28979380796814,2025-02-05
17.82,35.51,0.0,8.3349103486442,2025-02-06
17.74,35.77,0.0,8.105454751548514,2025-02-07
17.78,35.0,0.0,7.936662570605069,2025-02-08
19.4,35.63,0.0,8.761563540476711,2025-02-09
19.32,36.48,0.0,8.348436303999469,2025-02-10
20.28,37.08,0.0,9.43902017439049,2025-02-11
19.77,36.32,0.0,9.257689718763368,2025-02-12
17.72,34.36,0.0,8.205996058807049,2025-02-13
18.66,35.58,0.0,9.040156488536578,2025-02-14
18.54,36.07,0.0,8.465042746766985,2025-02-15
19.34,36.92,0.0,8.939728460793926,2025-02-16
19.82,37.86,0.0,8.02878814967118,2025-02-17
23.52,38.68,0.0,8.431852520721254,2025-02-18
21.61,39.37,0.0,7.587480986901983,2025-02-19
22.44,39.26,0.0,6.077283014456389,2025-02-20
22.56,37.78,0.0,7.8103008463916055,2025-02-21
20.88,36.54,0.0,9.44703877385,2025-02-22
18.79,36.12,0.0,7.894227127366507,2025-02-23
19.57,35.62,0.0,8.963478304544118,2025-02-24
18.77,34.02,0.0,9.191474592335817,2025-02-25
16.39,34.35,0.0,8.368028066505591,2025-02-26
18.28,35.07,0.0,8.416228265741447,2025-02-27
20.33,36.6,0.0,8.413380163279399,2025-02-28
21.78,38.18,0.0,8.12733933288799,2025-03-01
23.17,39.76,0.0,9.64470329315524,2025-03-02
23.07,40.77,0.0,10.557222451533788,2025-03-03
23.5,40.81,0.0,9.402533646168543,2025-03-04
24.07,40.86,0.0,9.66818258602143,2025-03-05
22.58,39.5,0.0,9.17418529758432,2025-03-06
23.61,40.46,0.0,9.51394881130767,2025-03-07
23.3,41.35,0.0,9.329866406129675,2025-03-08
22.8,41.05,0.0,8.634854725213684,2025-03-09
24.91,41.95,0.0,7.10746999021221,2025-03-10
25.8,42.59,0.0,7.73300016006419,2025-03-11
27.16,42.58,0.0,7.245480909646158,2025-03-12
25.84,41.18,0.0,8.683001375139973,2025-03-13
26.57,40.04,0.01,7.686527537728381,2025-03-14
26.36,41.28,0.01,6.988412471737116,2025-03-15
25.11,42.69,0.0,10.66928610592322,2025-03-16
23.92,42.29,0.0,10.58566909783392,2025-03-17
23.37,42.59,0.0,10.16851802694012,2025-03-18
21.92,41.97,0.0,9.833650235068063,2025-03-19
21.66,42.05,0.0,9.544296644304737,2025-03-20
22.91,40.32,0.0,7.221058953298272,2025-03-21
24.01,41.46,0.0,9.582355548475567,2025-03-22
24.73,41.02,0.0,10.257675499016884,2025-03-23
23.01,39.73,0.0,9.589495987229952,2025-03-24
21.8,40.48,0.0,7.520140140162492,2025-03-25
23.2,41.56,0.0,6.783144990028746,2025-03-26
24.7,41.4,0.0,7.294376355696396,2025-03-27
24.91,42.2,0.0,7.242237068125984,2025-03-28
26.17,42.41,0.0,7.110472451002957,2025-03-29
23.76,42.67,0.0,10.205754496855143,2025-03-30
23.4,40.97,0.0,11.998233682592915,2025-03-31
23.07,39.79,0.0,9.531044980185577,2025-04-01
22.31,40.07,0.0,7.594107161467486,2025-04-02
22.4,42.04,0.0,9.880320594044196,2025-04-03
23.29,42.32,0.0,9.900215397728193,2025-04-04
22.14,42.59,0.0,8.999118422253702,2025-04-05
28.8,43.26,0.0,7.20257374692088,2025-04-06
25.35,42.64,0.0,6.770691826854916,2025-04-07
24.77,42.12,0.0,6.5618666679178705,2025-04-08
26.25,41.3,0.0,8.048770471619026,2025-04-09
27.26,42.54,0.0,7.205304090864106,2025-04-10
25.8,42.43,0.0,8.725673760691663,2025-04-11
27.34,41.03,0.0,7.870568718040129,2025-04-12
24.42,41.97,0.0,9.522416601563801,2025-04-13
24.96,41.74,0.0,8.703253457048225,2025-04-14
24.59,42.17,0.0,7.807718588051558,2025-04-15
26.23,42.71,0.0,7.160346901902536,2025-04-16
25.69,41.8,0.01,8.22825182955662,2025-04-17
26.5,42.89,0.0,8.635698327180817,2025-04-18
27.09,43.5,0.0,8.462601354533373,2025-04-19
24.57,41.79,0.0,7.995458374111593,2025-04-20
26.79,43.04,0.0,7.491821415647827,2025-04-21
26.08,43.98,0.0,8.557395305127242,2025-04-22
25.01,42.78,0.0,6.517045546897529,2025-04-23
27.68,42.54,0.0,9.460673350829142,2025-04-24
29.74,44.28,0.0,8.576403848753529,2025-04-25
28.04,43.17,0.0,8.39589364800222,2025-04-26
28.64,41.9,0.0,8.686925656359854,2025-04-27
29.09,41.14,0.0,7.974415859561943,2025-04-28
28.13,43.17,0.0,7.086489969309334,2025-04-29
30.23,42.15,0.0,10.16544828689364,2025-04-30
29.92,35.23,0.12,7.628096865536479,2025-05-01
28.21,41.59,0.0,7.48320241465688,2025-05-02
29.75,41.94,0.0,9.125984371933052,2025-05-03
25.74,41.83,0.0,7.208301173981637,2025-05-04
27.91,41.34,0.0,8.354973947575237,2025-05-05
29.39,40.98,0.0,7.569635571600497,2025-05-06
29.08,42.17,0.0,8.00001951549707,2025-05-07
27.35,43.32,0.0,7.642704704664884,2025-05-08
27.55,43.45,0.0,8.812959078955076,2025-05-09
27.19,42.85,0.09,8.862839454005105,2025-05-10
29.11,43.7,0.0,9.930189347409451,2025-05-11
27.78,44.77,0.0,10.13546121452624,2025-05-12
27.77,44.33,0.0,9.232900734755095,2025-05-13
29.59,42.63,0.52,10.453194946720735,2025-05-14
29.19,42.57,0.38,10.187638996968165,2025-05-15
29.89,40.75,0.03,8.10040118631162,2025-05-16
27.65,41.17,0.09,9.47946355075544,2025-05-17
29.85,40.44,0.02,7.922496279954312,2025-05-18
28.97,42.82,0.0,10.12554949441492,2025-05-19
28.48,43.24,0.0,7.9760702763116536,2025-05-20
30.01,41.93,0.0,9.659412002561186,2025-05-21
29.29,42.91,0.0,9.060178094136973,2025-05-22
29.89,43.8,0.0,7.703165298216929,2025-05-23
30.66,42.76,0.0,10.742665537362589,2025-05-24
29.24,41.02,0.0,9.798030724326749,2025-05-25
29.69,43.25,0.0,9.866055651142347,2025-05-26
30.77,40.26,0.64,8.979361384444145,2025-05-27
29.52,37.88,3.77,8.872191118322768,2025-05-28
28.55,38.74,0.44,7.871779578815317,2025-05-29
27.9,40.45,0.0,8.19069229809746,2025-05-30
28.67,42.27,0.0,9.097559435304426,2025-05-31
30.59,42.27,0.0,11.389663664666326,2025-06-01
27.92,40.84,0.0,10.801236002447698,2025-06-02
28.39,40.05,0.02,9.907630135500447,2025-06-03
27.77,35.85,0.46,8.386438486618554,2025-06-04
27.56,36.35,10.52,6.713461400265978,2025-06-05
27.47,37.27,8.1,6.601565189788088,2025-06-06
28.01,40.59,0.0,8.72169513256438,2025-06-07
28.18,41.35,0.0,9.44855964561421,2025-06-08
28.02,39.85,1.3,9.039496049060148,2025-06-09
27.71,39.06,0.01,6.351086245507594,2025-06-10
28.36,39.32,0.0,6.762909373719098,2025-06-11
29.44,40.11,0.27,10.226963154595,2025-06-12
28.14,37.85,1.06,9.73384380896212,2025-06-13
27.03,38.44,2.81,7.909977721053242,2025-06-14
27.37,36.02,4.17,8.167635524115207,2025-06-15
27.42,38.54,0.0,7.600027960525426,2025-06-16
27.46,39.86,0.0,9.316021801392633,2025-06-17
28.24,37.96,0.02,9.197213885396549,2025-06-18
27.45,37.43,5.7,8.290219489257831,2025-06-19
26.97,38.68,0.01,7.267775742983134,2025-06-20
26.77,40.56,0.0,7.749551200056789,2025-06-21
27.31,40.6,0.16,7.948233996859221,2025-06-22
28.36,40.93,0.02,9.244161111604738,2025-06-23
28.83,35.53,1.94,5.223758608279114,2025-06-24
25.93,39.28,0.04,7.719471462094017,2025-06-25
26.94,39.53,0.23,8.028412723007394,2025-06-26
27.69,39.23,0.3,9.428036179603106,2025-06-27
26.71,39.46,0.03,9.364871134758488,2025-06-28
28.16,35.61,0.88,6.903777594757827,2025-06-29
27.58,33.74,1.55,7.353984673403246,2025-06-30
27.0,31.64,3.42,4.867898566430516,2025-07-01
25.19,32.45,12.82,4.5657139795052455,2025-07-02
24.95,34.98,2.49,6.599145768424028,2025-07-03
25.55,36.78,2.29,6.822117602254771,2025-07-04
25.14,36.1,2.5,7.413167900399097,2025-07-05
25.28,33.18,4.82,4.992926803732915,2025-07-06
25.08,33.56,4.82,5.829954539913986,2025-07-07
24.93,35.39,3.39,6.234739563652647,2025-07-08
25.61,34.31,5.3,6.162964125981238,2025-07-09
24.11,36.28,1.33,7.677520439896013,2025-07-10
26.23,36.04,2.15,8.036099630807241,2025-07-11
24.71,29.66,69.99,3.346644942809876,2025-07-12
23.73,29.25,3.99,4.325282988186404,2025-07-13
23.27,31.54,5.59,4.560267307674942,2025-07-14
24.16,35.57,0.61,6.3966371238678885,2025-07-15
24.49,38.06,0.09,7.773654400632064,2025-07-16
25.68,33.51,1.82,6.38535021950696,2025-07-17
24.44,34.9,0.19,6.4926922823518165,2025-07-18
25.02,36.36,0.25,6.816756390161312,2025-07-19
27.15,36.37,0.31,6.829725519709182,2025-07-20
25.36,36.5,0.04,7.401872932963832,2025-07-21
25.96,36.6,0.64,5.403419598223787,2025-07-22
25.38,35.42,1.71,6.607238191502227,2025-07-23
25.22,30.06,13.77,4.357690778847458,2025-07-24
24.12,32.48,3.57,5.369971590420679,2025-07-25
24.53,33.61,5.02,4.271687477596181,2025-07-26
24.53,34.43,2.5,5.885692282343972,2025-07-27
24.13,34.81,0.36,6.664251206011605,2025-07-28
25.63,33.68,2.21,4.936473565702144,2025-07-29
25.11,35.93,0.01,6.040031620524322,2025-07-30
25.86,33.03,7.59,5.4883774712140845,2025-07-31
24.13,28.51,38.95,3.0684104428741072,2025-08-01
22.99,31.13,16.32,4.323761834301204,2025-08-02
23.55,33.32,1.95,5.6874610227584155,2025-08-03
24.66,27.97,6.59,3.062786484471971,2025-08-04
23.47,31.71,1.42,4.955272793633188,2025-08-05
23.89,32.27,0.4,5.675106978788818,2025-08-06
24.27,33.41,1.49,5.649371202603728,2025-08-07
24.22,31.97,32.44,4.790430234039801,2025-08-08
23.48,32.0,7.32,5.147916056422609,2025-08-09
23.25,30.75,2.83,4.243067491040291,2025-08-10
22.28,33.78,0.37,5.729234773833693,2025-08-11
24.21,29.98,18.12,2.5915811979961343,2025-08-12
23.44,28.06,10.13,3.445811161552766,2025-08-13
22.74,29.66,13.77,3.6462638559004517,2025-08-14
22.79,29.79,23.87,4.02610017779528,2025-08-15
23.79,30.82,13.06,4.546455757900647,2025-08-16
23.51,29.43,1.47,3.3540586809924977,2025-08-17
22.98,28.92,21.02,2.1346202061128805,2025-08-18
22.41,31.2,2.57,4.038464984299313,2025-08-19
23.51,31.89,0.85,5.106442622397628,2025-08-20
24.07,30.69,2.69,5.2253645991597315,2025-08-21
24.46,30.1,5.26,3.9136742445096777,2025-08-22
23.66,32.28,0.72,5.511021656910347,2025-08-23
23.59,32.31,0.74,4.985414949034435,2025-08-24
24.22,30.27,4.15,4.134589670626785,2025-08-25
23.85,31.53,6.58,3.6853900206337022,2025-08-26
23.98,28.1,18.15,3.5470030476190764,2025-08-27
22.58,32.28,0.35,5.212291778582722,2025-08-28
23.83,33.33,0.54,5.69300373996508,2025-08-29
23.61,32.57,0.56,5.472163205125546,2025-08-30
24.27,29.37,13.91,4.324721421054282,2025-08-31
22.86,31.55,5.23,5.3413609032464775,2025-09-01
23.39,31.99,11.39,3.788856613172046,2025-09-02
23.54,28.68,4.55,2.6799507851767705,2025-09-03
22.51,28.77,10.75,3.7524087318750077,2025-09-04
22.33,30.47,1.22,3.237104809811913,2025-09-05
23.1,32.3,1.83,5.393445551834498,2025-09-06
23.9,32.46,0.17,5.412971558886522,2025-09-07
23.63,34.79,0.28,5.742831598352571,2025-09-08
23.64,28.82,18.78,2.996475211156983,2025-09-09
22.02,30.88,2.89,4.9104120260166795,2025-09-10
23.94,32.06,1.9,5.181078361403616,2025-09-11
24.68,32.12,0.4,4.908265793886478,2025-09-12
24.62,28.95,3.22,4.963109787563537,2025-09-13
23.35,29.87,5.61,4.440711041192543,2025-09-14
22.61,32.89,0.0,5.341646877729631,2025-09-15
23.51,33.67,0.0,5.329541595674778,2025-09-16
24.34,32.55,1.13,5.525826258257535,2025-09-17
23.58,33.87,0.63,5.571124637080262,2025-09-18
24.19,35.75,0.0,6.1124954061385735,2025-09-19
23.88,33.65,0.06,5.599904799841303,2025-09-20
23.58,32.07,1.43,5.205253259280679,2025-09-21
24.37,32.68,0.57,5.384464088139558,2025-09-22
23.64,34.28,0.0,5.057300327348873,2025-09-23
23.9,30.38,7.05,4.586480505872494,2025-09-24
22.07,32.19,3.09,4.564889756060121,2025-09-25
23.31,32.57,0.0,4.947298826458178,2025-09-26
24.41,33.59,3.81,5.563700268200081,2025-09-27
25.24,30.6,1.15,4.4568500418759935,2025-09-28
23.36,33.76,0.06,5.063790693523607,2025-09-29
23.3,35.22,0.0,5.728620241643556,2025-09-30
25.03,36.15,0.0,6.03751889110105,2025-10-01
24.37,31.65,0.02,5.35926428411708,2025-10-02
23.13,35.33,0.0,5.727515035419196,2025-10-03
23.14,36.94,0.0,6.519183385808832,2025-10-04
24.26,33.85,0.09,4.136339537298772,2025-10-05
23.44,31.0,10.43,3.5205298005103405,2025-10-06
23.58,35.63,0.05,5.420011443314697,2025-10-07
23.19,35.95,0.0,6.019116941995656,2025-10-08
23.21,35.9,0.0,6.21263667865641,2025-10-09
23.6,36.25,0.07,6.1197327316132855,2025-10-10
23.46,35.44,0.61,5.645860020458194,2025-10-11
23.46,34.79,0.01,5.466144559526872,2025-10-12
23.65,36.65,0.0,6.174865155504434,2025-10-13
22.83,36.46,0.0,5.835237650010378,2025-10-14
23.39,36.48,0.0,5.801414843830183,2025-10-15
22.63,36.49,0.0,5.86056294032885,2025-10-16
21.33,36.05,0.0,6.003177301942638,2025-10-17
23.87,36.55,0.0,6.496620987003004,2025-10-18
22.86,37.27,0.0,5.560325510257201,2025-10-19
22.03,37.61,0.0,6.369680550651069,2025-10-20
19.17,37.5,0.0,6.070317847802725,2025-10-21
22.68,38.19,0.0,6.498465137625253,2025-10-22
22.65,37.87,0.0,5.877553357416965,2025-10-23
22.59,37.35,0.0,6.30449087735695,2025-10-24
21.54,37.61,0.0,6.080749072308723,2025-10-25
22.21,37.67,0.0,6.036717034449078,2025-10-26
21.23,37.61,0.0,6.146965632527319,2025-10-27
21.04,37.97,0.0,6.254510008233892,2025-10-28
21.52,37.16,0.0,5.6561086681979855,2025-10-29
21.79,37.3,0.0,5.951408690898749,2025-10-30
21.2,36.97,0.0,6.400480061959961,2025-10-31
21.33,37.34,0.0,6.028223458898911,2025-11-01
19.22,36.35,0.0,6.58899596324098,2025-11-02
18.51,35.98,0.0,6.349191826744017,2025-11-03
20.86,36.44,0.0,5.287536887820731,2025-11-04
21.7,37.17,0.0,5.569847138454379,2025-11-05
21.21,37.7,0.0,5.418703840968336,2025-11-06
21.34,36.62,0.0,5.471036296200366,2025-11-07
22.42,37.03,0.0,5.70275584105925,2025-11-08
20.85,36.78,0.0,6.345663151419365,2025-11-09
18.63,36.86,0.0,6.688666878885047,2025-11-10
19.39,37.11,0.0,6.27560354798072,2025-11-11
20.14,36.76,0.0,6.7745019446164285,2025-11-12
18.76,35.78,0.0,7.15408544393227,2025-11-13
18.01,35.93,0.0,6.7454740895669705,2025-11-14
18.02,35.52,0.0,7.545027668210424,2025-11-15
18.47,34.63,0.0,8.056319736495833,2025-11-16
16.91,33.98,0.0,7.241407545683304,2025-11-17
16.51,34.21,0.0,6.385723105023901,2025-11-18
17.05,34.72,0.0,6.007472328229652,2025-11-19
17.38,35.78,0.0,6.2817662254264945,2025-11-20
17.95,36.17,0.0,6.779361411655326,2025-11-21
18.29,36.18,0.0,8.01948530943342,2025-11-22
16.76,35.6,0.0,7.801742200061145,2025-11-23
17.38,35.32,0.0,7.341598160532107,2025-11-24
17.7,35.5,0.0,7.562567907308239,2025-11-25
17.52,36.15,0.0,6.37431393136097,2025-11-26
19.56,36.95,0.0,6.158809828381791,2025-11-27
20.34,36.75,0.0,6.264118883720539,2025-11-28
21.82,36.52,0.0,7.432030878592591,2025-11-29
20.67,36.17,0.0,7.238150351295332,2025-11-30
21.18,30.94,0.0,6.211656924972819,2025-12-01
21.04,34.75,0.0,5.9994859817431445,2025-12-02
19.64,35.81,0.0,7.292309302676374,2025-12-03
19.69,34.09,0.0,7.482295834606585,2025-12-04
18.75,35.33,0.0,7.394976367347502,2025-12-05
19.31,35.73,0.0,7.824413142181725,2025-12-06
19.82,34.53,0.0,7.68574879943947,2025-12-07
18.32,34.4,0.0,7.607438487850869,2025-12-08
17.93,32.96,0.0,7.2451525442284765,2025-12-09
18.79,34.29,0.0,6.984838419532074,2025-12-10
18.06,34.56,0.0,6.110059009486684,2025-12-11
18.94,35.58,0.0,4.97243342974282,2025-12-12
19.43,36.06,0.0,5.682327569561251,2025-12-13
22.12,36.01,0.0,6.585043224459397,2025-12-14
20.73,33.25,0.0,6.022077989420242,2025-12-15
19.22,33.58,0.0,7.837980756125189,2025-12-16
19.06,33.38,0.0,6.36445700581431,2025-12-17
17.94,33.2,0.0,5.760739943528427,2025-12-18
18.71,33.68,0.0,6.816558728694264,2025-12-19
18.0,33.71,0.0,7.524614691344129,2025-12-20
17.65,33.42,0.0,6.915225295036751,2025-12-21
18.66,34.76,0.0,6.16696985551446,2025-12-22
18.39,35.12,0.0,6.1936544575965575,2025-12-23
18.4,35.51,0.0,5.759478331902231,2025-12-24
18.97,36.09,0.0,6.65545190293893,2025-12-25
19.2,36.43,0.0,7.080945416114509,2025-12-26
19.67,36.64,0.0,7.309628474545006,2025-12-27
19.38,35.91,0.0,7.733913799969547,2025-12-28
20.98,35.77,0.0,7.857159655741106,2025-12-29
19.66,35.91,0.0,7.835347404915192,2025-12-30
19.29,35.84,0.0,7.647209738096468,2025-12-31
