MinTemp,MaxTemp,Precipitation,ReferenceET,Date
9.41,14.18,1.11,,1981-01-01
10.58,13.65,2.88,,1981-01-02
8.03,12.03,0.94,,1981-01-03
11.43,14.66,0.2,,1981-01-04
10.03,16.38,0.39,,1981-01-05
7.58,12.63,0.85,,1981-01-06
9.16,12.41,6.09,,1981-01-07
4.26,8.12,4.31,,1981-01-08
4.32,6.74,0.6,,1981-01-09
4.14,10.88,0.06,,1981-01-10
2.58,14.17,0.0,,1981-01-11
5.44,11.38,0.0,,1981-01-12
5.02,8.96,4.97,,1981-01-13
3.87,10.1,5.77,,1981-01-14
7.76,13.81,1.15,,1981-01-15
9.28,13.66,3.61,,1981-01-16
8.3,15.44,0.23,,1981-01-17
9.77,14.2,2.2,,1981-01-18
9.16,13.36,2.0,,1981-01-19
10.12,15.27,3.64,,1981-01-20
9.89,12.21,1.18,,1981-01-21
9.02,11.53,0.55,,1981-01-22
8.65,12.34,0.57,,1981-01-23
8.28,12.78,0.81,,1981-01-24
7.22,15.11,0.25,,1981-01-25
7.54,14.93,0.03,,1981-01-26
7.38,13.76,0.83,,1981-01-27
5.64,11.38,1.51,,1981-01-28
6.23,10.75,0.15,,1981-01-29
5.64,9.29,1.26,,1981-01-30
5.63,12.56,0.06,,1981-01-31
6.89,13.17,0.47,,1981-02-01
7.61,12.83,0.21,,1981-02-02
5.25,11.58,1.77,,1981-02-03
6.4,15.88,0.04,,1981-02-04
8.07,11.69,3.22,,1981-02-05
9.48,14.17,1.42,,1981-02-06
7.79,14.63,0.05,,1981-02-07
7.05,14.93,0.09,,1981-02-08
5.1,20.91,0.0,,1981-02-09
7.05,19.95,0.0,,1981-02-10
7.65,18.29,0.03,,1981-02-11
8.83,15.14,0.22,,1981-02-12
8.71,18.35,1.64,,1981-02-13
8.45,11.82,1.63,,1981-02-14
5.28,14.04,0.0,,1981-02-15
5.24,17.66,1.75,,1981-02-16
8.32,13.74,5.08,,1981-02-17
6.41,11.92,0.77,,1981-02-18
5.58,12.93,0.78,,1981-02-19
6.05,14.08,0.69,,1981-02-20
6.9,10.31,4.09,,1981-02-21
6.77,11.2,1.57,,1981-02-22
6.76,13.39,0.98,,1981-02-23
5.88,14.28,0.01,,1981-02-24
4.81,15.35,0.08,,1981-02-25
6.39,14.45,0.01,,1981-02-26
5.32,16.12,0.02,,1981-02-27
8.42,22.26,0.01,,1981-02-28
10.1,22.59,0.0,,1981-03-01
11.07,21.19,0.1,,1981-03-02
9.45,20.07,0.14,,1981-03-03
9.31,17.98,0.01,,1981-03-04
7.86,16.91,0.0,,1981-03-05
7.31,14.79,0.06,,1981-03-06
7.64,16.8,0.01,,1981-03-07
8.58,17.46,0.01,,1981-03-08
8.5,19.71,0.0,,1981-03-09
7.67,19.39,0.04,,1981-03-10
8.28,21.58,0.0,,1981-03-11
11.84,24.58,0.0,,1981-03-12
13.25,22.17,0.0,,1981-03-13
10.03,18.61,3.84,,1981-03-14
9.95,20.62,1.05,,1981-03-15
10.57,18.58,0.05,,1981-03-16
8.99,17.91,1.31,,1981-03-17
7.97,13.23,6.69,,1981-03-18
8.4,14.22,2.18,,1981-03-19
6.26,17.89,0.0,,1981-03-20
8.46,18.68,0.06,,1981-03-21
9.09,19.09,1.86,,1981-03-22
9.65,18.57,1.24,,1981-03-23
8.16,20.65,0.02,,1981-03-24
10.78,24.76,0.0,,1981-03-25
11.85,27.87,0.0,,1981-03-26
12.37,23.71,0.05,,1981-03-27
11.57,25.5,0.15,,1981-03-28
12.18,28.36,0.01,,1981-03-29
12.67,23.58,0.18,,1981-03-30
12.04,14.87,9.53,,1981-03-31
9.61,17.79,2.81,,1981-04-01
10.39,20.41,0.02,,1981-04-02
10.29,24.28,0.01,,1981-04-03
10.96,19.17,0.14,,1981-04-04
9.9,18.38,1.69,,1981-04-05
9.61,23.11,0.0,,1981-04-06
11.32,25.44,0.0,,1981-04-07
13.64,29.82,0.0,,1981-04-08
13.76,25.85,0.05,,1981-04-09
13.07,24.44,0.01,,1981-04-10
12.39,25.99,0.0,,1981-04-11
14.16,24.28,0.01,,1981-04-12
12.53,21.24,0.08,,1981-04-13
11.31,22.37,0.0,,1981-04-14
11.83,23.12,0.01,,1981-04-15
13.73,24.1,11.96,,1981-04-16
12.23,20.65,0.75,,1981-04-17
13.03,19.03,10.14,,1981-04-18
12.18,21.56,0.48,,1981-04-19
13.3,20.88,8.42,,1981-04-20
12.57,22.14,0.33,,1981-04-21
14.18,22.07,0.06,,1981-04-22
14.07,23.6,0.46,,1981-04-23
12.96,24.78,0.07,,1981-04-24
11.67,26.53,0.0,,1981-04-25
13.27,21.0,0.14,,1981-04-26
9.93,21.36,0.01,,1981-04-27
10.76,26.12,0.0,,1981-04-28
13.36,23.19,0.0,,1981-04-29
13.03,25.36,0.04,,1981-04-30
14.14,23.54,6.79,,1981-05-01
13.01,20.5,1.26,,1981-05-02
12.32,24.64,6.5,,1981-05-03
12.9,21.61,0.27,,1981-05-04
12.21,20.48,0.11,,1981-05-05
13.07,22.51,0.0,,1981-05-06
11.23,28.26,0.0,,1981-05-07
15.37,26.53,0.01,,1981-05-08
13.59,27.04,0.0,,1981-05-09
13.38,22.36,0.14,,1981-05-10
10.92,24.15,0.03,,1981-05-11
13.39,23.12,0.96,,1981-05-12
11.27,24.24,0.47,,1981-05-13
13.13,24.99,0.55,,1981-05-14
14.83,18.95,6.48,,1981-05-15
14.59,22.31,3.08,,1981-05-16
11.62,25.84,0.0,,1981-05-17
14.34,28.55,3.07,,1981-05-18
15.5,30.06,0.23,,1981-05-19
15.77,30.35,0.0,,1981-05-20
16.76,33.2,0.0,,1981-05-21
18.22,26.77,1.83,,1981-05-22
16.0,25.58,0.04,,1981-05-23
14.78,27.69,0.09,,1981-05-24
17.47,34.68,0.0,,1981-05-25
17.36,32.32,0.0,,1981-05-26
14.67,23.17,0.0,,1981-05-27
14.24,24.97,0.0,,1981-05-28
13.73,27.37,0.0,,1981-05-29
17.75,32.06,0.0,,1981-05-30
18.88,30.54,0.0,,1981-05-31
18.5,33.99,0.0,,1981-06-01
17.68,26.16,0.0,,1981-06-02
15.7,28.7,0.0,,1981-06-03
17.68,25.76,0.0,,1981-06-04
15.52,25.75,0.0,,1981-06-05
14.57,27.57,0.0,,1981-06-06
15.35,30.87,0.0,,1981-06-07
17.82,31.29,0.33,,1981-06-08
18.0,33.12,0.0,,1981-06-09
18.46,35.32,0.0,,1981-06-10
20.69,34.54,0.0,,1981-06-11
19.43,30.53,0.0,,1981-06-12
19.7,30.9,0.01,,1981-06-13
19.59,30.53,0.0,,1981-06-14
19.43,32.53,0.0,,1981-06-15
21.08,34.45,0.0,,1981-06-16
21.29,34.25,0.0,,1981-06-17
19.45,29.32,0.0,,1981-06-18
17.38,26.6,0.0,,1981-06-19
17.22,27.6,0.11,,1981-06-20
16.61,27.93,0.0,,1981-06-21
16.5,27.47,0.0,,1981-06-22
17.51,26.2,0.02,,1981-06-23
18.54,25.97,0.18,,1981-06-24
17.84,26.13,0.79,,1981-06-25
19.11,26.12,0.19,,1981-06-26
17.29,31.83,0.66,,1981-06-27
21.63,34.75,0.71,,1981-06-28
20.21,28.0,0.0,,1981-06-29
20.03,29.91,0.01,,1981-06-30
19.86,30.97,0.0,,1981-07-01
20.73,40.3,0.57,,1981-07-02
22.11,32.25,0.01,,1981-07-03
19.81,28.37,0.0,,1981-07-04
18.55,27.4,0.0,,1981-07-05
18.77,28.44,0.0,,1981-07-06
18.46,30.89,0.0,,1981-07-07
19.63,31.95,0.0,,1981-07-08
22.46,34.3,0.06,,1981-07-09
21.05,31.19,0.18,,1981-07-10
20.82,29.0,0.02,,1981-07-11
20.92,29.23,0.11,,1981-07-12
20.46,28.87,0.0,,1981-07-13
20.32,28.25,0.02,,1981-07-14
20.47,29.52,0.39,,1981-07-15
18.89,30.99,0.0,,1981-07-16
19.19,35.45,0.07,,1981-07-17
21.69,40.61,0.0,,1981-07-18
20.56,26.4,0.0,,1981-07-19
20.1,26.03,0.03,,1981-07-20
20.07,27.96,0.12,,1981-07-21
19.24,34.04,0.0,,1981-07-22
21.34,38.85,0.0,,1981-07-23
23.35,39.43,0.0,,1981-07-24
20.79,28.23,0.0,,1981-07-25
20.41,26.77,0.0,,1981-07-26
19.96,27.52,0.0,,1981-07-27
19.75,28.04,0.44,,1981-07-28
19.55,30.66,0.0,,1981-07-29
19.97,34.61,0.0,,1981-07-30
20.6,35.64,0.0,,1981-07-31
20.96,35.69,0.0,,1981-08-01
20.48,35.11,0.0,,1981-08-02
19.97,34.24,0.0,,1981-08-03
21.52,35.45,0.01,,1981-08-04
21.25,35.57,0.01,,1981-08-05
22.99,38.84,0.02,,1981-08-06
23.97,38.42,0.0,,1981-08-07
24.83,39.8,0.0,,1981-08-08
24.85,36.43,0.12,,1981-08-09
22.77,36.56,0.0,,1981-08-10
22.82,32.09,0.19,,1981-08-11
22.39,31.84,0.38,,1981-08-12
21.72,32.08,1.71,,1981-08-13
20.5,29.54,0.17,,1981-08-14
20.21,30.84,0.01,,1981-08-15
20.86,31.17,0.0,,1981-08-16
19.61,31.99,0.0,,1981-08-17
20.94,28.41,0.32,,1981-08-18
20.91,31.58,0.0,,1981-08-19
19.8,35.5,0.01,,1981-08-20
21.54,32.54,0.03,,1981-08-21
22.51,32.21,0.09,,1981-08-22
22.04,29.79,0.21,,1981-08-23
22.31,29.3,1.2,,1981-08-24
21.09,28.79,0.06,,1981-08-25
20.54,27.67,0.01,,1981-08-26
19.18,28.32,0.0,,1981-08-27
18.66,30.22,0.0,,1981-08-28
17.88,33.06,0.0,,1981-08-29
20.58,36.84,0.0,,1981-08-30
22.43,34.21,0.77,,1981-08-31
21.55,36.68,0.27,,1981-09-01
22.87,32.05,0.03,,1981-09-02
22.08,29.98,0.77,,1981-09-03
20.64,30.88,3.07,,1981-09-04
20.02,28.72,0.01,,1981-09-05
20.16,28.17,1.76,,1981-09-06
19.83,27.49,1.42,,1981-09-07
19.78,28.63,0.0,,1981-09-08
18.85,31.33,0.0,,1981-09-09
19.75,37.52,0.01,,1981-09-10
21.81,32.14,0.01,,1981-09-11
20.12,33.32,0.0,,1981-09-12
21.47,33.14,0.09,,1981-09-13
20.97,31.63,0.01,,1981-09-14
20.74,29.78,0.0,,1981-09-15
20.18,29.76,0.0,,1981-09-16
18.7,31.75,0.0,,1981-09-17
19.59,33.68,1.97,,1981-09-18
22.37,32.85,2.48,,1981-09-19
19.57,33.51,0.04,,1981-09-20
22.44,33.09,0.03,,1981-09-21
22.35,32.67,0.54,,1981-09-22
21.77,36.39,0.03,,1981-09-23
21.97,29.19,2.29,,1981-09-24
20.57,26.5,6.42,,1981-09-25
19.91,32.1,0.11,,1981-09-26
20.99,27.09,0.79,,1981-09-27
19.1,26.17,0.69,,1981-09-28
18.21,25.15,0.51,,1981-09-29
18.22,25.92,0.06,,1981-09-30
14.97,30.51,0.0,,1981-10-01
19.56,28.08,3.18,,1981-10-02
18.14,29.82,0.0,,1981-10-03
16.82,31.55,0.0,,1981-10-04
18.0,35.52,0.0,,1981-10-05
19.31,33.8,0.0,,1981-10-06
17.76,34.3,0.0,,1981-10-07
17.74,30.2,0.0,,1981-10-08
18.34,34.58,0.0,,1981-10-09
19.81,29.92,0.0,,1981-10-10
19.26,27.35,0.0,,1981-10-11
19.42,28.64,0.0,,1981-10-12
18.82,29.7,0.0,,1981-10-13
18.19,27.98,0.0,,1981-10-14
17.1,31.33,0.0,,1981-10-15
18.24,32.36,0.0,,1981-10-16
18.95,30.47,0.0,,1981-10-17
17.53,30.53,0.05,,1981-10-18
17.32,26.49,1.16,,1981-10-19
18.62,26.9,3.27,,1981-10-20
17.38,27.16,1.42,,1981-10-21
18.13,26.02,4.17,,1981-10-22
17.39,24.43,8.32,,1981-10-23
14.66,21.46,0.05,,1981-10-24
14.72,19.71,7.62,,1981-10-25
11.2,24.05,1.75,,1981-10-26
12.95,19.71,0.34,,1981-10-27
14.88,22.57,0.04,,1981-10-28
12.7,23.95,0.0,,1981-10-29
13.51,25.2,0.0,,1981-10-30
14.36,22.7,0.16,,1981-10-31
16.59,22.38,2.27,,1981-11-01
16.19,23.64,0.0,,1981-11-02
13.4,24.8,0.0,,1981-11-03
14.97,23.46,0.0,,1981-11-04
14.31,22.89,0.0,,1981-11-05
12.73,23.12,0.0,,1981-11-06
14.39,21.59,0.34,,1981-11-07
14.25,19.93,1.95,,1981-11-08
12.34,17.3,0.05,,1981-11-09
10.79,19.46,0.24,,1981-11-10
9.27,16.53,0.95,,1981-11-11
8.29,19.04,0.04,,1981-11-12
13.17,19.96,0.08,,1981-11-13
13.41,17.97,0.57,,1981-11-14
12.47,18.27,0.49,,1981-11-15
13.19,18.19,0.16,,1981-11-16
12.43,18.44,0.02,,1981-11-17
10.66,16.83,0.0,,1981-11-18
9.23,19.1,0.0,,1981-11-19
9.65,20.16,0.0,,1981-11-20
11.28,20.46,0.0,,1981-11-21
11.67,19.69,0.07,,1981-11-22
10.12,20.5,0.01,,1981-11-23
9.96,20.33,0.04,,1981-11-24
12.25,19.71,2.34,,1981-11-25
12.47,17.64,4.11,,1981-11-26
10.07,17.19,0.0,,1981-11-27
11.05,19.26,2.29,,1981-11-28
12.55,15.67,2.38,,1981-11-29
10.79,16.49,3.75,,1981-11-30
12.25,18.8,1.21,,1981-12-01
10.99,15.78,0.97,,1981-12-02
10.23,12.1,15.24,,1981-12-03
8.97,13.76,1.09,,1981-12-04
11.43,16.2,2.98,,1981-12-05
9.45,16.29,0.15,,1981-12-06
6.83,19.36,0.0,,1981-12-07
8.95,17.8,0.17,,1981-12-08
7.64,18.08,0.04,,1981-12-09
10.59,18.43,0.02,,1981-12-10
11.09,20.28,0.12,,1981-12-11
12.5,19.54,0.01,,1981-12-12
13.21,20.74,0.3,,1981-12-13
14.02,19.77,0.86,,1981-12-14
13.15,18.71,0.17,,1981-12-15
12.16,20.86,0.03,,1981-12-16
13.65,20.09,0.47,,1981-12-17
10.72,20.14,0.49,,1981-12-18
9.45,16.31,4.86,,1981-12-19
6.85,12.92,1.19,,1981-12-20
5.57,13.52,0.04,,1981-12-21
8.7,15.72,11.1,,1981-12-22
11.08,15.67,2.87,,1981-12-23
10.17,17.81,0.75,,1981-12-24
10.72,14.72,0.3,,1981-12-25
9.01,14.58,0.47,,1981-12-26
6.59,17.32,0.17,,1981-12-27
8.79,18.58,0.01,,1981-12-28
10.03,21.09,0.0,,1981-12-29
10.77,21.09,0.0,,1981-12-30
9.38,23.79,0.0,,1981-12-31
11.66,17.53,0.0,,1982-01-01
9.83,17.19,0.0,,1982-01-02
8.29,16.53,0.0,,1982-01-03
5.88,19.95,0.0,,1982-01-04
9.28,17.6,0.0,,1982-01-05
10.77,18.18,0.0,,1982-01-06
11.06,19.77,0.0,,1982-01-07
11.53,21.02,0.0,,1982-01-08
9.67,22.87,0.0,,1982-01-09
10.41,20.69,0.0,,1982-01-10
8.78,21.12,0.0,,1982-01-11
7.39,18.95,0.0,,1982-01-12
8.38,24.34,0.0,,1982-01-13
10.92,19.68,0.08,,1982-01-14
12.44,17.14,8.11,,1982-01-15
9.91,15.6,15.56,,1982-01-16
9.83,16.35,1.39,,1982-01-17
13.13,15.66,7.48,,1982-01-18
11.64,13.66,32.75,,1982-01-19
9.59,15.97,12.8,,1982-01-20
9.26,13.96,3.16,,1982-01-21
9.6,13.34,3.07,,1982-01-22
9.85,12.84,7.26,,1982-01-23
8.99,13.21,6.08,,1982-01-24
9.01,12.2,7.7,,1982-01-25
8.6,13.16,7.18,,1982-01-26
8.37,14.15,8.43,,1982-01-27
8.68,12.75,12.17,,1982-01-28
10.87,14.5,1.92,,1982-01-29
11.66,15.94,4.15,,1982-01-30
11.92,15.44,0.69,,1982-01-31
12.24,15.8,1.08,,1982-02-01
9.11,15.91,1.66,,1982-02-02
8.4,14.83,0.57,,1982-02-03
8.66,16.62,0.3,,1982-02-04
8.62,16.72,1.76,,1982-02-05
8.1,16.06,0.15,,1982-02-06
7.45,17.44,0.0,,1982-02-07
7.8,18.28,0.0,,1982-02-08
8.5,16.78,0.37,,1982-02-09
8.61,16.15,0.32,,1982-02-10
8.35,15.26,0.02,,1982-02-11
6.76,17.48,0.05,,1982-02-12
7.79,18.08,0.04,,1982-02-13
9.31,16.61,1.47,,1982-02-14
9.15,18.39,1.11,,1982-02-15
9.73,19.46,0.2,,1982-02-16
9.53,13.77,7.75,,1982-02-17
7.41,16.86,2.54,,1982-02-18
9.2,16.36,2.08,,1982-02-19
8.68,15.68,3.1,,1982-02-20
10.25,14.93,10.18,,1982-02-21
8.88,13.22,4.72,,1982-02-22
8.34,15.07,1.44,,1982-02-23
8.96,11.54,8.78,,1982-02-24
7.92,13.98,0.68,,1982-02-25
7.71,12.83,3.57,,1982-02-26
8.73,13.43,1.1,,1982-02-27
7.48,15.15,0.0,,1982-02-28
6.81,17.33,0.17,,1982-03-01
9.96,19.57,0.16,,1982-03-02
8.9,15.87,0.1,,1982-03-03
7.51,20.05,0.01,,1982-03-04
9.18,13.9,2.54,,1982-03-05
9.07,14.26,8.43,,1982-03-06
7.8,12.97,1.34,,1982-03-07
5.19,16.03,0.57,,1982-03-08
6.61,14.62,0.2,,1982-03-09
7.09,17.07,0.06,,1982-03-10
6.58,17.75,0.0,,1982-03-11
8.43,17.28,0.0,,1982-03-12
5.93,17.53,0.0,,1982-03-13
8.45,15.33,0.01,,1982-03-14
6.5,15.17,0.0,,1982-03-15
4.96,18.78,0.0,,1982-03-16
7.06,21.98,0.07,,1982-03-17
9.48,17.94,4.72,,1982-03-18
8.17,15.75,0.47,,1982-03-19
9.09,19.09,1.07,,1982-03-20
10.6,14.47,9.95,,1982-03-21
10.54,14.45,0.99,,1982-03-22
7.77,14.14,4.1,,1982-03-23
7.59,14.28,2.71,,1982-03-24
6.57,13.28,1.82,,1982-03-25
10.13,17.29,3.74,,1982-03-26
12.8,21.1,0.46,,1982-03-27
12.21,20.42,0.04,,1982-03-28
10.5,27.92,0.08,,1982-03-29
13.37,21.42,2.04,,1982-03-30
11.19,22.28,1.16,,1982-03-31
10.86,18.94,3.43,,1982-04-01
10.61,18.58,1.75,,1982-04-02
9.43,17.53,0.44,,1982-04-03
7.38,23.9,0.02,,1982-04-04
10.51,22.19,0.05,,1982-04-05
11.47,16.82,0.22,,1982-04-06
10.62,20.11,0.0,,1982-04-07
9.93,20.79,0.08,,1982-04-08
9.47,23.91,0.0,,1982-04-09
10.96,23.27,0.0,,1982-04-10
10.07,25.95,0.7,,1982-04-11
11.47,25.95,0.0,,1982-04-12
13.89,22.41,2.62,,1982-04-13
12.07,17.75,3.14,,1982-04-14
10.78,16.49,4.8,,1982-04-15
10.26,18.3,0.04,,1982-04-16
11.39,20.85,2.09,,1982-04-17
12.02,19.55,4.38,,1982-04-18
12.12,19.09,24.88,,1982-04-19
10.46,16.48,18.59,,1982-04-20
9.93,17.4,1.72,,1982-04-21
9.54,18.71,0.01,,1982-04-22
9.58,18.67,0.0,,1982-04-23
8.2,20.59,0.04,,1982-04-24
10.36,16.71,4.72,,1982-04-25
9.05,18.61,0.52,,1982-04-26
9.05,18.02,0.33,,1982-04-27
9.97,17.68,1.42,,1982-04-28
8.23,18.8,0.17,,1982-04-29
11.7,19.58,7.6,,1982-04-30
10.85,18.02,4.19,,1982-05-01
10.73,19.39,0.1,,1982-05-02
10.51,21.6,0.0,,1982-05-03
10.81,27.4,0.0,,1982-05-04
13.45,27.87,0.12,,1982-05-05
14.25,27.98,0.22,,1982-05-06
14.3,20.24,0.02,,1982-05-07
15.54,21.96,0.34,,1982-05-08
14.76,19.35,10.8,,1982-05-09
15.05,21.9,5.93,,1982-05-10
14.01,18.66,0.03,,1982-05-11
14.64,21.76,1.87,,1982-05-12
13.49,22.85,0.0,,1982-05-13
12.29,23.68,0.0,,1982-05-14
13.0,23.81,0.0,,1982-05-15
11.37,25.36,0.0,,1982-05-16
13.36,26.5,0.0,,1982-05-17
14.8,26.28,0.71,,1982-05-18
14.52,24.51,8.07,,1982-05-19
15.13,25.14,0.05,,1982-05-20
14.81,25.13,0.22,,1982-05-21
14.26,25.07,0.1,,1982-05-22
14.61,27.81,0.0,,1982-05-23
16.91,27.05,0.01,,1982-05-24
15.74,25.17,0.0,,1982-05-25
15.08,25.62,0.0,,1982-05-26
14.67,27.67,0.0,,1982-05-27
15.21,28.82,0.0,,1982-05-28
16.35,28.62,0.0,,1982-05-29
17.08,27.83,0.0,,1982-05-30
16.98,29.79,0.02,,1982-05-31
17.13,29.02,1.62,,1982-06-01
18.46,27.27,0.05,,1982-06-02
18.68,29.18,0.0,,1982-06-03
17.11,30.34,0.0,,1982-06-04
16.95,30.93,0.01,,1982-06-05
18.13,28.32,0.06,,1982-06-06
16.86,27.16,0.02,,1982-06-07
17.0,27.55,0.0,,1982-06-08
17.32,30.77,0.05,,1982-06-09
18.16,31.46,4.03,,1982-06-10
19.36,33.36,0.0,,1982-06-11
19.83,34.47,0.3,,1982-06-12
20.66,31.04,0.04,,1982-06-13
18.1,26.79,0.04,,1982-06-14
16.83,28.25,0.0,,1982-06-15
17.73,29.35,0.0,,1982-06-16
18.45,35.61,0.0,,1982-06-17
21.14,38.21,0.0,,1982-06-18
22.0,36.11,0.0,,1982-06-19
23.33,40.14,0.01,,1982-06-20
23.29,35.29,0.03,,1982-06-21
22.12,39.48,0.01,,1982-06-22
24.32,42.14,0.07,,1982-06-23
25.32,43.39,0.0,,1982-06-24
25.2,44.69,0.0,,1982-06-25
23.77,41.99,0.0,,1982-06-26
21.01,30.02,0.01,,1982-06-27
20.13,28.05,0.0,,1982-06-28
18.81,30.83,0.0,,1982-06-29
18.44,33.41,0.0,,1982-06-30
21.33,31.3,0.0,,1982-07-01
19.27,33.04,0.0,,1982-07-02
20.27,35.48,0.0,,1982-07-03
21.48,37.71,0.0,,1982-07-04
21.59,41.2,0.0,,1982-07-05
24.65,39.39,0.0,,1982-07-06
22.99,38.35,0.0,,1982-07-07
25.06,35.18,0.0,,1982-07-08
23.46,35.94,0.0,,1982-07-09
23.56,35.27,0.0,,1982-07-10
22.91,36.52,0.0,,1982-07-11
23.6,35.81,0.0,,1982-07-12
23.86,38.99,0.0,,1982-07-13
26.19,40.53,0.0,,1982-07-14
26.61,42.14,0.14,,1982-07-15
26.56,43.08,0.0,,1982-07-16
24.56,37.93,0.01,,1982-07-17
24.54,34.44,0.22,,1982-07-18
23.62,33.25,0.0,,1982-07-19
23.53,36.47,0.11,,1982-07-20
24.39,39.51,0.0,,1982-07-21
24.82,36.71,0.0,,1982-07-22
22.98,32.7,0.01,,1982-07-23
22.49,32.74,0.0,,1982-07-24
22.28,31.08,0.0,,1982-07-25
22.48,30.55,0.0,,1982-07-26
22.74,31.99,0.0,,1982-07-27
20.96,37.93,0.0,,1982-07-28
24.78,40.85,0.0,,1982-07-29
25.02,40.43,0.0,,1982-07-30
23.9,36.26,0.0,,1982-07-31
23.73,42.62,0.0,,1982-08-01
24.47,41.7,0.03,,1982-08-02
23.14,39.94,0.04,,1982-08-03
23.96,40.42,0.15,,1982-08-04
22.93,32.02,0.0,,1982-08-05
22.65,34.24,0.0,,1982-08-06
23.65,34.52,0.04,,1982-08-07
23.4,29.76,0.11,,1982-08-08
22.35,28.37,5.84,,1982-08-09
21.87,29.78,2.78,,1982-08-10
22.27,31.58,0.14,,1982-08-11
22.59,31.79,0.03,,1982-08-12
21.12,32.69,0.17,,1982-08-13
22.43,34.38,0.06,,1982-08-14
23.0,35.61,0.0,,1982-08-15
23.13,35.97,0.0,,1982-08-16
23.68,36.34,0.01,,1982-08-17
23.3,30.57,0.0,,1982-08-18
21.44,32.43,0.1,,1982-08-19
20.72,36.47,0.0,,1982-08-20
22.7,34.85,0.09,,1982-08-21
22.0,30.15,0.0,,1982-08-22
21.31,33.3,0.0,,1982-08-23
22.01,34.89,0.28,,1982-08-24
21.67,30.28,0.0,,1982-08-25
19.63,34.78,0.01,,1982-08-26
23.01,38.23,0.01,,1982-08-27
22.73,36.87,0.16,,1982-08-28
22.71,32.77,0.6,,1982-08-29
21.95,33.34,0.02,,1982-08-30
23.5,38.69,1.14,,1982-08-31
19.38,30.17,2.14,,1982-09-01
19.28,25.67,0.33,,1982-09-02
19.78,31.49,1.0,,1982-09-03
23.0,35.88,0.16,,1982-09-04
21.77,36.47,0.0,,1982-09-05
23.71,37.28,0.0,,1982-09-06
22.52,31.42,0.17,,1982-09-07
20.57,27.41,0.0,,1982-09-08
18.91,30.06,0.0,,1982-09-09
19.41,32.03,0.06,,1982-09-10
20.98,30.05,0.0,,1982-09-11
20.87,29.97,0.15,,1982-09-12
20.42,28.36,2.98,,1982-09-13
20.29,24.34,2.64,,1982-09-14
20.3,24.2,2.27,,1982-09-15
20.12,27.95,0.41,,1982-09-16
20.85,29.52,1.3,,1982-09-17
21.09,29.5,0.21,,1982-09-18
20.63,32.76,0.07,,1982-09-19
21.29,34.62,0.06,,1982-09-20
22.5,33.43,0.2,,1982-09-21
22.2,28.5,0.39,,1982-09-22
20.31,29.77,1.71,,1982-09-23
17.97,31.88,0.0,,1982-09-24
20.69,34.16,0.0,,1982-09-25
19.94,34.01,0.5,,1982-09-26
20.35,29.19,0.73,,1982-09-27
19.79,31.31,0.43,,1982-09-28
20.99,30.21,0.64,,1982-09-29
20.93,31.94,0.4,,1982-09-30
20.53,28.42,1.04,,1982-10-01
19.35,27.74,0.0,,1982-10-02
18.53,27.42,0.01,,1982-10-03
19.43,26.94,0.52,,1982-10-04
19.29,28.03,0.32,,1982-10-05
19.13,27.49,0.21,,1982-10-06
17.98,22.02,0.11,,1982-10-07
16.35,24.65,0.93,,1982-10-08
16.25,26.25,0.0,,1982-10-09
17.85,27.77,5.84,,1982-10-10
18.14,23.82,6.4,,1982-10-11
17.31,24.23,0.42,,1982-10-12
18.16,27.74,0.0,,1982-10-13
16.94,29.19,0.01,,1982-10-14
17.69,25.26,0.01,,1982-10-15
16.78,22.72,0.0,,1982-10-16
13.99,27.93,0.01,,1982-10-17
16.14,29.46,0.48,,1982-10-18
17.83,26.43,2.41,,1982-10-19
18.66,22.85,0.42,,1982-10-20
19.07,25.28,10.36,,1982-10-21
14.08,25.79,0.14,,1982-10-22
14.83,25.66,0.07,,1982-10-23
15.02,20.92,2.59,,1982-10-24
14.87,20.6,1.96,,1982-10-25
14.53,20.34,2.44,,1982-10-26
14.05,20.33,1.13,,1982-10-27
13.29,20.12,43.11,,1982-10-28
17.65,22.59,10.85,,1982-10-29
15.22,23.75,2.24,,1982-10-30
17.65,20.85,11.94,,1982-10-31
16.01,19.05,5.17,,1982-11-01
15.64,21.23,0.43,,1982-11-02
15.72,21.11,3.18,,1982-11-03
14.33,23.21,1.01,,1982-11-04
13.64,20.96,1.12,,1982-11-05
12.68,21.83,0.03,,1982-11-06
12.51,23.37,0.02,,1982-11-07
15.23,23.75,0.0,,1982-11-08
14.55,25.01,0.89,,1982-11-09
13.86,22.23,11.74,,1982-11-10
16.8,20.35,15.48,,1982-11-11
15.55,19.92,9.5,,1982-11-12
14.23,20.86,2.01,,1982-11-13
13.73,18.46,3.21,,1982-11-14
12.01,16.86,5.38,,1982-11-15
11.44,14.96,23.77,,1982-11-16
13.95,16.13,6.9,,1982-11-17
13.39,17.15,0.38,,1982-11-18
13.56,17.41,1.85,,1982-11-19
13.92,18.38,0.51,,1982-11-20
11.54,17.9,0.29,,1982-11-21
9.81,20.11,0.0,,1982-11-22
9.24,20.38,0.06,,1982-11-23
9.75,20.24,0.0,,1982-11-24
11.19,20.14,0.0,,1982-11-25
9.78,17.56,0.02,,1982-11-26
8.18,16.18,4.12,,1982-11-27
10.8,15.96,6.42,,1982-11-28
11.28,17.01,0.72,,1982-11-29
9.39,14.76,1.55,,1982-11-30
9.36,14.93,5.78,,1982-12-01
9.5,16.58,1.65,,1982-12-02
8.47,16.94,0.21,,1982-12-03
11.86,17.73,0.39,,1982-12-04
11.59,17.35,4.07,,1982-12-05
9.9,15.96,0.89,,1982-12-06
9.07,16.26,0.7,,1982-12-07
6.16,18.6,0.0,,1982-12-08
6.02,16.35,0.02,,1982-12-09
9.3,16.85,2.74,,1982-12-10
12.11,17.2,7.27,,1982-12-11
11.67,16.12,1.16,,1982-12-12
8.65,18.22,0.59,,1982-12-13
10.35,14.05,5.91,,1982-12-14
9.34,15.69,1.06,,1982-12-15
7.9,15.76,0.12,,1982-12-16
9.29,16.92,0.02,,1982-12-17
7.68,14.07,4.92,,1982-12-18
7.5,10.99,11.34,,1982-12-19
6.59,15.06,0.15,,1982-12-20
5.81,17.06,0.01,,1982-12-21
5.07,15.24,2.05,,1982-12-22
6.57,11.44,5.84,,1982-12-23
5.5,8.45,1.96,,1982-12-24
7.73,11.43,2.65,,1982-12-25
8.53,14.34,1.2,,1982-12-26
8.12,13.23,1.14,,1982-12-27
7.87,15.26,0.07,,1982-12-28
9.49,14.75,2.74,,1982-12-29
7.3,14.35,0.02,,1982-12-30
7.45,13.75,0.0,,1982-12-31
3.55,12.92,0.0,,1983-01-01
6.12,13.61,0.29,,1983-01-02
9.29,13.84,0.67,,1983-01-03
9.21,15.38,0.33,,1983-01-04
8.67,16.77,0.0,,1983-01-05
9.45,17.4,0.02,,1983-01-06
8.8,16.27,0.27,,1983-01-07
9.79,15.36,0.38,,1983-01-08
10.07,13.56,6.39,,1983-01-09
10.69,14.95,3.88,,1983-01-10
8.78,15.16,0.13,,1983-01-11
6.07,13.08,0.23,,1983-01-12
3.77,14.8,0.0,,1983-01-13
3.31,15.53,0.25,,1983-01-14
9.86,14.5,2.26,,1983-01-15
12.29,15.44,0.55,,1983-01-16
10.34,15.68,0.01,,1983-01-17
7.01,16.07,0.01,,1983-01-18
5.53,16.96,0.01,,1983-01-19
8.48,12.31,0.23,,1983-01-20
6.78,10.31,4.37,,1983-01-21
6.24,13.61,0.0,,1983-01-22
6.09,15.18,0.0,,1983-01-23
6.12,13.77,0.37,,1983-01-24
8.03,13.79,0.19,,1983-01-25
6.21,14.28,0.0,,1983-01-26
6.06,14.16,0.0,,1983-01-27
9.65,15.0,0.01,,1983-01-28
10.54,15.48,0.0,,1983-01-29
9.24,17.01,0.0,,1983-01-30
10.37,16.69,0.0,,1983-01-31
9.06,16.49,0.01,,1983-02-01
8.38,16.24,0.0,,1983-02-02
6.61,14.57,0.0,,1983-02-03
6.55,13.91,0.11,,1983-02-04
6.15,13.63,0.01,,1983-02-05
2.83,18.1,0.13,,1983-02-06
6.88,13.98,1.62,,1983-02-07
4.57,16.4,0.67,,1983-02-08
8.21,17.64,0.01,,1983-02-09
5.59,14.47,0.7,,1983-02-10
4.54,10.79,1.04,,1983-02-11
1.24,16.52,0.03,,1983-02-12
4.37,16.65,0.16,,1983-02-13
8.19,16.16,0.45,,1983-02-14
7.38,15.37,0.16,,1983-02-15
5.44,14.91,2.89,,1983-02-16
6.88,13.1,0.79,,1983-02-17
6.22,13.21,0.72,,1983-02-18
5.1,12.66,0.0,,1983-02-19
4.76,14.26,0.0,,1983-02-20
3.62,14.69,0.0,,1983-02-21
6.56,14.87,0.0,,1983-02-22
7.36,15.98,0.01,,1983-02-23
8.54,15.19,0.0,,1983-02-24
8.29,15.38,0.07,,1983-02-25
7.47,15.38,0.91,,1983-02-26
9.32,17.21,0.27,,1983-02-27
9.48,15.66,0.05,,1983-02-28
8.97,16.06,0.54,,1983-03-01
9.25,12.53,4.46,,1983-03-02
7.93,13.51,2.13,,1983-03-03
7.23,16.11,0.3,,1983-03-04
7.23,16.17,0.25,,1983-03-05
6.63,16.63,0.23,,1983-03-06
7.54,16.54,0.04,,1983-03-07
6.9,17.01,0.0,,1983-03-08
5.98,20.19,0.01,,1983-03-09
8.32,22.75,0.0,,1983-03-10
9.69,18.21,0.92,,1983-03-11
10.24,16.43,0.22,,1983-03-12
9.75,18.7,0.11,,1983-03-13
7.3,20.59,0.01,,1983-03-14
10.9,24.38,0.86,,1983-03-15
9.48,13.8,7.09,,1983-03-16
8.83,12.95,11.31,,1983-03-17
10.34,15.96,3.26,,1983-03-18
9.43,16.85,0.96,,1983-03-19
8.8,19.51,0.0,,1983-03-20
8.57,21.25,0.0,,1983-03-21
11.4,21.86,1.49,,1983-03-22
10.3,19.68,0.0,,1983-03-23
11.27,23.49,1.59,,1983-03-24
11.16,17.88,7.75,,1983-03-25
10.12,16.06,2.56,,1983-03-26
8.35,16.19,0.04,,1983-03-27
8.14,20.31,5.62,,1983-03-28
8.36,17.88,0.18,,1983-03-29
9.55,16.66,0.13,,1983-03-30
11.43,14.93,0.99,,1983-03-31
8.62,21.17,0.72,,1983-04-01
10.76,19.27,0.31,,1983-04-02
9.73,16.85,1.06,,1983-04-03
6.31,17.95,0.01,,1983-04-04
8.83,19.14,0.04,,1983-04-05
10.72,21.32,0.0,,1983-04-06
9.11,22.22,0.0,,1983-04-07
9.19,24.26,0.0,,1983-04-08
9.66,23.04,0.0,,1983-04-09
10.74,27.88,0.0,,1983-04-10
11.65,31.96,0.0,,1983-04-11
12.06,19.35,0.11,,1983-04-12
10.54,15.99,0.0,,1983-04-13
9.37,16.96,0.0,,1983-04-14
8.17,16.96,0.07,,1983-04-15
8.04,21.35,0.0,,1983-04-16
10.62,25.42,0.0,,1983-04-17
13.51,27.03,0.0,,1983-04-18
13.95,24.84,0.01,,1983-04-19
12.57,25.77,0.0,,1983-04-20
13.49,29.38,0.05,,1983-04-21
11.01,23.88,0.0,,1983-04-22
12.3,27.03,0.01,,1983-04-23
13.53,24.08,0.04,,1983-04-24
12.27,26.05,0.01,,1983-04-25
13.86,25.49,0.0,,1983-04-26
13.97,23.72,0.0,,1983-04-27
13.37,27.19,0.0,,1983-04-28
14.78,28.13,0.08,,1983-04-29
18.57,28.07,0.53,,1983-04-30
14.15,20.47,0.73,,1983-05-01
13.2,23.0,0.0,,1983-05-02
10.87,25.43,0.0,,1983-05-03
13.11,28.74,0.0,,1983-05-04
15.95,19.58,0.94,,1983-05-05
15.27,25.82,0.12,,1983-05-06
12.56,30.77,2.14,,1983-05-07
17.35,26.18,0.32,,1983-05-08
14.13,22.46,0.14,,1983-05-09
12.41,25.15,0.03,,1983-05-10
15.25,23.42,3.03,,1983-05-11
13.71,26.27,0.0,,1983-05-12
14.71,32.32,0.0,,1983-05-13
17.87,33.22,0.0,,1983-05-14
17.74,29.86,0.02,,1983-05-15
15.1,23.2,0.0,,1983-05-16
13.71,26.23,0.0,,1983-05-17
14.83,29.81,0.0,,1983-05-18
16.64,30.11,0.0,,1983-05-19
18.23,34.38,0.0,,1983-05-20
17.46,29.4,0.08,,1983-05-21
13.84,22.11,4.98,,1983-05-22
13.34,21.55,8.53,,1983-05-23
12.71,25.4,0.0,,1983-05-24
13.48,25.42,0.0,,1983-05-25
12.3,23.95,0.0,,1983-05-26
14.52,21.6,0.07,,1983-05-27
14.98,22.06,0.0,,1983-05-28
14.13,27.5,0.0,,1983-05-29
14.42,32.73,0.01,,1983-05-30
16.85,30.07,0.0,,1983-05-31
16.51,31.3,0.02,,1983-06-01
18.85,29.2,0.49,,1983-06-02
16.86,31.06,0.0,,1983-06-03
16.58,31.0,0.0,,1983-06-04
18.47,30.17,0.0,,1983-06-05
17.93,32.82,0.0,,1983-06-06
19.39,32.14,0.0,,1983-06-07
17.21,28.11,0.0,,1983-06-08
16.78,26.93,0.0,,1983-06-09
15.51,31.01,0.0,,1983-06-10
18.29,37.42,0.05,,1983-06-11
20.15,29.89,0.0,,1983-06-12
18.66,30.03,0.13,,1983-06-13
18.55,25.85,1.54,,1983-06-14
18.07,27.29,0.0,,1983-06-15
17.96,25.47,0.0,,1983-06-16
16.41,29.4,0.0,,1983-06-17
18.64,29.68,0.19,,1983-06-18
16.66,26.83,0.0,,1983-06-19
18.06,29.01,3.58,,1983-06-20
17.89,27.44,2.25,,1983-06-21
15.61,27.45,0.0,,1983-06-22
16.93,29.0,0.45,,1983-06-23
19.63,32.26,1.56,,1983-06-24
18.57,33.42,0.0,,1983-06-25
19.31,34.56,1.16,,1983-06-26
20.57,34.2,0.0,,1983-06-27
19.45,26.99,12.7,,1983-06-28
18.13,26.75,0.0,,1983-06-29
16.86,28.88,0.0,,1983-06-30
17.63,31.94,0.04,,1983-07-01
18.71,29.14,0.0,,1983-07-02
16.81,28.85,0.0,,1983-07-03
18.28,32.64,0.01,,1983-07-04
22.05,36.32,0.18,,1983-07-05
23.09,36.86,0.14,,1983-07-06
20.62,33.04,0.1,,1983-07-07
19.97,30.52,0.0,,1983-07-08
19.1,30.56,0.0,,1983-07-09
19.28,31.79,0.0,,1983-07-10
21.04,32.61,0.0,,1983-07-11
21.3,34.98,0.0,,1983-07-12
20.74,33.12,0.0,,1983-07-13
21.93,32.68,0.0,,1983-07-14
21.91,30.34,0.31,,1983-07-15
20.71,30.85,0.01,,1983-07-16
20.67,32.71,0.0,,1983-07-17
20.02,33.88,0.0,,1983-07-18
22.12,33.6,0.0,,1983-07-19
22.45,35.85,0.0,,1983-07-20
23.15,40.21,0.0,,1983-07-21
26.33,42.54,0.0,,1983-07-22
26.47,43.5,0.0,,1983-07-23
26.8,42.55,0.0,,1983-07-24
27.47,43.6,0.0,,1983-07-25
27.25,42.77,0.0,,1983-07-26
25.91,42.22,0.0,,1983-07-27
25.6,42.94,0.0,,1983-07-28
27.28,43.06,0.0,,1983-07-29
25.54,39.67,0.0,,1983-07-30
24.29,38.26,0.0,,1983-07-31
24.43,38.94,0.0,,1983-08-01
25.62,39.87,0.0,,1983-08-02
24.5,33.19,0.0,,1983-08-03
22.65,30.33,0.0,,1983-08-04
21.73,31.88,0.5,,1983-08-05
20.98,31.45,0.0,,1983-08-06
21.92,32.29,0.0,,1983-08-07
23.56,36.16,2.97,,1983-08-08
22.75,35.04,0.0,,1983-08-09
22.53,33.0,0.12,,1983-08-10
21.28,32.61,0.01,,1983-08-11
21.65,32.42,0.02,,1983-08-12
21.88,31.15,0.01,,1983-08-13
21.63,31.38,0.0,,1983-08-14
21.05,30.46,0.0,,1983-08-15
22.04,34.63,0.0,,1983-08-16
22.84,33.18,0.0,,1983-08-17
21.87,30.18,0.0,,1983-08-18
20.46,33.09,0.14,,1983-08-19
21.84,33.8,2.38,,1983-08-20
22.17,31.32,0.01,,1983-08-21
20.89,32.76,0.0,,1983-08-22
22.93,35.12,0.49,,1983-08-23
23.12,33.04,0.49,,1983-08-24
22.6,31.05,0.02,,1983-08-25
21.84,32.59,0.0,,1983-08-26
22.39,34.42,0.26,,1983-08-27
23.1,35.74,0.16,,1983-08-28
23.17,36.06,0.03,,1983-08-29
23.58,33.32,1.44,,1983-08-30
22.34,31.89,0.01,,1983-08-31
20.94,35.4,0.15,,1983-09-01
23.19,31.4,0.34,,1983-09-02
21.69,29.13,0.01,,1983-09-03
21.28,27.61,0.0,,1983-09-04
19.76,28.08,0.0,,1983-09-05
19.63,29.37,0.0,,1983-09-06
19.27,31.12,0.0,,1983-09-07
20.71,30.78,0.0,,1983-09-08
20.23,37.05,0.01,,1983-09-09
22.4,37.23,0.0,,1983-09-10
22.18,38.87,0.15,,1983-09-11
21.22,27.53,0.0,,1983-09-12
20.0,27.94,0.0,,1983-09-13
19.3,31.2,0.0,,1983-09-14
19.85,33.73,0.33,,1983-09-15
21.02,39.86,0.01,,1983-09-16
21.11,30.94,0.37,,1983-09-17
19.14,25.45,0.0,,1983-09-18
17.9,25.98,0.0,,1983-09-19
18.65,28.12,0.01,,1983-09-20
20.76,28.97,0.13,,1983-09-21
18.31,30.91,0.0,,1983-09-22
19.85,31.8,0.0,,1983-09-23
19.2,32.72,0.0,,1983-09-24
19.19,31.78,0.0,,1983-09-25
20.09,27.71,4.3,,1983-09-26
17.41,22.74,8.6,,1983-09-27
17.82,25.37,14.45,,1983-09-28
17.31,29.71,0.1,,1983-09-29
17.29,28.41,2.7,,1983-09-30
18.57,26.31,1.59,,1983-10-01
19.01,25.74,8.47,,1983-10-02
19.12,24.05,6.55,,1983-10-03
18.96,26.62,0.68,,1983-10-04
18.26,27.34,7.54,,1983-10-05
18.66,27.32,3.1,,1983-10-06
18.46,25.62,3.98,,1983-10-07
18.5,24.77,3.75,,1983-10-08
17.77,25.12,1.22,,1983-10-09
18.89,26.53,0.75,,1983-10-10
16.62,28.09,0.0,,1983-10-11
17.11,24.0,0.0,,1983-10-12
15.09,25.67,0.0,,1983-10-13
15.78,29.01,0.21,,1983-10-14
17.24,25.58,0.35,,1983-10-15
15.17,25.98,0.0,,1983-10-16
15.55,24.34,1.02,,1983-10-17
17.02,21.02,4.41,,1983-10-18
16.83,21.09,8.67,,1983-10-19
16.46,22.84,4.3,,1983-10-20
15.45,23.94,0.08,,1983-10-21
15.29,24.79,0.65,,1983-10-22
14.33,23.8,0.05,,1983-10-23
14.73,22.68,0.0,,1983-10-24
15.63,21.78,0.01,,1983-10-25
13.87,21.55,0.0,,1983-10-26
13.12,21.3,0.0,,1983-10-27
12.66,22.72,0.0,,1983-10-28
11.95,24.41,0.0,,1983-10-29
13.64,26.26,0.61,,1983-10-30
14.75,19.43,6.43,,1983-10-31
13.23,20.51,5.56,,1983-11-01
13.67,17.81,4.1,,1983-11-02
13.48,19.07,4.31,,1983-11-03
11.86,23.24,0.03,,1983-11-04
13.96,23.62,0.35,,1983-11-05
15.64,22.84,3.56,,1983-11-06
17.46,21.36,11.42,,1983-11-07
15.54,21.19,3.62,,1983-11-08
14.78,22.03,0.42,,1983-11-09
15.06,21.82,1.5,,1983-11-10
14.2,21.57,1.82,,1983-11-11
12.25,19.51,2.38,,1983-11-12
13.07,19.49,0.45,,1983-11-13
10.32,23.05,0.0,,1983-11-14
12.11,23.36,0.01,,1983-11-15
13.81,22.7,0.01,,1983-11-16
13.95,22.49,0.04,,1983-11-17
15.17,19.06,2.46,,1983-11-18
12.98,18.56,2.52,,1983-11-19
10.94,19.5,0.0,,1983-11-20
11.52,20.83,0.86,,1983-11-21
14.79,20.38,2.11,,1983-11-22
13.92,19.42,1.28,,1983-11-23
13.19,19.61,2.18,,1983-11-24
12.01,19.43,0.13,,1983-11-25
12.57,20.21,1.22,,1983-11-26
12.52,21.34,0.2,,1983-11-27
14.94,18.58,1.45,,1983-11-28
14.21,17.93,0.94,,1983-11-29
12.51,18.47,0.4,,1983-11-30
9.22,17.15,3.17,,1983-12-01
7.4,10.63,2.67,,1983-12-02
6.68,11.49,3.27,,1983-12-03
9.44,13.02,5.22,,1983-12-04
8.44,14.12,0.71,,1983-12-05
7.7,14.47,2.47,,1983-12-06
10.98,16.6,4.19,,1983-12-07
9.88,13.08,0.46,,1983-12-08
9.18,14.19,0.61,,1983-12-09
7.39,17.7,0.1,,1983-12-10
8.9,15.38,0.85,,1983-12-11
9.28,13.83,1.84,,1983-12-12
7.54,15.45,0.4,,1983-12-13
8.79,13.96,1.98,,1983-12-14
8.4,16.08,0.06,,1983-12-15
4.46,16.58,0.01,,1983-12-16
5.68,18.0,0.0,,1983-12-17
7.92,20.03,0.0,,1983-12-18
9.65,21.25,0.64,,1983-12-19
10.48,18.21,0.04,,1983-12-20
6.86,21.98,0.44,,1983-12-21
12.13,16.67,8.28,,1983-12-22
13.72,18.19,2.12,,1983-12-23
11.28,19.3,0.09,,1983-12-24
9.48,20.29,0.0,,1983-12-25
8.43,20.43,0.03,,1983-12-26
12.69,16.9,0.08,,1983-12-27
11.87,16.43,0.03,,1983-12-28
10.7,17.97,0.08,,1983-12-29
8.98,16.33,0.05,,1983-12-30
8.69,16.8,0.61,,1983-12-31
12.26,15.92,1.1,1.2903313678902992,1984-01-01
8.94,17.12,0.01,1.0841777841205615,1984-01-02
7.51,19.0,0.0,1.3165843885413335,1984-01-03
6.64,16.76,2.55,1.5687008998117167,1984-01-04
8.02,13.66,1.75,2.15489231883921,1984-01-05
7.6,12.53,0.13,2.547594776989643,1984-01-06
8.51,13.37,3.6,1.1982416045721793,1984-01-07
9.07,15.71,0.58,1.3787708237389782,1984-01-08
8.53,17.24,1.5,1.7151644205533043,1984-01-09
8.32,10.73,2.08,1.3830795371319071,1984-01-10
7.6,10.92,1.33,2.218514708021555,1984-01-11
7.88,12.38,6.44,2.2017621069811044,1984-01-12
8.01,12.24,6.79,1.6628309531323604,1984-01-13
8.69,15.58,1.45,1.6756987951318654,1984-01-14
5.94,17.42,0.08,1.9133419810399628,1984-01-15
8.23,15.58,0.0,1.9360208764404052,1984-01-16
6.04,17.17,0.0,1.565449670786666,1984-01-17
7.13,16.05,0.01,1.395618759513853,1984-01-18
6.86,17.15,0.0,1.4422208228221851,1984-01-19
7.74,17.77,0.03,1.8277160568152726,1984-01-20
7.85,19.98,0.0,1.5845392634616449,1984-01-21
9.72,16.45,0.9,1.8097638993593412,1984-01-22
9.85,17.43,0.83,1.8062374092100495,1984-01-23
11.14,17.19,2.2,2.7144032877226096,1984-01-24
9.13,14.44,0.28,2.9346875447472094,1984-01-25
6.6,17.0,0.0,2.1095174694825807,1984-01-26
5.7,17.99,0.0,1.7033485762440492,1984-01-27
10.79,17.01,0.02,1.3877381038696373,1984-01-28
9.47,15.96,0.01,1.391901348129592,1984-01-29
9.8,13.08,0.96,0.9233958620472171,1984-01-30
8.71,14.74,1.23,1.3860739426742004,1984-01-31
8.48,14.06,3.16,2.089034958507964,1984-02-01
9.54,17.34,16.9,1.971080651476476,1984-02-02
7.52,14.7,5.22,1.54940546212186,1984-02-03
8.34,15.7,4.2,1.3280313385341342,1984-02-04
9.05,15.93,1.66,1.5162677828472007,1984-02-05
9.9,15.61,0.93,2.2037685539075214,1984-02-06
10.85,15.24,0.08,2.41242785556088,1984-02-07
11.49,17.58,0.22,2.360497952669721,1984-02-08
10.11,14.55,7.07,3.2292538278640515,1984-02-09
7.88,13.55,7.59,2.840601101348787,1984-02-10
7.35,12.12,0.96,2.971346797196235,1984-02-11
6.71,12.11,1.71,1.680899117991749,1984-02-12
4.94,12.28,0.93,1.9190588009010914,1984-02-13
4.27,12.42,0.44,1.6313915173816753,1984-02-14
5.71,9.81,1.77,1.2651100010282734,1984-02-15
6.16,9.74,4.81,1.4038583988234599,1984-02-16
6.11,11.5,0.57,2.1643063171009147,1984-02-17
4.73,12.2,0.28,1.817582014402062,1984-02-18
2.64,15.26,0.0,1.9693065554300981,1984-02-19
5.54,15.89,0.17,1.71825432948292,1984-02-20
8.06,17.48,0.01,2.046658433585255,1984-02-21
8.09,19.32,0.6,2.1828933766137095,1984-02-22
8.72,15.09,1.99,2.171968740723392,1984-02-23
7.06,14.54,0.87,2.0563208912896394,1984-02-24
5.75,17.09,0.56,2.0646711089342564,1984-02-25
5.99,15.83,0.04,2.438931721895811,1984-02-26
4.12,15.83,0.02,2.406425917752356,1984-02-27
9.34,19.97,0.02,2.5609984232506706,1984-02-28
9.88,19.6,0.04,2.085870046439973,1984-02-29
9.25,17.3,0.19,2.59066707138092,1984-03-01
8.69,13.79,3.87,2.306028299249438,1984-03-02
8.61,15.83,1.24,2.9767755758778622,1984-03-03
8.11,13.03,0.69,2.7050287808136253,1984-03-04
7.97,13.14,1.25,2.385263694923743,1984-03-05
8.21,15.56,0.01,3.011779455258209,1984-03-06
7.56,15.29,0.04,2.614158443684976,1984-03-07
6.48,15.53,0.47,2.2376643124032976,1984-03-08
8.58,13.55,4.24,2.3082483510641536,1984-03-09
6.65,12.8,1.8,1.9535647874022295,1984-03-10
5.74,13.43,0.56,2.580305602078426,1984-03-11
7.58,14.02,0.25,2.557909450946141,1984-03-12
4.02,17.11,0.0,2.863087533839055,1984-03-13
7.07,16.3,0.64,2.132560368416602,1984-03-14
9.11,14.69,20.33,1.2511855962142369,1984-03-15
8.44,16.73,5.38,2.522678961231218,1984-03-16
6.53,18.17,0.28,2.770907097681696,1984-03-17
7.83,17.23,0.03,2.5214785628036047,1984-03-18
8.36,18.54,0.01,2.8760124640731206,1984-03-19
9.85,20.84,0.03,3.3459882896710305,1984-03-20
10.6,16.95,2.8,2.4296897002926534,1984-03-21
9.69,17.28,0.04,2.3771878331334015,1984-03-22
8.03,16.71,0.15,2.24653191189014,1984-03-23
8.75,17.88,0.17,2.849766860979873,1984-03-24
7.62,21.7,0.0,3.3775606958162636,1984-03-25
9.77,20.8,0.56,3.068116048474337,1984-03-26
8.93,19.49,0.35,2.865101386184619,1984-03-27
9.94,24.89,0.75,3.6908909141250894,1984-03-28
11.36,19.32,0.5,3.139849898064866,1984-03-29
9.96,19.07,0.06,3.5041665028535705,1984-03-30
10.55,20.06,0.1,3.2313097938764046,1984-03-31
11.44,21.81,3.26,3.624660643250839,1984-04-01
9.56,17.51,2.14,2.8270465940370038,1984-04-02
9.75,16.72,1.14,2.460921091538675,1984-04-03
8.91,18.88,0.34,2.3718754621143954,1984-04-04
10.58,15.56,8.26,1.7803794673355717,1984-04-05
10.27,17.63,3.68,3.3099085037369353,1984-04-06
10.88,17.6,0.04,4.024000565554325,1984-04-07
10.96,18.02,0.0,4.125689936088412,1984-04-08
9.53,19.6,0.0,3.8444693237509684,1984-04-09
10.07,17.62,3.18,2.335461928665509,1984-04-10
11.97,20.53,0.37,3.316590285148011,1984-04-11
10.27,19.29,0.0,4.00692052632947,1984-04-12
10.21,19.43,0.0,3.8563071177957795,1984-04-13
9.64,18.81,0.0,3.4996450609863334,1984-04-14
11.02,20.94,1.13,3.7802467345474313,1984-04-15
12.17,17.61,5.2,1.701722378111343,1984-04-16
12.18,17.87,0.84,5.056508721307025,1984-04-17
12.11,18.07,1.33,3.4226434877564587,1984-04-18
10.59,19.19,0.74,3.661815023858573,1984-04-19
8.98,19.58,0.02,3.842156799306602,1984-04-20
9.89,20.08,0.0,3.8636538819808814,1984-04-21
8.3,22.07,0.0,4.406009192375651,1984-04-22
9.03,23.83,0.0,4.8618903224501775,1984-04-23
10.46,24.74,0.0,5.289636621728843,1984-04-24
10.97,23.59,0.0,4.41511307626027,1984-04-25
10.75,19.71,0.0,4.345841969072617,1984-04-26
8.93,24.66,0.0,4.56799514690807,1984-04-27
10.35,28.63,0.0,5.1078392317484225,1984-04-28
13.84,31.28,0.0,6.749527844959602,1984-04-29
14.55,24.62,0.04,4.83310313789365,1984-04-30
13.1,24.5,0.41,4.064452907130659,1984-05-01
12.65,28.63,0.0,5.842145169666067,1984-05-02
14.43,28.65,0.0,7.322064895814804,1984-05-03
13.34,21.04,0.23,4.252203001760969,1984-05-04
11.13,24.05,0.0,5.197113471438344,1984-05-05
12.42,30.07,0.0,5.690920290144196,1984-05-06
15.6,32.87,0.04,7.9402126234732755,1984-05-07
15.69,29.58,0.01,6.980048585842161,1984-05-08
15.83,25.41,2.09,5.247380454115516,1984-05-09
14.82,20.98,0.9,4.442743567196704,1984-05-10
12.54,21.26,0.02,5.23341682752566,1984-05-11
11.25,24.64,2.37,4.105220206135051,1984-05-12
11.66,22.42,0.07,4.530667062443054,1984-05-13
13.32,23.86,0.28,5.352748344900133,1984-05-14
14.11,22.1,0.06,4.851507691018318,1984-05-15
11.8,25.16,0.1,4.8595577497748685,1984-05-16
13.38,27.38,0.0,5.211206160470578,1984-05-17
13.85,28.16,0.0,6.840774313705622,1984-05-18
14.29,26.21,0.0,5.691043268405433,1984-05-19
15.9,23.04,0.37,5.459809949174316,1984-05-20
12.29,27.69,0.0,6.147498694273608,1984-05-21
13.61,29.2,0.0,5.805699731064241,1984-05-22
13.62,22.57,0.0,5.6113745605783665,1984-05-23
12.22,23.86,0.0,5.58567616620555,1984-05-24
12.3,26.19,0.13,5.657499053873599,1984-05-25
12.98,29.81,0.0,6.577268696308451,1984-05-26
15.42,32.59,0.0,9.5203146356702,1984-05-27
13.96,23.93,0.0,5.436018343467158,1984-05-28
12.61,25.52,0.0,5.228742685901426,1984-05-29
15.26,25.8,0.0,5.562430394781373,1984-05-30
14.86,26.15,0.2,6.085342536913875,1984-05-31
14.74,25.58,0.22,6.051491894710463,1984-06-01
14.81,35.16,0.0,8.154142372338297,1984-06-02
16.62,28.96,0.33,6.274587871059615,1984-06-03
14.38,29.89,0.0,6.23288742142283,1984-06-04
15.36,31.51,0.45,7.170491988548895,1984-06-05
15.9,25.47,5.08,5.157103570710783,1984-06-06
14.41,24.49,0.06,5.772835247324132,1984-06-07
13.67,26.78,0.0,5.661705685547909,1984-06-08
15.3,25.66,0.03,5.796593968021229,1984-06-09
14.42,25.28,0.0,5.204276977146673,1984-06-10
14.7,26.67,0.0,5.784810960330058,1984-06-11
14.76,25.6,0.0,5.540211497257877,1984-06-12
14.52,26.23,0.0,5.108740836245418,1984-06-13
16.6,29.32,0.0,6.259252779190175,1984-06-14
16.01,30.62,0.0,6.566587872986591,1984-06-15
17.08,29.29,0.0,5.965728357147078,1984-06-16
17.88,32.58,0.0,5.9439973343756884,1984-06-17
20.4,35.42,0.0,7.895345512143874,1984-06-18
19.73,34.65,0.0,8.983595063464204,1984-06-19
19.97,35.36,0.0,9.622815428084117,1984-06-20
22.18,37.62,0.0,7.848288786021653,1984-06-21
20.13,30.22,0.0,6.948418752283329,1984-06-22
18.4,30.26,0.0,7.237272286454046,1984-06-23
17.73,29.58,0.0,7.080402987135365,1984-06-24
17.87,28.86,0.0,6.58083310368752,1984-06-25
16.41,29.76,0.0,5.694407275953375,1984-06-26
16.82,31.85,0.0,6.979607711173768,1984-06-27
19.76,35.98,0.0,8.319480980991953,1984-06-28
20.36,33.78,0.0,6.265763654938146,1984-06-29
19.7,32.12,0.0,6.560504972905604,1984-06-30
19.37,35.86,0.0,7.299481713692175,1984-07-01
22.21,41.38,0.0,8.854725769066444,1984-07-02
20.87,31.48,0.0,7.907152930835136,1984-07-03
19.29,30.68,0.0,7.180456030960465,1984-07-04
19.59,28.69,0.0,6.652501276596338,1984-07-05
17.87,31.28,0.0,6.030067464724328,1984-07-06
18.33,34.43,0.0,6.838751199326824,1984-07-07
20.6,32.01,0.0,6.687229589435699,1984-07-08
19.0,33.79,0.0,6.7020371008122135,1984-07-09
21.29,36.85,0.0,9.737830438263057,1984-07-10
20.73,35.75,0.0,9.784336488414116,1984-07-11
20.25,36.08,0.0,9.521915498765505,1984-07-12
21.33,38.15,0.0,8.393724682268955,1984-07-13
21.58,34.79,0.0,7.24197060050946,1984-07-14
20.26,33.48,0.0,7.376353468141255,1984-07-15
20.67,33.14,0.0,7.767405128127907,1984-07-16
20.56,29.24,0.0,8.184294849294686,1984-07-17
19.88,29.88,0.0,6.42507025857247,1984-07-18
18.61,33.12,0.0,5.965336342358109,1984-07-19
20.7,31.99,0.0,6.313833255057611,1984-07-20
20.62,35.12,0.0,6.226832245634302,1984-07-21
21.59,37.64,0.0,8.09823117359837,1984-07-22
22.47,37.5,0.0,6.504626485635973,1984-07-23
23.87,37.81,0.0,6.539644035349834,1984-07-24
25.08,40.5,0.0,8.146771540112711,1984-07-25
23.59,37.72,0.0,9.580318700747114,1984-07-26
21.9,30.87,0.0,8.09423611118308,1984-07-27
21.21,30.24,0.0,7.438177292567022,1984-07-28
19.9,30.49,0.0,6.203206194932759,1984-07-29
20.31,33.29,0.0,7.82228649453336,1984-07-30
21.38,35.03,0.0,9.579435356989338,1984-07-31
21.34,36.35,0.0,8.465536588063754,1984-08-01
20.73,30.0,0.0,6.938568925860107,1984-08-02
19.58,33.36,0.0,6.850788250199966,1984-08-03
20.7,35.83,0.02,7.727258961299036,1984-08-04
22.81,37.59,0.1,8.244416909020641,1984-08-05
23.22,34.48,2.33,6.9816083400901,1984-08-06
21.49,30.05,0.0,7.280444815980035,1984-08-07
19.56,34.16,0.24,6.776154701941442,1984-08-08
20.68,29.14,0.09,7.035244652340721,1984-08-09
19.81,31.75,0.68,5.017674967931621,1984-08-10
23.36,32.51,3.72,6.6457780785095535,1984-08-11
21.89,36.21,0.01,6.579241734346069,1984-08-12
22.08,31.81,0.56,5.731253433304943,1984-08-13
21.06,31.89,0.5,5.506303917803097,1984-08-14
20.43,31.89,0.0,6.355079951628428,1984-08-15
20.11,32.04,0.0,6.045366654893825,1984-08-16
21.23,33.48,0.14,5.72517985129466,1984-08-17
20.91,30.31,0.13,5.6443582876833585,1984-08-18
20.76,29.66,0.0,5.400445656403709,1984-08-19
20.51,31.77,0.0,5.856435215479766,1984-08-20
21.84,33.12,0.0,7.206162600640386,1984-08-21
22.08,34.36,0.01,7.048015619420848,1984-08-22
22.82,36.44,0.01,7.398534117907543,1984-08-23
23.41,32.93,0.17,6.16237072323929,1984-08-24
22.01,31.32,0.0,6.221512697088124,1984-08-25
20.65,31.49,0.0,6.296594718791064,1984-08-26
21.02,28.99,2.18,5.125465791259181,1984-08-27
21.4,28.66,0.66,4.495278660734344,1984-08-28
21.11,28.65,0.12,4.150374615408203,1984-08-29
20.33,29.07,0.0,5.180592696330592,1984-08-30
19.96,29.89,0.0,5.452112496540236,1984-08-31
19.31,30.54,0.03,5.243895509680591,1984-09-01
19.8,30.55,0.07,5.142366461369781,1984-09-02
19.57,30.6,0.0,4.9708368214160314,1984-09-03
19.41,33.51,0.0,6.893425197304347,1984-09-04
20.9,36.84,0.0,8.11878676507087,1984-09-05
20.85,33.29,0.06,5.959919476190079,1984-09-06
20.41,29.63,0.01,5.121291054970308,1984-09-07
21.31,36.93,0.14,5.5174878907672875,1984-09-08
21.41,28.86,0.09,5.967297292463833,1984-09-09
19.91,29.48,0.02,5.419263763429426,1984-09-10
20.38,28.77,0.13,5.118604785100231,1984-09-11
18.0,27.71,0.0,5.442807183904141,1984-09-12
17.82,32.83,0.23,4.8327296192102,1984-09-13
20.92,29.39,0.74,4.1531858511345545,1984-09-14
20.52,30.56,1.08,5.15599832110666,1984-09-15
18.98,27.88,1.28,4.566384179290829,1984-09-16
18.85,27.47,0.02,4.904946559627454,1984-09-17
18.95,28.71,1.53,4.001117006363913,1984-09-18
17.59,23.25,11.93,3.435467953180229,1984-09-19
17.14,23.96,5.97,4.217310629503361,1984-09-20
18.34,28.62,0.02,4.755169415592983,1984-09-21
17.46,28.96,0.0,4.847271694922473,1984-09-22
16.86,32.17,0.0,4.448774670049748,1984-09-23
18.33,30.67,0.59,4.992016973531077,1984-09-24
17.67,24.23,0.05,5.014605173538675,1984-09-25
15.89,24.77,0.0,4.837686033210956,1984-09-26
14.71,28.71,0.0,4.051630016462953,1984-09-27
16.32,30.69,0.04,5.050742426285601,1984-09-28
20.66,30.31,1.2,4.341661841435426,1984-09-29
19.98,23.89,0.58,3.7914981603245335,1984-09-30
18.12,27.93,0.09,4.374908984014067,1984-10-01
16.26,28.38,0.0,4.012362627018512,1984-10-02
18.67,27.5,0.13,3.5395995519845065,1984-10-03
18.34,34.8,0.0,6.836127019009121,1984-10-04
18.57,28.41,0.65,5.32385470839387,1984-10-05
16.82,24.55,0.39,4.926889071751533,1984-10-06
15.45,21.8,0.98,4.1587749427497105,1984-10-07
15.05,21.13,3.2,2.701301776966589,1984-10-08
14.88,20.25,10.86,1.6861285030345448,1984-10-09
16.88,24.32,21.16,2.798050504309564,1984-10-10
13.75,25.64,0.19,3.9798005330095214,1984-10-11
14.95,22.16,2.57,2.79142514910452,1984-10-12
15.72,21.34,5.6,2.340084961151059,1984-10-13
15.51,22.7,4.57,2.1939773559056603,1984-10-14
15.77,24.29,0.96,2.4571954453618363,1984-10-15
14.76,24.12,1.15,2.6856257905777356,1984-10-16
14.83,23.86,0.33,2.6410317302372737,1984-10-17
15.17,24.29,0.11,2.4819004397113034,1984-10-18
15.92,22.47,1.7,2.665258373979452,1984-10-19
14.11,26.69,0.2,3.296100807221188,1984-10-20
16.95,21.17,2.65,1.9745760097231586,1984-10-21
14.89,22.42,0.23,2.6047783468886383,1984-10-22
13.86,22.1,0.09,2.5746116887883836,1984-10-23
14.36,23.18,0.0,2.5506180799046505,1984-10-24
13.74,24.45,0.64,2.602613243869076,1984-10-25
15.07,28.57,0.12,3.6889539827447795,1984-10-26
14.68,26.61,3.57,2.5618770072052897,1984-10-27
15.59,21.77,8.84,1.6861625431353398,1984-10-28
14.76,21.62,2.18,1.9237638733913804,1984-10-29
16.75,22.06,4.34,1.363752280311446,1984-10-30
15.39,21.2,3.66,1.6897870392736178,1984-10-31
14.54,21.91,0.52,2.103084720932254,1984-11-01
14.25,21.71,0.07,2.0459131371069637,1984-11-02
12.58,22.21,0.07,2.025846157229807,1984-11-03
13.21,22.45,0.13,2.1561564101248436,1984-11-04
11.83,26.52,0.0,3.5981321449513013,1984-11-05
14.56,22.97,0.11,3.034311005875667,1984-11-06
12.27,25.02,0.0,2.983399965021037,1984-11-07
13.01,28.69,0.0,4.899686963241256,1984-11-08
14.03,26.72,0.0,4.6382472316038035,1984-11-09
16.78,23.83,0.18,3.132510877492447,1984-11-10
14.62,21.2,3.37,1.7353789562602533,1984-11-11
12.95,22.77,0.01,2.7189424774584117,1984-11-12
11.95,20.29,1.31,2.027618979110467,1984-11-13
12.38,19.96,2.71,1.5311326392906521,1984-11-14
11.45,18.5,2.87,2.3639881299329266,1984-11-15
12.31,19.85,0.04,2.633876057502301,1984-11-16
12.42,22.29,0.41,2.457609471474154,1984-11-17
14.0,22.77,0.83,1.9923829732416554,1984-11-18
14.37,20.26,2.8,2.360422914390421,1984-11-19
13.09,18.44,3.96,2.201650316780055,1984-11-20
12.65,18.15,0.78,2.42990280770683,1984-11-21
13.14,19.31,0.66,1.8840441547103652,1984-11-22
12.69,21.95,0.01,2.2161039057130933,1984-11-23
11.22,23.38,0.0,2.556661565605396,1984-11-24
11.04,23.75,0.0,2.099253768023833,1984-11-25
12.46,20.73,0.0,1.3773274102039552,1984-11-26
11.16,17.84,0.18,2.30478333028906,1984-11-27
12.53,19.04,0.02,1.9803882402596529,1984-11-28
13.64,20.98,0.24,1.7837464721182497,1984-11-29
13.62,19.25,6.73,1.5827782165158364,1984-11-30
10.38,21.5,0.27,1.5959500909539064,1984-12-01
12.17,17.37,6.43,1.2015144743573152,1984-12-02
11.59,14.67,6.88,1.76938041412094,1984-12-03
12.51,16.38,7.43,1.695841350574833,1984-12-04
12.4,16.54,1.7,1.208397678287038,1984-12-05
12.3,18.27,0.74,1.0888660472730765,1984-12-06
11.38,18.32,0.49,1.173409418595498,1984-12-07
10.39,18.24,0.15,1.2142843501671434,1984-12-08
9.55,18.43,0.04,1.1115540672391306,1984-12-09
9.06,17.24,0.1,1.3094447050869786,1984-12-10
10.1,17.88,0.32,1.4884679469027828,1984-12-11
7.45,18.34,0.0,1.4082545563831659,1984-12-12
8.43,17.19,0.0,1.4305650288380753,1984-12-13
9.03,17.52,0.0,1.1198971110957827,1984-12-14
9.56,18.41,0.0,1.4385873360690202,1984-12-15
7.13,18.56,0.0,2.7015679374704207,1984-12-16
8.49,20.09,0.0,2.5203592681081566,1984-12-17
7.2,19.07,0.01,1.4216664509823664,1984-12-18
10.59,15.85,0.46,1.2248944406166722,1984-12-19
8.7,15.27,0.74,2.021046674180818,1984-12-20
8.34,16.04,0.66,1.3010463528335512,1984-12-21
11.03,15.5,9.16,1.150391456050831,1984-12-22
9.79,14.8,7.59,1.348247521631797,1984-12-23
9.23,14.15,0.96,1.6027724940137738,1984-12-24
9.8,12.95,5.64,1.0710590077843907,1984-12-25
7.53,13.46,1.23,1.7903509420306585,1984-12-26
6.36,11.86,1.82,0.9504568942357248,1984-12-27
7.22,11.92,3.37,1.069099499074068,1984-12-28
10.15,12.83,13.58,1.1505045674305479,1984-12-29
11.45,14.27,15.79,1.2949458117740882,1984-12-30
8.78,13.3,18.56,0.8551736761607363,1984-12-31
8.27,14.21,1.76,1.3512128436009978,1985-01-01
8.45,12.39,6.84,1.2118026810913547,1985-01-02
7.11,11.21,1.79,1.429777374644738,1985-01-03
6.82,13.08,0.18,1.7438157832434042,1985-01-04
4.87,16.13,0.07,1.6208452890296154,1985-01-05
5.2,13.47,2.77,1.2521356524186718,1985-01-06
7.17,10.76,9.59,1.1331858034431792,1985-01-07
7.51,11.88,6.97,1.3700430734183429,1985-01-08
5.68,8.01,1.18,1.7294666837514103,1985-01-09
5.12,10.24,1.13,1.7243151007043702,1985-01-10
4.66,11.07,0.54,1.1439137457776634,1985-01-11
3.73,11.35,0.15,1.1857944159317195,1985-01-12
3.69,12.28,0.86,1.2133804196003877,1985-01-13
4.12,12.08,1.21,1.4285015049397667,1985-01-14
5.49,11.82,0.85,1.1305071280057968,1985-01-15
5.04,11.43,0.85,1.0624000745584714,1985-01-16
6.51,11.75,1.3,1.6319392699553017,1985-01-17
3.59,11.6,0.76,1.0138445509934486,1985-01-18
8.46,13.06,1.75,2.093548170016938,1985-01-19
5.51,16.59,0.11,1.6637061409576335,1985-01-20
7.93,20.56,0.01,1.8225093658721294,1985-01-21
7.81,22.03,0.0,2.50789824757831,1985-01-22
7.42,20.58,0.0,2.512944139726505,1985-01-23
10.2,17.46,0.03,2.4395352345184236,1985-01-24
7.83,14.97,0.0,1.2982366258968834,1985-01-25
6.99,17.46,0.29,1.6271776868419923,1985-01-26
10.43,14.25,4.36,1.3900796635548174,1985-01-27
10.15,15.09,0.4,2.154744163658453,1985-01-28
10.27,13.17,6.19,1.3805857698625472,1985-01-29
9.71,14.42,0.12,1.8957402743969838,1985-01-30
9.44,15.69,0.52,1.6447534688066372,1985-01-31
9.54,15.91,0.08,1.9169279795584153,1985-02-01
11.62,17.11,0.07,2.2352386350834,1985-02-02
10.38,18.06,0.0,2.18145788791165,1985-02-03
10.81,16.03,0.08,1.5336465540653157,1985-02-04
9.5,20.16,0.65,2.300300428515254,1985-02-05
7.55,18.67,0.81,1.6074195806373903,1985-02-06
8.54,19.27,0.24,1.8585655562160233,1985-02-07
9.39,19.91,0.86,2.4339656191746535,1985-02-08
10.71,18.82,0.48,2.340229994246838,1985-02-09
10.07,19.78,0.95,2.4300145588741286,1985-02-10
11.78,19.11,7.49,1.9303177019829583,1985-02-11
12.14,16.91,7.96,2.520325326456411,1985-02-12
12.89,15.84,16.43,2.498470749220768,1985-02-13
9.59,18.29,0.01,2.370668455976601,1985-02-14
8.95,20.95,0.0,2.4864511298510044,1985-02-15
9.28,22.21,0.0,2.6108297088934593,1985-02-16
10.66,23.73,0.0,3.29153826898907,1985-02-17
11.21,19.66,0.0,2.2820952337347995,1985-02-18
10.43,17.6,0.04,1.8198877084898109,1985-02-19
8.08,14.05,1.2,1.2992790621672,1985-02-20
7.54,16.1,0.75,1.9671422166792198,1985-02-21
11.42,16.38,9.52,1.2682243577530836,1985-02-22
7.21,12.81,5.51,1.2445979641252936,1985-02-23
5.78,13.93,0.03,2.1988224903508957,1985-02-24
6.17,16.24,0.0,1.8769313929906186,1985-02-25
7.67,17.25,0.0,1.9345637421426738,1985-02-26
6.46,18.67,0.0,2.239309049760569,1985-02-27
7.6,18.93,0.0,2.1202313219969904,1985-02-28
7.55,18.33,0.0,2.101627902501973,1985-03-01
8.41,21.39,0.37,3.304787204328488,1985-03-02
8.43,17.09,0.0,2.7926476525404746,1985-03-03
8.19,19.61,0.01,2.5704837229592625,1985-03-04
7.78,17.91,0.61,2.0441757180636904,1985-03-05
11.69,14.82,2.63,1.1433822326906082,1985-03-06
8.89,15.64,6.02,1.9329979603761185,1985-03-07
6.62,15.95,16.97,1.9666687805908813,1985-03-08
7.71,16.39,1.22,2.040249516964829,1985-03-09
8.23,16.16,2.53,2.0607144716337893,1985-03-10
9.61,15.75,2.6,2.0004752899779787,1985-03-11
8.8,13.58,8.78,1.597325215496659,1985-03-12
6.91,14.47,3.13,1.8826607683612224,1985-03-13
6.89,12.94,2.98,1.437620064711711,1985-03-14
7.29,15.28,0.93,2.488912185099466,1985-03-15
6.78,16.31,0.06,2.6657606996123233,1985-03-16
6.39,17.27,0.44,2.9227821277977233,1985-03-17
7.71,12.42,1.94,2.6327424117849056,1985-03-18
7.49,14.3,0.84,3.424606337209014,1985-03-19
9.26,15.99,3.82,2.2253058836230295,1985-03-20
7.19,16.0,1.51,2.9614785045849548,1985-03-21
9.28,17.75,0.63,2.5826501631784873,1985-03-22
9.95,20.06,0.02,3.3470828721093233,1985-03-23
10.23,20.63,0.07,2.6081622772594577,1985-03-24
11.46,14.1,17.35,0.969749044766731,1985-03-25
9.9,17.67,0.07,2.9839394847800396,1985-03-26
8.11,21.87,0.17,3.46908257035209,1985-03-27
10.74,14.81,7.45,1.3704536972397006,1985-03-28
8.21,16.13,0.03,3.040894106771667,1985-03-29
7.4,16.59,0.01,3.116608228511399,1985-03-30
6.09,20.3,0.0,3.360211894115942,1985-03-31
7.97,19.98,0.0,3.2569141331363305,1985-04-01
8.62,19.53,0.0,2.8869554172807956,1985-04-02
11.26,19.59,0.0,2.8988910598312345,1985-04-03
10.35,20.22,0.0,3.3923777534540505,1985-04-04
10.46,23.68,0.0,4.151908616162465,1985-04-05
12.02,23.01,0.0,3.2092468252393926,1985-04-06
11.89,27.12,0.0,4.240986302586654,1985-04-07
14.17,30.67,0.0,5.040382355575416,1985-04-08
14.59,27.19,0.0,5.589499595728012,1985-04-09
13.18,21.0,0.0,3.881581650265157,1985-04-10
9.66,19.65,0.0,3.3331996055057713,1985-04-11
7.96,21.52,0.0,4.289851849610401,1985-04-12
10.52,18.26,0.0,3.9434603424791597,1985-04-13
10.53,15.7,1.76,1.8788724428698111,1985-04-14
10.87,14.14,4.58,2.352355073610668,1985-04-15
9.81,15.1,15.85,2.3208309866610555,1985-04-16
11.85,17.11,2.63,3.164050874989073,1985-04-17
10.15,16.86,0.5,3.2196818385561223,1985-04-18
9.68,18.1,1.24,2.882814942668085,1985-04-19
9.86,19.52,0.39,3.232764787971664,1985-04-20
10.1,21.25,0.0,3.614443666290257,1985-04-21
12.76,20.11,0.03,2.6481197179390525,1985-04-22
11.92,20.2,0.01,3.482584027541708,1985-04-23
9.21,26.92,0.06,5.431897654490742,1985-04-24
12.36,26.34,0.01,4.916841794311606,1985-04-25
12.2,22.14,0.0,4.19417912368494,1985-04-26
11.41,30.43,0.06,5.471874549354231,1985-04-27
13.48,25.75,7.66,4.256093679030159,1985-04-28
12.07,18.09,0.59,4.9632898813578645,1985-04-29
10.6,21.67,0.0,4.424234737676535,1985-04-30
12.94,27.1,0.0,4.1479859323446,1985-05-01
15.43,31.02,0.0,4.567127179095916,1985-05-02
15.39,24.4,0.7,4.561200361253706,1985-05-03
14.65,24.05,11.13,3.6631269235895685,1985-05-04
13.04,16.06,35.82,1.3281964885285726,1985-05-05
10.73,22.93,13.48,4.45677748339361,1985-05-06
9.63,19.29,1.3,3.416161397097489,1985-05-07
10.37,20.69,0.35,3.593907785802055,1985-05-08
11.2,20.79,0.06,4.242504669505046,1985-05-09
9.49,23.28,0.06,4.20597109265321,1985-05-10
12.28,29.82,0.0,5.751986506460225,1985-05-11
13.22,23.93,1.01,2.109374619548124,1985-05-12
12.61,21.01,1.19,3.8192475450317787,1985-05-13
11.05,21.95,0.0,4.377926728410492,1985-05-14
11.81,22.34,0.02,3.95142385312874,1985-05-15
12.09,22.71,0.0,3.9235081241120318,1985-05-16
13.77,24.64,0.01,4.202665955158696,1985-05-17
14.41,27.29,0.07,5.038574654454746,1985-05-18
14.11,26.89,0.05,5.138250359598638,1985-05-19
15.46,27.21,0.01,5.1934453068865185,1985-05-20
14.86,21.99,0.26,3.9102759243338983,1985-05-21
14.12,25.55,0.01,5.281437915075749,1985-05-22
14.99,31.66,1.35,6.97520882344379,1985-05-23
15.69,22.26,3.36,4.111177735755694,1985-05-24
14.21,24.49,0.9,4.241008467560938,1985-05-25
16.28,25.52,0.02,5.0637408374381465,1985-05-26
15.23,27.82,0.0,5.429639769942422,1985-05-27
17.06,26.14,0.02,4.477196666557887,1985-05-28
17.38,27.8,0.45,3.2146576427432185,1985-05-29
17.61,27.61,0.0,5.10968947482932,1985-05-30
16.54,26.5,0.0,5.362417466689055,1985-05-31
16.5,29.21,0.0,5.829415095759715,1985-06-01
18.26,30.91,0.0,7.100248994246411,1985-06-02
17.84,30.03,0.0,6.999865056638813,1985-06-03
16.95,30.27,0.0,6.625957115837618,1985-06-04
16.64,30.84,0.0,6.892074416499414,1985-06-05
17.53,34.61,0.0,8.048917911996938,1985-06-06
18.42,33.43,0.0,6.712919747588093,1985-06-07
18.83,30.98,0.0,6.39055054209368,1985-06-08
18.11,24.91,0.0,4.561382507398459,1985-06-09
17.13,25.75,0.0,6.215270029120647,1985-06-10
16.34,26.89,0.0,5.84745593193399,1985-06-11
15.85,27.68,0.0,6.0399639726243235,1985-06-12
17.8,34.85,0.02,7.155687464066924,1985-06-13
19.98,38.24,0.0,7.760742957070768,1985-06-14
20.91,31.24,0.02,6.28041032050034,1985-06-15
19.39,34.5,0.0,6.486120295856875,1985-06-16
19.74,27.53,0.01,6.465045876277462,1985-06-17
17.74,28.36,0.0,6.100808219416144,1985-06-18
18.01,36.92,0.0,9.383409094893642,1985-06-19
18.29,26.08,0.01,6.587343463973113,1985-06-20
17.62,26.16,0.0,6.450385626398958,1985-06-21
16.88,34.55,0.0,6.733505154160077,1985-06-22
19.02,27.98,0.0,6.26718524928489,1985-06-23
17.33,28.7,0.0,6.413857240586384,1985-06-24
18.58,29.52,0.0,6.567700609100818,1985-06-25
17.6,33.68,0.0,6.564698579993331,1985-06-26
20.46,31.37,0.72,7.0099455768891135,1985-06-27
19.33,28.8,0.01,7.329781222757413,1985-06-28
17.37,30.22,0.0,6.451179992133696,1985-06-29
18.53,31.78,0.0,6.307720506914634,1985-06-30
19.77,34.05,0.0,7.553591868328363,1985-07-01
21.13,35.59,0.0,8.437176101942866,1985-07-02
21.6,36.32,0.0,8.625843034291991,1985-07-03
21.52,38.44,0.02,9.467315965617932,1985-07-04
21.89,32.14,0.0,7.3737661064812245,1985-07-05
20.67,30.87,0.0,7.278496674841566,1985-07-06
20.73,31.2,0.0,6.577338163203038,1985-07-07
20.19,33.54,0.0,6.316695040260246,1985-07-08
21.35,39.58,0.0,7.562380651895682,1985-07-09
22.5,32.23,0.02,7.901965148615531,1985-07-10
20.46,30.57,0.0,6.674630515244572,1985-07-11
19.96,33.62,0.0,6.436266664128187,1985-07-12
20.03,30.65,0.01,5.987068119295433,1985-07-13
19.88,31.59,0.0,5.985103600181308,1985-07-14
20.83,33.04,0.0,6.366743895508687,1985-07-15
21.72,33.8,0.0,6.516955103578734,1985-07-16
22.05,37.13,0.0,8.786638710534724,1985-07-17
23.15,37.68,0.14,6.823133755221721,1985-07-18
22.67,34.02,0.0,6.720598769269175,1985-07-19
22.0,36.18,0.0,6.307489960723144,1985-07-20
22.25,34.61,0.0,7.778040242436518,1985-07-21
22.09,31.97,0.0,7.674765177573851,1985-07-22
20.45,32.26,0.0,6.10615688310219,1985-07-23
21.25,33.27,0.0,5.772680157363535,1985-07-24
22.09,33.59,0.0,6.240464137422682,1985-07-25
21.85,36.15,0.0,7.075107533672545,1985-07-26
22.75,37.81,0.0,7.467114309853018,1985-07-27
24.13,38.24,0.0,7.656893680147939,1985-07-28
24.38,41.5,0.0,7.480043340942626,1985-07-29
24.37,41.11,0.0,8.487068249155325,1985-07-30
24.87,40.2,0.0,9.261907323197365,1985-07-31
23.65,41.27,0.02,7.497630540219808,1985-08-01
22.96,30.61,0.03,7.431441625773054,1985-08-02
20.89,32.03,0.0,6.994075390947236,1985-08-03
20.88,34.07,0.0,7.075565140312267,1985-08-04
22.4,33.59,0.0,7.427096996859404,1985-08-05
21.52,33.85,0.01,9.108998074253316,1985-08-06
20.51,26.6,0.0,8.249940915691653,1985-08-07
19.04,29.37,0.0,6.760172794176672,1985-08-08
18.57,35.18,0.0,7.169851439825412,1985-08-09
21.82,34.75,0.31,6.238318062328084,1985-08-10
22.19,34.28,0.07,6.95670162723943,1985-08-11
22.61,36.04,0.01,8.443691781588566,1985-08-12
22.86,37.36,0.0,7.165458054345953,1985-08-13
22.06,35.96,0.0,6.033824206275297,1985-08-14
22.33,34.28,0.0,6.231103473824731,1985-08-15
20.92,34.8,0.0,6.658712269669474,1985-08-16
22.63,36.75,0.0,6.549824107292962,1985-08-17
22.49,32.88,0.0,7.220671428330858,1985-08-18
21.86,33.38,0.0,6.524166504207576,1985-08-19
21.09,34.93,0.0,6.40865152809468,1985-08-20
22.04,35.0,0.0,6.6974923362051,1985-08-21
21.61,35.05,0.0,6.477342226842385,1985-08-22
21.95,31.88,0.0,6.0495719584306205,1985-08-23
21.08,37.21,0.0,6.321131612876105,1985-08-24
24.47,39.9,0.0,8.773761866764966,1985-08-25
22.51,29.53,0.0,6.838781065663299,1985-08-26
20.98,26.55,0.0,7.296799278998431,1985-08-27
19.67,27.8,0.0,5.702660622301902,1985-08-28
18.17,29.42,0.0,5.569403471386036,1985-08-29
17.97,29.7,0.0,5.568299727192443,1985-08-30
19.32,30.09,0.0,5.297644390304467,1985-08-31
19.88,33.13,0.0,5.358929246001652,1985-09-01
20.26,34.48,0.0,6.082887664191184,1985-09-02
21.8,37.5,0.0,6.317129264500284,1985-09-03
21.84,33.01,0.0,6.722430161426581,1985-09-04
21.32,29.45,0.0,6.692743067116266,1985-09-05
19.89,30.48,0.0,6.065797021106144,1985-09-06
20.34,29.97,0.0,5.943083653128928,1985-09-07
20.27,29.35,0.0,5.8300364250429055,1985-09-08
19.51,30.34,0.0,5.654604355928154,1985-09-09
20.29,29.61,0.0,5.661916056208836,1985-09-10
22.17,30.6,0.0,5.110870668495319,1985-09-11
20.33,32.46,0.0,5.557645294638834,1985-09-12
21.57,29.13,2.71,4.374415000224347,1985-09-13
19.92,28.7,1.36,4.342406494662037,1985-09-14
20.82,26.29,5.16,2.7090451429985616,1985-09-15
19.25,23.6,5.23,2.9361296764902165,1985-09-16
18.51,23.89,2.03,3.083954782994355,1985-09-17
18.67,26.25,3.0,3.8745175432751378,1985-09-18
19.97,30.39,5.05,4.163612005751194,1985-09-19
19.86,29.52,0.82,4.2427185462884225,1985-09-20
19.1,27.74,0.65,4.142186840943302,1985-09-21
20.11,26.64,5.31,3.9136111621359806,1985-09-22
20.62,28.26,1.17,3.9261553599800454,1985-09-23
18.41,31.03,0.02,4.207099465379313,1985-09-24
21.45,29.95,1.76,3.9177726654895157,1985-09-25
20.96,27.29,2.03,3.2027243417756743,1985-09-26
20.75,30.23,0.02,4.166212752713889,1985-09-27
20.32,29.58,0.0,3.6950426968838803,1985-09-28
18.85,29.42,0.02,3.902117936877944,1985-09-29
18.11,29.2,0.6,3.945315672738854,1985-09-30
18.27,29.87,0.03,3.901972003722423,1985-10-01
17.02,30.54,0.0,4.972205305455651,1985-10-02
17.44,30.31,0.0,4.870851662714474,1985-10-03
17.49,30.28,0.43,4.8112752994223325,1985-10-04
16.99,29.61,1.12,4.162330362139692,1985-10-05
18.76,24.38,4.48,2.7968734421813637,1985-10-06
18.32,24.58,2.13,2.7858963696776016,1985-10-07
17.82,25.09,1.9,2.9774017198286153,1985-10-08
18.38,25.5,2.24,3.534371645923997,1985-10-09
17.28,24.62,0.59,3.30487641594861,1985-10-10
16.82,26.2,0.0,3.530796162238729,1985-10-11
18.42,25.8,0.08,3.108238815088309,1985-10-12
17.42,25.83,0.22,3.1201059448072517,1985-10-13
17.61,25.51,0.29,3.6700685338317856,1985-10-14
17.17,25.5,0.0,3.897452119685653,1985-10-15
16.63,25.25,1.05,3.2047522632681975,1985-10-16
15.34,22.22,0.06,3.5976430387906784,1985-10-17
14.37,23.41,0.0,3.1315383394022485,1985-10-18
14.98,23.21,0.0,2.617272414988616,1985-10-19
13.63,24.2,0.4,2.6675112437610182,1985-10-20
15.36,22.25,0.36,2.5115432586858697,1985-10-21
15.22,23.39,0.17,3.5816579041376424,1985-10-22
16.11,22.93,0.06,3.3173038745833403,1985-10-23
15.64,21.73,0.01,2.4497091597214413,1985-10-24
15.42,24.48,0.03,2.972437990533131,1985-10-25
15.59,25.35,0.49,3.8791539985298273,1985-10-26
16.41,23.53,0.97,3.089335330627008,1985-10-27
14.97,21.03,3.7,1.433693191081616,1985-10-28
15.01,26.03,1.4,2.6450633945327184,1985-10-29
16.87,23.76,0.72,3.0244788784967915,1985-10-30
14.85,25.49,0.92,2.4874908384752614,1985-10-31
14.71,28.27,0.07,3.4939084582672764,1985-11-01
17.1,23.45,0.31,2.7323080328571727,1985-11-02
15.82,22.81,0.6,2.2148178777779344,1985-11-03
16.03,22.71,0.22,2.5710643685916703,1985-11-04
14.14,25.24,0.0,2.7006530682332923,1985-11-05
17.52,23.89,0.41,3.315152943182835,1985-11-06
16.77,22.56,9.02,2.0090675074943607,1985-11-07
14.12,21.98,0.13,2.5534803113345403,1985-11-08
13.95,26.84,0.0,2.6199982238227073,1985-11-09
14.38,30.12,0.0,3.4543497543228483,1985-11-10
15.96,28.79,0.0,3.0457565909739737,1985-11-11
13.41,26.34,0.0,2.8944480032132995,1985-11-12
15.82,23.69,0.27,2.3288790117451033,1985-11-13
14.09,17.42,0.06,1.6115095566781772,1985-11-14
12.71,22.14,0.03,2.234091183834584,1985-11-15
15.55,23.61,0.09,2.316525992963024,1985-11-16
16.19,20.91,1.94,1.5007457113509954,1985-11-17
13.76,20.75,1.38,2.1627185352346583,1985-11-18
10.68,22.62,2.12,2.5093175318165475,1985-11-19
10.68,16.91,1.25,2.4873232324558576,1985-11-20
11.07,16.75,0.85,2.2719109446849592,1985-11-21
9.63,16.75,1.93,1.784545780526763,1985-11-22
10.23,14.26,1.67,1.343528774816677,1985-11-23
11.07,16.01,0.12,2.270925203904423,1985-11-24
9.5,17.59,0.08,1.7133775874426043,1985-11-25
10.28,21.96,0.9,2.9194026284521524,1985-11-26
11.26,19.26,0.91,1.8305041398020303,1985-11-27
12.18,16.38,1.27,1.8233173807201415,1985-11-28
9.33,17.07,0.0,2.136419076164764,1985-11-29
8.3,20.01,0.0,2.2746219991559076,1985-11-30
9.89,18.27,0.0,1.3608665112560612,1985-12-01
11.93,20.36,0.0,1.50422982773277,1985-12-02
11.27,20.67,0.0,1.4358908887267547,1985-12-03
9.35,20.1,0.0,1.7956904839324952,1985-12-04
9.83,22.14,0.0,2.988408248858408,1985-12-05
9.26,19.0,0.0,1.7307519474959794,1985-12-06
11.9,17.73,4.86,1.406695098406362,1985-12-07
10.97,18.84,0.06,1.5380855085416225,1985-12-08
9.45,18.11,0.02,1.740452243655629,1985-12-09
10.5,17.75,2.2,1.5561406101969204,1985-12-10
11.28,16.91,2.58,1.948056111671869,1985-12-11
9.9,16.21,1.02,1.8244329604822551,1985-12-12
9.56,15.43,0.53,1.6927809560165124,1985-12-13
8.74,15.45,0.34,1.3564254967369473,1985-12-14
10.39,15.96,0.28,1.480979418453187,1985-12-15
13.01,17.1,0.18,2.172860595728296,1985-12-16
11.26,19.03,0.03,1.9704844596333877,1985-12-17
10.97,19.42,0.0,2.0091432189862637,1985-12-18
9.67,18.95,0.0,1.6637074204324929,1985-12-19
10.62,16.44,0.0,1.8843807492093971,1985-12-20
9.31,17.22,0.0,1.8935871593856204,1985-12-21
10.06,15.78,0.02,1.2200394701526327,1985-12-22
6.37,17.68,1.06,1.5991656238429166,1985-12-23
9.36,15.09,0.51,1.5208031128674595,1985-12-24
8.46,17.32,0.2,1.2764092757137284,1985-12-25
10.04,19.0,0.04,1.6181782578950978,1985-12-26
10.41,19.07,0.02,1.524160330886169,1985-12-27
8.97,20.49,0.0,2.910387278236733,1985-12-28
9.97,22.12,0.29,2.768593035374706,1985-12-29
8.82,20.14,0.18,2.3704002286081622,1985-12-30
10.2,14.51,0.85,1.2870953462446035,1985-12-31
9.4,14.12,7.59,1.8514268466541561,1986-01-01
10.73,19.36,1.51,2.0353830431822137,1986-01-02
11.09,18.93,0.79,1.667269054403758,1986-01-03
10.64,14.09,5.39,1.0092532529961857,1986-01-04
7.68,14.39,0.19,1.9209193013021046,1986-01-05
6.69,13.79,3.72,2.438171685137168,1986-01-06
9.96,14.11,0.42,2.555375103065049,1986-01-07
6.51,15.85,0.35,1.6914049922741878,1986-01-08
8.96,14.36,3.9,1.8263224322399128,1986-01-09
10.05,14.49,3.87,1.6577060697750854,1986-01-10
10.18,16.57,0.46,2.0772577773383367,1986-01-11
9.55,16.06,1.17,2.040888943103716,1986-01-12
10.18,14.31,2.14,2.315640822035126,1986-01-13
12.31,15.59,2.39,2.5054841727469337,1986-01-14
9.77,17.86,0.06,2.030809153776672,1986-01-15
9.65,15.34,2.11,2.2483821491507525,1986-01-16
8.17,12.78,1.34,2.3106685058853387,1986-01-17
7.86,13.34,0.18,1.6743504737484227,1986-01-18
6.67,15.42,0.01,1.6778070780667689,1986-01-19
4.06,17.4,0.0,2.040175415603795,1986-01-20
8.48,16.44,0.19,1.581702761195129,1986-01-21
6.87,16.56,0.33,1.432494237212031,1986-01-22
8.2,14.9,0.74,1.616367121007752,1986-01-23
8.06,15.88,1.05,1.8909290975490374,1986-01-24
9.04,13.1,0.22,3.2155928890124605,1986-01-25
7.87,11.7,0.24,2.698857674218452,1986-01-26
7.02,12.95,3.22,2.0886930158621944,1986-01-27
4.86,12.71,0.0,1.8454894959922161,1986-01-28
6.74,14.81,0.16,2.2947710500251484,1986-01-29
5.99,18.34,0.24,3.0127190565186135,1986-01-30
5.89,11.05,4.07,1.2720733321420017,1986-01-31
2.97,15.56,0.0,2.4524928727206414,1986-02-01
2.8,15.74,0.01,2.073296443380812,1986-02-02
4.09,17.25,0.0,2.6696736772790923,1986-02-03
6.99,13.5,0.26,1.662394030428881,1986-02-04
5.68,14.71,1.72,1.718890511496444,1986-02-05
7.67,12.31,2.31,1.7465397304359378,1986-02-06
7.14,12.67,1.98,1.8230140798638026,1986-02-07
6.61,14.21,1.3,2.1681819211769633,1986-02-08
6.83,11.7,2.38,2.812856554857839,1986-02-09
6.04,11.53,1.6,2.0157296399445213,1986-02-10
5.67,10.0,3.5,1.8334213818601723,1986-02-11
5.37,12.52,2.12,2.1549159727274616,1986-02-12
7.14,14.05,0.16,2.2917640431363333,1986-02-13
5.38,19.19,0.02,2.3265560224510677,1986-02-14
9.57,17.21,8.15,3.0495018488780365,1986-02-15
10.27,15.77,2.28,1.9545570480129748,1986-02-16
10.65,22.94,0.08,3.0321590331544277,1986-02-17
10.54,16.84,0.55,1.9446616285389826,1986-02-18
8.26,17.98,1.24,2.844816005273093,1986-02-19
8.14,15.92,0.14,2.363786993417544,1986-02-20
9.46,19.2,2.11,2.2372465372512558,1986-02-21
10.45,15.93,0.48,2.6222476322147537,1986-02-22
9.65,19.96,0.01,2.9979852351006624,1986-02-23
9.41,21.58,0.0,3.1033989160251476,1986-02-24
9.99,20.65,0.01,2.878439422473875,1986-02-25
9.66,18.34,0.01,2.5826380353443237,1986-02-26
10.5,18.39,0.01,2.6771714065066865,1986-02-27
12.05,20.64,0.1,3.2240837222261893,1986-02-28
13.41,23.77,0.55,4.990837855870326,1986-03-01
12.04,22.49,0.0,3.7041777947895453,1986-03-02
10.23,21.29,0.03,3.235986595155534,1986-03-03
9.35,20.37,0.0,2.602622903242357,1986-03-04
8.4,20.28,0.0,2.7380904165154654,1986-03-05
11.81,16.07,1.36,1.6238650879881291,1986-03-06
10.93,16.98,11.18,1.79123009441224,1986-03-07
9.03,16.88,0.77,2.6636805908619925,1986-03-08
8.71,13.06,27.69,1.1524788507734522,1986-03-09
7.57,13.93,10.4,1.9002923777693375,1986-03-10
6.58,16.27,2.38,2.265520924943392,1986-03-11
8.14,15.07,12.16,1.9976987452314414,1986-03-12
5.99,20.77,0.01,3.041599240636881,1986-03-13
9.47,15.37,3.61,1.6760466132196978,1986-03-14
9.99,16.02,10.89,1.320841554901559,1986-03-15
9.41,15.88,3.72,1.9840113383628597,1986-03-16
8.51,17.38,0.76,2.288922041889108,1986-03-17
7.8,19.46,0.1,2.5767805132529307,1986-03-18
9.07,17.08,1.88,2.3797490667880092,1986-03-19
9.57,16.69,0.02,2.3487755267152095,1986-03-20
7.75,15.36,2.8,2.050724049652327,1986-03-21
9.33,14.58,0.51,3.450613571361343,1986-03-22
9.82,16.13,0.28,3.2680878583699147,1986-03-23
9.99,21.4,0.03,3.9912242404209493,1986-03-24
10.33,21.87,0.0,3.739562548025838,1986-03-25
10.49,14.35,3.43,1.5191588767788444,1986-03-26
9.69,15.82,8.84,3.0838655986870136,1986-03-27
8.34,18.7,0.0,3.1541244708568787,1986-03-28
7.65,20.68,0.03,3.324173100602876,1986-03-29
10.54,18.16,0.98,3.368064758308104,1986-03-30
8.74,19.45,0.01,3.1658705928324458,1986-03-31
8.13,24.67,0.0,3.9647338107906043,1986-04-01
10.54,27.8,0.0,4.767574073784498,1986-04-02
12.18,22.02,0.0,4.021853507914614,1986-04-03
11.71,19.74,0.01,3.2214772630036945,1986-04-04
10.05,22.42,0.0,4.003188624015267,1986-04-05
11.72,25.2,0.02,5.594710478428991,1986-04-06
11.86,24.86,0.13,3.925858742332257,1986-04-07
11.36,19.36,0.34,3.2815308184682475,1986-04-08
9.1,19.92,0.01,4.223642953878351,1986-04-09
10.46,22.78,0.02,3.7026699520721422,1986-04-10
11.51,25.31,0.41,4.511211027676094,1986-04-11
11.29,20.38,0.31,4.297322761102201,1986-04-12
10.17,15.66,2.51,3.860904444227059,1986-04-13
8.33,20.31,0.01,4.36872018665467,1986-04-14
10.37,24.09,0.05,4.431184802376528,1986-04-15
11.27,22.67,0.0,3.8334314494778567,1986-04-16
12.5,25.26,0.0,4.666791486243136,1986-04-17
12.14,19.77,0.12,3.2612405892074294,1986-04-18
11.28,16.88,4.44,4.271703103953758,1986-04-19
10.36,19.24,0.21,4.556034276968554,1986-04-20
7.81,24.37,0.0,4.52627854532882,1986-04-21
11.25,27.38,0.0,6.447102316726917,1986-04-22
12.42,26.53,0.0,6.251832106596963,1986-04-23
10.98,26.18,0.04,5.275575597280118,1986-04-24
11.23,26.92,0.0,6.071930393571857,1986-04-25
13.64,22.74,0.0,4.388401172799997,1986-04-26
12.48,19.92,0.17,3.9430695538518723,1986-04-27
11.46,20.25,0.98,4.7574973750861185,1986-04-28
11.06,17.87,2.51,2.9374749010423726,1986-04-29
10.97,15.76,6.77,1.5993924471187662,1986-04-30
9.55,21.35,0.73,4.274258253060046,1986-05-01
11.36,27.5,0.35,5.443358863151071,1986-05-02
14.59,28.98,0.47,6.762018068827352,1986-05-03
13.89,19.61,28.84,1.8025971186069938,1986-05-04
12.62,21.58,0.06,4.151054389808113,1986-05-05
11.24,24.89,0.0,4.720330060092474,1986-05-06
13.49,27.6,5.6,5.062640609555372,1986-05-07
15.4,27.32,5.41,4.983886172956462,1986-05-08
14.71,22.96,0.0,5.130222872336593,1986-05-09
13.17,22.53,0.0,4.459125178075285,1986-05-10
12.58,24.4,0.0,4.668476842682751,1986-05-11
12.79,25.66,0.0,5.072816026598286,1986-05-12
12.17,28.39,0.0,6.407612875981182,1986-05-13
15.23,30.34,0.09,5.721410752868303,1986-05-14
15.45,29.32,0.18,5.326666285675454,1986-05-15
17.25,32.97,0.0,6.295443160771019,1986-05-16
17.54,30.69,0.0,6.153295607771822,1986-05-17
16.48,26.86,0.0,5.251691934595152,1986-05-18
15.67,28.29,0.0,5.845188667831386,1986-05-19
16.33,31.71,0.0,7.588590776691972,1986-05-20
17.19,34.52,0.0,7.327707951662388,1986-05-21
18.33,31.97,0.01,6.13821956144334,1986-05-22
18.58,31.12,0.0,5.993922273844564,1986-05-23
18.69,28.2,0.01,6.6245145224312365,1986-05-24
17.37,27.57,0.0,6.1029138779395815,1986-05-25
16.19,29.0,0.0,5.50659284101248,1986-05-26
18.14,30.77,0.01,6.9618491896947265,1986-05-27
19.32,32.37,2.53,5.7165916524734905,1986-05-28
18.32,28.97,0.34,5.59929381311789,1986-05-29
17.05,23.02,0.0,6.108936680646127,1986-05-30
15.58,21.06,0.02,5.21976338334631,1986-05-31
13.9,22.48,0.03,5.085406305240577,1986-06-01
15.45,27.27,0.41,3.882281218876962,1986-06-02
16.68,26.58,7.36,5.161816839965313,1986-06-03
16.8,28.63,0.16,5.711507068118682,1986-06-04
16.39,28.39,0.14,5.557529332928776,1986-06-05
16.78,28.26,1.8,5.7412737729725105,1986-06-06
15.69,23.18,5.75,5.343493407867466,1986-06-07
16.16,22.91,0.0,6.036847282889432,1986-06-08
15.55,24.29,0.0,6.09853241711395,1986-06-09
15.36,26.84,0.02,5.482320453794684,1986-06-10
14.92,27.63,0.0,6.066975876775493,1986-06-11
17.88,27.55,0.0,6.713756909412379,1986-06-12
16.26,25.24,0.07,6.2073460962165345,1986-06-13
16.69,26.07,0.54,5.4002792517553,1986-06-14
16.0,29.68,2.89,5.320801972431429,1986-06-15
18.98,29.72,0.49,5.647685274403752,1986-06-16
18.42,27.36,1.7,5.740133943163929,1986-06-17
16.73,26.55,0.0,5.65683917087756,1986-06-18
16.8,29.4,0.0,5.754156786200447,1986-06-19
18.71,32.78,1.19,6.949456366736678,1986-06-20
21.0,35.22,0.42,6.667138132629912,1986-06-21
19.54,30.33,0.0,6.003537439100336,1986-06-22
19.09,34.89,0.0,6.118328447551947,1986-06-23
20.79,32.71,0.0,6.222638216947384,1986-06-24
20.73,33.3,0.0,6.516881553866784,1986-06-25
20.31,32.43,0.0,6.186372650391744,1986-06-26
19.84,35.14,0.0,6.889892821471541,1986-06-27
21.31,33.21,0.0,6.926440060722423,1986-06-28
20.05,35.65,0.0,8.326358973002943,1986-06-29
21.6,30.35,0.26,5.587599411626245,1986-06-30
20.34,29.43,0.17,6.163945551831902,1986-07-01
19.94,30.02,0.0,6.1507931633772035,1986-07-02
19.33,33.49,0.01,7.34868121358486,1986-07-03
21.84,32.35,0.19,7.366062891804694,1986-07-04
21.46,32.08,6.56,6.1390884257593274,1986-07-05
21.43,35.29,0.02,6.986892102764684,1986-07-06
21.76,31.1,0.0,7.556582316489021,1986-07-07
20.68,29.34,0.0,7.871057494109901,1986-07-08
19.37,31.75,0.0,7.213957083266435,1986-07-09
20.19,29.26,0.0,7.143261683269645,1986-07-10
19.31,31.47,0.0,6.324492702001168,1986-07-11
19.06,30.6,0.0,5.9681692975236595,1986-07-12
19.42,36.99,0.53,6.999145653683575,1986-07-13
21.79,29.09,1.1,4.940244681998828,1986-07-14
20.99,28.55,0.01,6.872539523240763,1986-07-15
19.68,29.38,0.0,6.371543834766016,1986-07-16
19.1,30.95,0.0,6.053951918861963,1986-07-17
19.21,31.51,0.0,6.366884342263905,1986-07-18
20.59,29.31,0.37,4.722486809942362,1986-07-19
20.59,25.64,16.2,5.6155726040904375,1986-07-20
20.1,27.11,8.2,5.680579497433275,1986-07-21
18.41,29.4,0.0,6.1127760123520325,1986-07-22
18.4,34.77,0.0,6.82044158076305,1986-07-23
21.31,40.85,0.0,8.687512757254119,1986-07-24
21.9,35.71,0.0,6.685882729824995,1986-07-25
22.36,40.9,0.2,8.000307062061765,1986-07-26
21.83,33.68,0.05,5.898191686304991,1986-07-27
22.49,36.97,0.04,7.784302110988679,1986-07-28
21.06,32.03,0.0,5.920534553493504,1986-07-29
21.35,32.92,0.0,5.855524887470107,1986-07-30
21.01,35.47,0.0,7.067622819817716,1986-07-31
21.37,38.89,0.21,9.009099595283212,1986-08-01
24.33,38.3,0.01,6.700924742540594,1986-08-02
24.64,38.99,0.05,9.691735682332636,1986-08-03
23.82,36.06,0.04,8.031440221040445,1986-08-04
22.77,33.03,1.29,6.836030927414156,1986-08-05
22.54,32.38,0.01,7.290078753411194,1986-08-06
22.63,31.5,0.2,7.278662137885554,1986-08-07
21.13,33.04,0.0,6.628757948151996,1986-08-08
21.34,35.5,0.0,6.550767309018306,1986-08-09
22.81,36.5,0.0,7.204149636262493,1986-08-10
24.55,38.66,0.08,6.930980734769684,1986-08-11
24.29,37.02,0.0,6.763170340514614,1986-08-12
23.6,36.3,0.0,6.2440437919454554,1986-08-13
24.73,36.99,0.0,6.471128962684096,1986-08-14
22.78,34.44,0.0,6.469459739146756,1986-08-15
23.29,33.93,0.0,6.208761331964994,1986-08-16
21.75,35.96,0.0,6.8750652809670445,1986-08-17
22.53,38.6,0.0,9.580542368823977,1986-08-18
24.16,38.26,0.0,7.487903103747548,1986-08-19
23.09,34.41,0.0,7.037383928085989,1986-08-20
22.35,31.18,0.0,6.533083555846087,1986-08-21
22.28,33.87,0.0,6.358395620019038,1986-08-22
21.44,40.51,0.0,6.073375155267138,1986-08-23
23.67,33.36,0.0,6.676766909815418,1986-08-24
22.42,30.01,0.0,6.692600650563681,1986-08-25
21.84,35.6,0.0,6.159324358881805,1986-08-26
23.12,35.67,0.0,5.884037369295109,1986-08-27
23.86,39.83,0.0,5.705982740204373,1986-08-28
23.06,30.68,0.21,5.548069861404042,1986-08-29
22.3,29.79,0.0,5.9369364386900125,1986-08-30
21.75,34.09,0.27,5.717377730234759,1986-08-31
22.77,30.53,0.06,5.191986110047482,1986-09-01
20.51,27.0,0.0,6.124675361504978,1986-09-02
19.72,30.1,0.0,5.229510537237914,1986-09-03
20.92,29.59,0.0,5.478825724892928,1986-09-04
20.22,29.02,0.0,5.515226568759594,1986-09-05
20.45,29.29,0.0,5.006689773574082,1986-09-06
19.79,30.64,0.0,4.959498064325513,1986-09-07
19.86,32.88,1.28,5.101742700949437,1986-09-08
22.53,30.67,0.94,4.237812253327352,1986-09-09
21.55,28.04,1.74,4.187322331952863,1986-09-10
19.78,28.18,0.0,5.724888857378809,1986-09-11
19.56,33.42,0.0,5.940372489409046,1986-09-12
21.59,29.46,2.75,4.232635805994367,1986-09-13
20.7,31.94,0.02,4.577984782239891,1986-09-14
21.91,34.33,0.65,6.577919166046542,1986-09-15
23.63,35.25,0.87,7.5078289962887474,1986-09-16
23.23,35.61,0.34,7.408053216820889,1986-09-17
22.65,35.69,0.01,6.222950664418484,1986-09-18
22.05,35.26,0.0,5.73144221544527,1986-09-19
23.35,36.0,0.02,5.60982557959931,1986-09-20
22.75,29.0,0.9,5.556191366061828,1986-09-21
19.11,26.38,0.0,4.577146510019251,1986-09-22
18.6,28.86,0.0,4.733982075099611,1986-09-23
18.18,32.87,0.0,5.570770113747604,1986-09-24
21.46,29.47,0.37,4.05111140548117,1986-09-25
20.47,27.33,0.15,3.7225233309843437,1986-09-26
19.68,26.14,0.9,3.0130777506522226,1986-09-27
18.77,26.54,3.81,2.9586333825969957,1986-09-28
18.97,26.47,12.38,2.5779227060026315,1986-09-29
21.19,26.72,9.9,3.1399758240645186,1986-09-30
21.37,28.28,6.15,3.8945557243867603,1986-10-01
21.28,27.52,3.94,3.9996357274568464,1986-10-02
19.74,30.0,0.53,4.504412493238512,1986-10-03
20.14,30.64,0.31,4.275377023527527,1986-10-04
20.68,31.35,4.31,4.585929503619042,1986-10-05
20.72,26.99,1.42,2.136412112241051,1986-10-06
19.54,26.0,2.07,2.9677885947614175,1986-10-07
19.61,25.12,6.82,2.8583662182774123,1986-10-08
19.73,25.92,4.89,2.7327737140945687,1986-10-09
19.02,26.57,2.42,3.0465042181679713,1986-10-10
18.29,27.22,1.37,4.127082895555512,1986-10-11
19.53,27.26,3.12,3.7941501254375947,1986-10-12
19.32,27.17,2.35,3.895406994485854,1986-10-13
18.81,26.54,1.74,3.145223390054956,1986-10-14
19.44,27.06,2.9,3.601217105054592,1986-10-15
17.23,27.09,2.26,3.0896129259001244,1986-10-16
17.72,25.64,0.69,2.8211994583396867,1986-10-17
16.67,25.82,10.72,2.4578384723668774,1986-10-18
17.9,23.71,15.87,2.3441512750732625,1986-10-19
17.59,24.52,0.57,3.1557644778108425,1986-10-20
17.21,24.78,0.09,3.215938258950746,1986-10-21
16.74,25.99,0.08,3.2692425194380426,1986-10-22
14.73,28.94,0.45,3.655638947402545,1986-10-23
14.65,21.97,1.08,3.352230385571023,1986-10-24
13.42,19.6,0.23,1.8424704969025294,1986-10-25
16.15,21.69,1.76,3.9818996113508898,1986-10-26
14.62,19.13,4.76,3.663982662150484,1986-10-27
13.76,17.86,7.6,2.361784479168149,1986-10-28
15.84,20.63,2.73,2.9765168995526867,1986-10-29
16.44,21.1,1.55,3.3095526794073598,1986-10-30
15.28,20.97,0.56,2.7277343675909433,1986-10-31
13.89,21.96,0.16,2.5659109060986816,1986-11-01
11.89,23.37,1.23,2.537638777855489,1986-11-02
13.89,18.24,7.13,3.216204290609281,1986-11-03
14.11,18.82,0.47,3.160936893471912,1986-11-04
13.14,18.69,0.16,2.921067512006068,1986-11-05
12.02,18.96,0.47,2.3649244799703153,1986-11-06
12.75,20.27,0.15,2.4094508370496883,1986-11-07
12.86,20.22,0.19,1.9768706840736912,1986-11-08
10.78,21.29,0.0,1.9220583219722196,1986-11-09
11.36,22.02,0.0,2.66927434880173,1986-11-10
13.01,21.95,0.33,2.022856371788344,1986-11-11
13.24,20.34,2.12,1.806117342624464,1986-11-12
13.15,20.03,5.29,1.4333666868311385,1986-11-13
12.3,20.49,0.01,1.9551870279996193,1986-11-14
12.69,21.99,0.09,2.366602877277449,1986-11-15
14.8,20.01,0.02,1.6710303127120225,1986-11-16
15.82,20.09,2.08,1.846509667029116,1986-11-17
13.98,16.99,14.45,0.9337394691064314,1986-11-18
13.34,18.37,7.42,1.3317164484283361,1986-11-19
12.23,18.87,1.86,1.4534567392490823,1986-11-20
12.01,18.21,0.33,1.6693689803766323,1986-11-21
12.17,15.54,1.18,0.9546306927795584,1986-11-22
11.77,19.69,9.92,1.9204270908504093,1986-11-23
11.22,14.26,11.12,1.6319244488127707,1986-11-24
11.77,18.22,2.18,1.358275842986626,1986-11-25
14.37,19.06,3.14,1.5547774351904033,1986-11-26
11.73,18.51,0.27,1.6446536358768125,1986-11-27
10.31,17.66,0.06,1.8986972609114052,1986-11-28
9.44,17.44,0.42,1.2988487132890805,1986-11-29
10.66,16.93,1.29,1.3234922286617674,1986-11-30
9.89,18.08,0.03,1.2290417785503542,1986-12-01
11.48,16.69,0.89,1.3654228369819894,1986-12-02
11.6,17.55,1.14,1.3074979981020325,1986-12-03
11.81,17.4,1.45,1.275610611686298,1986-12-04
11.55,16.11,1.06,1.044758316449195,1986-12-05
10.5,16.49,0.28,1.336909082643329,1986-12-06
8.54,16.89,0.04,1.1755921163729233,1986-12-07
7.99,17.04,0.0,1.6025235991519415,1986-12-08
7.85,16.58,0.0,1.7206064263373753,1986-12-09
10.93,16.51,0.18,1.478465371862466,1986-12-10
10.74,16.43,1.41,1.2335827312079157,1986-12-11
9.83,16.43,1.48,1.3566298658669989,1986-12-12
9.11,16.51,1.05,1.2667639456775488,1986-12-13
6.97,17.93,0.95,1.3884028179582852,1986-12-14
9.68,16.02,8.01,1.9930154377587368,1986-12-15
7.62,15.52,0.44,1.416518336565382,1986-12-16
11.78,15.71,3.25,2.6264344015447727,1986-12-17
10.86,15.88,0.1,2.288626262463208,1986-12-18
9.14,18.61,0.23,2.383155522528176,1986-12-19
11.16,15.63,0.02,2.726088437957484,1986-12-20
10.17,15.41,2.18,1.3141890366202778,1986-12-21
8.68,13.33,3.24,1.6044297087911614,1986-12-22
6.49,11.69,1.41,1.2694431326287083,1986-12-23
6.48,10.51,2.72,1.2075146252148508,1986-12-24
5.82,9.73,4.11,1.913170271126201,1986-12-25
5.35,12.32,5.32,1.2094688506478974,1986-12-26
10.25,15.71,7.6,2.6192637925578808,1986-12-27
7.82,13.75,1.0,1.952464295248555,1986-12-28
9.67,14.58,1.18,1.7317899936481436,1986-12-29
6.46,15.25,0.4,1.4519070051926315,1986-12-30
9.29,15.53,0.61,1.5458184289800858,1986-12-31
8.2,16.42,0.0,1.45009764308873,1987-01-01
8.56,17.81,0.27,1.6022140539292151,1987-01-02
9.91,14.22,2.05,1.4379764921207698,1987-01-03
8.85,13.42,1.21,1.653170268701309,1987-01-04
7.34,14.27,0.36,1.6964825034006557,1987-01-05
5.31,15.16,0.0,1.6923315222782755,1987-01-06
9.98,16.31,1.85,2.0442040056223885,1987-01-07
8.21,11.71,0.71,2.2914504978396475,1987-01-08
5.45,12.3,0.02,1.56491481894385,1987-01-09
3.12,16.28,2.76,2.863230886127234,1987-01-10
8.76,14.12,3.44,2.781590624139795,1987-01-11
7.16,14.46,1.04,2.0374143064350143,1987-01-12
7.51,19.72,0.0,2.729047652560031,1987-01-13
6.79,19.93,0.97,4.2482794229225425,1987-01-14
3.47,8.79,1.89,1.523752510880902,1987-01-15
4.02,7.66,1.01,0.9053740574302119,1987-01-16
5.59,10.0,7.28,0.7567078896403497,1987-01-17
8.55,10.79,7.57,1.0530781252130412,1987-01-18
8.76,12.3,2.22,1.120565187957543,1987-01-19
8.76,13.51,1.0,1.474371055792905,1987-01-20
5.04,15.03,0.01,1.5094512337416652,1987-01-21
5.89,15.3,0.02,1.4694095135652052,1987-01-22
7.95,16.19,0.04,1.485570979347373,1987-01-23
7.57,15.93,0.09,1.2013400262532261,1987-01-24
7.26,15.42,0.05,1.364181436737869,1987-01-25
5.56,16.8,0.0,1.7854067992585985,1987-01-26
7.83,20.55,0.0,2.0861790274637695,1987-01-27
10.62,22.71,0.0,2.298427004674079,1987-01-28
11.27,19.72,0.01,2.0151303527079607,1987-01-29
9.76,18.59,0.04,1.5500854484255324,1987-01-30
11.02,15.04,5.95,1.1091925069268906,1987-01-31
9.88,14.37,3.11,1.7487650256424077,1987-02-01
8.11,17.52,0.07,1.8577150566628915,1987-02-02
6.74,19.42,0.0,2.316466624042578,1987-02-03
8.06,19.37,0.0,2.6320030547943287,1987-02-04
10.97,16.15,5.71,1.1017881433432264,1987-02-05
10.36,15.54,3.35,1.548719823139922,1987-02-06
10.6,15.35,0.4,2.3811452012960244,1987-02-07
10.65,15.58,2.48,1.495590879587461,1987-02-08
8.66,17.35,0.49,1.7838407741320026,1987-02-09
5.62,18.6,0.0,2.093714311102966,1987-02-10
7.33,17.64,0.01,2.2044728240001836,1987-02-11
9.57,18.01,0.58,2.6154495354697476,1987-02-12
8.88,15.12,10.26,1.7157237288907823,1987-02-13
11.29,15.52,1.9,2.9708938321425435,1987-02-14
9.85,15.73,0.7,1.9913164400699666,1987-02-15
9.14,13.43,1.46,2.2381587760633264,1987-02-16
8.8,12.99,0.4,1.5904109655754566,1987-02-17
7.24,15.04,1.26,1.7078661522306824,1987-02-18
7.4,14.59,6.57,1.186900398182942,1987-02-19
5.47,12.9,0.6,2.5536615586759166,1987-02-20
3.78,16.81,0.26,2.4844815464765384,1987-02-21
6.28,11.92,2.23,1.676868729513174,1987-02-22
7.95,10.93,3.17,1.815208729135573,1987-02-23
7.74,13.66,0.16,2.2234119871325717,1987-02-24
5.91,17.68,0.1,2.46096737076947,1987-02-25
8.73,13.74,12.6,1.0250511979041559,1987-02-26
7.57,14.39,0.4,1.5936338241822086,1987-02-27
8.74,17.55,0.34,2.390697655498019,1987-02-28
10.87,17.58,0.37,2.319684217181377,1987-03-01
10.39,19.15,0.09,2.3137965151161186,1987-03-02
10.78,16.76,0.12,3.2518342488117815,1987-03-03
10.94,14.21,0.22,2.8360058618633586,1987-03-04
8.59,16.37,0.25,2.5060654628349464,1987-03-05
6.31,13.8,0.08,2.1867266646659336,1987-03-06
6.37,13.87,1.35,2.054216010209842,1987-03-07
7.72,9.47,5.25,0.9403162569164416,1987-03-08
6.87,10.45,11.15,1.2872688526885971,1987-03-09
5.85,13.88,3.04,1.8868189410162908,1987-03-10
5.79,14.38,0.0,2.475712456332787,1987-03-11
5.92,12.37,0.61,1.6796431436155055,1987-03-12
8.43,15.04,2.35,2.1775318185851043,1987-03-13
8.81,15.04,1.8,2.1497989888179094,1987-03-14
6.54,13.4,0.26,2.0971660951463975,1987-03-15
5.43,14.9,0.04,2.7219433353189557,1987-03-16
7.5,14.95,0.08,2.4428527292005446,1987-03-17
6.82,16.87,0.04,2.7696877754103397,1987-03-18
6.8,19.09,0.14,2.738255419326595,1987-03-19
8.96,15.88,0.8,2.13922509818692,1987-03-20
8.73,15.33,0.34,1.7730795614687056,1987-03-21
10.12,15.88,2.55,2.813861735616732,1987-03-22
9.67,15.38,5.18,3.1885653967737273,1987-03-23
8.92,17.23,0.07,3.3023825025027276,1987-03-24
6.02,22.78,0.0,3.5009610801727336,1987-03-25
9.95,24.17,0.0,3.43265550347052,1987-03-26
11.12,20.98,0.09,3.049505625584175,1987-03-27
9.27,24.84,0.0,3.867928502165328,1987-03-28
10.37,16.55,0.4,2.668198787550334,1987-03-29
8.36,12.48,5.34,2.513150960270081,1987-03-30
8.86,12.22,6.25,2.63010454834229,1987-03-31
7.73,12.64,7.2,2.416462359980543,1987-04-01
6.79,17.46,0.53,3.191671570166958,1987-04-02
7.76,23.5,0.0,5.7252633571612135,1987-04-03
10.95,21.68,0.0,4.037179258056508,1987-04-04
11.27,21.84,0.0,3.342346216975138,1987-04-05
10.7,22.23,0.0,3.4461099060999962,1987-04-06
13.62,27.3,0.01,4.316743963797573,1987-04-07
15.93,26.91,0.01,3.9523629204486492,1987-04-08
14.67,23.51,0.18,3.040861708832889,1987-04-09
11.77,19.94,0.1,2.5346456308755774,1987-04-10
11.33,18.21,0.26,3.977980287917159,1987-04-11
11.45,20.33,0.22,4.198213493797226,1987-04-12
11.44,17.16,6.27,3.8808328352917076,1987-04-13
11.2,15.62,10.06,2.2921958406721448,1987-04-14
10.18,17.72,3.9,3.0115018133623335,1987-04-15
8.97,18.38,0.2,3.2625925906916513,1987-04-16
8.55,18.42,0.0,3.4609310826009576,1987-04-17
7.63,21.74,0.0,3.851422026155723,1987-04-18
9.22,24.94,0.0,4.406207943124301,1987-04-19
11.11,26.26,0.0,4.42836048028555,1987-04-20
13.3,24.87,0.0,4.656937960322819,1987-04-21
11.94,20.98,0.0,3.6822218150914567,1987-04-22
11.23,21.36,0.0,3.98756122636517,1987-04-23
10.21,23.52,0.0,4.318449681007698,1987-04-24
13.11,24.26,0.01,4.316396563337337,1987-04-25
12.68,22.83,0.0,3.9047105755450398,1987-04-26
10.93,24.51,0.0,4.191112147896681,1987-04-27
13.45,21.41,0.0,4.326910843635815,1987-04-28
11.63,22.42,0.0,5.147142523357016,1987-04-29
10.57,22.26,0.0,3.7502556090176107,1987-04-30
12.41,24.97,0.0,4.046076197524943,1987-05-01
13.45,23.42,0.0,4.165258943037373,1987-05-02
12.96,25.59,0.0,4.001698346359161,1987-05-03
10.41,19.88,0.01,3.3611011173173435,1987-05-04
8.99,18.43,0.18,3.5259549358774196,1987-05-05
10.32,16.16,6.94,3.3738571425960586,1987-05-06
11.48,18.07,3.84,3.191087022160698,1987-05-07
10.28,21.59,0.0,4.079479171379759,1987-05-08
9.91,23.44,0.0,4.532944213868328,1987-05-09
10.7,26.41,0.0,6.1256301643861075,1987-05-10
14.6,25.3,0.43,4.935146014803033,1987-05-11
13.88,22.44,0.0,4.87120881825518,1987-05-12
11.87,28.11,0.04,5.404617088377698,1987-05-13
13.43,20.13,16.83,2.218689810589454,1987-05-14
11.41,18.95,0.15,4.431993543066269,1987-05-15
10.68,27.47,0.0,5.630495538633897,1987-05-16
14.46,25.87,0.05,6.263297107528126,1987-05-17
13.5,22.83,0.01,3.193932144372372,1987-05-18
12.48,24.34,0.28,3.7025079797477685,1987-05-19
14.42,22.75,0.01,4.820878260056112,1987-05-20
13.72,21.37,0.0,5.335646942147634,1987-05-21
12.14,25.77,0.01,4.832187184630857,1987-05-22
15.15,27.4,1.68,5.308959952252292,1987-05-23
15.8,23.33,0.13,3.623748548463221,1987-05-24
14.12,23.94,0.0,4.694985536479766,1987-05-25
14.22,23.1,0.0,3.364011843391264,1987-05-26
14.89,28.48,6.69,5.09101382836445,1987-05-27
15.15,19.57,2.43,1.6916873715644742,1987-05-28
14.05,21.63,1.83,4.381674940748258,1987-05-29
15.32,22.26,4.41,5.087661047477041,1987-05-30
14.8,24.13,0.03,5.449486584579063,1987-05-31
13.82,25.75,0.0,5.8498957818472626,1987-06-01
13.76,25.14,0.0,5.08147704951173,1987-06-02
14.02,30.36,0.0,5.925875423507791,1987-06-03
16.75,34.76,0.0,7.2361072510064295,1987-06-04
17.67,27.28,0.0,6.486480913703385,1987-06-05
15.95,30.02,0.0,6.1284395785024115,1987-06-06
18.54,35.22,0.0,8.569149093225764,1987-06-07
20.85,36.71,0.06,7.3895566072616505,1987-06-08
18.58,26.52,0.0,4.803159359375322,1987-06-09
17.15,31.58,0.0,5.784081856401898,1987-06-10
18.98,36.12,0.15,7.838468113706921,1987-06-11
22.07,34.92,0.0,7.840241200676317,1987-06-12
20.13,42.09,0.0,8.644438556823749,1987-06-13
20.79,37.21,0.07,6.674370417619547,1987-06-14
20.02,29.13,0.1,7.0698301400114145,1987-06-15
18.21,25.66,0.0,6.62724895090082,1987-06-16
17.17,24.36,0.01,6.392070189312815,1987-06-17
16.12,24.92,0.0,5.170420211472199,1987-06-18
17.08,28.4,0.0,4.479527841742638,1987-06-19
19.17,30.42,0.01,6.9122121872537265,1987-06-20
17.55,25.54,0.0,6.8311354920213665,1987-06-21
16.18,26.8,0.0,6.23311133994,1987-06-22
16.14,26.89,0.0,5.753982189757064,1987-06-23
16.38,28.31,0.01,4.929856505039517,1987-06-24
16.72,31.62,0.0,5.672407212086216,1987-06-25
19.98,30.15,0.05,6.780834948534144,1987-06-26
19.92,28.69,0.0,6.654923244642814,1987-06-27
18.28,27.47,0.0,6.191349408929406,1987-06-28
17.82,28.91,0.0,5.60638495573448,1987-06-29
18.39,29.92,0.0,6.230655535009445,1987-06-30
18.86,31.58,0.01,5.966105966966807,1987-07-01
21.39,34.81,0.02,6.121886103888312,1987-07-02
22.28,34.28,0.0,6.033372527740691,1987-07-03
21.14,34.76,0.0,6.288734065005525,1987-07-04
21.4,33.83,0.03,6.145903645044121,1987-07-05
21.59,33.65,0.01,6.136902548469506,1987-07-06
22.06,32.1,2.12,5.341471427827234,1987-07-07
22.55,35.75,0.63,8.013717710587716,1987-07-08
22.45,33.23,6.85,6.43313922757153,1987-07-09
21.39,32.31,0.64,5.739540449031306,1987-07-10
20.91,33.51,0.0,6.8477494762001285,1987-07-11
20.93,33.68,0.0,7.4674718511519105,1987-07-12
20.39,33.4,0.0,7.472859609301232,1987-07-13
21.75,34.14,0.0,7.822839560846406,1987-07-14
20.85,35.29,0.0,7.871185456836119,1987-07-15
21.69,36.92,0.0,8.056975718932398,1987-07-16
24.4,33.18,0.31,6.569187403599279,1987-07-17
22.53,40.01,0.0,8.452490407274597,1987-07-18
25.1,42.75,0.07,9.838369637461664,1987-07-19
25.27,41.73,0.04,7.682224842670686,1987-07-20
23.41,34.01,0.0,6.563989322029642,1987-07-21
23.77,39.98,0.21,6.771783401738531,1987-07-22
24.47,43.1,0.01,7.601774734985222,1987-07-23
25.64,43.12,0.04,8.375156752756066,1987-07-24
23.83,41.96,0.01,8.678813524931412,1987-07-25
23.71,32.02,0.0,8.011795150591754,1987-07-26
21.56,29.13,0.0,7.787394536424711,1987-07-27
20.83,29.21,0.0,7.715409297487558,1987-07-28
20.08,31.25,0.0,6.518141553320788,1987-07-29
21.46,36.77,0.37,6.387083609391489,1987-07-30
22.0,30.13,0.02,6.170377362878364,1987-07-31
20.63,28.52,0.0,7.13971574664112,1987-08-01
20.95,30.37,0.0,7.130540895980981,1987-08-02
19.94,31.37,0.0,6.439127880736355,1987-08-03
21.52,34.9,0.0,5.992146169860479,1987-08-04
20.94,33.33,0.0,7.732369467819134,1987-08-05
20.83,35.71,0.0,7.237537722297021,1987-08-06
23.85,39.02,0.0,7.796781570507654,1987-08-07
23.29,39.72,0.0,7.075712893828827,1987-08-08
23.03,43.02,0.0,8.263701545489178,1987-08-09
23.22,38.19,0.0,6.543007093338577,1987-08-10
23.91,42.66,0.0,6.473483683203878,1987-08-11
24.97,39.62,0.0,8.393485063164528,1987-08-12
23.52,37.38,0.0,7.066218314572801,1987-08-13
23.46,37.63,0.0,6.583010295974555,1987-08-14
24.49,42.13,0.0,8.029578262727508,1987-08-15
25.12,38.24,0.0,8.74551187986706,1987-08-16
24.04,36.09,0.0,5.8584374765100415,1987-08-17
24.08,33.01,0.0,7.051207374910132,1987-08-18
23.0,31.77,0.0,6.653979364721319,1987-08-19
21.88,32.03,0.0,6.037486022765745,1987-08-20
22.26,33.26,0.01,5.695789578015559,1987-08-21
23.02,35.74,0.0,6.361970663061285,1987-08-22
24.35,37.65,0.1,8.792023425634682,1987-08-23
25.49,38.72,0.83,9.835343582707985,1987-08-24
23.81,31.25,0.72,5.856962970059091,1987-08-25
22.64,31.33,0.02,5.960983497710797,1987-08-26
23.2,33.09,1.0,5.561667548811246,1987-08-27
24.19,35.33,1.32,5.778191207800655,1987-08-28
23.84,33.39,0.16,5.380171780348914,1987-08-29
22.85,32.76,0.07,5.819259837248784,1987-08-30
23.57,35.73,0.45,6.832777883407075,1987-08-31
25.24,37.01,1.76,6.231879187733678,1987-09-01
24.13,30.71,1.74,4.296302256249437,1987-09-02
22.42,31.03,7.59,4.678561627170544,1987-09-03
21.67,31.41,1.31,4.720189869669138,1987-09-04
21.19,30.64,0.28,5.062065691329841,1987-09-05
22.52,30.32,0.45,5.7931874320479375,1987-09-06
22.06,28.89,0.12,6.334430667611063,1987-09-07
21.68,30.63,0.0,5.398655274293492,1987-09-08
19.98,33.76,0.0,5.514808438717226,1987-09-09
21.72,34.99,0.0,5.808812167724883,1987-09-10
22.25,34.34,0.0,5.463975695193343,1987-09-11
21.37,32.61,0.0,5.459169020485901,1987-09-12
21.55,30.4,0.0,4.560128692281597,1987-09-13
21.16,31.06,0.01,4.463530710884469,1987-09-14
22.25,32.4,0.0,4.734866314949549,1987-09-15
21.52,31.38,0.0,4.621327432636531,1987-09-16
22.57,32.64,0.01,4.4483882683911755,1987-09-17
22.53,32.45,0.0,4.742100190973624,1987-09-18
21.5,34.27,0.01,4.9881027211863485,1987-09-19
22.77,36.39,0.0,5.040840337671487,1987-09-20
22.54,34.14,0.0,5.096002776111705,1987-09-21
20.8,33.58,0.0,5.068760626230553,1987-09-22
20.87,34.07,0.0,4.5102251222681415,1987-09-23
20.7,36.04,0.0,5.060234644834661,1987-09-24
22.89,35.58,0.0,5.133228956204947,1987-09-25
22.33,39.19,0.0,5.201069702163917,1987-09-26
23.67,37.61,0.0,6.558927794176993,1987-09-27
22.7,33.92,0.01,5.2087551894121775,1987-09-28
22.6,31.15,0.0,4.963720170143545,1987-09-29
22.77,27.94,3.79,3.9136805869797477,1987-09-30
20.45,27.01,0.69,4.2466065898794145,1987-10-01
19.28,28.07,0.02,4.6514770912606656,1987-10-02
20.42,30.51,0.19,4.791872933919701,1987-10-03
22.47,28.79,0.8,4.913988915456956,1987-10-04
22.67,30.2,1.11,5.665116141064841,1987-10-05
20.87,27.58,0.91,3.774964536124295,1987-10-06
18.86,24.6,1.57,2.5420792177278204,1987-10-07
17.75,27.72,0.28,4.008600811438835,1987-10-08
18.77,25.45,4.83,2.966623636638544,1987-10-09
17.93,29.29,0.16,5.160870567288651,1987-10-10
16.67,25.17,3.72,3.751453082560547,1987-10-11
16.29,24.19,0.97,4.445133965381371,1987-10-12
18.63,25.14,2.53,4.196826790320849,1987-10-13
16.38,26.88,0.06,2.960706468812886,1987-10-14
14.94,29.7,0.0,4.681092414944387,1987-10-15
16.48,32.46,0.0,4.095249598121895,1987-10-16
17.57,28.46,0.01,3.8712157334248674,1987-10-17
17.45,25.11,0.0,3.5947283860697627,1987-10-18
15.79,27.66,0.0,3.6724130705590743,1987-10-19
17.63,29.53,0.0,4.378878390686334,1987-10-20
17.59,28.05,0.0,3.162868791682571,1987-10-21
19.39,33.23,0.0,4.0227580332922965,1987-10-22
18.56,30.3,0.0,4.346330422069441,1987-10-23
19.29,31.84,0.0,4.121751096177023,1987-10-24
20.63,31.19,0.0,5.081895282410122,1987-10-25
20.07,33.5,0.0,6.467790313505596,1987-10-26
20.01,27.77,0.0,4.653511646484058,1987-10-27
17.31,30.65,0.0,4.753783711860017,1987-10-28
17.31,28.79,0.0,3.9381301577016705,1987-10-29
17.74,27.06,0.0,2.75147728013078,1987-10-30
17.16,26.36,0.0,3.121963130657163,1987-10-31
15.81,27.95,0.0,2.582845829579975,1987-11-01
15.33,26.85,0.0,2.369171726266267,1987-11-02
16.54,25.81,2.5,2.7501275523390203,1987-11-03
17.59,21.72,4.5,2.4250854738287027,1987-11-04
16.81,20.84,0.13,3.1059052232323223,1987-11-05
14.13,21.73,0.0,2.6130298384292585,1987-11-06
12.51,22.87,0.0,2.64174647277904,1987-11-07
13.17,23.35,0.01,3.490933020994861,1987-11-08
14.26,23.77,0.0,3.3029078583041094,1987-11-09
14.11,21.67,2.11,2.3071701811643153,1987-11-10
15.87,20.64,3.09,3.3092852719217394,1987-11-11
13.82,21.83,0.14,3.108613467828084,1987-11-12
11.33,24.7,0.0,3.0585849653115402,1987-11-13
12.22,21.58,1.19,2.5129254541865254,1987-11-14
14.59,17.42,3.47,2.2628773137161446,1987-11-15
13.72,18.68,0.01,2.788228402944867,1987-11-16
15.04,21.35,0.34,3.034266480743775,1987-11-17
15.79,20.24,0.05,3.165142394943432,1987-11-18
12.5,20.42,0.06,2.9125613078761887,1987-11-19
11.79,20.14,0.18,2.4592277958468243,1987-11-20
13.45,17.23,0.58,3.4920625601169952,1987-11-21
12.32,17.15,1.53,3.032768491152938,1987-11-22
10.99,20.44,0.05,3.5189315957215874,1987-11-23
10.04,15.6,1.22,2.417931258419331,1987-11-24
6.28,19.45,0.0,2.870414163206951,1987-11-25
9.26,17.08,1.32,2.232295252912747,1987-11-26
10.3,16.59,1.55,2.0055150878055192,1987-11-27
10.44,13.63,3.54,1.5423436134392163,1987-11-28
9.92,15.89,0.66,2.1412553573115876,1987-11-29
8.11,15.24,0.64,1.3175815184871182,1987-11-30
10.79,16.0,0.34,1.790325934739346,1987-12-01
7.34,18.32,0.11,1.9930541786282103,1987-12-02
7.48,21.78,0.0,3.1758596782405943,1987-12-03
12.19,22.61,0.01,3.035030839271382,1987-12-04
12.48,18.41,2.22,1.8632750125457398,1987-12-05
10.84,21.42,0.07,1.478575325564788,1987-12-06
12.4,21.39,0.05,1.6468097388547878,1987-12-07
11.28,23.6,0.27,2.4495266616681515,1987-12-08
11.54,18.85,1.33,1.832647214516458,1987-12-09
10.59,17.48,0.87,2.16018338901231,1987-12-10
11.85,16.44,0.92,1.1179003183487137,1987-12-11
11.41,15.85,0.31,1.0181743219354729,1987-12-12
9.86,23.61,0.0,2.3223797157006327,1987-12-13
12.78,21.14,1.15,3.2157201981528143,1987-12-14
12.07,17.95,0.35,1.727260057153763,1987-12-15
11.79,20.56,0.27,1.5712390910127962,1987-12-16
13.68,21.37,0.01,2.1184453463454047,1987-12-17
12.61,20.48,0.0,1.5879621809941629,1987-12-18
10.83,21.34,0.0,1.6763435473183375,1987-12-19
12.35,18.46,0.0,1.8322309318451235,1987-12-20
11.93,18.58,0.0,1.4576496059473978,1987-12-21
11.56,18.7,0.23,1.4100967691980666,1987-12-22
11.79,15.58,1.01,0.8400218477016488,1987-12-23
11.54,18.23,0.35,1.1229777255122029,1987-12-24
10.27,18.88,0.04,1.1991511850232668,1987-12-25
8.76,17.31,0.09,1.4576365253952943,1987-12-26
9.46,16.05,0.15,1.2505547807869248,1987-12-27
9.24,16.96,0.17,1.217592876388263,1987-12-28
10.61,16.94,0.13,1.56690863092933,1987-12-29
10.91,17.02,0.18,1.2446476834120985,1987-12-30
7.71,18.0,0.01,1.6250750516976762,1987-12-31
8.27,15.13,0.46,1.5524913920696182,1988-01-01
9.07,15.62,0.83,1.4659564272340635,1988-01-02
8.09,17.27,1.22,1.7958619079888867,1988-01-03
11.92,15.75,1.25,2.7594122117592823,1988-01-04
9.01,20.09,0.06,2.2337238969035504,1988-01-05
7.94,22.94,0.0,2.387915299698806,1988-01-06
9.52,17.96,2.69,2.207144141938331,1988-01-07
10.08,12.39,5.46,2.109296024193632,1988-01-08
10.71,15.19,4.49,2.6788861434183144,1988-01-09
9.52,14.32,0.05,2.330953037733502,1988-01-10
6.7,15.42,0.0,1.5423956642712315,1988-01-11
7.36,12.97,0.1,0.9896457787941403,1988-01-12
9.11,16.32,0.04,1.1426276421845019,1988-01-13
7.83,18.15,0.02,2.086823750735775,1988-01-14
9.1,19.09,0.02,2.114296222754119,1988-01-15
7.45,18.81,0.0,1.9906726150098262,1988-01-16
10.78,18.1,0.01,2.059174398032913,1988-01-17
9.85,17.08,0.39,1.7323380891411733,1988-01-18
6.09,15.16,0.19,1.6599966874996679,1988-01-19
6.08,17.89,0.95,1.776601531684968,1988-01-20
10.3,15.18,7.61,1.6068945456335058,1988-01-21
10.13,14.07,2.23,2.6273504891537125,1988-01-22
10.64,16.06,2.52,3.031260210571427,1988-01-23
10.34,16.8,0.07,2.1547664101748984,1988-01-24
9.13,19.35,0.03,1.9931463014163668,1988-01-25
10.14,21.15,0.0,2.130429668920645,1988-01-26
9.9,24.2,0.0,2.175735522135373,1988-01-27
10.22,22.65,0.0,1.7875970966514385,1988-01-28
10.36,22.27,0.0,2.932424878623372,1988-01-29
12.22,17.78,0.48,3.5072426557155256,1988-01-30
12.45,16.94,0.33,3.8142567760164208,1988-01-31
10.93,19.13,0.1,2.3202620606155318,1988-02-01
9.54,19.11,0.01,2.4194158467284037,1988-02-02
10.55,13.54,1.69,1.1550295889212703,1988-02-03
10.37,19.2,0.76,2.0563983274416313,1988-02-04
9.77,18.04,0.17,2.1220261580575404,1988-02-05
8.58,21.5,0.0,2.4215392116920036,1988-02-06
8.26,20.57,2.52,2.262598696792117,1988-02-07
9.69,15.08,0.77,2.411871661120609,1988-02-08
8.37,17.6,0.03,2.361034646679976,1988-02-09
10.46,18.2,0.56,2.0657655870789378,1988-02-10
9.09,17.5,0.01,2.5328858803395033,1988-02-11
7.33,18.91,1.62,3.152045610256312,1988-02-12
10.56,14.44,0.05,3.800091968890916,1988-02-13
9.17,14.95,0.01,2.613231699987768,1988-02-14
9.15,15.05,0.07,2.046039806878502,1988-02-15
8.86,17.99,0.0,2.2564575378411456,1988-02-16
7.3,17.83,0.0,2.43786296011072,1988-02-17
6.39,18.96,0.12,2.4858155906484947,1988-02-18
8.47,16.46,0.31,2.4216542333575055,1988-02-19
9.87,18.14,0.24,2.661658159920778,1988-02-20
9.13,17.52,0.35,2.340561551280129,1988-02-21
7.41,16.58,0.0,2.470391140991043,1988-02-22
8.6,18.87,0.1,2.275757049023181,1988-02-23
9.47,17.9,0.38,2.533737807383071,1988-02-24
7.64,12.78,12.18,2.276185092203152,1988-02-25
7.73,11.39,2.41,2.8079478241184064,1988-02-26
6.05,10.82,1.56,2.148188829623586,1988-02-27
6.26,10.27,1.51,1.8833759016783884,1988-02-28
5.5,14.28,0.03,2.59426652058647,1988-02-29
6.1,12.29,0.73,2.3051964872205684,1988-03-01
5.32,12.11,0.32,1.8281587646051998,1988-03-02
5.54,15.49,0.0,2.8925754036735736,1988-03-03
6.75,17.23,0.03,2.646890719247673,1988-03-04
9.34,16.22,1.0,2.1266269972166283,1988-03-05
7.56,12.3,5.37,1.3803124043365638,1988-03-06
11.21,14.23,15.21,2.8684583527653715,1988-03-07
9.66,13.0,2.42,3.187952757430239,1988-03-08
7.78,13.96,1.67,3.1758492813155517,1988-03-09
6.09,14.42,0.14,2.9852695771875415,1988-03-10
7.58,13.84,4.24,2.275478733258533,1988-03-11
7.32,16.05,0.84,2.6654280836291515,1988-03-12
7.49,19.69,0.0,3.385544278823938,1988-03-13
5.49,21.5,0.01,3.2740908089872462,1988-03-14
10.79,21.28,6.24,2.5216157624134556,1988-03-15
10.69,19.79,0.4,3.4693953899806402,1988-03-16
11.76,20.51,0.0,3.958765400603623,1988-03-17
13.15,21.35,0.0,3.9457170330040072,1988-03-18
11.38,19.67,0.0,3.104477426101528,1988-03-19
10.65,22.19,0.0,2.9981700765690324,1988-03-20
9.37,26.47,0.0,4.0666462368370615,1988-03-21
12.3,20.27,0.3,3.9467659607345467,1988-03-22
11.32,16.64,0.73,3.2446455771776614,1988-03-23
12.18,19.06,0.51,4.08857351266024,1988-03-24
12.3,22.41,0.03,4.636593891818997,1988-03-25
11.52,25.59,0.02,4.937979324534808,1988-03-26
12.18,20.38,0.01,4.342890487393497,1988-03-27
9.77,17.77,0.01,4.203298995682229,1988-03-28
8.46,21.24,0.0,3.7197578216348304,1988-03-29
9.44,25.32,0.04,5.0820125226643,1988-03-30
8.87,19.67,0.06,4.154005825906281,1988-03-31
9.38,19.42,0.06,4.068045416582816,1988-04-01
7.81,24.09,0.0,4.645540254887122,1988-04-02
12.87,20.22,0.56,2.8884718423992917,1988-04-03
12.66,21.08,0.11,3.6862113005362933,1988-04-04
11.08,19.37,0.04,2.9303764306174283,1988-04-05
9.4,22.65,1.57,3.6651028211758114,1988-04-06
12.15,20.47,3.19,3.790223315581056,1988-04-07
9.61,24.62,0.04,4.084899302536571,1988-04-08
13.51,29.07,0.0,4.620935173819503,1988-04-09
12.73,28.69,0.0,5.047953638247151,1988-04-10
12.41,25.32,0.0,4.467133734236471,1988-04-11
12.46,28.65,0.0,5.282737516154842,1988-04-12
13.93,23.54,0.01,4.030231629574048,1988-04-13
12.81,21.13,0.0,4.402364900688737,1988-04-14
10.84,21.86,0.0,3.9574355102976293,1988-04-15
10.69,23.36,0.0,4.957896773500048,1988-04-16
12.93,24.65,0.07,5.109319574772559,1988-04-17
13.19,25.39,0.0,4.9575002730852376,1988-04-18
13.21,26.56,0.19,5.026777654672574,1988-04-19
14.0,22.32,0.39,3.505760558952034,1988-04-20
13.22,21.74,0.01,4.0347601324410975,1988-04-21
12.65,25.46,0.0,4.243981380648525,1988-04-22
13.22,24.39,0.09,3.824252645164286,1988-04-23
14.82,22.5,0.18,3.903908908645433,1988-04-24
11.18,22.81,0.05,4.047233104796989,1988-04-25
12.69,25.38,0.0,4.663159152237634,1988-04-26
12.23,20.46,12.11,2.087451306673527,1988-04-27
10.63,18.36,5.44,3.315538370474414,1988-04-28
13.04,21.54,0.6,4.769910940296672,1988-04-29
12.32,21.33,0.41,4.504872918437609,1988-04-30
11.2,25.18,0.0,4.966160956968566,1988-05-01
13.54,27.59,0.0,6.256111392851931,1988-05-02
13.62,27.68,0.11,5.050848170332521,1988-05-03
14.22,34.72,0.22,8.363589242694173,1988-05-04
16.84,37.24,0.0,9.009426452679936,1988-05-05
19.08,39.79,0.0,8.243004240441463,1988-05-06
18.02,28.71,0.12,5.289508571968098,1988-05-07
16.36,25.08,0.0,4.949089622308055,1988-05-08
15.25,27.55,0.0,5.8497313871662175,1988-05-09
15.47,27.84,0.0,5.50737782774067,1988-05-10
16.91,28.62,0.01,6.677409959357073,1988-05-11
16.38,25.52,0.12,5.599674893615299,1988-05-12
15.36,24.16,0.72,4.348524775525343,1988-05-13
14.33,24.22,1.16,5.5119448534715785,1988-05-14
14.41,25.44,0.12,4.780702796230912,1988-05-15
13.6,27.1,0.24,3.5440871869061965,1988-05-16
16.75,28.31,3.73,5.122746935763676,1988-05-17
16.49,30.16,0.49,5.368126292343901,1988-05-18
17.85,24.62,16.64,4.107424379578406,1988-05-19
16.47,26.4,3.25,5.073679808988209,1988-05-20
15.26,25.92,0.11,5.142754762609509,1988-05-21
16.65,27.83,0.49,4.785815744669909,1988-05-22
16.29,23.17,2.89,3.5268983091932307,1988-05-23
15.64,23.15,4.8,3.490585901504572,1988-05-24
14.88,27.31,0.0,5.327119510137772,1988-05-25
16.28,28.19,1.28,5.354710943221153,1988-05-26
15.05,26.84,0.06,5.1990080253141775,1988-05-27
17.33,26.32,4.91,5.028765123577193,1988-05-28
15.59,33.59,0.05,6.4240664046865215,1988-05-29
17.5,29.58,0.0,5.618875484278308,1988-05-30
17.65,34.91,0.0,4.990570951602033,1988-05-31
18.22,27.27,0.0,6.672193114504452,1988-06-01
16.64,26.35,0.0,6.248651390387545,1988-06-02
15.71,31.27,0.0,6.359574928873397,1988-06-03
19.73,26.07,0.74,2.9244581393607954,1988-06-04
17.14,26.48,0.47,6.07820911256579,1988-06-05
15.28,24.97,0.02,5.864258338419466,1988-06-06
17.35,24.14,3.99,3.5960624518839457,1988-06-07
16.54,20.48,15.56,1.7986749408872358,1988-06-08
15.86,26.74,0.0,5.123725974832509,1988-06-09
16.05,32.37,0.13,6.95797522985149,1988-06-10
18.48,32.11,0.05,6.37264285086056,1988-06-11
18.63,29.82,0.02,6.376378895310656,1988-06-12
18.91,35.16,0.08,7.6182523936305,1988-06-13
20.58,28.79,0.09,5.711203217845045,1988-06-14
19.21,30.89,0.01,5.557037166533182,1988-06-15
20.46,34.68,13.29,7.058752285079681,1988-06-16
19.12,30.45,0.89,6.005565140299181,1988-06-17
19.94,29.91,0.0,3.539209708770644,1988-06-18
18.14,26.98,0.13,5.708307386501247,1988-06-19
17.34,29.49,0.0,5.514690961388434,1988-06-20
18.85,31.91,0.0,6.103250247548438,1988-06-21
19.05,31.78,0.0,5.866914339138376,1988-06-22
20.12,33.3,0.0,7.878037275587081,1988-06-23
20.73,34.85,0.06,6.927598419596896,1988-06-24
21.21,29.83,0.11,6.4547204509018075,1988-06-25
19.94,29.81,0.0,6.1341624038915645,1988-06-26
18.6,29.76,0.43,5.5795618241930764,1988-06-27
19.79,29.63,0.54,6.01885720547271,1988-06-28
19.72,30.58,0.0,6.0128938429245204,1988-06-29
19.72,33.54,0.0,8.14464437020937,1988-06-30
21.6,33.71,0.02,7.544903081462415,1988-07-01
20.78,31.01,0.0,6.8462997227923665,1988-07-02
21.44,35.94,0.0,6.9066618551012295,1988-07-03
22.21,39.35,0.0,10.610215618384036,1988-07-04
24.69,41.14,0.0,9.381114105251829,1988-07-05
22.41,35.84,0.0,6.729002006923641,1988-07-06
23.24,35.42,0.0,7.21310921628607,1988-07-07
22.54,35.99,0.0,6.895743750775093,1988-07-08
21.54,34.72,0.07,6.810903307732165,1988-07-09
22.57,34.75,0.59,7.118396003105248,1988-07-10
22.29,37.24,0.0,7.112960908172433,1988-07-11
21.58,34.93,0.0,6.767629061788401,1988-07-12
23.57,38.77,0.0,8.29598959527247,1988-07-13
23.97,35.98,0.0,8.397665235477497,1988-07-14
21.88,31.01,0.0,7.600764735114246,1988-07-15
21.01,29.12,0.0,7.91768840225123,1988-07-16
20.47,29.06,0.0,7.325179474605631,1988-07-17
19.15,30.32,0.0,7.0039524358651075,1988-07-18
19.63,33.48,0.0,6.923500845951074,1988-07-19
20.9,36.52,0.06,7.276040034620935,1988-07-20
22.51,29.12,4.12,5.806147142484475,1988-07-21
22.29,30.28,1.1,5.549301447219115,1988-07-22
21.46,32.85,0.0,6.17379009745884,1988-07-23
22.26,36.26,0.0,7.360964673791612,1988-07-24
23.78,34.96,0.0,6.851106683236407,1988-07-25
23.8,35.75,0.0,6.81465965004712,1988-07-26
22.36,36.15,0.0,7.384645515465981,1988-07-27
22.78,33.7,0.0,7.317038382217657,1988-07-28
22.71,37.65,0.0,7.19360139734017,1988-07-29
24.12,38.41,0.0,6.922259089476551,1988-07-30
24.21,35.66,0.0,6.9654739804997305,1988-07-31
22.13,35.96,0.0,7.074148031613561,1988-08-01
22.26,37.47,0.0,7.276071150587718,1988-08-02
24.15,43.09,0.0,9.549802416750483,1988-08-03
23.62,33.49,0.0,7.999949817448607,1988-08-04
22.59,32.27,0.0,7.663493888244196,1988-08-05
21.17,34.06,0.0,6.330903048295121,1988-08-06
22.2,33.15,0.0,6.12862945659605,1988-08-07
22.34,33.86,0.0,6.3066384751126385,1988-08-08
22.57,31.56,0.0,6.641461706033143,1988-08-09
21.5,34.16,0.0,6.232686702671381,1988-08-10
22.13,37.36,0.0,8.121501686565503,1988-08-11
23.5,39.29,0.0,9.404473156394486,1988-08-12
25.13,38.84,0.0,7.457019888900664,1988-08-13
24.48,38.62,0.0,7.8829775333545244,1988-08-14
25.77,38.13,0.05,8.05591256644506,1988-08-15
24.44,34.28,0.03,6.7106956372502395,1988-08-16
23.11,35.42,0.0,6.7463721955796645,1988-08-17
23.08,34.04,0.01,6.425293655447205,1988-08-18
23.63,32.44,0.02,5.545988138232293,1988-08-19
24.36,36.57,0.43,7.433248816525577,1988-08-20
23.62,38.41,0.02,7.866843635927058,1988-08-21
22.53,29.86,0.52,6.651164124192023,1988-08-22
21.11,28.5,0.0,7.089076131958985,1988-08-23
19.43,30.07,0.0,6.193042191127489,1988-08-24
20.55,32.54,0.0,6.130547817012373,1988-08-25
21.96,30.57,0.0,6.337281928458408,1988-08-26
20.81,29.97,0.0,6.52806370367705,1988-08-27
20.39,33.75,0.0,5.625245267362825,1988-08-28
21.1,38.84,0.0,8.655801350712794,1988-08-29
23.96,33.6,0.3,5.76964057346735,1988-08-30
24.05,41.64,0.1,6.579673358216901,1988-08-31
24.79,40.16,0.09,6.868890256230985,1988-09-01
23.82,37.82,0.0,9.265870703761335,1988-09-02
22.46,31.36,0.0,6.455859983932153,1988-09-03
22.19,33.83,0.0,5.8319512490151695,1988-09-04
21.91,31.78,0.0,5.374193501715125,1988-09-05
20.75,33.17,0.0,6.07687008539901,1988-09-06
22.05,30.68,0.0,5.491003294276138,1988-09-07
22.65,30.6,0.03,5.660379652154186,1988-09-08
21.25,29.42,0.0,5.266842359827477,1988-09-09
20.79,28.97,0.0,5.0839372154961175,1988-09-10
22.07,30.7,0.81,4.715572981179497,1988-09-11
23.43,33.15,0.43,4.887219679558688,1988-09-12
21.07,31.42,0.02,5.006233826845875,1988-09-13
21.88,36.19,1.96,7.482548407659427,1988-09-14
19.83,25.23,1.39,6.115431469142677,1988-09-15
17.96,21.21,12.59,2.984676345864975,1988-09-16
17.99,24.84,0.31,5.621805106769692,1988-09-17
17.6,23.09,2.61,3.794777687626892,1988-09-18
17.39,23.13,0.51,3.08353450426214,1988-09-19
16.46,25.81,0.65,3.2334307356954612,1988-09-20
18.53,22.77,5.99,3.0910152228609955,1988-09-21
17.23,26.8,0.17,3.9047312938725676,1988-09-22
18.4,28.17,0.0,3.692885522727554,1988-09-23
16.92,29.71,0.0,3.9463702577561803,1988-09-24
18.09,27.51,0.0,4.23430248866878,1988-09-25
18.14,26.23,0.0,4.166289331399284,1988-09-26
18.22,26.95,0.0,3.7066559739590144,1988-09-27
18.73,27.47,0.01,3.5374451374549754,1988-09-28
18.3,29.01,0.22,4.460130586610286,1988-09-29
19.31,30.08,0.51,5.795545724177442,1988-09-30
19.88,29.06,0.39,4.385698249291784,1988-10-01
18.86,28.5,0.01,4.311611084410351,1988-10-02
17.71,28.66,0.0,4.302620650305164,1988-10-03
17.84,30.79,0.71,4.097363815770617,1988-10-04
18.99,29.74,0.01,3.6769153362162617,1988-10-05
19.04,28.84,1.19,3.8598830597947646,1988-10-06
18.01,31.79,0.01,3.8081953330879927,1988-10-07
19.17,28.9,0.0,4.357781194805476,1988-10-08
17.64,29.64,0.0,3.736555717487143,1988-10-09
18.27,34.21,0.0,4.672794076667133,1988-10-10
20.46,33.49,0.01,5.414750965111442,1988-10-11
20.06,29.29,0.04,3.1901134206848147,1988-10-12
21.14,28.21,0.56,3.6960790144342783,1988-10-13
20.1,30.64,0.22,4.169882395368623,1988-10-14
22.2,28.31,0.35,3.9073331289521245,1988-10-15
20.92,30.28,0.23,4.509282822893579,1988-10-16
20.75,30.31,0.12,4.652429439287776,1988-10-17
19.92,28.42,0.91,4.121595295423642,1988-10-18
20.05,28.47,0.2,4.223870227966862,1988-10-19
17.98,25.11,3.77,3.3428661757185374,1988-10-20
16.46,20.89,0.53,2.7469447105164777,1988-10-21
16.14,22.63,0.29,3.07856343545384,1988-10-22
16.09,23.78,0.46,3.0382457138924623,1988-10-23
16.22,23.68,0.03,3.046889930520259,1988-10-24
17.01,24.32,0.2,3.2542414232971577,1988-10-25
15.3,24.56,0.0,2.7807536397829176,1988-10-26
15.25,25.72,0.0,3.2776709478676094,1988-10-27
15.02,27.8,0.0,3.600923186666496,1988-10-28
16.6,26.62,0.0,2.4463919128681644,1988-10-29
14.6,27.96,0.0,3.1222828715085416,1988-10-30
17.7,25.07,0.41,3.1376174625007645,1988-10-31
16.47,23.41,0.61,2.4244983873107855,1988-11-01
14.62,26.94,0.02,2.9276945869762496,1988-11-02
16.51,22.24,0.09,2.0566045006155975,1988-11-03
16.15,25.39,0.18,2.4734568338048755,1988-11-04
14.16,19.44,0.07,2.109088197749878,1988-11-05
13.03,18.97,0.0,2.354503028984585,1988-11-06
14.89,22.08,1.3,2.0504767758937206,1988-11-07
15.74,23.99,0.94,2.353429572947635,1988-11-08
16.01,23.9,0.29,2.176694816980439,1988-11-09
16.48,25.02,0.13,1.9032970983754163,1988-11-10
17.01,24.87,0.71,2.206992842390547,1988-11-11
16.76,23.38,0.25,2.1485379562249616,1988-11-12
17.67,21.05,2.91,1.4612824950576795,1988-11-13
15.41,21.71,3.23,1.6458419937829047,1988-11-14
15.28,21.78,1.81,2.11192252485802,1988-11-15
13.17,20.8,0.72,2.7884373795279336,1988-11-16
12.25,20.1,0.0,2.2176236957194124,1988-11-17
11.33,20.89,0.0,2.2439620987088738,1988-11-18
10.38,19.4,1.0,2.289808290962602,1988-11-19
12.9,20.33,0.34,2.6683670168528706,1988-11-20
9.97,21.56,1.17,3.100621169279755,1988-11-21
11.07,14.64,3.11,2.515354826129904,1988-11-22
10.19,15.56,2.4,2.5184651436925365,1988-11-23
9.28,14.13,0.74,2.204244916017893,1988-11-24
8.11,14.16,0.06,2.602332002190253,1988-11-25
8.66,16.42,0.0,1.9052887273994468,1988-11-26
9.0,15.18,0.06,1.19638673606748,1988-11-27
9.6,16.64,1.03,1.406710867891365,1988-11-28
11.12,18.81,0.05,1.8798638304914685,1988-11-29
9.23,19.2,0.0,1.9698017325117627,1988-11-30
10.64,19.16,0.12,2.3168941297639054,1988-12-01
12.83,18.38,4.06,2.5932222491793757,1988-12-02
10.55,19.33,0.45,2.4857670507885286,1988-12-03
11.92,17.5,1.67,2.373645601210169,1988-12-04
12.43,18.94,0.0,2.3414614622383643,1988-12-05
10.63,18.66,0.35,1.9236535847658311,1988-12-06
9.97,14.73,1.72,1.9620129152827552,1988-12-07
9.43,13.57,3.84,2.1775121693423776,1988-12-08
10.48,12.05,3.66,2.606754155125525,1988-12-09
10.31,15.96,0.76,2.42992970059189,1988-12-10
9.03,16.39,0.32,1.6411137386580021,1988-12-11
9.29,17.76,0.4,2.034247969365145,1988-12-12
10.52,16.97,0.4,1.7804087833571307,1988-12-13
8.84,15.84,0.39,1.230327366257849,1988-12-14
7.84,15.13,2.51,1.5473357716015064,1988-12-15
7.19,13.42,5.62,2.3235633466225587,1988-12-16
5.96,12.11,0.16,2.324223661153396,1988-12-17
6.65,13.8,0.23,1.7632973963437355,1988-12-18
9.17,14.79,0.57,1.642727420996776,1988-12-19
9.83,14.88,7.36,1.804256229679713,1988-12-20
8.6,14.27,1.95,1.1788718351872491,1988-12-21
9.56,14.32,0.6,1.2274779180005733,1988-12-22
7.77,14.99,0.24,1.4225471136297039,1988-12-23
7.36,16.34,0.6,1.6399680574103055,1988-12-24
9.3,17.0,0.54,1.623895139596506,1988-12-25
8.98,15.44,0.26,1.1169144677085892,1988-12-26
7.98,16.39,0.01,1.2630348270208398,1988-12-27
8.09,15.76,0.06,1.1049862418973893,1988-12-28
10.22,16.02,0.08,1.498253478254541,1988-12-29
10.62,16.03,0.22,1.5474783071550888,1988-12-30
10.61,14.78,0.34,1.6065355307519018,1988-12-31
10.16,16.12,0.25,1.6314417784042263,1989-01-01
9.49,15.61,0.1,1.4265397993956008,1989-01-02
9.8,15.32,0.24,1.3328760999346672,1989-01-03
9.44,14.12,0.22,0.9395035027444358,1989-01-04
7.85,13.61,0.35,1.0645165986723655,1989-01-05
7.52,13.65,1.72,1.5020612958893584,1989-01-06
7.59,16.24,0.14,1.6048753219810639,1989-01-07
8.35,15.84,0.74,1.4049594629102948,1989-01-08
6.98,18.12,0.02,1.4804330734813613,1989-01-09
6.43,20.53,0.0,1.7688202193808247,1989-01-10
6.31,19.58,0.0,1.5909580981585902,1989-01-11
8.09,19.02,0.0,1.456413296878063,1989-01-12
8.05,17.38,0.0,1.2299351056738452,1989-01-13
9.7,15.84,0.0,1.2981937111015176,1989-01-14
10.1,14.86,0.0,1.2817504097582488,1989-01-15
7.62,15.69,0.0,1.373440517176,1989-01-16
5.75,15.54,0.0,1.286866724925157,1989-01-17
9.02,14.49,0.04,1.145178254505253,1989-01-18
9.64,16.75,0.0,1.4089511044505965,1989-01-19
8.89,17.0,0.0,1.4201346278479419,1989-01-20
9.27,15.04,1.34,0.9431500364746241,1989-01-21
10.16,14.33,5.48,1.6035902148459211,1989-01-22
8.01,11.55,5.59,1.0323535054160096,1989-01-23
8.93,13.91,3.7,1.2980378230442602,1989-01-24
9.93,14.0,2.29,1.1433484130459521,1989-01-25
8.66,15.74,0.58,1.3751212710843526,1989-01-26
7.25,15.97,1.48,1.6538634681252828,1989-01-27
7.54,13.75,2.64,1.013540956907964,1989-01-28
7.99,14.35,0.08,1.4004635764452986,1989-01-29
7.81,15.27,0.38,1.6079929242438138,1989-01-30
8.16,15.33,0.0,1.735172418063163,1989-01-31
7.19,15.25,0.02,1.5303886434510927,1989-02-01
5.43,15.94,0.02,1.6382952727712192,1989-02-02
7.16,15.9,0.33,1.6431191357088457,1989-02-03
5.27,17.98,0.0,2.115988848428381,1989-02-04
5.65,17.29,0.37,2.318581850099504,1989-02-05
8.18,16.36,0.37,1.839265619128047,1989-02-06
7.97,16.22,0.01,1.7278750049850813,1989-02-07
8.32,16.17,0.07,1.7557515225622233,1989-02-08
4.43,17.97,0.0,2.074069022418321,1989-02-09
7.79,15.47,0.45,1.7201089255783872,1989-02-10
8.6,15.16,0.45,1.6234817238668364,1989-02-11
8.49,16.64,0.21,1.9792194475633937,1989-02-12
6.16,16.26,0.24,2.2496471317822513,1989-02-13
9.72,14.72,2.72,2.0841045858251683,1989-02-14
8.93,12.48,12.26,1.822339818458023,1989-02-15
7.34,14.33,0.02,2.5504255788469665,1989-02-16
7.08,19.08,0.02,2.724498129326708,1989-02-17
5.63,17.9,0.0,2.2560073223717505,1989-02-18
7.61,19.34,0.12,2.1400137421759693,1989-02-19
7.39,21.91,0.0,2.537815600567388,1989-02-20
7.4,23.39,0.0,2.753505890553502,1989-02-21
9.61,17.49,0.0,1.7992339292940782,1989-02-22
9.3,16.99,0.01,1.916130903161053,1989-02-23
8.31,18.1,0.03,2.1791433922109196,1989-02-24
10.43,17.78,0.74,3.3218485909555295,1989-02-25
12.65,19.0,6.94,3.064902338168126,1989-02-26
10.92,16.65,2.04,3.1823985738838148,1989-02-27
8.04,19.15,0.26,3.0417411936349588,1989-02-28
10.3,22.44,0.01,3.527616437564459,1989-03-01
10.58,20.53,0.02,2.800747954788984,1989-03-02
9.39,21.58,0.0,3.806037054171351,1989-03-03
10.65,18.34,0.01,3.1180830008150053,1989-03-04
8.16,18.92,0.0,2.840372034466597,1989-03-05
8.41,18.98,0.0,2.6844175661637757,1989-03-06
7.96,18.49,0.0,2.658366993186489,1989-03-07
7.88,18.19,0.46,2.383124923226054,1989-03-08
10.0,15.02,15.08,2.5588567126135966,1989-03-09
10.62,16.31,5.09,2.0300283702121638,1989-03-10
9.84,18.44,0.3,2.579707756528803,1989-03-11
8.93,20.08,0.0,2.909633116694543,1989-03-12
8.51,25.09,0.0,3.591301245567185,1989-03-13
9.16,20.02,0.0,3.30034895010084,1989-03-14
10.07,18.82,0.0,3.3244414074794393,1989-03-15
7.53,25.66,0.0,3.6167996002189016,1989-03-16
10.59,26.46,0.0,4.435667305315546,1989-03-17
12.03,24.1,0.0,4.30420195740451,1989-03-18
11.88,22.38,0.02,3.4202571190901137,1989-03-19
10.21,23.17,2.09,3.6925515673257867,1989-03-20
11.07,15.54,2.62,2.6102595491672353,1989-03-21
11.87,17.4,2.75,2.6976066630111046,1989-03-22
11.33,18.9,0.61,3.462120259445955,1989-03-23
11.68,18.13,1.07,3.2498885694570987,1989-03-24
10.72,17.86,0.12,3.3962845824211256,1989-03-25
11.82,20.57,0.01,3.811159765826295,1989-03-26
9.35,23.85,0.0,4.315810283280582,1989-03-27
10.9,22.77,0.0,4.848404069255269,1989-03-28
11.95,22.88,0.0,3.958765936405557,1989-03-29
12.35,22.96,0.0,4.397472361570394,1989-03-30
12.49,26.53,0.0,5.166359093085554,1989-03-31
12.6,22.84,0.0,3.7959301474856693,1989-04-01
10.58,25.6,0.0,4.39797979322186,1989-04-02
13.63,26.22,0.35,4.809278088579608,1989-04-03
10.24,26.31,0.19,5.2322152107472455,1989-04-04
8.23,21.85,0.01,4.0299881186258295,1989-04-05
10.15,19.46,0.07,4.279609156556898,1989-04-06
8.53,24.25,0.0,4.968142419389431,1989-04-07
11.21,26.45,0.0,5.917723058751133,1989-04-08
12.55,25.99,0.0,5.5937877804078315,1989-04-09
12.84,24.21,0.04,5.109817423682649,1989-04-10
13.22,20.72,7.23,3.265126565325846,1989-04-11
12.58,21.68,7.41,3.775807796871663,1989-04-12
13.28,18.78,3.13,4.42492497029052,1989-04-13
12.95,19.54,0.41,5.167897053445514,1989-04-14
10.48,19.55,0.09,4.73256979398865,1989-04-15
8.73,24.62,0.06,4.312728751494523,1989-04-16
12.22,21.46,0.27,3.893352931934638,1989-04-17
10.61,20.79,0.0,4.432593313056681,1989-04-18
10.48,21.75,0.25,3.8607605697301315,1989-04-19
13.14,25.26,0.14,4.069802315303377,1989-04-20
12.3,21.96,0.76,3.714280787819961,1989-04-21
10.86,21.87,0.0,4.143911359842271,1989-04-22
11.13,22.79,0.0,3.6861064327894213,1989-04-23
12.77,26.71,0.0,5.967239558580323,1989-04-24
13.73,25.42,0.0,6.940017619875999,1989-04-25
13.1,23.69,2.87,4.934670608077197,1989-04-26
12.41,19.85,10.13,4.146092282906972,1989-04-27
11.71,21.63,3.0,5.186100853427324,1989-04-28
10.17,14.28,6.71,2.7422218833344814,1989-04-29
11.37,17.45,1.16,3.8394395003479693,1989-04-30
10.53,19.1,0.4,4.334942032919465,1989-05-01
12.93,17.09,0.75,3.3482629832131563,1989-05-02
12.48,20.47,5.48,3.564487010227943,1989-05-03
10.78,19.04,2.1,3.204770604309088,1989-05-04
9.83,22.23,0.0,4.611148700363857,1989-05-05
11.74,24.23,0.0,5.189270709172504,1989-05-06
11.73,28.15,0.0,5.638253046126849,1989-05-07
13.97,28.53,0.0,5.845832126394001,1989-05-08
14.79,24.72,0.0,5.003500265942723,1989-05-09
14.31,29.5,0.0,5.5295127562534585,1989-05-10
14.9,33.38,0.0,6.296347196563419,1989-05-11
17.02,33.49,0.01,7.650466735059203,1989-05-12
15.23,23.97,0.2,5.031228953679147,1989-05-13
15.38,24.51,0.3,5.1693206078800635,1989-05-14
13.11,22.95,0.0,5.602412018748945,1989-05-15
13.48,22.76,0.0,4.688272198554077,1989-05-16
13.03,23.69,0.09,4.774737607070481,1989-05-17
14.18,22.47,0.65,4.36970535231834,1989-05-18
12.43,25.42,0.0,5.122336673529915,1989-05-19
13.7,28.7,0.05,6.066339135750331,1989-05-20
15.65,27.18,0.0,5.1877026729383235,1989-05-21
15.05,27.34,0.0,4.9739082637137555,1989-05-22
16.56,26.33,0.0,5.485891160484808,1989-05-23
16.54,23.76,0.0,5.55137962939338,1989-05-24
16.48,24.53,0.0,3.640305757207606,1989-05-25
15.5,24.38,0.04,4.6038216993344685,1989-05-26
15.47,25.89,0.0,5.3600773886246795,1989-05-27
15.57,25.47,0.0,6.033659527232772,1989-05-28
15.5,30.28,0.01,7.48571521377901,1989-05-29
16.47,31.1,0.99,6.76896643253987,1989-05-30
17.61,26.69,1.82,6.293436079273346,1989-05-31
16.06,27.57,0.0,6.099726728615992,1989-06-01
16.64,26.67,0.45,5.6961615212792704,1989-06-02
16.25,27.01,0.45,4.460772515510286,1989-06-03
16.15,25.09,0.07,5.369586836196403,1989-06-04
14.44,23.64,4.25,3.859394158786136,1989-06-05
15.39,23.71,0.22,5.9943736603466204,1989-06-06
14.17,28.46,0.0,5.674266064999977,1989-06-07
16.47,31.13,3.8,5.5735793429235345,1989-06-08
19.85,30.67,0.0,6.447093478237304,1989-06-09
19.02,30.61,0.02,5.413583491869994,1989-06-10
18.06,26.6,0.08,6.121513751243933,1989-06-11
16.41,27.01,0.0,5.582009100687152,1989-06-12
15.93,28.7,0.0,5.659505305884173,1989-06-13
17.39,29.34,0.0,5.6624918193545914,1989-06-14
18.01,29.12,0.01,6.001966276667701,1989-06-15
17.74,32.61,0.0,6.368031122649844,1989-06-16
18.57,30.24,0.0,5.78359091818269,1989-06-17
18.19,24.92,0.14,4.56578135905687,1989-06-18
16.39,27.99,0.05,5.600224826717648,1989-06-19
18.23,25.99,2.49,4.323666796832661,1989-06-20
18.9,26.5,8.63,4.6562926359950305,1989-06-21
17.23,31.99,0.0,6.2310664812685,1989-06-22
20.61,33.87,0.02,6.050138866356988,1989-06-23
20.98,31.78,4.01,6.854640420911613,1989-06-24
19.15,30.02,0.0,6.566754307304408,1989-06-25
17.87,34.44,0.0,7.0325061444011245,1989-06-26
20.49,37.69,0.0,7.912137381909858,1989-06-27
20.97,31.22,0.05,6.912588352491664,1989-06-28
20.62,29.7,0.0,7.037678069022962,1989-06-29
19.04,29.39,0.0,6.324858339438677,1989-06-30
19.1,32.08,0.0,6.823623314685034,1989-07-01
20.7,33.79,0.71,6.350410178504282,1989-07-02
20.31,28.81,0.0,7.064986840649272,1989-07-03
18.73,31.98,0.0,6.534571745603108,1989-07-04
20.94,33.4,0.0,6.676712657933634,1989-07-05
21.23,32.99,0.0,6.628649969433086,1989-07-06
20.81,38.57,0.0,8.594794393699154,1989-07-07
24.1,37.62,0.01,6.755586847709861,1989-07-08
23.38,34.99,0.0,6.687037452093011,1989-07-09
24.57,35.67,1.31,5.96230904802867,1989-07-10
26.42,39.27,0.33,7.782127970481281,1989-07-11
22.95,28.73,0.79,5.78967158043237,1989-07-12
21.56,27.74,2.06,4.5023264141849735,1989-07-13
19.81,31.68,0.01,6.999746662049239,1989-07-14
20.14,31.3,0.0,6.686610298321828,1989-07-15
20.24,30.64,0.0,6.589861048550955,1989-07-16
19.06,31.48,0.0,6.738935773897911,1989-07-17
19.3,30.64,0.0,6.833923794094259,1989-07-18
19.46,32.17,0.0,6.7237512610944945,1989-07-19
20.05,35.44,0.0,6.786257052948339,1989-07-20
21.34,35.23,0.0,7.320219239792281,1989-07-21
21.97,35.99,0.0,8.386873673698862,1989-07-22
22.07,37.02,0.0,9.635314691213285,1989-07-23
24.06,39.11,0.0,10.85863677923136,1989-07-24
24.08,39.1,0.0,9.007776983297793,1989-07-25
23.42,32.95,0.0,8.0552142720345,1989-07-26
23.08,32.11,0.0,7.60677470859972,1989-07-27
22.52,32.22,0.0,7.051871076980902,1989-07-28
21.46,31.91,0.0,6.740257187995406,1989-07-29
21.2,34.39,0.0,6.306427471981986,1989-07-30
22.65,37.78,0.01,6.572062990393699,1989-07-31
22.13,34.84,0.0,7.824517631335277,1989-08-01
22.49,31.05,0.0,7.776848567236886,1989-08-02
20.65,30.37,0.0,7.326322340902426,1989-08-03
20.49,33.92,0.0,6.640253469512163,1989-08-04
23.5,36.8,0.39,9.255700259784508,1989-08-05
23.97,39.64,0.03,9.275690034097186,1989-08-06
23.68,36.14,0.0,6.19857831913497,1989-08-07
22.72,37.18,0.0,5.997338644542224,1989-08-08
23.71,33.82,0.0,7.211101267478453,1989-08-09
22.65,33.38,0.0,7.080884405136278,1989-08-10
22.81,39.46,0.0,7.59078228685456,1989-08-11
22.95,33.84,0.0,6.650065444935253,1989-08-12
23.39,35.54,0.0,6.815383466681795,1989-08-13
23.47,38.33,2.46,7.145104117474306,1989-08-14
25.24,37.35,3.05,6.579713579515707,1989-08-15
24.48,35.43,0.88,7.210436213868811,1989-08-16
25.55,35.12,0.81,7.034106937880585,1989-08-17
23.97,34.42,0.0,6.10055531662392,1989-08-18
23.2,35.54,0.0,6.083575832283617,1989-08-19
24.64,35.56,0.03,6.128171633498911,1989-08-20
24.38,34.72,0.01,6.345422012896173,1989-08-21
23.35,33.45,2.95,5.329587260528336,1989-08-22
23.33,29.0,5.78,4.665071420606717,1989-08-23
21.84,31.1,3.43,5.208251813221785,1989-08-24
21.76,31.85,1.09,5.594253771836463,1989-08-25
22.61,31.17,2.75,4.912281687303322,1989-08-26
22.34,33.49,0.01,5.613521465860974,1989-08-27
22.12,33.18,0.81,6.4162295534009095,1989-08-28
20.97,27.83,0.0,7.149823862145986,1989-08-29
20.0,28.18,0.0,6.243873074490103,1989-08-30
19.94,31.63,0.0,5.023524270431085,1989-08-31
21.84,29.12,23.04,3.758547991084775,1989-09-01
21.03,27.9,0.82,5.822222001398388,1989-09-02
19.22,29.58,0.0,5.429998539826846,1989-09-03
20.38,28.84,0.07,4.75338994025318,1989-09-04
21.61,26.6,0.14,4.215930710360913,1989-09-05
22.79,31.53,0.8,4.457829692646691,1989-09-06
23.42,34.23,0.61,6.263729837976625,1989-09-07
22.65,32.02,0.03,5.83761183595307,1989-09-08
21.68,29.79,0.0,5.472143903686249,1989-09-09
20.71,33.43,0.0,5.587150558428374,1989-09-10
22.33,32.89,0.0,5.821412490939313,1989-09-11
21.75,29.98,0.0,4.59199140624933,1989-09-12
21.34,30.32,0.01,4.322771747897124,1989-09-13
21.01,27.92,0.02,3.5330838762745493,1989-09-14
20.17,27.31,0.0,5.465566214247863,1989-09-15
18.98,28.34,0.0,4.751311405852582,1989-09-16
17.28,32.25,0.0,5.492394497638222,1989-09-17
20.76,31.72,0.47,5.923905243640645,1989-09-18
22.22,29.56,2.94,5.01074073561034,1989-09-19
21.43,29.21,1.8,4.523699521677153,1989-09-20
21.0,28.28,0.66,3.84196829385298,1989-09-21
21.23,28.5,1.5,3.5876860685382335,1989-09-22
20.77,28.96,2.52,3.8573556445516406,1989-09-23
19.05,28.53,0.09,4.2685251922870675,1989-09-24
18.94,28.84,0.02,3.8721349293716485,1989-09-25
18.53,30.33,0.22,3.8853972906242857,1989-09-26
20.25,27.45,1.5,4.80260764754521,1989-09-27
19.73,26.38,0.64,4.90100245285654,1989-09-28
18.07,26.15,0.1,4.68333765048598,1989-09-29
17.74,26.9,1.44,3.4931286581516026,1989-09-30
18.42,24.53,1.28,3.3660126903933176,1989-10-01
17.23,24.92,0.12,3.647550541179084,1989-10-02
16.79,25.73,0.1,3.729626334494433,1989-10-03
17.61,24.83,0.1,3.765535689388768,1989-10-04
15.98,23.96,0.0,4.201840957252175,1989-10-05
15.44,24.12,0.0,3.628906105985519,1989-10-06
14.65,25.16,0.74,3.3892055141291277,1989-10-07
17.22,22.85,11.25,3.3169511278378807,1989-10-08
17.05,20.13,5.14,4.280532969926045,1989-10-09
15.55,21.76,3.85,4.057341601134112,1989-10-10
14.47,22.91,0.0,3.670524003643269,1989-10-11
14.23,23.63,1.88,2.697843414478144,1989-10-12
17.87,22.17,3.65,2.168067957710372,1989-10-13
16.9,22.19,2.68,2.1077938831036924,1989-10-14
16.78,26.22,0.0,2.8969459156193125,1989-10-15
16.18,24.52,0.0,2.805866305392522,1989-10-16
16.55,23.62,0.0,3.5971229806780594,1989-10-17
15.29,24.2,0.19,2.6862419475185915,1989-10-18
17.06,26.4,0.82,2.783903524844708,1989-10-19
15.78,25.74,0.07,2.9657221699709035,1989-10-20
15.39,25.04,0.0,2.9807297210010057,1989-10-21
15.9,24.22,0.01,2.8371760454256743,1989-10-22
15.68,22.7,2.7,2.6188113620399234,1989-10-23
16.83,22.72,6.22,1.931990778585561,1989-10-24
16.18,24.63,0.24,2.439918249351846,1989-10-25
15.24,24.2,0.01,2.591159445150251,1989-10-26
12.64,25.61,0.0,3.2217496724826398,1989-10-27
13.6,27.35,0.0,3.521907846962268,1989-10-28
14.5,25.51,0.0,2.830530616559864,1989-10-29
16.81,24.28,0.0,2.972397186043707,1989-10-30
16.86,23.2,0.0,2.810854973451896,1989-10-31
15.49,23.57,0.0,2.5424387834557396,1989-11-01
12.75,27.56,0.0,2.870799699752696,1989-11-02
14.37,28.05,0.0,3.945927380355113,1989-11-03
15.08,19.96,0.21,1.865025711367052,1989-11-04
13.12,21.99,0.17,2.4610990818226406,1989-11-05
12.84,18.78,1.25,2.9753616056220493,1989-11-06
11.64,18.32,2.6,2.9414507801297725,1989-11-07
12.34,20.0,0.04,2.6737593981087198,1989-11-08
11.18,23.07,0.0,2.140175256581616,1989-11-09
13.3,21.68,1.82,2.051983697340581,1989-11-10
14.14,22.17,0.03,2.1100651108173625,1989-11-11
12.99,21.14,0.0,2.218372135533218,1989-11-12
12.83,20.12,0.0,2.122744979959501,1989-11-13
11.97,20.01,0.0,2.0842817337617596,1989-11-14
10.62,21.08,0.0,2.406712430177035,1989-11-15
11.26,23.23,0.19,1.8968104576946907,1989-11-16
14.07,23.21,0.45,2.513135430252318,1989-11-17
12.15,24.77,0.02,3.132597986560961,1989-11-18
14.0,18.62,2.24,1.171149410356064,1989-11-19
13.42,22.76,0.1,1.9704219173319484,1989-11-20
9.63,23.22,0.0,2.6345415049508114,1989-11-21
10.58,24.13,0.01,2.93561784693896,1989-11-22
13.84,22.37,0.4,1.6478396651795362,1989-11-23
16.47,25.95,0.01,2.984178957645776,1989-11-24
13.36,20.81,0.12,2.1122294689422816,1989-11-25
11.8,20.78,0.01,1.4841340758698705,1989-11-26
14.05,16.96,3.8,1.2063340852576816,1989-11-27
12.7,18.55,1.6,1.2849736983337483,1989-11-28
12.35,19.02,0.01,1.7810145217450384,1989-11-29
10.94,19.93,0.2,1.7826533508048408,1989-11-30
12.25,18.74,4.07,1.1516935935319983,1989-12-01
13.02,14.94,11.29,1.2771437187219281,1989-12-02
12.76,16.25,6.68,1.420459640058916,1989-12-03
12.48,19.07,1.47,1.15355079089317,1989-12-04
9.85,19.83,1.0,1.5458722592195124,1989-12-05
13.11,20.82,0.01,1.669196390739737,1989-12-06
12.24,22.72,0.2,2.0894595473678876,1989-12-07
13.61,20.21,0.46,1.6354894317486435,1989-12-08
13.96,19.08,4.89,1.7633292790791073,1989-12-09
12.56,18.22,1.72,1.429199045009369,1989-12-10
12.43,17.85,0.33,1.4842100217385659,1989-12-11
11.65,18.41,0.16,1.5541789573289582,1989-12-12
10.01,21.26,0.0,1.7645051856615561,1989-12-13
13.64,22.68,0.0,2.014965011365608,1989-12-14
13.26,24.76,0.0,2.4155216589752038,1989-12-15
12.82,24.84,0.0,2.0860566134260377,1989-12-16
11.76,25.07,0.0,2.5868232630661705,1989-12-17
11.35,25.44,0.0,3.791863979422463,1989-12-18
10.65,20.79,0.01,2.6418364785090103,1989-12-19
10.32,19.44,0.0,1.6448515925645049,1989-12-20
9.47,22.72,0.0,2.1816169241673053,1989-12-21
9.45,22.73,0.0,2.9525165937897637,1989-12-22
12.72,18.74,0.05,2.2090113380087804,1989-12-23
10.57,17.38,0.0,1.9725048028902967,1989-12-24
9.57,16.67,0.12,1.436464769415418,1989-12-25
9.44,17.69,0.0,1.406864087523999,1989-12-26
9.14,16.93,0.09,1.5164617660116058,1989-12-27
9.72,14.48,0.5,1.1056579948654588,1989-12-28
8.61,15.77,0.02,1.5598928815398576,1989-12-29
8.83,16.85,2.34,1.102810447287843,1989-12-30
12.79,15.3,9.44,0.7811414535338368,1989-12-31
9.9,15.35,0.35,1.7402310337269995,1990-01-01
9.24,15.08,0.35,1.7400627709461365,1990-01-02
8.67,16.7,0.37,1.4749835888221774,1990-01-03
9.22,16.45,1.52,1.5191708162476016,1990-01-04
11.54,13.86,5.66,1.1228393776785832,1990-01-05
10.93,14.89,4.54,1.3287355303070996,1990-01-06
7.95,16.03,0.08,1.3258788856098815,1990-01-07
6.7,18.01,0.16,1.741749680308265,1990-01-08
7.99,17.9,0.01,2.0691046586171717,1990-01-09
10.15,13.92,10.27,0.8610515516206564,1990-01-10
9.86,14.56,6.29,0.8726697146766816,1990-01-11
11.55,16.31,3.69,1.4206178634023885,1990-01-12
12.45,13.8,19.23,0.7097591989382607,1990-01-13
9.96,15.42,2.08,1.3904835633895605,1990-01-14
8.98,15.21,0.08,1.4896045705618526,1990-01-15
9.3,15.07,0.01,1.368770904615834,1990-01-16
9.18,15.73,0.02,1.4134006693608914,1990-01-17
7.25,15.4,0.13,1.3883982072565413,1990-01-18
8.74,14.92,2.29,1.4369585655296444,1990-01-19
8.3,15.2,0.36,1.7132566551079196,1990-01-20
7.89,14.38,0.01,1.6094185929287548,1990-01-21
10.51,14.83,0.92,1.4469936974923105,1990-01-22
10.02,12.18,5.83,0.8726301875927694,1990-01-23
9.03,15.14,0.33,1.1991061798620175,1990-01-24
9.09,17.37,1.98,1.7359493054318258,1990-01-25
7.65,18.86,0.04,1.9944035072699309,1990-01-26
9.74,19.25,0.02,1.8792587242641738,1990-01-27
6.1,16.81,0.0,1.94489960166982,1990-01-28
10.32,17.55,0.61,2.095386518538042,1990-01-29
12.34,17.46,0.99,2.4885778376533945,1990-01-30
11.04,16.27,0.0,2.0197071376315967,1990-01-31
9.35,17.35,1.02,2.1120931761343202,1990-02-01
10.12,15.11,2.01,1.5926444422922448,1990-02-02
9.51,18.15,0.26,1.6698697379442236,1990-02-03
7.15,19.3,0.0,1.9714579126313783,1990-02-04
9.63,18.04,0.0,1.7453550221992922,1990-02-05
8.61,19.73,0.0,2.3431631824233103,1990-02-06
8.9,18.82,0.01,1.5488825903804384,1990-02-07
10.6,17.43,0.01,1.7780225659076931,1990-02-08
8.99,18.48,0.04,2.0922888207594315,1990-02-09
10.1,17.32,1.23,2.4870667643663724,1990-02-10
6.46,18.16,0.68,2.182417945242149,1990-02-11
10.06,17.9,0.47,2.3814578197240093,1990-02-12
12.49,19.32,0.26,2.5813768765685476,1990-02-13
12.98,20.75,0.0,3.7691917694298245,1990-02-14
11.88,20.51,0.0,3.888442238075213,1990-02-15
12.89,19.33,0.0,2.8888113401510362,1990-02-16
11.66,20.7,0.0,2.6167365998924232,1990-02-17
10.07,23.38,0.0,2.901371560126671,1990-02-18
9.04,22.99,0.0,2.918120967438632,1990-02-19
9.98,20.38,0.0,2.3969342782064307,1990-02-20
8.26,20.35,0.0,2.421859282058258,1990-02-21
9.33,17.07,0.0,1.7720726879869877,1990-02-22
10.4,19.77,0.0,2.2857149745800744,1990-02-23
8.89,20.08,0.0,2.3737026440545037,1990-02-24
7.46,21.5,0.0,2.628655255744316,1990-02-25
7.91,22.65,0.0,3.4960651165261423,1990-02-26
11.97,20.58,0.0,3.3701278017717957,1990-02-27
11.81,21.05,0.0,3.4875525264960787,1990-02-28
10.23,24.76,0.0,3.725712323206791,1990-03-01
10.16,19.41,0.01,2.9934104459137023,1990-03-02
11.17,16.0,0.03,3.189193725766179,1990-03-03
8.5,16.09,1.48,2.458560396643256,1990-03-04
7.27,16.39,0.0,2.5955653808600143,1990-03-05
8.21,12.82,2.44,1.3372047464066528,1990-03-06
6.13,17.71,0.0,2.500409951311853,1990-03-07
6.16,21.79,0.0,3.5468073350816014,1990-03-08
9.89,20.98,0.8,2.8616080261820955,1990-03-09
10.93,19.07,0.01,2.854028426656186,1990-03-10
9.34,22.54,0.0,3.3131420700656364,1990-03-11
9.89,24.11,0.0,2.9121704948453435,1990-03-12
11.59,21.01,0.0,3.5039681429597502,1990-03-13
11.12,21.04,0.52,2.7368114657079863,1990-03-14
11.85,19.61,0.95,2.3803717838443794,1990-03-15
11.86,19.46,1.42,2.1979513882098125,1990-03-16
11.66,17.41,13.08,2.0969193093419536,1990-03-17
10.21,19.74,0.74,2.7488914640722246,1990-03-18
9.13,21.59,0.43,3.3720811248247955,1990-03-19
10.8,16.13,8.32,2.13011880001898,1990-03-20
9.67,19.44,0.0,3.43033621104529,1990-03-21
8.39,20.79,0.0,3.1777482501498353,1990-03-22
7.72,22.65,0.0,3.5543754456242085,1990-03-23
11.94,24.5,0.0,3.768727870079315,1990-03-24
13.12,22.43,0.91,2.877654955162294,1990-03-25
10.04,18.42,2.49,3.362306962278163,1990-03-26
9.07,16.51,1.15,3.6531135858016346,1990-03-27
8.61,16.31,0.56,3.436398956488001,1990-03-28
7.69,17.02,0.16,3.1928137342155405,1990-03-29
9.78,16.09,0.25,2.1230333651870343,1990-03-30
9.92,17.51,0.31,2.686894460085675,1990-03-31
8.91,19.63,1.23,2.883482508528599,1990-04-01
12.69,18.22,9.5,2.243842351901694,1990-04-02
10.91,18.61,0.91,3.03390612156824,1990-04-03
9.56,21.78,0.0,3.6774920397710855,1990-04-04
11.48,24.43,5.6,4.3087913530766215,1990-04-05
13.32,28.63,0.0,5.394447212122011,1990-04-06
11.97,24.17,0.79,4.1582999729175265,1990-04-07
13.08,27.48,1.01,2.994133425009937,1990-04-08
13.12,25.41,0.99,5.049156930630242,1990-04-09
13.28,17.61,2.05,3.572744799256429,1990-04-10
13.33,18.21,0.79,5.000428561820622,1990-04-11
12.84,18.9,3.81,4.253110133946686,1990-04-12
11.77,20.35,0.31,4.046119619764812,1990-04-13
9.84,24.49,1.09,4.307129524245857,1990-04-14
12.49,19.6,0.93,4.170753532970512,1990-04-15
12.06,18.74,0.54,4.776991415470553,1990-04-16
10.98,18.56,0.01,4.350059554589706,1990-04-17
9.73,17.81,1.28,3.518092518798906,1990-04-18
8.72,17.39,1.89,3.6792835309579086,1990-04-19
9.42,23.01,0.12,4.612470887926612,1990-04-20
9.82,21.23,0.02,3.7340685349420824,1990-04-21
11.43,19.86,0.39,3.253980223032698,1990-04-22
10.42,20.38,1.2,3.529170622466047,1990-04-23
11.15,17.25,4.65,2.3233680895880333,1990-04-24
11.08,15.28,22.47,1.6890749173493567,1990-04-25
10.5,19.91,0.01,3.8533631756020874,1990-04-26
10.18,21.66,0.0,4.25296653366183,1990-04-27
10.59,24.57,0.0,3.5460637421781556,1990-04-28
13.19,24.71,0.07,3.849704692291167,1990-04-29
13.18,16.44,17.34,2.489725428765175,1990-04-30
13.16,20.15,0.01,3.6005773902444944,1990-05-01
13.24,22.06,0.02,4.720937770629633,1990-05-02
12.61,22.92,0.0,4.381656442861539,1990-05-03
12.66,23.12,0.01,4.290425547683834,1990-05-04
11.1,23.65,0.0,4.799086381186385,1990-05-05
13.36,21.61,4.54,3.950368768809143,1990-05-06
13.2,21.4,8.98,2.750450717357011,1990-05-07
11.82,21.29,1.0,3.6053389236010247,1990-05-08
12.83,23.38,0.02,4.344520525772358,1990-05-09
14.78,26.41,1.46,5.678613230505879,1990-05-10
15.19,20.27,5.13,2.491396320604962,1990-05-11
16.21,23.1,5.18,3.4298695371768897,1990-05-12
14.76,22.47,1.15,2.8072897788521987,1990-05-13
12.45,25.25,0.0,4.91773417272567,1990-05-14
13.42,26.23,0.0,4.959871596630712,1990-05-15
15.34,23.2,0.0,3.9950641590245652,1990-05-16
14.56,26.91,0.0,5.137114793951132,1990-05-17
15.01,30.0,0.0,5.790692457450604,1990-05-18
17.53,30.18,0.07,4.378296998793837,1990-05-19
20.28,26.71,0.96,4.2079857236541764,1990-05-20
18.76,27.07,14.67,4.853377525985023,1990-05-21
17.67,27.55,2.03,5.167498771311282,1990-05-22
17.18,30.02,0.1,4.945125204234229,1990-05-23
17.57,26.16,0.0,5.236084814054737,1990-05-24
17.08,25.88,0.0,5.617407627112895,1990-05-25
15.87,26.82,0.0,4.633425236643865,1990-05-26
15.33,26.92,0.32,4.6552988670612425,1990-05-27
18.13,25.16,10.19,3.2501356622789883,1990-05-28
16.07,23.03,15.74,3.051340470878963,1990-05-29
14.97,22.8,0.33,4.61013105615584,1990-05-30
15.4,23.89,0.01,5.391316247790373,1990-05-31
14.71,26.6,0.0,5.952548181453767,1990-06-01
15.67,29.62,0.0,6.392095922987032,1990-06-02
16.01,29.78,0.0,5.994776437074222,1990-06-03
16.27,31.92,0.0,6.050198819941487,1990-06-04
19.99,33.11,0.03,6.636984674069238,1990-06-05
18.56,24.38,3.01,4.756198882372678,1990-06-06
17.15,24.37,0.05,5.5313508753159315,1990-06-07
16.07,29.45,0.0,5.9259501370433405,1990-06-08
17.81,34.12,0.0,6.656036949271237,1990-06-09
18.47,30.59,0.0,6.398455253449286,1990-06-10
17.64,27.43,0.03,5.587386507689278,1990-06-11
18.92,25.02,0.02,4.416308935079416,1990-06-12
17.53,26.04,0.0,5.895484621350454,1990-06-13
17.68,29.87,1.33,6.254603037254636,1990-06-14
19.12,27.88,0.03,5.869309779530158,1990-06-15
17.84,27.93,0.07,5.116063744620421,1990-06-16
19.81,30.89,0.01,4.523958176288408,1990-06-17
21.06,34.19,0.0,5.019220376946165,1990-06-18
21.29,34.3,0.0,6.296992498587329,1990-06-19
23.01,39.03,0.02,8.038826886899276,1990-06-20
21.38,30.06,0.15,6.26348506957216,1990-06-21
20.49,31.96,0.0,6.485832729671402,1990-06-22
20.35,32.37,0.0,6.53380567027906,1990-06-23
20.41,34.2,0.0,6.8902919708220525,1990-06-24
20.91,34.22,0.0,7.091110429991944,1990-06-25
20.23,32.13,0.0,6.628047925076801,1990-06-26
20.7,34.35,0.0,6.595771830958282,1990-06-27
21.61,34.1,0.0,6.502168329335792,1990-06-28
21.51,35.62,0.0,8.26400924789938,1990-06-29
23.04,39.72,0.0,7.828131835001314,1990-06-30
24.81,39.7,0.01,8.001224447222576,1990-07-01
22.95,31.22,0.0,7.679378763093139,1990-07-02
23.09,35.64,0.2,6.662587556214324,1990-07-03
20.91,29.24,0.0,7.517269362293495,1990-07-04
19.15,29.95,0.0,7.178393494013566,1990-07-05
17.65,30.54,0.0,7.01248919218734,1990-07-06
20.3,28.14,0.0,7.792392515058115,1990-07-07
20.44,28.72,0.0,7.034243312250102,1990-07-08
19.42,31.02,0.0,6.316854080645033,1990-07-09
20.12,33.27,0.0,6.6511601826337206,1990-07-10
21.3,29.4,0.01,7.789934168808101,1990-07-11
19.62,29.86,0.96,6.6172955790755745,1990-07-12
19.95,27.83,2.38,4.528240406963815,1990-07-13
19.19,29.27,0.0,5.991218186996823,1990-07-14
19.37,34.31,0.0,7.82720379338462,1990-07-15
21.71,34.42,0.0,6.919050718873394,1990-07-16
22.68,33.39,0.29,6.331192975488218,1990-07-17
22.94,33.83,0.02,7.160912325998087,1990-07-18
21.38,30.7,0.0,7.0057476245873636,1990-07-19
20.88,30.47,0.0,6.4257959329643795,1990-07-20
20.15,30.41,0.0,6.632990327329095,1990-07-21
20.17,32.23,0.0,6.7500799889218435,1990-07-22
20.53,34.03,0.0,6.628539969195422,1990-07-23
20.44,36.86,0.0,7.748535672499679,1990-07-24
22.39,34.1,0.0,7.75075853498771,1990-07-25
22.89,35.69,0.0,6.567874428881544,1990-07-26
24.51,39.5,0.0,8.015294511276783,1990-07-27
24.6,34.66,0.0,6.525396929270732,1990-07-28
23.64,37.49,0.0,7.900489512225991,1990-07-29
23.87,33.87,0.44,7.1472779099915975,1990-07-30
22.34,31.69,0.0,6.824198787521784,1990-07-31
21.87,32.24,0.69,6.256045419707755,1990-08-01
21.72,31.23,2.44,4.585808085941473,1990-08-02
23.14,29.3,2.02,4.789674309074165,1990-08-03
22.85,26.67,11.64,4.333823106423461,1990-08-04
21.83,30.67,3.46,5.063772938115382,1990-08-05
22.37,30.34,7.43,3.6517246405939594,1990-08-06
23.79,29.09,6.58,3.92039774136377,1990-08-07
21.63,34.5,1.54,5.839166869119063,1990-08-08
23.12,31.12,2.41,6.319593387730722,1990-08-09
21.81,30.38,0.03,5.687889610310619,1990-08-10
21.23,29.92,0.0,5.768947653603765,1990-08-11
21.5,31.53,0.02,5.6167453320982075,1990-08-12
20.46,32.75,1.14,6.445445235602287,1990-08-13
22.4,34.76,0.35,6.587352248680151,1990-08-14
22.77,35.31,1.12,4.7982875023389315,1990-08-15
22.89,31.91,0.59,6.002366032084446,1990-08-16
21.85,30.79,0.0,6.510861825398755,1990-08-17
22.6,31.16,0.04,6.824133146713679,1990-08-18
20.76,30.15,0.0,6.273993115251526,1990-08-19
20.64,32.12,0.0,5.551539279690919,1990-08-20
20.5,36.34,0.0,5.5731513973191795,1990-08-21
22.15,34.28,0.0,8.07047884147623,1990-08-22
22.33,30.1,0.12,6.16336811991674,1990-08-23
21.65,30.29,0.0,5.687022771701316,1990-08-24
19.5,32.43,0.0,5.301197090661379,1990-08-25
20.61,32.26,0.0,5.816625469723819,1990-08-26
21.73,30.19,0.14,5.779219895607365,1990-08-27
22.09,28.94,1.09,5.364027816185165,1990-08-28
21.29,30.62,0.08,5.256436896918261,1990-08-29
20.84,31.48,0.01,5.125575085097113,1990-08-30
21.88,36.4,0.04,6.875899957298797,1990-08-31
23.49,34.8,0.23,6.0104456893198615,1990-09-01
23.38,32.96,0.12,5.678837476934045,1990-09-02
21.93,29.54,0.64,5.870091105549651,1990-09-03
20.56,31.55,0.04,5.381635939878083,1990-09-04
21.8,32.13,0.01,5.281920929894388,1990-09-05
23.25,32.35,0.0,6.205611584593048,1990-09-06
21.06,32.86,0.0,6.05332649263873,1990-09-07
21.77,30.66,0.12,5.215588876725877,1990-09-08
22.17,31.28,0.54,4.780587475693877,1990-09-09
23.94,36.16,0.01,6.292322960371779,1990-09-10
23.24,32.43,0.73,6.726688256985577,1990-09-11
20.85,28.76,0.0,5.73473570456199,1990-09-12
19.82,29.59,0.0,6.254612788652663,1990-09-13
22.04,32.34,0.4,6.232814924353126,1990-09-14
22.75,32.63,0.25,5.6057223089568815,1990-09-15
21.45,28.65,0.9,4.217749818518095,1990-09-16
20.92,32.18,0.01,4.124900313174195,1990-09-17
21.75,31.48,0.02,5.20361026734648,1990-09-18
20.91,29.1,0.0,5.202756837723801,1990-09-19
20.16,32.13,0.0,4.1263696144573245,1990-09-20
20.95,33.16,0.01,5.7364501337075255,1990-09-21
21.6,28.53,0.17,4.620303725721383,1990-09-22
19.75,32.94,0.0,5.40661091648135,1990-09-23
22.66,33.34,0.01,6.825308311001649,1990-09-24
22.2,37.9,0.0,6.769089755860496,1990-09-25
23.74,33.43,0.01,6.10861058763116,1990-09-26
21.8,31.61,0.01,5.137686388940361,1990-09-27
20.49,27.21,2.82,5.035132623802468,1990-09-28
18.92,27.01,0.04,4.42012305212723,1990-09-29
17.82,30.4,0.01,4.639281810905123,1990-09-30
19.03,32.93,0.0,5.7971376572404445,1990-10-01
19.85,33.17,8.27,5.100048680903171,1990-10-02
20.48,32.3,1.33,4.90754187257584,1990-10-03
20.97,29.14,1.67,3.272542806876186,1990-10-04
19.12,25.83,2.34,3.3186206326991265,1990-10-05
17.23,27.21,0.07,4.333899376405692,1990-10-06
18.18,30.58,1.12,3.9061235283945503,1990-10-07
18.99,31.51,0.71,4.491091983420388,1990-10-08
20.28,26.98,7.23,2.2649189903763625,1990-10-09
21.05,28.33,1.53,3.48952732380136,1990-10-10
20.0,29.51,1.99,4.511462406810306,1990-10-11
21.28,32.85,0.23,5.9325795599124,1990-10-12
20.97,30.69,1.41,4.934024786553628,1990-10-13
20.85,28.72,0.06,4.06909000072056,1990-10-14
19.95,30.25,1.13,3.6135226482595284,1990-10-15
20.51,27.07,10.07,2.23979401287041,1990-10-16
20.11,27.54,1.73,2.61309971214245,1990-10-17
19.24,28.2,4.52,3.3241104216988697,1990-10-18
20.46,28.14,6.46,3.3945959137232387,1990-10-19
18.19,24.73,1.32,3.804791663051936,1990-10-20
17.05,26.28,0.61,3.0935899909112106,1990-10-21
16.99,29.63,0.0,3.8036891181024264,1990-10-22
18.96,24.5,0.52,2.986027955228707,1990-10-23
18.25,25.09,0.0,3.2344531928182163,1990-10-24
16.19,27.38,0.09,3.0219738009843224,1990-10-25
17.47,24.92,0.11,2.771880256761556,1990-10-26
16.25,24.38,0.4,2.7743584702515816,1990-10-27
17.42,21.84,1.69,2.1389940345161667,1990-10-28
16.05,22.8,0.69,2.2128849791195906,1990-10-29
17.09,25.96,0.02,3.4357218220868133,1990-10-30
15.7,28.1,0.0,2.774798432877523,1990-10-31
17.06,27.18,0.01,3.1960459632936233,1990-11-01
16.4,22.28,1.09,2.595348931832249,1990-11-02
16.65,21.85,3.07,2.1340134293889674,1990-11-03
16.08,19.84,0.75,1.9215133234760904,1990-11-04
13.02,19.81,0.11,2.8216278685922687,1990-11-05
12.93,20.46,0.07,2.1335121728399504,1990-11-06
14.82,20.14,0.06,2.249327336398041,1990-11-07
12.87,18.24,0.05,1.9312071174628365,1990-11-08
14.14,20.37,0.01,2.3312860782776763,1990-11-09
14.09,21.98,3.84,2.868856110555003,1990-11-10
16.35,21.76,2.56,2.7649543795094105,1990-11-11
14.98,17.95,23.42,1.276312268324926,1990-11-12
14.8,19.85,2.88,2.4777839673231283,1990-11-13
13.59,18.91,0.09,2.4736288984234505,1990-11-14
14.76,19.22,5.51,2.743186558558275,1990-11-15
13.61,17.6,13.07,1.895137838355676,1990-11-16
13.28,20.42,2.7,1.6274959943977823,1990-11-17
13.92,20.47,2.97,2.257946863736479,1990-11-18
16.06,19.37,3.13,3.107089426137996,1990-11-19
13.09,21.04,0.6,2.0538738715868368,1990-11-20
10.41,24.41,0.0,2.6532660784505424,1990-11-21
10.61,22.76,0.01,2.576301560351847,1990-11-22
11.96,18.23,3.22,1.7836049383647812,1990-11-23
10.82,17.93,0.51,2.4968754457286364,1990-11-24
9.08,22.7,0.0,3.554079526305337,1990-11-25
7.72,21.82,0.14,2.7764143176254605,1990-11-26
9.02,19.7,0.35,2.3513471139221327,1990-11-27
8.93,18.0,0.11,1.9224935249388408,1990-11-28
8.27,17.54,1.25,2.2303280273225314,1990-11-29
10.9,14.88,2.6,2.076674805750111,1990-11-30
10.2,15.2,3.22,2.5483260892728565,1990-12-01
9.46,13.34,13.3,1.7951697870125247,1990-12-02
10.52,14.84,4.97,2.215420450173728,1990-12-03
8.1,15.17,2.77,2.2172049303924397,1990-12-04
9.37,15.57,0.22,2.0099995991988324,1990-12-05
8.57,12.98,1.84,2.1442712648440425,1990-12-06
6.97,13.11,0.01,1.900415950919734,1990-12-07
4.6,18.02,0.0,2.3245319612724433,1990-12-08
7.54,20.21,1.9,3.178127433903716,1990-12-09
7.72,13.09,0.73,2.146498207716256,1990-12-10
4.76,13.63,0.42,1.860147439432952,1990-12-11
8.16,14.07,3.56,1.9096030180749577,1990-12-12
9.69,12.5,9.7,2.4185125542478967,1990-12-13
8.82,13.19,2.78,2.2474197785401926,1990-12-14
8.13,12.41,0.87,1.5102656169492112,1990-12-15
7.25,13.98,0.55,1.3367470525710419,1990-12-16
8.66,13.96,0.04,1.1439615123476157,1990-12-17
8.48,15.51,0.01,1.143069569921139,1990-12-18
6.39,16.59,0.0,1.3637685215654798,1990-12-19
8.11,15.12,0.12,1.0178964784113775,1990-12-20
8.58,15.77,0.03,1.121752031559276,1990-12-21
10.79,13.29,23.67,0.879162227553849,1990-12-22
9.29,16.8,38.04,0.7265105820001182,1990-12-23
7.42,12.37,3.63,1.025116387403398,1990-12-24
10.91,16.68,4.77,1.5478978996618507,1990-12-25
9.46,15.18,2.15,1.4638835571887983,1990-12-26
8.48,15.88,2.62,1.2641194456779805,1990-12-27
10.09,15.36,9.73,1.4121690292889355,1990-12-28
8.88,16.05,0.02,1.3439476782248514,1990-12-29
6.6,18.32,0.0,1.5125497744595726,1990-12-30
7.82,18.87,0.0,1.2127242304687973,1990-12-31
9.21,17.55,0.06,1.191679972560996,1991-01-01
9.09,14.94,0.0,1.7551246842498607,1991-01-02
8.68,15.8,0.0,1.2972458485199208,1991-01-03
6.21,17.7,0.0,1.2820715846623343,1991-01-04
9.96,14.37,0.04,1.770556086562139,1991-01-05
9.37,15.25,0.01,2.291100697510373,1991-01-06
6.08,16.3,0.01,1.7355364756432372,1991-01-07
6.27,16.39,0.4,1.434443716517224,1991-01-08
9.42,17.34,0.21,1.4255979638833618,1991-01-09
8.14,18.75,0.0,1.4265616726628023,1991-01-10
7.67,20.82,0.0,1.570875013612638,1991-01-11
7.54,20.06,0.0,1.5527802972731704,1991-01-12
8.76,15.87,0.87,1.0658596434138365,1991-01-13
7.88,12.64,6.69,0.9909825838228942,1991-01-14
10.16,15.78,1.87,1.466006566579607,1991-01-15
9.14,15.97,0.76,1.0336508753123517,1991-01-16
9.95,13.7,1.86,1.0685764837136453,1991-01-17
8.19,13.18,1.1,1.3656064843492555,1991-01-18
6.19,13.59,0.03,1.561710771241748,1991-01-19
6.0,13.3,0.43,1.2122698534587046,1991-01-20
7.66,11.76,1.28,1.0582229949263129,1991-01-21
7.3,12.87,3.67,1.1581124857134637,1991-01-22
7.84,12.85,11.7,0.9568045448586541,1991-01-23
6.6,14.87,0.55,1.2433527808483162,1991-01-24
7.44,15.42,0.83,1.3525410999579472,1991-01-25
11.73,15.06,21.9,1.0652684419789522,1991-01-26
10.95,14.83,14.53,1.1521077588786741,1991-01-27
10.36,13.68,0.87,1.7452890543166815,1991-01-28
7.76,13.75,0.44,1.5369349858372507,1991-01-29
7.35,14.5,0.03,1.4435502905027724,1991-01-30
7.22,13.35,0.1,1.3869518754076477,1991-01-31
7.44,13.42,0.14,1.4760873936923808,1991-02-01
5.91,13.91,1.03,1.6201171485242567,1991-02-02
7.73,13.41,5.49,1.199874963956672,1991-02-03
8.49,12.9,3.15,1.047797619065869,1991-02-04
7.7,11.6,7.47,1.215736753011825,1991-02-05
7.21,13.48,4.6,1.5599247590918592,1991-02-06
6.11,18.47,0.12,2.0932208853943166,1991-02-07
8.25,16.48,0.14,1.7101648690136628,1991-02-08
7.85,15.3,0.07,1.7459114863224214,1991-02-09
6.36,16.74,0.0,2.0494022534706398,1991-02-10
7.08,17.28,0.51,1.875783441476077,1991-02-11
6.74,12.1,0.07,2.1193864367587416,1991-02-12
6.59,9.2,1.91,1.019841969215679,1991-02-13
6.47,8.04,6.33,0.782084962310003,1991-02-14
7.11,10.16,10.42,1.8900512079428509,1991-02-15
5.1,13.09,0.12,2.260045871769724,1991-02-16
1.99,15.93,0.08,2.1901385127508792,1991-02-17
5.53,16.09,0.3,1.8776962604546255,1991-02-18
6.69,15.33,1.07,1.4479949834246963,1991-02-19
10.45,15.96,5.43,1.1718587235591182,1991-02-20
9.46,16.04,3.38,1.5148121630574716,1991-02-21
11.08,16.98,0.23,2.505816055534328,1991-02-22
9.23,15.74,0.01,2.34288235267451,1991-02-23
8.61,16.19,0.0,1.986060593739074,1991-02-24
7.66,17.37,0.0,2.0182125146096443,1991-02-25
7.57,18.39,0.1,2.056627843408525,1991-02-26
6.17,18.29,0.24,2.0265036534700256,1991-02-27
9.62,17.22,1.1,1.938915440694736,1991-02-28
9.4,17.64,0.13,1.8288153057337304,1991-03-01
10.37,15.11,4.38,1.1012687081551547,1991-03-02
9.9,17.59,0.54,1.7791154981316035,1991-03-03
9.87,19.33,0.07,2.38120856668248,1991-03-04
9.43,20.89,0.01,3.167686656054612,1991-03-05
10.14,21.67,0.0,3.707626171717631,1991-03-06
11.87,22.23,0.0,3.5388340490827837,1991-03-07
11.74,21.77,0.24,3.5943476487369486,1991-03-08
8.27,18.6,0.56,2.7940595634189367,1991-03-09
10.01,18.22,0.14,2.3393949359139783,1991-03-10
10.47,18.22,0.03,2.661730587108453,1991-03-11
8.82,20.01,0.0,2.657607443883925,1991-03-12
10.23,20.55,0.04,2.8944819427478574,1991-03-13
11.85,15.71,3.78,1.3585428608108543,1991-03-14
11.86,14.87,24.89,1.0634814517685143,1991-03-15
11.52,16.9,1.86,2.3368246650341264,1991-03-16
8.18,19.54,0.47,2.475176597306294,1991-03-17
11.23,15.12,2.53,1.8357579524834762,1991-03-18
10.71,17.89,2.27,2.483343851605168,1991-03-19
10.43,18.48,0.04,2.7450992722941683,1991-03-20
11.15,22.09,0.01,2.9260250525252394,1991-03-21
10.93,23.43,0.0,3.538554162291532,1991-03-22
10.7,24.13,0.0,4.767151684914951,1991-03-23
11.23,19.59,5.18,2.557517573006142,1991-03-24
8.77,20.2,0.65,3.549833060960279,1991-03-25
7.62,21.77,0.02,3.266002127961785,1991-03-26
9.62,18.79,0.01,2.600094960339718,1991-03-27
10.2,18.25,0.25,2.820405759955296,1991-03-28
8.58,21.49,0.0,3.1741663902690442,1991-03-29
9.88,18.4,1.98,1.4081962056653532,1991-03-30
12.55,15.38,9.88,1.511379265413025,1991-03-31
9.85,16.47,0.27,3.2688042233757413,1991-04-01
9.86,17.27,0.64,2.840170880535955,1991-04-02
8.88,17.69,0.4,3.1539253749318776,1991-04-03
8.41,19.08,0.11,3.3892027951414945,1991-04-04
8.65,17.27,7.73,2.94734828440714,1991-04-05
11.09,14.4,15.92,2.574279877777861,1991-04-06
11.8,18.02,1.58,3.4148632228055233,1991-04-07
11.49,18.25,0.43,3.6591801947265186,1991-04-08
10.36,19.69,0.0,3.387478746962989,1991-04-09
10.59,18.57,0.03,2.81379971856038,1991-04-10
10.27,21.02,0.02,3.4062325722057913,1991-04-11
9.3,17.49,0.01,3.4920551974204583,1991-04-12
7.31,20.21,0.22,3.428631309160931,1991-04-13
10.93,24.31,0.02,3.927521543996628,1991-04-14
13.03,20.87,0.2,3.422816530102841,1991-04-15
13.05,20.88,0.54,2.938634196291962,1991-04-16
11.76,21.2,4.29,2.9980108715037193,1991-04-17
10.96,17.87,1.53,3.7170358392144225,1991-04-18
9.31,17.27,0.34,3.567069981521843,1991-04-19
8.16,20.51,1.0,3.3350868654646573,1991-04-20
8.21,18.13,3.97,3.132305809066694,1991-04-21
8.84,13.35,2.76,2.3805133984301206,1991-04-22
7.44,16.57,0.0,3.49427680051288,1991-04-23
9.22,17.9,0.15,3.787512901608935,1991-04-24
7.86,21.4,6.96,3.4813184757882425,1991-04-25
10.33,18.81,12.56,3.9241467644745116,1991-04-26
9.41,18.12,0.84,3.662443405114312,1991-04-27
8.78,18.51,0.23,3.5280549482537187,1991-04-28
9.12,18.77,2.75,3.656102074073483,1991-04-29
10.58,19.08,0.26,4.100277675671932,1991-04-30
8.35,24.17,0.0,4.537214116744706,1991-05-01
11.95,28.05,0.0,5.8144005820168,1991-05-02
11.09,19.68,0.02,4.547846641552843,1991-05-03
9.52,20.68,0.0,4.030227729082594,1991-05-04
8.99,22.91,0.05,4.390615235746261,1991-05-05
11.51,25.23,0.78,5.682984498115244,1991-05-06
10.58,18.8,0.03,4.525169753467712,1991-05-07
9.35,25.96,0.0,5.599332973843284,1991-05-08
12.2,22.08,0.04,4.52188046663253,1991-05-09
11.46,21.75,0.04,5.1308794451421775,1991-05-10
10.04,21.23,0.0,4.139555738501266,1991-05-11
11.5,20.54,0.07,4.291836404162909,1991-05-12
10.98,17.48,2.68,2.6079739333330605,1991-05-13
10.6,16.82,1.55,2.5432354027385102,1991-05-14
12.7,21.64,0.07,4.959673565114423,1991-05-15
12.45,23.43,0.0,5.834611098780977,1991-05-16
11.81,18.98,0.01,4.904525378835027,1991-05-17
10.98,19.42,0.03,4.853004749578774,1991-05-18
11.34,19.82,0.05,4.589707920215699,1991-05-19
11.12,20.9,0.04,4.266911676541483,1991-05-20
11.75,21.73,0.21,4.273465869308425,1991-05-21
12.08,22.04,0.0,4.417179464476627,1991-05-22
11.12,23.22,0.0,4.512197507368308,1991-05-23
11.61,24.83,0.04,5.4999734515463725,1991-05-24
12.6,22.14,0.11,4.580057645559524,1991-05-25
11.56,22.94,0.0,5.118852266013366,1991-05-26
13.48,24.14,0.07,4.96160296705592,1991-05-27
12.84,24.09,0.0,5.2524450380413485,1991-05-28
14.76,25.82,0.06,5.701281749199605,1991-05-29
15.72,24.34,0.31,3.9231839520904774,1991-05-30
16.2,22.2,0.67,3.0570739107718357,1991-05-31
15.64,23.12,3.28,3.922886190809567,1991-06-01
15.64,21.58,5.43,2.4521804358864046,1991-06-02
15.25,23.68,2.11,3.550446220956027,1991-06-03
15.44,25.51,0.03,5.03556577986943,1991-06-04
13.91,29.46,0.0,5.622997734259664,1991-06-05
17.36,33.28,0.0,6.794052733725157,1991-06-06
18.6,33.55,0.01,6.585739271734493,1991-06-07
17.5,26.02,0.01,6.243186876075553,1991-06-08
16.17,25.39,0.0,5.931974156658661,1991-06-09
14.24,30.17,0.0,5.666944645605332,1991-06-10
16.78,26.76,0.0,5.888757972631505,1991-06-11
15.71,27.45,0.0,6.260114137850584,1991-06-12
15.07,29.82,0.0,5.883460440701231,1991-06-13
17.95,34.65,0.0,4.508406560741046,1991-06-14
19.74,33.58,0.0,7.174447441179536,1991-06-15
20.22,35.97,2.55,8.555350501506075,1991-06-16
20.13,34.64,0.58,6.3067021675598,1991-06-17
18.97,25.38,0.0,6.804433121195872,1991-06-18
17.85,24.53,0.0,5.4562906868175105,1991-06-19
15.69,25.16,0.0,5.585775938605636,1991-06-20
15.29,26.96,0.0,5.656469596264762,1991-06-21
16.32,27.97,0.0,5.490509671467219,1991-06-22
17.78,28.89,0.0,5.732411061040273,1991-06-23
16.57,30.36,0.0,6.189490932208899,1991-06-24
18.21,31.87,0.0,7.004416934060481,1991-06-25
18.98,34.59,0.0,6.914966761690071,1991-06-26
20.93,36.71,0.0,7.151673943074484,1991-06-27
18.9,28.79,0.0,7.614457116444082,1991-06-28
17.67,25.33,0.0,7.152548870274179,1991-06-29
16.25,27.18,0.0,6.1692739810125445,1991-06-30
16.28,26.66,0.0,5.729469883664074,1991-07-01
17.32,29.54,0.0,6.317193974844556,1991-07-02
17.03,32.07,0.0,6.8628952184259235,1991-07-03
19.83,34.69,0.0,6.642085037497435,1991-07-04
21.17,37.23,0.0,7.192601203742327,1991-07-05
22.07,36.22,0.02,7.263676648339168,1991-07-06
21.65,30.93,0.01,7.396598967912444,1991-07-07
20.85,31.06,0.06,7.429922791388576,1991-07-08
19.67,31.48,0.0,6.736733160308637,1991-07-09
19.55,29.6,0.0,5.260084204593417,1991-07-10
20.62,34.44,0.0,7.174483887123859,1991-07-11
19.65,34.27,0.0,6.737493501946877,1991-07-12
21.4,34.25,0.0,6.960359995361359,1991-07-13
21.03,33.36,0.0,7.873960652829878,1991-07-14
21.97,30.12,0.0,7.997951718879582,1991-07-15
20.98,30.65,0.0,7.1149335416551045,1991-07-16
19.62,33.52,0.0,6.902363200073258,1991-07-17
20.5,32.75,0.0,8.000968848833608,1991-07-18
20.82,31.73,0.0,6.735818203943049,1991-07-19
20.66,34.37,0.0,6.102469587189916,1991-07-20
22.04,36.71,0.0,6.8699066095857155,1991-07-21
23.52,40.32,0.0,7.0714419428567705,1991-07-22
23.89,36.96,0.0,7.2011398155711515,1991-07-23
24.67,37.4,0.0,7.427835540119027,1991-07-24
22.2,36.62,0.0,7.0681810240264955,1991-07-25
23.09,30.8,0.0,7.423121557065567,1991-07-26
21.53,29.26,0.0,7.674898827692728,1991-07-27
19.91,29.73,0.0,6.611418407683859,1991-07-28
19.73,33.96,0.0,6.153513277427845,1991-07-29
20.53,34.76,0.27,6.153400365348055,1991-07-30
21.96,32.34,0.01,6.578679887707101,1991-07-31
21.23,31.03,0.0,6.844317532105949,1991-08-01
21.27,30.59,0.0,7.427029863041336,1991-08-02
20.77,29.09,0.0,6.730773830727064,1991-08-03
20.43,31.99,0.0,6.4427239462228405,1991-08-04
21.1,31.61,0.0,6.393986336675855,1991-08-05
20.43,33.06,0.0,6.026008330244055,1991-08-06
21.78,34.46,0.0,6.644081834697881,1991-08-07
22.09,35.68,0.0,7.602406371276268,1991-08-08
22.12,35.29,5.08,6.904569988070879,1991-08-09
21.85,32.22,0.0,6.417809244047544,1991-08-10
21.76,36.27,0.0,7.442754729823069,1991-08-11
23.77,36.71,0.09,7.1035433279489,1991-08-12
23.5,29.74,6.85,5.242275513713987,1991-08-13
22.11,30.5,1.97,5.720505781069728,1991-08-14
21.08,31.97,0.02,6.147613283149623,1991-08-15
21.08,31.76,0.02,5.930539956833388,1991-08-16
22.1,32.48,0.05,5.452599027355832,1991-08-17
21.89,33.73,0.02,5.51362269694466,1991-08-18
21.1,34.27,0.0,5.83570347341829,1991-08-19
21.72,32.74,0.0,6.755426440586101,1991-08-20
21.53,35.36,0.0,5.857373312961717,1991-08-21
22.89,34.94,0.0,6.2606694353128445,1991-08-22
22.77,34.15,0.0,5.859731312051664,1991-08-23
22.09,35.97,0.0,6.4160191801376465,1991-08-24
23.56,35.51,0.0,6.362557277319548,1991-08-25
22.39,35.92,0.0,6.418344693616143,1991-08-26
23.73,36.65,0.0,5.960952584894383,1991-08-27
23.16,37.0,0.0,6.565797421656217,1991-08-28
22.74,36.63,0.0,6.458023982835723,1991-08-29
23.23,34.88,0.07,6.286031998842968,1991-08-30
24.47,32.76,0.21,6.321292833876931,1991-08-31
24.62,36.18,0.79,7.545815680049195,1991-09-01
24.44,31.42,2.03,5.324272534259746,1991-09-02
23.23,31.29,3.36,4.956451773345846,1991-09-03
23.13,29.02,4.28,4.278013331477015,1991-09-04
22.79,27.79,2.88,4.572548082095147,1991-09-05
22.5,31.03,4.01,4.837748212431258,1991-09-06
21.81,27.51,13.21,2.743281758366844,1991-09-07
21.43,27.74,7.55,4.284163819476093,1991-09-08
20.98,29.12,1.29,4.560274913312197,1991-09-09
20.67,31.6,0.34,5.009731477535822,1991-09-10
20.84,34.32,0.02,6.121144390016757,1991-09-11
21.8,32.74,3.23,4.939221494672809,1991-09-12
22.47,28.3,4.48,3.938427986394877,1991-09-13
21.85,26.61,5.87,3.685054374967964,1991-09-14
21.25,28.19,0.9,4.06689544836161,1991-09-15
20.53,27.35,4.24,4.031220877926786,1991-09-16
20.55,27.66,3.92,4.117458665379993,1991-09-17
20.18,28.61,1.5,4.087298904252034,1991-09-18
20.65,29.05,0.14,4.199564143454064,1991-09-19
18.94,30.48,0.0,4.9189385401799095,1991-09-20
19.69,33.31,0.18,6.238759249941768,1991-09-21
20.83,34.74,0.12,5.48170081351776,1991-09-22
23.11,29.13,0.17,4.945172441294182,1991-09-23
21.2,26.8,0.0,4.593477051940892,1991-09-24
20.02,31.08,0.0,4.890263307163778,1991-09-25
20.91,33.67,0.05,4.917173508541455,1991-09-26
21.45,28.82,1.09,3.8700218526872305,1991-09-27
21.78,26.96,0.91,3.543898554863395,1991-09-28
20.29,31.96,0.4,5.47119922125832,1991-09-29
19.17,29.8,1.94,4.02780018529829,1991-09-30
20.49,24.86,2.8,3.9786442654232252,1991-10-01
19.31,26.19,0.0,4.308576198200882,1991-10-02
18.82,26.11,0.0,3.9291775343563495,1991-10-03
18.65,27.08,0.0,4.296344974090979,1991-10-04
18.1,27.59,0.07,3.897587561390442,1991-10-05
17.36,27.4,0.21,3.5412850961077353,1991-10-06
18.04,24.08,0.49,3.8159550891337974,1991-10-07
15.85,29.5,0.01,4.125617436247251,1991-10-08
18.8,30.03,0.0,4.230374430637155,1991-10-09
18.83,31.46,0.0,6.249363538590763,1991-10-10
19.71,29.59,2.64,5.4493213659367585,1991-10-11
18.06,26.28,2.99,3.9215547613618047,1991-10-12
18.04,26.89,0.28,3.3406835932299845,1991-10-13
16.86,28.0,0.54,3.8076352073003026,1991-10-14
18.76,23.8,6.49,2.9448578515208026,1991-10-15
18.47,25.53,2.82,2.4915503262969696,1991-10-16
19.56,26.18,1.59,2.1704678088207427,1991-10-17
19.2,28.03,2.88,2.954705030863581,1991-10-18
17.89,26.15,2.77,2.916490089202496,1991-10-19
14.8,17.84,9.11,2.6052998455215257,1991-10-20
14.33,19.95,1.19,3.7610619730163535,1991-10-21
12.13,20.83,0.97,2.3207399161204707,1991-10-22
14.36,22.93,0.0,3.0570767051486936,1991-10-23
15.64,24.45,0.03,2.7520094396751067,1991-10-24
15.93,26.02,0.17,2.953572120226851,1991-10-25
15.7,27.33,0.19,2.5378604535639346,1991-10-26
17.15,23.5,1.71,2.1139660305170866,1991-10-27
15.59,18.89,7.6,1.0827219279914655,1991-10-28
14.57,21.87,0.77,2.4841323378159124,1991-10-29
15.25,20.12,0.43,2.90609045382017,1991-10-30
14.06,19.58,0.2,1.779126436739859,1991-10-31
15.12,20.86,0.45,2.4119244553451797,1991-11-01
15.41,22.52,0.04,2.1823562424107896,1991-11-02
12.1,23.53,0.0,2.6556927988750956,1991-11-03
12.78,26.5,0.0,3.0474279401485056,1991-11-04
14.77,23.17,0.23,3.140238482707905,1991-11-05
13.24,18.88,0.41,2.748201318261727,1991-11-06
13.44,18.03,3.97,3.8961310486185963,1991-11-07
14.04,19.35,0.54,3.423196611480722,1991-11-08
14.58,19.15,0.73,2.8864025300234344,1991-11-09
12.68,19.55,0.76,2.4486687807999106,1991-11-10
10.5,18.46,0.0,2.1781256195131995,1991-11-11
9.41,20.87,0.0,1.9354266231888742,1991-11-12
10.66,22.69,0.0,2.5338718301505656,1991-11-13
12.74,23.18,0.04,2.7909463677216473,1991-11-14
14.57,20.14,0.04,1.7140262756577271,1991-11-15
13.24,21.41,0.36,2.875716584313126,1991-11-16
15.05,17.35,1.22,2.922991439296397,1991-11-17
13.34,20.16,0.25,2.5535841761386466,1991-11-18
10.1,23.35,0.0,2.54173668145053,1991-11-19
12.1,20.34,0.77,2.3407902254507644,1991-11-20
9.55,16.12,1.13,1.8300730158336453,1991-11-21
8.41,17.07,0.32,1.8531039820252777,1991-11-22
10.71,15.91,46.18,1.9687820034789312,1991-11-23
11.16,16.35,4.31,2.6892835981007677,1991-11-24
9.36,18.46,0.09,2.1137773769156833,1991-11-25
9.24,20.03,0.0,1.9730740247889893,1991-11-26
9.78,20.23,0.0,1.650076627890639,1991-11-27
10.59,19.89,0.01,1.5927145308622057,1991-11-28
8.26,21.12,0.0,2.4255127623659583,1991-11-29
11.34,15.47,0.28,1.0040701965052057,1991-11-30
10.83,17.79,0.17,1.2824827198328195,1991-12-01
11.48,17.98,0.98,1.210807002473578,1991-12-02
11.27,14.33,28.69,0.7958994955988242,1991-12-03
9.91,15.89,0.41,1.068001112048713,1991-12-04
9.31,15.21,0.21,1.0534169908152604,1991-12-05
8.84,17.16,0.52,2.043477854271246,1991-12-06
9.26,11.71,0.05,2.7791967111662093,1991-12-07
7.84,14.83,0.0,1.956027117877998,1991-12-08
8.29,14.72,1.02,1.7998143542058482,1991-12-09
6.44,12.64,0.11,1.7061920245334004,1991-12-10
7.44,13.84,0.3,1.3911946292513167,1991-12-11
7.47,13.3,0.13,1.2445806189627449,1991-12-12
7.35,13.0,0.01,1.2129797530654813,1991-12-13
6.09,14.23,0.01,1.06062253835214,1991-12-14
6.37,14.62,0.13,1.1968646485122407,1991-12-15
5.29,15.91,0.01,1.2445712579537942,1991-12-16
9.01,13.61,0.07,1.0693433441728273,1991-12-17
7.56,14.7,0.08,1.2921780227149189,1991-12-18
12.88,16.19,0.35,2.6783218576361962,1991-12-19
12.57,18.04,0.3,3.333843460737008,1991-12-20
12.26,14.41,1.29,3.515702269981962,1991-12-21
13.55,15.34,2.44,2.2710333304090327,1991-12-22
13.42,17.77,0.18,2.0136598206508984,1991-12-23
13.04,16.35,0.95,2.6793684695837565,1991-12-24
9.64,14.38,1.69,1.8066325201005793,1991-12-25
8.21,13.33,0.0,2.3472435153117077,1991-12-26
7.37,15.77,1.31,2.4827708581513037,1991-12-27
8.73,14.9,0.62,1.7567714472838973,1991-12-28
7.89,12.45,0.31,1.7616249546245202,1991-12-29
6.52,13.1,0.17,1.4019535236328518,1991-12-30
6.0,14.77,0.02,1.492539386940721,1991-12-31
9.55,14.97,0.01,1.3284365518025019,1992-01-01
8.4,14.98,0.0,1.218861573132482,1992-01-02
4.95,14.88,0.0,1.1518750671622593,1992-01-03
5.23,15.41,0.0,1.2485690559506475,1992-01-04
8.43,14.59,0.0,1.1018016569802356,1992-01-05
6.41,13.8,0.01,0.9316663688424369,1992-01-06
6.9,14.61,0.0,1.122544471995239,1992-01-07
3.1,16.48,0.0,1.730843927326616,1992-01-08
3.17,16.53,0.0,1.7663067148533609,1992-01-09
5.97,17.87,0.01,1.818020472138345,1992-01-10
7.47,17.81,0.0,1.9288827684301306,1992-01-11
6.9,17.05,0.0,2.0121924000105227,1992-01-12
7.28,16.02,0.05,1.0906415142426644,1992-01-13
8.56,15.02,0.17,1.007638489469607,1992-01-14
8.61,14.78,0.15,1.0323758051449228,1992-01-15
8.44,13.8,0.03,1.0686062472582265,1992-01-16
5.93,15.18,0.01,1.1379087111297628,1992-01-17
8.52,12.96,0.47,0.9910030542224967,1992-01-18
7.69,14.23,0.85,1.3823293234457548,1992-01-19
7.37,14.33,0.87,1.4471239447994027,1992-01-20
7.67,12.68,1.69,1.013020536127387,1992-01-21
6.32,16.39,0.44,1.5849216934475088,1992-01-22
6.3,16.89,0.0,2.088683026270101,1992-01-23
6.5,16.25,3.52,1.3678414225561841,1992-01-24
6.52,15.62,1.91,1.6996610501680116,1992-01-25
5.92,15.05,0.1,1.5358904731099778,1992-01-26
8.82,12.33,28.3,0.7811009575137167,1992-01-27
10.45,14.21,26.6,1.3188779360472913,1992-01-28
8.04,13.26,2.88,0.9822980974892531,1992-01-29
7.11,13.82,0.07,1.5577182092695463,1992-01-30
6.29,14.72,0.06,1.5546339209114814,1992-01-31
8.02,14.21,0.76,1.3205445372077915,1992-02-01
6.02,13.74,0.83,1.6326615771677653,1992-02-02
4.44,13.74,0.0,1.5277686222972982,1992-02-03
6.89,16.17,0.21,1.9814563546517403,1992-02-04
9.09,14.49,0.33,1.8205424400946124,1992-02-05
8.64,15.44,0.23,1.4384659649145926,1992-02-06
5.67,17.93,0.0,1.756664809697115,1992-02-07
6.55,17.0,0.11,1.6270988967190536,1992-02-08
7.02,16.7,0.02,1.7260505488095736,1992-02-09
5.36,17.33,0.0,1.799303154881172,1992-02-10
7.63,18.43,0.15,1.7702206935300302,1992-02-11
7.5,18.72,0.0,1.8662304069631905,1992-02-12
9.0,21.0,0.26,3.09907237671321,1992-02-13
10.31,14.43,1.98,2.7847812399757883,1992-02-14
7.94,16.07,0.03,2.1612005450927017,1992-02-15
6.01,17.2,0.0,2.013783016920447,1992-02-16
8.7,15.32,0.0,2.5522228146500012,1992-02-17
8.53,13.85,0.01,2.6911243128886464,1992-02-18
7.58,9.71,3.37,0.9282008388130116,1992-02-19
9.11,11.72,23.85,0.8499109819749389,1992-02-20
7.25,11.37,14.53,1.3313394346162022,1992-02-21
6.39,13.54,0.03,2.3253287540985954,1992-02-22
5.83,14.52,0.0,2.2924144549031644,1992-02-23
4.23,16.35,0.0,2.048668158150425,1992-02-24
6.04,18.06,0.05,1.9132646528251958,1992-02-25
7.45,17.06,1.14,1.8744680305166332,1992-02-26
9.01,16.22,1.98,1.7347486104609129,1992-02-27
9.64,13.62,9.48,0.9276067946089449,1992-02-28
8.36,15.53,2.03,1.550370666010322,1992-02-29
6.87,17.12,0.03,2.067293798325318,1992-03-01
8.82,15.75,0.09,1.35787373963322,1992-03-02
10.8,17.2,0.01,1.4670734199887252,1992-03-03
11.26,16.68,0.05,1.3629255293788458,1992-03-04
12.75,18.02,0.26,1.7889829610476873,1992-03-05
11.33,18.92,0.02,2.0942557126684647,1992-03-06
10.9,18.5,0.04,1.6480689230809542,1992-03-07
10.28,16.46,0.52,1.1930228800131135,1992-03-08
9.43,16.84,3.23,1.36780061342321,1992-03-09
10.83,15.22,6.96,1.5088415320594077,1992-03-10
8.49,14.86,1.52,2.0465618755728556,1992-03-11
7.75,15.0,2.16,2.29183140225443,1992-03-12
8.27,16.44,0.06,2.6537130329024894,1992-03-13
7.14,17.92,0.0,2.8690015364764143,1992-03-14
10.98,17.25,1.16,2.707744569729655,1992-03-15
11.9,17.11,1.09,3.228482417379579,1992-03-16
9.02,17.81,0.28,2.921575901008121,1992-03-17
7.94,16.1,0.0,3.0133184087058633,1992-03-18
7.61,17.65,0.03,2.8845669895158075,1992-03-19
8.03,17.41,0.33,2.3657404232653336,1992-03-20
9.63,18.89,0.32,3.0359027895002946,1992-03-21
11.25,17.59,0.0,3.078255534401416,1992-03-22
12.28,19.24,0.02,4.0266526662509925,1992-03-23
9.66,24.4,0.03,4.997516237699136,1992-03-24
9.51,16.86,0.3,2.7287748582760836,1992-03-25
8.86,14.84,0.61,2.924840032227443,1992-03-26
7.79,14.79,1.93,2.8400508535441484,1992-03-27
8.36,13.42,4.79,2.7093092252019586,1992-03-28
9.06,16.57,1.83,3.057838314850087,1992-03-29
7.55,19.43,0.0,3.6366754855562986,1992-03-30
8.13,24.77,0.15,5.433950777050455,1992-03-31
9.16,17.53,0.15,3.528993502708647,1992-04-01
8.17,21.14,0.0,4.087002896373849,1992-04-02
8.85,26.49,0.0,5.170512119148315,1992-04-03
11.5,25.59,0.0,6.247878815248136,1992-04-04
11.57,22.63,0.03,3.8438909970356963,1992-04-05
11.1,16.29,3.79,2.079258928658804,1992-04-06
10.23,17.83,0.33,3.1790013013395084,1992-04-07
10.21,18.28,4.39,3.3416998936851243,1992-04-08
9.95,16.24,4.9,2.7982142816718643,1992-04-09
10.78,16.47,5.74,2.6151668872954295,1992-04-10
11.41,17.06,3.73,3.268763974279239,1992-04-11
9.5,18.51,0.77,3.350465108384759,1992-04-12
8.2,19.96,0.32,3.6713811223898642,1992-04-13
8.68,20.18,0.0,4.1298626699980865,1992-04-14
6.64,22.41,0.0,4.091519454091481,1992-04-15
9.68,17.04,7.1,2.5653337690186127,1992-04-16
8.29,12.11,3.11,2.8397924962509586,1992-04-17
8.8,14.88,12.05,2.6971415284461298,1992-04-18
9.79,17.66,0.12,4.037326124198308,1992-04-19
11.17,20.31,0.01,3.9700258427698696,1992-04-20
8.74,24.05,0.0,4.496140290119906,1992-04-21
11.06,25.46,0.0,4.900263398596728,1992-04-22
11.52,23.13,0.02,4.110871960743255,1992-04-23
10.88,27.49,0.16,5.177421864398916,1992-04-24
15.37,29.14,0.01,5.974307817491271,1992-04-25
16.56,25.54,1.36,4.152685023390001,1992-04-26
14.84,27.51,0.02,4.639241932047748,1992-04-27
14.27,28.8,0.27,4.718721830242022,1992-04-28
12.0,25.84,3.04,5.337057814238426,1992-04-29
11.48,17.53,4.37,4.544594829899517,1992-04-30
11.02,15.66,9.03,2.292620155863767,1992-05-01
9.76,18.42,0.32,3.3240951482462258,1992-05-02
10.54,21.81,0.0,3.7938725194608476,1992-05-03
12.99,21.78,1.2,3.257678657597968,1992-05-04
12.97,19.81,1.71,2.717533227332492,1992-05-05
13.71,22.74,1.55,4.35702904030258,1992-05-06
12.48,21.72,0.17,4.626791892223598,1992-05-07
12.02,23.54,0.3,4.5782414236841085,1992-05-08
11.73,24.0,0.16,4.82023620643676,1992-05-09
11.52,23.02,0.0,4.651452688427157,1992-05-10
11.6,25.61,0.0,4.765966554900714,1992-05-11
13.45,24.83,0.0,4.989066301251823,1992-05-12
13.13,25.82,0.0,4.727997411690807,1992-05-13
14.5,26.38,0.0,4.807002972965085,1992-05-14
13.96,25.13,0.0,4.654575417329037,1992-05-15
13.87,24.89,0.0,4.819364180308948,1992-05-16
13.18,27.67,0.0,5.16606754645447,1992-05-17
14.75,26.76,0.0,5.376493736467718,1992-05-18
15.86,23.86,2.2,3.8081988088533,1992-05-19
13.91,26.07,5.15,4.808083221586709,1992-05-20
15.67,25.84,2.58,4.836353164313077,1992-05-21
15.56,27.98,0.26,4.947027802326648,1992-05-22
17.82,24.99,6.12,2.419284950566823,1992-05-23
15.54,24.39,11.89,3.0016964697309705,1992-05-24
16.11,18.4,13.38,1.6744632129479438,1992-05-25
15.78,21.97,15.66,3.4828985973231577,1992-05-26
14.38,27.38,0.19,5.5124449643427536,1992-05-27
16.76,30.05,0.14,6.030326009768967,1992-05-28
17.32,31.75,0.01,6.021568337348608,1992-05-29
19.17,34.61,0.0,7.367823854571453,1992-05-30
20.57,34.38,0.0,8.177526944415073,1992-05-31
18.96,30.47,0.0,6.2443604602710145,1992-06-01
18.47,25.67,0.08,6.079645147977904,1992-06-02
18.23,26.62,0.0,5.666282041671282,1992-06-03
15.97,23.74,0.1,5.05252705823883,1992-06-04
15.55,26.8,0.0,5.666683212387039,1992-06-05
15.31,31.61,0.0,7.45130561808079,1992-06-06
17.78,30.29,0.0,6.596962913335145,1992-06-07
16.63,25.89,0.0,6.392186244810653,1992-06-08
14.7,29.14,0.0,6.0882280291303115,1992-06-09
16.96,25.18,0.58,3.8227128484626545,1992-06-10
16.2,22.99,0.57,5.693473759878841,1992-06-11
17.35,24.9,1.57,5.110844051702669,1992-06-12
17.31,28.94,0.02,5.671147373927732,1992-06-13
17.34,31.47,0.0,7.418085106805188,1992-06-14
18.23,29.6,0.0,7.0536198436629185,1992-06-15
17.48,26.82,1.06,5.126265469878819,1992-06-16
16.76,25.53,1.14,5.360959520198088,1992-06-17
16.8,25.23,5.1,4.935025394281118,1992-06-18
18.06,25.32,7.41,5.1168920740175885,1992-06-19
16.48,31.42,0.08,5.679585503830998,1992-06-20
19.42,34.85,0.0,8.575952862073326,1992-06-21
19.89,34.28,0.45,7.8652539194898035,1992-06-22
18.36,27.19,0.0,5.686886211760165,1992-06-23
17.61,30.23,0.0,6.2146237512711595,1992-06-24
18.72,25.64,0.0,6.15342126839609,1992-06-25
17.41,26.32,0.0,6.177875651457186,1992-06-26
16.48,26.86,0.0,5.991385442251745,1992-06-27
17.11,26.96,0.0,5.765700614385795,1992-06-28
17.17,27.7,0.0,5.569192420046633,1992-06-29
18.4,27.99,0.0,5.845130249077835,1992-06-30
18.25,27.23,6.41,3.1654103843348365,1992-07-01
18.77,24.86,9.25,3.165723950445663,1992-07-02
18.13,26.21,0.0,5.873758647174806,1992-07-03
16.72,30.8,0.0,6.456276352148335,1992-07-04
19.15,29.97,0.04,6.3920593499291725,1992-07-05
18.94,28.04,0.02,5.269798991987878,1992-07-06
19.67,27.57,0.01,5.3619549364043175,1992-07-07
18.77,26.63,0.12,5.324474564411953,1992-07-08
19.81,27.74,0.0,5.517486865602517,1992-07-09
17.89,28.54,0.0,5.994819864405777,1992-07-10
19.18,28.86,0.0,4.809526903979014,1992-07-11
18.3,27.89,0.0,6.293800548524135,1992-07-12
18.11,28.69,0.0,6.4191663910205365,1992-07-13
17.55,28.49,0.0,6.081603325981515,1992-07-14
18.13,29.98,0.0,6.083125011827848,1992-07-15
17.8,32.6,0.0,6.784538017888494,1992-07-16
19.08,32.66,0.0,6.591717058509007,1992-07-17
19.12,31.35,0.0,6.3787261288982995,1992-07-18
19.54,31.25,0.0,6.1706372225611394,1992-07-19
19.57,33.6,0.0,6.552391920516325,1992-07-20
21.2,34.68,0.0,7.167254397005931,1992-07-21
22.46,32.74,0.17,6.073526240448661,1992-07-22
21.84,32.0,1.21,5.926174294324399,1992-07-23
21.37,32.51,0.0,5.939472940021507,1992-07-24
21.46,33.12,0.0,5.985209131120319,1992-07-25
22.04,33.0,0.0,6.209703745896606,1992-07-26
21.32,33.84,0.0,6.431339388475297,1992-07-27
22.49,32.87,0.04,6.265049577854561,1992-07-28
21.63,33.38,0.02,5.894531199401025,1992-07-29
22.54,35.52,0.25,7.16863720976082,1992-07-30
22.88,36.55,0.0,7.682238999597894,1992-07-31
22.85,35.13,0.0,7.023374460260019,1992-08-01
22.43,35.33,0.0,6.399274212131548,1992-08-02
22.34,36.39,0.0,6.735920928977663,1992-08-03
23.76,35.34,0.0,6.719900706851851,1992-08-04
24.17,34.75,0.05,6.583960826829729,1992-08-05
23.99,33.51,0.23,6.137296151154834,1992-08-06
23.5,32.71,0.31,5.473443370888856,1992-08-07
23.53,35.19,0.11,6.91081692210281,1992-08-08
23.55,37.11,0.01,7.582725218935614,1992-08-09
24.33,31.84,0.14,6.835463883875154,1992-08-10
22.62,31.83,0.0,6.750180643719696,1992-08-11
22.15,33.62,0.0,6.339022895185461,1992-08-12
21.32,33.97,0.0,6.71829969646568,1992-08-13
22.07,32.72,0.0,6.943600204751842,1992-08-14
21.49,34.39,1.71,5.977827667328602,1992-08-15
22.03,30.42,0.46,6.513370962553784,1992-08-16
20.9,30.92,0.0,5.725073793626212,1992-08-17
20.6,31.51,0.0,5.578010703937663,1992-08-18
22.43,31.86,0.0,5.760123103740713,1992-08-19
21.67,32.35,0.0,5.4097745182287325,1992-08-20
20.51,33.98,0.0,6.100968986736385,1992-08-21
20.68,35.21,0.0,6.167153488409257,1992-08-22
22.99,36.78,0.0,6.293022880674476,1992-08-23
22.19,36.03,0.0,7.128742496757734,1992-08-24
22.78,35.07,0.0,6.351029582688496,1992-08-25
22.07,35.59,0.0,5.704365926719691,1992-08-26
23.49,34.77,0.02,5.987990285881642,1992-08-27
23.1,36.5,0.06,7.098084935667715,1992-08-28
24.09,39.58,0.18,8.735561549331157,1992-08-29
23.48,30.74,0.0,6.9376955818033395,1992-08-30
22.68,34.1,0.0,5.515751372463181,1992-08-31
22.08,29.99,0.0,6.752905770927103,1992-09-01
20.2,27.37,0.0,6.473382192995828,1992-09-02
19.39,28.76,0.0,5.746939554068005,1992-09-03
20.89,28.58,0.0,6.2361665999128055,1992-09-04
19.78,27.48,0.06,6.709970980698301,1992-09-05
18.46,28.08,0.0,5.642807231752198,1992-09-06
18.12,30.98,0.0,5.29346550820697,1992-09-07
19.27,32.77,2.98,5.443800735274758,1992-09-08
21.01,33.09,1.27,6.497223374287383,1992-09-09
21.43,34.19,2.78,6.717248421197545,1992-09-10
21.81,34.39,3.39,5.111888071922029,1992-09-11
22.82,33.87,0.02,5.391453768840399,1992-09-12
22.41,30.91,1.02,4.6076674162790825,1992-09-13
21.0,31.29,0.06,4.293494024424707,1992-09-14
20.95,31.29,0.03,4.660852266678099,1992-09-15
20.22,30.59,0.0,4.833666131566686,1992-09-16
21.17,31.48,0.0,4.743237548788733,1992-09-17
20.33,31.62,0.16,4.204877302860666,1992-09-18
21.23,28.04,1.81,4.068748837633739,1992-09-19
21.07,29.23,1.78,4.184966706975946,1992-09-20
20.88,28.75,1.61,4.978686356867103,1992-09-21
20.2,29.73,1.02,4.999785572214614,1992-09-22
19.75,29.43,1.62,3.9767660395992404,1992-09-23
20.95,27.22,1.42,3.796091554033779,1992-09-24
19.89,32.68,1.42,4.553424076525119,1992-09-25
22.04,32.24,1.7,5.930552341790033,1992-09-26
22.84,30.11,2.25,5.014726202902266,1992-09-27
21.61,27.39,2.25,3.4518030238860336,1992-09-28
20.03,28.05,0.05,3.7611613668967427,1992-09-29
19.03,27.42,0.19,3.777711472657362,1992-09-30
18.78,28.22,0.0,4.494001044640791,1992-10-01
18.71,27.19,0.01,3.8081233475691985,1992-10-02
17.26,26.05,2.8,3.3060633541239492,1992-10-03
17.06,29.93,0.89,6.795379813749919,1992-10-04
14.6,25.22,0.17,4.571035099161455,1992-10-05
15.14,27.53,0.21,4.139902829440961,1992-10-06
15.76,28.31,0.0,3.9372999698329703,1992-10-07
19.46,26.36,0.91,2.8836901315903987,1992-10-08
21.37,30.22,1.42,4.23906109054297,1992-10-09
20.18,24.81,2.33,2.384179957968558,1992-10-10
18.79,24.72,0.83,3.460971057026868,1992-10-11
17.33,26.65,0.65,3.5335750554922942,1992-10-12
16.96,25.38,7.37,3.2337823971881434,1992-10-13
14.78,22.93,4.58,3.66517238868483,1992-10-14
16.96,22.91,3.06,3.798672967185715,1992-10-15
14.36,28.57,0.0,4.41895860504378,1992-10-16
17.52,30.28,0.14,4.905964939903252,1992-10-17
17.72,25.28,0.0,4.007152953573886,1992-10-18
17.24,27.49,0.0,3.682839738699785,1992-10-19
18.26,31.91,0.0,4.266792660360497,1992-10-20
18.15,29.59,0.0,4.179521539593887,1992-10-21
15.0,19.75,3.46,2.106711368346125,1992-10-22
14.58,20.01,6.12,3.250740223142891,1992-10-23
16.0,22.66,1.33,3.5787831999495308,1992-10-24
16.69,23.7,2.87,3.0743253146180822,1992-10-25
12.75,25.8,0.0,2.9517609134838656,1992-10-26
13.89,26.62,0.0,3.0249952010839487,1992-10-27
14.49,27.3,0.0,2.5956747292444753,1992-10-28
15.05,26.77,0.0,2.6127332783279664,1992-10-29
14.68,28.44,0.0,2.9705612071949092,1992-10-30
15.16,26.68,0.01,2.777776226278109,1992-10-31
16.42,22.38,0.01,2.4546341919288213,1992-11-01
13.04,19.17,7.84,2.5597135404550158,1992-11-02
13.1,18.54,8.25,1.5906821319626252,1992-11-03
15.81,20.3,4.41,1.2744588635608605,1992-11-04
15.15,21.37,4.15,1.173363220585627,1992-11-05
15.61,21.74,0.51,1.4070918605932232,1992-11-06
15.23,24.2,0.06,2.1657540050740094,1992-11-07
13.55,23.24,0.0,2.206310241605088,1992-11-08
13.98,25.48,0.09,2.064847737911395,1992-11-09
15.42,23.92,0.47,1.7768597839573834,1992-11-10
14.84,23.29,0.16,2.172420824688948,1992-11-11
14.18,21.72,1.01,2.53336609926933,1992-11-12
14.78,19.75,0.05,3.2495037342656072,1992-11-13
14.19,21.67,0.45,2.8682847068657424,1992-11-14
13.12,23.9,0.02,2.959968840591059,1992-11-15
12.26,23.01,0.02,2.6597812762661914,1992-11-16
14.57,18.6,2.54,2.1535999289365777,1992-11-17
12.76,15.55,6.57,3.037692730570611,1992-11-18
12.82,18.1,3.62,2.6543618755722296,1992-11-19
16.15,20.44,1.27,3.0843921204256493,1992-11-20
14.11,20.84,0.06,2.6450463244841926,1992-11-21
13.58,21.0,0.0,2.3947011667713247,1992-11-22
13.81,21.4,0.0,2.172781946165527,1992-11-23
11.86,21.21,0.0,1.5234647140099071,1992-11-24
9.6,22.76,0.0,2.136374127766577,1992-11-25
10.62,21.78,0.0,2.0172220213184633,1992-11-26
11.4,21.49,0.0,2.123491934514491,1992-11-27
12.24,20.5,0.0,1.7222768570791662,1992-11-28
10.98,21.58,0.0,1.7903107557542293,1992-11-29
11.4,18.07,0.0,1.1402534253104537,1992-11-30
11.17,20.15,0.0,1.536926383576249,1992-12-01
7.34,21.92,0.0,2.541700023439322,1992-12-02
7.47,21.91,0.04,2.803606716566541,1992-12-03
11.82,21.18,0.02,2.059494577007444,1992-12-04
11.8,23.1,1.64,3.832652879699593,1992-12-05
13.26,16.88,0.25,3.2085110257628626,1992-12-06
12.36,20.09,0.19,2.410991853036398,1992-12-07
10.95,14.89,4.49,1.6658544440967178,1992-12-08
9.6,13.46,6.26,1.3120477993782658,1992-12-09
11.39,15.65,1.18,1.8654485876099567,1992-12-10
9.49,15.88,1.0,1.3413952015578627,1992-12-11
11.42,16.47,0.31,1.6162400724640043,1992-12-12
11.42,17.51,0.92,2.301517523782555,1992-12-13
9.14,18.08,0.16,1.417395487898849,1992-12-14
7.02,18.57,0.0,1.6688529618867816,1992-12-15
8.02,19.69,0.0,1.8259128006168388,1992-12-16
9.72,16.15,23.64,0.58697504743218,1992-12-17
12.93,16.93,11.37,1.501935312270662,1992-12-18
11.84,17.0,1.86,1.4298516780384272,1992-12-19
8.52,18.09,0.09,1.348325596602818,1992-12-20
7.32,18.63,0.0,1.7562467391190366,1992-12-21
8.11,15.42,0.01,1.1804369654835773,1992-12-22
8.26,18.03,0.0,1.0877752230712663,1992-12-23
8.07,17.5,0.0,1.5855114994783808,1992-12-24
8.98,18.35,0.06,1.7161450254199526,1992-12-25
12.34,17.13,0.94,0.8742050606539974,1992-12-26
11.35,14.43,10.72,1.2123867022170776,1992-12-27
6.54,13.58,8.61,1.8058484206378906,1992-12-28
4.86,8.76,4.21,0.8212352334112487,1992-12-29
4.48,10.17,0.08,0.9386848381582734,1992-12-30
5.33,13.8,0.95,1.200577894046019,1992-12-31
9.75,14.95,0.34,2.1023060606336452,1993-01-01
6.31,11.92,3.23,1.4355413150724818,1993-01-02
4.91,9.33,5.08,0.9219403307748202,1993-01-03
5.03,8.44,4.17,1.1431399544690988,1993-01-04
6.49,14.73,0.68,1.4371786386551935,1993-01-05
8.05,13.76,0.1,1.5635586687193168,1993-01-06
7.31,14.25,0.49,1.8678762860047842,1993-01-07
11.49,13.93,1.72,1.3670078134456458,1993-01-08
12.09,14.23,2.36,1.220350698535619,1993-01-09
9.45,16.28,0.42,1.1845126371638004,1993-01-10
6.23,17.5,0.0,1.3149890836391218,1993-01-11
6.04,18.61,0.0,1.8390688158540938,1993-01-12
7.37,16.28,0.0,1.137842492890429,1993-01-13
8.77,14.71,0.0,0.9889472321962044,1993-01-14
9.53,14.67,0.0,1.1378829116191223,1993-01-15
9.8,15.96,0.0,1.3150547531171974,1993-01-16
7.62,16.63,0.0,1.2614116551929129,1993-01-17
6.08,17.05,0.0,1.2470815816637326,1993-01-18
7.25,16.07,0.0,1.3087164542497778,1993-01-19
7.14,15.82,0.0,1.4138467710845728,1993-01-20
8.98,15.5,0.0,1.568651713251992,1993-01-21
8.84,14.76,0.0,1.410711968724945,1993-01-22
6.13,14.85,0.0,1.3735726204253513,1993-01-23
7.96,15.85,0.0,1.5031773961774568,1993-01-24
6.16,15.84,0.0,1.688495270610824,1993-01-25
10.63,14.37,0.1,2.4072494851228585,1993-01-26
9.87,13.81,0.02,2.3032489542300403,1993-01-27
9.87,15.58,0.08,2.119375569331686,1993-01-28
6.87,17.55,0.0,1.7728509604982823,1993-01-29
7.29,17.73,0.0,1.7701952011856092,1993-01-30
8.1,17.17,0.05,1.589509778916883,1993-01-31
11.19,15.87,1.34,2.0673840227722486,1993-02-01
7.46,15.42,0.0,2.024939403135893,1993-02-02
7.15,15.5,0.06,2.261530041702542,1993-02-03
10.26,16.31,0.94,2.185228244009612,1993-02-04
11.05,17.19,5.68,1.8671103178237054,1993-02-05
10.34,17.68,0.1,1.5196305280642155,1993-02-06
10.68,17.27,0.04,1.5216068375690905,1993-02-07
10.5,15.58,1.44,1.274448420755146,1993-02-08
10.76,17.22,3.54,0.9983826975941544,1993-02-09
9.06,16.32,0.51,1.9056049139537172,1993-02-10
6.87,16.57,1.28,1.6111464696160118,1993-02-11
8.26,16.79,0.2,1.9061408470561763,1993-02-12
8.17,15.62,1.85,1.6944198702391005,1993-02-13
6.75,15.65,0.16,1.7825138220466594,1993-02-14
6.23,15.21,0.06,2.0444304887356575,1993-02-15
6.93,13.64,0.91,2.0850523544994064,1993-02-16
6.21,12.31,0.89,1.9107355846450997,1993-02-17
5.51,13.94,0.03,2.2951881063891264,1993-02-18
6.61,14.9,0.03,2.4232295044305805,1993-02-19
8.77,15.46,0.59,3.155128872975398,1993-02-20
7.31,13.51,0.66,2.3163574104461686,1993-02-21
7.76,12.56,0.9,2.9643901344996215,1993-02-22
5.31,11.59,0.27,1.9034288538869157,1993-02-23
5.53,9.59,1.03,1.8141405150862375,1993-02-24
4.41,10.81,0.88,2.198468519683066,1993-02-25
4.77,13.55,0.24,2.1908483976672994,1993-02-26
6.11,15.28,0.19,2.830466735395189,1993-02-27
3.68,13.46,5.29,1.4985938031137926,1993-02-28
6.22,14.79,1.51,3.0422049016795003,1993-03-01
5.15,15.52,0.19,3.1628994897041443,1993-03-02
5.97,13.81,0.91,2.62653660438419,1993-03-03
7.59,16.29,0.28,2.7818496075199555,1993-03-04
7.51,13.67,0.52,2.295759922691812,1993-03-05
7.21,12.8,0.13,3.151131362143235,1993-03-06
7.6,15.0,0.41,2.453625837706618,1993-03-07
8.07,14.66,0.88,1.9522329998571692,1993-03-08
6.75,12.69,11.26,1.5615044866670842,1993-03-09
5.95,11.08,10.5,1.1037647492647567,1993-03-10
7.22,14.12,0.5,1.7208590687438443,1993-03-11
6.51,16.35,0.04,1.9894576877040755,1993-03-12
8.51,17.38,0.17,2.5951065510442883,1993-03-13
9.17,17.29,1.46,2.056055440499765,1993-03-14
8.82,17.11,1.51,2.0664350917784016,1993-03-15
7.67,19.48,0.0,2.8401582062371067,1993-03-16
8.19,17.13,0.0,2.4076083416580634,1993-03-17
9.97,19.31,0.0,2.780090369076549,1993-03-18
8.29,24.71,0.0,3.3836299616860264,1993-03-19
10.32,20.79,0.0,2.916599059120938,1993-03-20
11.57,25.15,0.0,3.719225315978563,1993-03-21
13.94,23.98,0.54,3.680964094533529,1993-03-22
12.07,20.79,0.27,3.181608840062358,1993-03-23
11.73,26.45,0.01,4.131234128582179,1993-03-24
11.05,19.88,0.94,2.4790596856177554,1993-03-25
8.39,14.26,2.31,2.6437630212088745,1993-03-26
7.68,11.37,6.62,3.2542348131780687,1993-03-27
7.62,17.25,0.01,4.070956157944131,1993-03-28
6.43,18.61,0.0,3.5905820594781233,1993-03-29
7.61,17.35,0.0,3.3307995583903307,1993-03-30
7.55,19.22,0.01,3.0600606506659123,1993-03-31
8.52,24.0,0.0,4.576328803426393,1993-04-01
10.36,17.04,0.59,3.0363804648289445,1993-04-02
8.72,16.47,0.92,3.692835209148365,1993-04-03
8.68,20.52,0.0,3.9490933111064983,1993-04-04
11.42,19.36,0.17,4.357837707666289,1993-04-05
11.04,20.92,0.0,4.190197082959402,1993-04-06
11.17,22.3,0.0,4.595378181727324,1993-04-07
11.4,23.47,0.0,4.843912037006126,1993-04-08
10.12,23.38,0.0,4.071267938892746,1993-04-09
10.03,29.13,0.0,5.764580292200853,1993-04-10
12.76,25.08,0.0,4.657383111348974,1993-04-11
12.32,24.5,0.0,4.185598891836389,1993-04-12
11.58,24.41,0.0,4.32862104238761,1993-04-13
12.59,22.37,0.02,4.045135758618771,1993-04-14
11.71,21.53,0.03,4.507133515572378,1993-04-15
11.91,18.14,1.63,3.3762672400597786,1993-04-16
11.26,18.41,1.29,3.450955488823583,1993-04-17
10.06,19.63,0.02,3.8831527343340997,1993-04-18
8.69,22.79,0.0,4.1701825683997935,1993-04-19
8.68,25.32,0.0,5.614961764021828,1993-04-20
9.94,26.17,0.0,6.42282681687941,1993-04-21
11.17,23.45,0.0,4.847913923832327,1993-04-22
12.91,22.63,1.32,4.275102127297579,1993-04-23
13.57,25.68,0.21,5.547329515096893,1993-04-24
14.58,24.01,0.32,4.046504026395423,1993-04-25
13.14,23.83,0.11,4.156154884818952,1993-04-26
13.49,24.33,0.5,5.10317876646137,1993-04-27
11.9,17.85,1.09,2.6857283802154774,1993-04-28
10.34,22.99,0.0,4.752217529790459,1993-04-29
11.71,25.36,0.23,4.74348734707742,1993-04-30
13.43,19.85,0.26,3.7269216535578176,1993-05-01
12.76,18.65,3.93,3.292843451092225,1993-05-02
12.18,20.75,0.42,3.9029758874439966,1993-05-03
11.08,22.56,0.0,4.334396533020968,1993-05-04
12.24,22.69,1.21,4.504267393885169,1993-05-05
11.56,15.72,45.78,1.5896563422879537,1993-05-06
14.11,20.18,5.47,3.1209458675721256,1993-05-07
13.68,23.09,0.04,4.579824120140904,1993-05-08
11.83,28.11,0.0,5.295983354356813,1993-05-09
13.55,30.85,0.0,5.895753735588405,1993-05-10
15.9,27.77,0.55,4.660661384169432,1993-05-11
15.37,23.85,13.4,4.029627782224119,1993-05-12
14.76,23.72,3.19,5.012597541580057,1993-05-13
13.41,22.57,0.55,4.781643990873515,1993-05-14
13.16,23.91,0.0,5.031827660072613,1993-05-15
13.36,24.27,0.0,5.119088163550965,1993-05-16
12.27,27.0,0.0,5.48579901218645,1993-05-17
15.54,30.59,0.0,6.009112778516135,1993-05-18
16.9,24.14,0.27,4.136887034707151,1993-05-19
15.66,28.32,0.0,5.72949680507981,1993-05-20
14.74,26.99,9.34,5.036466055930237,1993-05-21
15.34,27.74,0.09,5.205184558220478,1993-05-22
16.32,28.88,0.0,5.704235150344397,1993-05-23
16.51,30.33,0.0,6.346669126715582,1993-05-24
15.74,30.88,0.01,7.303003127064968,1993-05-25
16.69,34.31,0.0,8.222650753626596,1993-05-26
19.01,36.03,0.0,8.301711205446605,1993-05-27
18.11,29.18,0.0,6.138141710532431,1993-05-28
17.94,28.43,0.01,5.414085765243401,1993-05-29
19.47,34.34,0.02,6.495864281774383,1993-05-30
18.73,27.16,0.01,6.21221809998654,1993-05-31
17.28,28.12,0.0,5.7576907696167625,1993-06-01
17.53,29.05,0.0,6.628144503750807,1993-06-02
16.98,27.42,0.0,5.595126378949154,1993-06-03
16.34,25.71,0.0,6.044787914659896,1993-06-04
15.04,27.31,0.0,5.427436818620171,1993-06-05
16.31,30.09,0.0,6.857231000097042,1993-06-06
18.04,25.91,0.0,4.397564773195848,1993-06-07
19.31,31.39,0.13,4.138454849111192,1993-06-08
19.67,32.38,0.03,5.820660408832301,1993-06-09
19.96,29.13,0.01,6.026857402803583,1993-06-10
18.54,31.73,0.0,6.455710363350881,1993-06-11
19.38,26.43,0.09,6.12143465430892,1993-06-12
17.85,25.01,0.0,6.459391092757258,1993-06-13
17.12,25.98,0.0,6.143699450707362,1993-06-14
16.79,25.82,0.0,5.963953651878731,1993-06-15
18.05,26.83,0.0,6.202776989730126,1993-06-16
16.41,30.57,0.0,5.9091638943870946,1993-06-17
15.7,30.57,0.0,5.533404357512383,1993-06-18
19.26,30.92,0.12,7.197707319792141,1993-06-19
20.6,35.67,0.0,9.366632599449213,1993-06-20
22.19,32.48,0.3,6.637237298498352,1993-06-21
20.78,32.5,0.67,6.351213058286937,1993-06-22
19.88,28.54,0.0,5.999713298084281,1993-06-23
19.33,29.29,0.0,6.780689533884346,1993-06-24
18.59,29.82,0.0,6.53712002262919,1993-06-25
18.99,34.25,0.0,6.724107846431463,1993-06-26
19.62,30.64,0.0,7.4855278510802155,1993-06-27
18.7,33.93,0.0,7.161270768524676,1993-06-28
22.29,33.12,0.01,6.2134967929764855,1993-06-29
21.0,31.32,0.0,6.9701977917256555,1993-06-30
20.14,32.67,0.1,6.3527207756024175,1993-07-01
21.58,34.6,0.04,6.128610766925075,1993-07-02
22.52,32.21,0.0,7.07525108636457,1993-07-03
23.76,44.12,0.0,11.065716562091406,1993-07-04
27.17,45.3,0.02,8.666871236223793,1993-07-05
22.76,34.16,0.02,8.581596351674,1993-07-06
20.8,28.41,0.0,7.438570268749337,1993-07-07
19.97,28.89,0.0,6.568297812646236,1993-07-08
18.52,30.82,0.0,6.563800217297382,1993-07-09
20.29,39.2,0.0,9.62415130975348,1993-07-10
21.89,30.16,0.08,7.0827752336908105,1993-07-11
19.6,26.84,0.0,7.305933544950083,1993-07-12
18.83,26.23,0.0,7.103395804801868,1993-07-13
16.71,28.27,0.0,6.400876329149242,1993-07-14
17.84,32.65,0.0,6.74215541014618,1993-07-15
20.8,34.79,0.0,8.325812079164802,1993-07-16
20.84,34.97,0.0,8.07169285458926,1993-07-17
20.81,35.95,0.0,8.341212676829027,1993-07-18
21.32,37.68,0.01,7.3445240053136445,1993-07-19
22.15,35.17,0.0,6.9181699574986855,1993-07-20
21.5,29.06,0.0,7.363356696531523,1993-07-21
20.44,27.19,0.0,7.88832745347133,1993-07-22
19.58,28.29,0.0,7.146573509196615,1993-07-23
18.55,29.86,0.0,6.066653106846895,1993-07-24
18.55,36.74,0.0,8.866967536293805,1993-07-25
22.46,34.17,0.0,8.277056240846331,1993-07-26
20.75,29.7,0.0,8.190747543765097,1993-07-27
19.37,30.06,0.0,7.058111995760412,1993-07-28
18.84,33.6,0.0,6.854222803753389,1993-07-29
20.85,37.87,0.0,9.327928589206968,1993-07-30
22.76,38.01,0.0,7.9824993652521625,1993-07-31
21.61,33.61,0.0,7.240267882940454,1993-08-01
20.34,34.88,0.0,6.669762601372018,1993-08-02
21.43,38.16,0.0,7.880638812977739,1993-08-03
22.22,36.96,0.0,7.448063583991782,1993-08-04
23.52,38.01,0.0,6.603705951809202,1993-08-05
25.16,38.2,0.0,7.493844597080717,1993-08-06
23.89,35.79,0.0,8.216392288289068,1993-08-07
23.14,38.07,0.0,7.532524179461648,1993-08-08
23.71,33.27,0.18,8.474884285822247,1993-08-09
22.23,31.3,0.0,8.50470209677564,1993-08-10
21.23,31.75,0.0,7.532073954754787,1993-08-11
21.0,30.47,0.0,6.451966121066798,1993-08-12
20.62,31.48,0.25,5.645103145555232,1993-08-13
21.6,33.63,0.29,6.953670852105107,1993-08-14
23.54,36.57,0.48,8.948461784861536,1993-08-15
23.23,35.76,0.63,7.8817901648289395,1993-08-16
24.56,36.38,0.79,7.485773461456643,1993-08-17
23.04,35.01,0.0,6.890931232053813,1993-08-18
22.44,34.8,0.0,6.312550276165939,1993-08-19
21.47,33.47,0.0,6.7760709303828,1993-08-20
20.66,33.53,0.0,6.085565501938641,1993-08-21
22.57,36.26,0.0,8.30169256391929,1993-08-22
23.03,39.04,0.0,8.178127571960376,1993-08-23
23.28,38.04,0.0,6.842408446475057,1993-08-24
24.63,42.58,0.0,7.286324768374401,1993-08-25
24.36,35.81,0.0,6.521614664755913,1993-08-26
23.55,38.27,0.0,7.7801693251872415,1993-08-27
23.6,29.05,0.0,6.526708393980776,1993-08-28
22.01,28.06,0.22,5.579600143710131,1993-08-29
20.35,27.66,0.0,5.53399550134055,1993-08-30
19.46,30.81,0.0,5.594926201038633,1993-08-31
19.73,31.59,0.01,5.293631180655157,1993-09-01
20.77,31.21,0.02,5.270329382137149,1993-09-02
21.04,31.45,0.01,5.210452141181373,1993-09-03
19.65,33.69,1.31,5.753823389013402,1993-09-04
20.8,28.62,1.01,6.72764167867802,1993-09-05
19.53,30.39,0.0,5.548749921416149,1993-09-06
21.39,37.42,0.01,7.506972175388326,1993-09-07
23.47,36.93,0.0,8.003859060384775,1993-09-08
23.27,38.25,0.16,7.408950872281559,1993-09-09
22.49,30.27,0.72,5.0791169793898,1993-09-10
22.13,28.66,1.51,4.542850810140678,1993-09-11
20.23,29.83,0.0,5.07176045617105,1993-09-12
19.93,36.52,0.0,7.210295217843638,1993-09-13
20.04,26.71,7.59,4.144874126634675,1993-09-14
18.56,27.11,0.03,5.013149917703754,1993-09-15
18.18,33.32,0.0,5.383223192857743,1993-09-16
19.88,35.92,0.0,5.554023407305146,1993-09-17
21.11,37.25,0.0,7.527660300255437,1993-09-18
22.76,30.26,0.01,4.889064613695458,1993-09-19
21.38,31.45,0.01,5.077901251286332,1993-09-20
20.86,30.95,0.0,4.732375106276076,1993-09-21
20.69,30.92,0.0,5.410082083207084,1993-09-22
22.32,30.65,0.71,6.346714224303123,1993-09-23
18.79,23.48,0.91,3.554922830186207,1993-09-24
17.92,27.87,0.02,5.482380932414828,1993-09-25
18.45,27.98,0.0,4.693782395686041,1993-09-26
19.87,29.58,1.86,4.891351145260761,1993-09-27
17.55,25.05,3.9,2.4213682013853375,1993-09-28
16.68,25.23,0.06,3.682643742423796,1993-09-29
16.31,30.19,0.03,5.017718742877988,1993-09-30
19.18,30.61,0.31,4.736859821881633,1993-10-01
19.39,29.28,0.22,5.7719473913651855,1993-10-02
17.79,21.42,3.86,4.695280869757089,1993-10-03
18.06,24.73,0.97,4.790068399267109,1993-10-04
15.63,30.76,0.0,4.639398791776372,1993-10-05
16.63,32.29,0.0,5.360955365600584,1993-10-06
17.82,30.62,0.2,4.2751567138188085,1993-10-07
19.37,27.2,0.04,4.257147461086466,1993-10-08
17.88,25.73,0.0,3.997299555196858,1993-10-09
16.22,32.58,0.0,4.481802897750831,1993-10-10
19.87,33.77,0.0,5.010993407038888,1993-10-11
20.01,30.56,0.0,5.618576693558241,1993-10-12
17.87,35.42,0.0,7.913326185222678,1993-10-13
19.7,25.86,0.01,3.9030576348750623,1993-10-14
18.63,25.01,0.0,3.2744940414741732,1993-10-15
17.96,31.86,0.0,5.914114524015019,1993-10-16
19.14,33.6,0.0,5.609966534531989,1993-10-17
17.9,30.41,0.16,3.7289038727508568,1993-10-18
17.2,28.23,0.04,3.7670990050860333,1993-10-19
18.03,30.07,2.35,3.678590346996207,1993-10-20
16.83,26.97,0.91,2.8301126895556568,1993-10-21
14.14,21.13,5.6,2.9842649062673137,1993-10-22
12.3,20.16,0.59,3.400081012082451,1993-10-23
12.82,23.51,0.17,2.9720995916840973,1993-10-24
14.84,21.27,0.04,2.442188854316237,1993-10-25
17.23,22.54,2.26,2.4221816952316924,1993-10-26
17.44,25.22,4.51,2.531009448570556,1993-10-27
17.11,25.73,1.95,2.8569490417388956,1993-10-28
17.72,24.58,2.25,2.1988086215635736,1993-10-29
17.24,24.63,2.09,2.383357236870152,1993-10-30
18.03,25.09,3.2,2.5264065594797906,1993-10-31
17.89,28.08,0.73,3.3971207909449115,1993-11-01
16.46,24.94,0.92,2.7197450075648137,1993-11-02
16.39,26.2,0.64,2.9766508047409204,1993-11-03
16.08,27.64,6.59,3.833741828136707,1993-11-04
17.02,23.43,2.34,3.6588993041853985,1993-11-05
14.89,23.07,0.54,3.3289887238792577,1993-11-06
14.94,23.93,0.02,2.3732315531975026,1993-11-07
13.47,21.75,0.31,2.488903351136569,1993-11-08
12.63,21.91,0.11,2.0661455821332146,1993-11-09
13.65,21.53,0.0,2.1922022143495186,1993-11-10
13.89,22.56,0.0,2.323328916782601,1993-11-11
13.74,24.51,0.06,3.035910314764922,1993-11-12
13.65,19.51,0.09,1.591884995569683,1993-11-13
12.83,21.21,0.0,2.121714092488123,1993-11-14
11.9,19.47,0.03,2.657069985919197,1993-11-15
11.84,16.61,0.08,2.807716299478944,1993-11-16
10.61,17.06,0.0,2.5922288307282733,1993-11-17
11.46,15.97,0.2,2.0893938938722405,1993-11-18
10.94,15.89,0.01,1.91750241379456,1993-11-19
9.67,16.28,0.46,1.5213353846629083,1993-11-20
9.1,17.39,0.56,1.9960745160919624,1993-11-21
9.51,16.86,0.0,1.9517009944375003,1993-11-22
8.38,18.22,0.0,2.592876276156263,1993-11-23
10.95,19.92,0.82,1.9752051580458694,1993-11-24
13.21,16.32,11.31,0.9662114085740864,1993-11-25
12.84,18.09,2.25,1.8872041839955986,1993-11-26
13.92,17.67,3.7,2.1775437811919387,1993-11-27
12.26,17.51,0.48,2.156563253873348,1993-11-28
12.17,18.03,0.65,2.317087172884077,1993-11-29
12.85,18.94,1.97,2.238052989286285,1993-11-30
11.23,16.92,1.81,1.7337917707619495,1993-12-01
10.49,14.86,3.23,1.5315892301164435,1993-12-02
10.33,15.69,8.76,1.2419425321917201,1993-12-03
9.08,16.06,0.61,1.1564443201631496,1993-12-04
12.75,17.63,1.59,1.6121594231806613,1993-12-05
13.31,17.92,0.59,1.763414441135966,1993-12-06
11.85,17.8,0.02,1.6245009719629826,1993-12-07
10.95,18.48,0.02,1.9487228465649384,1993-12-08
9.81,19.87,0.0,2.0910503546667,1993-12-09
9.08,19.17,0.0,1.6016008470044307,1993-12-10
8.11,18.17,0.03,1.3950666035793649,1993-12-11
10.76,17.49,0.03,1.6359473001123492,1993-12-12
9.4,21.04,0.01,2.377148496954577,1993-12-13
8.24,17.31,0.22,1.7984139820124367,1993-12-14
9.24,18.77,0.09,1.449023446718173,1993-12-15
10.97,17.34,0.03,2.0434792126360293,1993-12-16
12.61,17.31,0.07,2.2455842219998434,1993-12-17
11.35,16.97,0.1,1.6711030360756252,1993-12-18
11.62,17.29,0.05,1.7607051689944666,1993-12-19
9.28,16.53,0.09,1.3763742255382938,1993-12-20
8.62,20.81,0.0,2.050648151588801,1993-12-21
9.72,16.95,0.03,2.1545234785887857,1993-12-22
8.41,15.89,0.0,1.5139419629865394,1993-12-23
7.45,18.22,0.17,1.9806684592859354,1993-12-24
10.28,14.94,0.27,2.127821904580418,1993-12-25
10.42,16.03,2.39,3.5422799302797463,1993-12-26
8.92,14.31,0.15,2.9906156410106393,1993-12-27
8.52,13.39,3.15,1.3968723949137922,1993-12-28
8.15,13.11,1.2,1.3047743491673625,1993-12-29
8.66,15.15,2.69,1.228383740537166,1993-12-30
8.81,16.56,0.52,1.3893316472473032,1993-12-31
8.01,17.35,0.16,2.5803086099733874,1994-01-01
11.58,14.93,0.08,2.5833151464693955,1994-01-02
10.46,19.22,0.04,1.8657178616435453,1994-01-03
9.08,20.53,0.01,2.0080660901768606,1994-01-04
9.22,15.79,0.12,1.3036501224109271,1994-01-05
7.53,19.66,0.0,2.6304045950182138,1994-01-06
7.34,19.54,0.03,2.399925373980443,1994-01-07
9.49,12.51,10.74,0.7622267856343692,1994-01-08
10.5,14.28,4.89,2.4650564878631513,1994-01-09
9.84,16.85,0.26,1.54921274902743,1994-01-10
9.82,14.15,5.14,1.7859300406328873,1994-01-11
10.56,15.07,1.89,2.1659187118012047,1994-01-12
9.5,16.2,0.03,1.4770455745178388,1994-01-13
9.88,17.97,0.35,1.5143624365047537,1994-01-14
10.5,16.96,0.4,1.4855463091762708,1994-01-15
9.47,15.55,0.18,1.8996523600062998,1994-01-16
8.97,12.41,0.81,0.930162540788745,1994-01-17
9.56,15.44,0.58,1.0972521889792886,1994-01-18
10.44,15.57,0.31,0.8982902896498589,1994-01-19
8.11,16.63,1.13,1.864621776846009,1994-01-20
10.53,14.33,0.12,2.639100812503862,1994-01-21
9.2,14.1,0.45,1.6567858444388144,1994-01-22
7.3,14.04,0.11,1.2666167059278441,1994-01-23
6.17,14.8,0.25,1.4893628843300704,1994-01-24
10.84,13.82,2.09,1.0882366056099988,1994-01-25
11.82,16.15,0.45,2.502470341274934,1994-01-26
10.63,15.81,0.03,2.9728500973246987,1994-01-27
11.47,17.5,0.16,3.3563176273853896,1994-01-28
8.81,14.73,0.01,3.247804159151857,1994-01-29
6.61,14.12,0.0,2.454486999309185,1994-01-30
3.86,16.48,0.0,1.9574506026193605,1994-01-31
6.21,17.52,0.0,1.8068993700677445,1994-02-01
7.41,18.05,0.0,1.7178319294636764,1994-02-02
4.88,20.52,0.0,2.995648694634918,1994-02-03
4.47,18.13,0.0,3.162093531038853,1994-02-04
5.32,12.99,0.84,1.4834470545468323,1994-02-05
8.53,12.18,4.09,1.9783845974956562,1994-02-06
8.67,14.08,0.87,2.8213416170797663,1994-02-07
9.2,15.76,12.03,2.1435887678196717,1994-02-08
9.77,12.37,5.09,1.6694549596399382,1994-02-09
9.81,14.11,1.33,2.0670622826109106,1994-02-10
10.43,14.29,0.96,2.957449925078701,1994-02-11
9.79,12.58,5.93,1.2190499236910255,1994-02-12
9.96,13.62,16.42,1.3974546683579363,1994-02-13
6.31,14.23,0.37,1.9575738050939027,1994-02-14
7.81,17.14,0.14,1.9045843061071028,1994-02-15
9.91,17.38,0.17,1.8364611482108428,1994-02-16
10.51,15.12,0.7,1.035488422729803,1994-02-17
9.36,12.19,1.19,2.3100204028743905,1994-02-18
9.18,13.7,3.05,1.8038056080237457,1994-02-19
9.63,15.93,2.78,2.5930559512946085,1994-02-20
7.76,15.71,1.13,2.5571603109204393,1994-02-21
4.65,20.13,0.0,2.4699222517542814,1994-02-22
9.26,22.12,0.0,3.232450652439428,1994-02-23
9.89,20.77,0.0,3.3919288670875543,1994-02-24
9.18,19.84,0.0,2.4984542789916087,1994-02-25
8.0,22.9,0.0,3.535758758479967,1994-02-26
9.57,23.37,0.0,4.293977158931226,1994-02-27
8.66,22.19,0.0,3.3320431043309564,1994-02-28
9.91,18.9,0.0,2.3278155848681505,1994-03-01
9.63,18.15,0.0,2.1341656385046934,1994-03-02
8.57,17.75,0.0,2.5766392404150404,1994-03-03
9.72,19.18,0.0,2.6242299624772736,1994-03-04
8.96,17.95,0.0,2.4963127107643786,1994-03-05
8.62,17.94,0.0,2.1610409211770403,1994-03-06
9.66,18.52,0.0,2.302566207874765,1994-03-07
9.86,18.53,0.0,2.6542916994020764,1994-03-08
9.28,18.41,0.0,2.646116061751572,1994-03-09
9.3,21.72,0.0,2.835944414873721,1994-03-10
9.56,20.93,0.0,2.8538809306827315,1994-03-11
7.43,21.47,0.0,3.0779057759860065,1994-03-12
8.6,18.66,0.03,2.577906189380712,1994-03-13
10.37,17.91,0.02,3.1051503559050366,1994-03-14
9.4,19.36,0.0,3.0251093596205303,1994-03-15
8.68,19.14,0.0,2.3054655452526602,1994-03-16
10.97,18.33,0.24,3.3121207010722125,1994-03-17
10.75,17.49,0.23,3.905947833619828,1994-03-18
8.48,21.78,0.0,3.6641481799407685,1994-03-19
8.91,26.67,0.0,4.134783882039757,1994-03-20
11.69,25.6,0.02,3.6339346446626233,1994-03-21
11.43,21.09,0.02,3.2597232218948187,1994-03-22
9.97,21.05,0.0,3.0901331576464237,1994-03-23
9.84,24.17,0.11,3.539971562337702,1994-03-24
10.26,26.64,0.0,4.231716957026864,1994-03-25
11.54,28.46,0.04,4.503850157437267,1994-03-26
14.32,20.66,0.03,4.347518530955009,1994-03-27
11.95,20.11,0.01,3.7344291573660615,1994-03-28
9.69,21.37,0.0,3.7659579940205816,1994-03-29
10.22,22.32,0.0,3.939948935880798,1994-03-30
9.79,26.86,0.0,4.702083697351107,1994-03-31
12.16,26.92,0.0,4.50246939959173,1994-04-01
10.73,18.98,0.06,4.003971787490935,1994-04-02
9.42,14.56,3.01,2.9111519538165833,1994-04-03
8.95,14.83,0.58,3.4586414246860495,1994-04-04
11.13,17.34,0.84,4.099424811017771,1994-04-05
11.71,15.61,1.19,4.244035192616644,1994-04-06
11.95,19.88,1.96,3.6943264393298816,1994-04-07
11.28,18.92,0.14,4.707117702684137,1994-04-08
10.51,20.9,0.0,4.693610178449479,1994-04-09
9.5,22.39,0.36,4.209523422083154,1994-04-10
8.89,17.56,2.68,2.880197298400129,1994-04-11
10.47,15.93,0.69,4.139444256386329,1994-04-12
7.59,20.74,0.0,4.526681761552114,1994-04-13
8.73,24.67,0.0,5.390129158091411,1994-04-14
12.82,21.3,0.12,3.0584387853579584,1994-04-15
11.57,20.75,2.88,3.5811359457863334,1994-04-16
10.18,17.41,1.08,3.6690114489649654,1994-04-17
8.9,21.01,0.0,4.149644319148115,1994-04-18
8.75,19.64,0.0,3.857575203842206,1994-04-19
11.29,20.27,3.06,2.6344143146167647,1994-04-20
11.37,19.92,3.4,3.8280014399155147,1994-04-21
10.66,20.84,0.28,4.213141553602406,1994-04-22
9.81,27.64,0.01,5.685698065494161,1994-04-23
12.3,29.55,0.09,5.6266268750684905,1994-04-24
12.42,21.45,0.15,4.915337238331961,1994-04-25
11.85,17.83,0.32,4.2674344457088225,1994-04-26
11.7,18.54,0.55,3.3541533672667434,1994-04-27
10.88,21.37,0.0,4.362660500186655,1994-04-28
12.55,22.13,1.51,4.13266667206011,1994-04-29
12.56,20.68,2.84,3.5137266777321843,1994-04-30
11.36,22.84,2.09,4.534023604917537,1994-05-01
12.4,25.13,0.0,5.439425968305321,1994-05-02
13.01,23.65,0.0,4.7240414798220725,1994-05-03
13.01,24.28,0.21,4.8715799964806195,1994-05-04
12.62,28.73,0.27,5.608907620886009,1994-05-05
13.55,22.39,0.0,5.1542250903419795,1994-05-06
12.22,23.74,0.0,5.00018321369073,1994-05-07
12.16,29.55,1.53,5.743998160322839,1994-05-08
14.55,22.44,0.58,4.6321782527977025,1994-05-09
12.94,21.1,4.82,4.370490266600044,1994-05-10
11.93,27.43,0.0,5.472096171438458,1994-05-11
15.48,25.1,1.32,4.363336664410088,1994-05-12
15.79,28.5,0.0,6.853522880632213,1994-05-13
15.26,24.69,0.0,4.716323299009552,1994-05-14
13.77,30.02,0.0,5.753783191003197,1994-05-15
16.41,34.34,0.0,7.224218635802461,1994-05-16
15.4,30.95,0.21,6.206846559091271,1994-05-17
16.25,23.82,1.03,6.237166295238262,1994-05-18
13.63,26.45,0.0,6.450180994252434,1994-05-19
14.57,31.96,0.0,7.1476379122992055,1994-05-20
15.78,34.92,0.0,7.075906006809924,1994-05-21
18.08,38.68,0.0,9.504620886534145,1994-05-22
22.8,38.72,0.0,11.201393182804548,1994-05-23
20.68,37.45,0.0,8.58983329132998,1994-05-24
18.79,28.54,0.04,6.4054176424574205,1994-05-25
17.5,33.03,0.0,6.246733431806299,1994-05-26
20.07,30.19,0.0,6.449489458979526,1994-05-27
19.64,34.14,0.0,6.476558804518741,1994-05-28
21.39,38.57,0.02,8.022253539606906,1994-05-29
22.14,35.39,0.01,6.121334618196951,1994-05-30
20.74,34.38,0.0,6.850704355370227,1994-05-31
18.79,31.81,0.0,6.493132484261067,1994-06-01
18.61,36.18,0.0,7.373770508281755,1994-06-02
19.84,35.14,0.01,6.366224389024839,1994-06-03
20.12,30.94,0.0,6.959903858402891,1994-06-04
17.93,29.84,0.0,7.715469524292178,1994-06-05
17.49,25.48,0.0,6.921588816293875,1994-06-06
15.72,27.96,0.0,6.043904447201952,1994-06-07
15.92,30.67,0.0,7.103083413768145,1994-06-08
18.7,30.51,0.8,6.495788921698396,1994-06-09
17.24,24.45,0.0,7.1622537239945885,1994-06-10
17.27,26.2,0.15,6.9578159703169575,1994-06-11
16.21,23.08,4.8,3.8514063494402513,1994-06-12
15.11,24.33,0.29,5.8755108539332195,1994-06-13
16.17,25.49,0.03,6.146067267150431,1994-06-14
15.6,27.44,0.0,6.350042408913757,1994-06-15
16.47,29.18,0.0,6.388251145449134,1994-06-16
17.58,33.82,0.0,6.665114530009077,1994-06-17
19.1,37.82,0.0,7.254215437676256,1994-06-18
22.89,42.3,0.0,9.380311014327251,1994-06-19
20.95,32.68,0.0,7.3253988971081565,1994-06-20
19.5,30.55,0.0,6.780270270427302,1994-06-21
18.84,26.15,0.02,5.57163718933427,1994-06-22
19.29,30.44,0.0,6.122083000790884,1994-06-23
18.66,35.64,0.0,8.165295251385803,1994-06-24
20.93,38.51,0.0,10.334946999592727,1994-06-25
22.12,35.58,0.0,8.022010165927155,1994-06-26
20.98,31.68,0.0,6.550038748346875,1994-06-27
19.9,29.54,0.0,6.383329829796552,1994-06-28
18.19,29.02,0.0,6.573953539754293,1994-06-29
20.13,30.65,0.0,7.288347682661477,1994-06-30
20.06,32.57,0.0,7.360720632067605,1994-07-01
20.21,34.4,0.0,7.362497357330979,1994-07-02
22.04,36.76,0.0,7.3023367157024905,1994-07-03
23.98,37.81,0.0,7.55541012360378,1994-07-04
24.67,39.2,0.0,7.687010856389675,1994-07-05
23.99,38.49,0.0,9.147855913329282,1994-07-06
22.44,33.26,0.0,8.280548587272527,1994-07-07
21.2,31.07,0.0,8.784622717745206,1994-07-08
20.83,31.45,0.0,8.605319491713198,1994-07-09
20.56,29.55,0.0,7.059260967676618,1994-07-10
19.97,31.77,0.0,6.815773410057471,1994-07-11
20.08,31.04,0.0,6.6211988565582525,1994-07-12
20.03,30.77,0.0,6.395325262862969,1994-07-13
20.63,33.23,0.0,7.071309517210126,1994-07-14
21.24,34.91,0.0,7.120611733371273,1994-07-15
21.97,33.22,0.0,7.277282099519429,1994-07-16
22.29,34.89,0.0,6.8991829292433815,1994-07-17
23.23,35.2,0.0,7.249146884762904,1994-07-18
23.09,35.67,0.0,8.494819443221289,1994-07-19
22.45,36.08,0.0,8.111935694409935,1994-07-20
22.42,31.97,0.0,7.682492493065265,1994-07-21
21.91,31.17,0.0,6.960844086170545,1994-07-22
22.19,32.38,0.0,6.885817496277896,1994-07-23
21.52,35.27,0.0,7.190477696076341,1994-07-24
21.92,35.44,0.0,7.353718155421316,1994-07-25
23.35,32.71,0.0,6.440582396955782,1994-07-26
22.08,31.82,0.09,6.133185299960354,1994-07-27
22.73,32.62,0.0,6.084481794892329,1994-07-28
22.65,33.72,0.0,6.536110261019013,1994-07-29
21.5,35.75,0.0,7.791964906093766,1994-07-30
23.72,35.33,2.02,6.0009524632478985,1994-07-31
23.77,34.01,0.0,6.455623571445708,1994-08-01
23.63,33.47,3.56,6.251845794726825,1994-08-02
23.69,32.79,0.75,6.340613720769668,1994-08-03
22.91,35.43,0.0,7.268271791484589,1994-08-04
23.68,34.68,0.0,6.583185783674395,1994-08-05
23.09,34.87,0.0,6.818396224242043,1994-08-06
23.45,36.76,0.0,6.653517774269613,1994-08-07
24.58,38.86,0.0,7.752856031713809,1994-08-08
24.0,40.38,0.0,9.62066189014435,1994-08-09
25.36,42.91,0.0,9.29897217397029,1994-08-10
25.2,39.66,0.0,7.696874604457534,1994-08-11
24.55,35.72,0.0,6.74973362776793,1994-08-12
25.19,42.54,0.0,8.94492761996167,1994-08-13
27.04,44.33,0.0,8.406707008999765,1994-08-14
27.87,41.88,0.0,8.109154146796921,1994-08-15
26.31,38.16,0.01,6.751354720019789,1994-08-16
26.02,43.15,0.0,8.72822627467619,1994-08-17
26.03,35.26,0.09,8.63287377931888,1994-08-18
24.14,31.01,0.0,7.792084543019131,1994-08-19
22.94,33.4,0.0,6.700131230678632,1994-08-20
21.68,38.54,0.0,8.07158314102987,1994-08-21
23.19,39.68,0.0,8.138471180811038,1994-08-22
25.77,42.24,0.0,8.279017499094685,1994-08-23
25.51,39.19,0.04,7.101034454031172,1994-08-24
25.63,34.05,0.48,6.861425950633385,1994-08-25
24.34,30.53,0.02,7.293215817826168,1994-08-26
23.63,32.16,0.0,7.23977417765384,1994-08-27
21.85,32.54,0.0,5.913060168378283,1994-08-28
21.57,34.43,0.0,6.124238507160161,1994-08-29
21.77,37.24,0.0,7.705033448547778,1994-08-30
23.37,39.05,0.0,8.968190444369979,1994-08-31
23.91,37.59,0.0,8.48997373358204,1994-09-01
24.43,38.64,0.03,8.822405442258288,1994-09-02
22.43,29.24,0.0,7.244217352488891,1994-09-03
21.45,29.97,0.01,5.733828744001927,1994-09-04
20.92,30.45,0.0,5.4720505046115555,1994-09-05
20.7,30.87,0.0,5.344474307068684,1994-09-06
21.43,34.1,0.01,6.340981708173044,1994-09-07
23.33,37.25,0.16,7.236718625295486,1994-09-08
23.86,31.39,0.67,5.490202016239842,1994-09-09
22.22,32.2,0.0,5.92326204652292,1994-09-10
21.79,33.25,0.0,5.633618742139344,1994-09-11
22.42,37.91,0.0,7.521551193480481,1994-09-12
24.26,38.71,0.0,7.617782599708353,1994-09-13
24.92,38.2,0.08,9.247768576256481,1994-09-14
22.32,30.02,0.02,5.581089856344189,1994-09-15
20.4,31.81,0.0,5.27989870235406,1994-09-16
20.66,27.78,0.03,4.880541450165124,1994-09-17
19.34,21.53,1.08,3.0557201991411698,1994-09-18
19.08,23.08,0.37,5.730830454333353,1994-09-19
18.35,25.26,0.01,5.249339194107912,1994-09-20
17.29,35.1,0.0,7.503970113890229,1994-09-21
22.35,36.35,0.2,8.24190339704061,1994-09-22
23.33,34.03,0.73,6.896614846988863,1994-09-23
23.12,33.79,0.23,4.492747863906763,1994-09-24
23.99,35.25,0.0,7.152065512517662,1994-09-25
23.22,32.53,0.41,4.883019203980983,1994-09-26
21.9,27.63,2.04,2.7563341891910276,1994-09-27
22.11,28.78,3.79,3.7322873134614936,1994-09-28
22.02,30.36,0.84,5.116183380136118,1994-09-29
23.01,27.74,6.83,3.4709231686350406,1994-09-30
21.15,30.6,0.43,3.362021691838107,1994-10-01
20.9,30.13,4.0,3.5233405994431175,1994-10-02
20.18,26.41,6.15,1.8747229596449184,1994-10-03
19.52,26.65,1.37,3.4017785811787293,1994-10-04
18.99,26.47,0.56,3.3320830799551806,1994-10-05
19.23,25.11,3.53,3.4423698615745493,1994-10-06
17.85,23.7,0.11,3.966565680093516,1994-10-07
16.8,25.78,0.13,3.4662795131120077,1994-10-08
19.54,27.0,1.42,3.8563793768414003,1994-10-09
19.63,27.73,1.52,3.536948836044045,1994-10-10
20.28,24.86,1.31,2.531100886890128,1994-10-11
19.55,26.27,1.77,2.85528144515144,1994-10-12
17.94,25.08,0.11,3.0105105667514582,1994-10-13
16.92,24.47,0.91,2.9732402749575146,1994-10-14
18.23,25.38,0.2,2.674233598839164,1994-10-15
15.19,26.72,0.31,3.064974564105735,1994-10-16
18.23,23.23,14.82,2.133397156945441,1994-10-17
17.43,21.74,5.0,2.2546365277700433,1994-10-18
16.68,25.53,0.37,2.766876689216177,1994-10-19
15.66,25.34,1.96,2.6958868183897584,1994-10-20
17.89,21.8,6.17,3.7634142483619164,1994-10-21
18.08,22.07,4.49,3.3431889742651433,1994-10-22
16.96,24.98,0.43,3.3237021606303108,1994-10-23
16.68,23.5,0.82,3.3581726594996493,1994-10-24
14.82,24.16,0.14,2.917738387484629,1994-10-25
15.02,27.84,0.0,2.802242639197892,1994-10-26
17.54,27.13,0.0,3.0982306083051165,1994-10-27
17.0,29.78,0.0,4.998356886034759,1994-10-28
18.28,21.45,0.49,1.6418810058093098,1994-10-29
15.9,23.5,0.01,2.789680056484526,1994-10-30
14.84,24.74,0.0,2.553232027791332,1994-10-31
13.75,26.07,0.0,2.8392159967833184,1994-11-01
15.39,25.8,0.0,2.828129253916171,1994-11-02
15.81,26.48,0.01,3.1819183669730378,1994-11-03
17.08,24.73,0.79,2.7361604369098487,1994-11-04
17.69,24.55,6.12,2.633326490694485,1994-11-05
14.49,22.06,1.02,2.822787208145596,1994-11-06
14.0,22.62,0.01,2.169699768588636,1994-11-07
13.48,23.06,0.01,2.4280662855928203,1994-11-08
13.38,25.02,0.0,2.2062539416121103,1994-11-09
15.36,23.32,0.1,3.0607729630746494,1994-11-10
15.99,22.7,0.76,3.138983896060047,1994-11-11
15.3,20.77,0.28,3.396549321301609,1994-11-12
14.84,22.05,0.16,1.923431756230843,1994-11-13
14.16,21.68,0.0,2.1709305014653633,1994-11-14
13.48,20.66,0.1,2.1623620183106205,1994-11-15
15.55,22.07,0.2,3.0549067186007988,1994-11-16
14.88,21.12,0.18,2.302884113231122,1994-11-17
16.15,19.89,0.06,3.455974606329333,1994-11-18
14.81,20.63,1.18,2.1527660403487725,1994-11-19
13.77,21.45,0.01,2.1838572349133254,1994-11-20
12.48,21.61,0.0,1.7684991368072294,1994-11-21
12.5,22.35,0.0,1.6681472685302468,1994-11-22
13.52,22.81,0.0,1.7053326260243398,1994-11-23
13.83,22.07,0.0,1.4479831373015772,1994-11-24
12.44,19.06,0.0,1.5123706271450061,1994-11-25
14.04,19.86,0.0,1.824501256058424,1994-11-26
13.98,18.37,0.24,1.399918688516671,1994-11-27
13.34,18.87,0.35,1.59293210634343,1994-11-28
11.38,19.34,0.0,2.075314401370134,1994-11-29
8.78,19.38,0.0,1.7342105736062399,1994-11-30
12.58,18.89,0.0,1.5571051305428398,1994-12-01
11.03,19.33,0.01,1.8040645734521208,1994-12-02
10.7,20.23,0.09,1.8127589252564353,1994-12-03
9.45,21.18,0.0,1.8605952706839755,1994-12-04
9.86,20.66,0.01,1.368579697824425,1994-12-05
11.84,21.21,0.0,1.9071085626518798,1994-12-06
11.83,21.66,0.01,1.6646623268600866,1994-12-07
12.4,20.01,0.52,1.8438343055111515,1994-12-08
11.77,19.51,0.23,1.6011767588864947,1994-12-09
12.7,19.22,0.47,2.040471577164632,1994-12-10
14.0,19.02,0.52,1.966221426698067,1994-12-11
12.86,18.79,0.04,1.3686736933226313,1994-12-12
9.86,19.74,0.0,1.3887133280887511,1994-12-13
10.9,19.68,0.01,1.7099866202271865,1994-12-14
13.86,18.5,0.13,2.390717359921095,1994-12-15
13.01,18.37,0.16,1.3385373762094013,1994-12-16
10.66,16.69,0.49,1.217494193711961,1994-12-17
10.34,17.25,0.03,1.2648844457820605,1994-12-18
9.74,16.95,1.17,1.4276767763662273,1994-12-19
10.11,13.05,6.72,1.1902533356044325,1994-12-20
11.06,13.71,2.33,2.7634862629710453,1994-12-21
9.32,14.65,5.78,2.03675563344084,1994-12-22
7.44,12.88,2.86,1.5125765527824193,1994-12-23
8.71,14.53,1.23,1.5878439289501463,1994-12-24
7.51,13.64,0.24,1.2810820250270256,1994-12-25
9.11,13.53,0.82,1.8549779106018829,1994-12-26
10.68,14.55,0.64,2.0998066065343246,1994-12-27
12.16,17.44,0.56,2.322429996003144,1994-12-28
9.8,16.75,0.27,1.426238094213566,1994-12-29
8.38,17.97,0.11,1.57809286937849,1994-12-30
11.57,20.73,0.0,2.5671005332500356,1994-12-31
11.06,22.13,0.43,2.896548431635314,1995-01-01
9.17,14.63,1.19,2.5414688413851283,1995-01-02
7.86,11.33,7.15,2.3372562458218353,1995-01-03
6.67,10.52,2.36,2.0658040616577975,1995-01-04
5.73,10.27,1.12,1.6328175322305378,1995-01-05
5.06,11.72,2.79,1.5282993210725087,1995-01-06
6.99,13.84,1.49,1.2314599184583286,1995-01-07
9.77,12.21,2.77,1.4907212998700976,1995-01-08
8.02,11.93,0.16,2.0621146125008836,1995-01-09
6.82,13.69,1.16,1.7444868364286577,1995-01-10
11.68,16.78,1.14,2.940494066819946,1995-01-11
8.33,14.93,2.89,2.2581823186145176,1995-01-12
6.67,10.12,6.91,1.9514366084095978,1995-01-13
6.72,8.07,6.76,1.5967622110660962,1995-01-14
7.0,10.32,0.41,2.252579987935775,1995-01-15
6.57,12.89,0.41,1.5399059525498267,1995-01-16
5.22,13.19,0.05,1.3580321031124267,1995-01-17
1.92,15.42,0.0,1.920468365817877,1995-01-18
6.29,15.91,0.28,2.14765007823516,1995-01-19
5.57,18.33,0.0,1.62320676420973,1995-01-20
8.26,17.32,0.24,1.566874348059716,1995-01-21
7.23,16.65,0.03,1.8271071364412719,1995-01-22
5.88,20.4,0.0,3.0350040726188743,1995-01-23
8.43,17.74,0.0,2.179944846859993,1995-01-24
8.86,19.79,0.02,1.991403215725089,1995-01-25
9.02,22.9,0.0,2.934805314544038,1995-01-26
9.46,17.88,0.0,2.1389273344196833,1995-01-27
7.24,18.51,0.0,1.763027663104724,1995-01-28
8.67,17.61,0.01,2.2075953595457767,1995-01-29
8.22,18.9,0.01,2.436881669003661,1995-01-30
10.56,15.61,0.39,2.2942215951245433,1995-01-31
8.74,14.49,0.1,2.1328899913524078,1995-02-01
8.09,16.73,0.03,1.5361204218431495,1995-02-02
8.91,16.78,0.11,1.5755604550152742,1995-02-03
7.82,15.03,0.16,1.6667777454046284,1995-02-04
9.34,16.33,0.0,2.012768482291975,1995-02-05
9.37,17.68,0.0,1.933369020240714,1995-02-06
8.91,18.08,0.0,1.877900491311501,1995-02-07
8.74,18.6,0.01,1.9926743660403998,1995-02-08
9.53,20.01,0.0,2.7780509185106594,1995-02-09
8.56,19.96,0.0,2.0504272721295567,1995-02-10
9.21,21.02,0.0,2.6154270891451827,1995-02-11
9.52,19.01,0.0,1.8336940786983436,1995-02-12
8.48,21.03,0.0,2.147716081361317,1995-02-13
12.17,19.77,0.09,3.2417035113525072,1995-02-14
10.15,17.21,1.41,2.614500330877015,1995-02-15
10.14,19.22,0.53,2.207802344790781,1995-02-16
9.28,19.56,0.0,2.89986329600362,1995-02-17
10.37,22.25,0.46,3.9881840290814328,1995-02-18
9.32,16.25,0.0,3.3374294959614943,1995-02-19
7.54,17.79,0.0,2.319195870320072,1995-02-20
6.16,22.52,0.0,3.5135197595898813,1995-02-21
7.57,22.73,0.0,3.427576002291528,1995-02-22
9.78,17.86,1.38,1.966311447722239,1995-02-23
8.99,17.39,0.05,2.7340079337380323,1995-02-24
11.29,21.79,0.0,3.7145676861881793,1995-02-25
11.74,22.47,0.0,4.015588507678755,1995-02-26
10.81,15.44,0.19,2.3713067448949774,1995-02-27
11.27,18.31,0.02,2.382338034055322,1995-02-28
13.33,21.24,0.27,3.0592169484565614,1995-03-01
7.92,17.04,6.26,3.4254262774230533,1995-03-02
9.99,18.21,0.02,3.6794318142131925,1995-03-03
9.0,13.7,1.21,2.2569603257331363,1995-03-04
6.28,13.15,2.84,2.452047639876193,1995-03-05
9.71,18.63,2.04,2.2861452339537838,1995-03-06
7.82,15.35,0.13,2.5826285267679316,1995-03-07
6.36,19.55,0.02,3.0895029855376066,1995-03-08
8.52,17.94,0.04,2.985563802093312,1995-03-09
7.42,22.55,0.0,3.7411947510222756,1995-03-10
10.22,20.35,0.25,2.8508887937204928,1995-03-11
13.13,16.56,4.11,1.9336255147586145,1995-03-12
11.6,17.21,15.1,1.9992888526225083,1995-03-13
10.42,16.27,0.55,3.046198820433065,1995-03-14
8.92,16.71,0.14,3.0672213660847607,1995-03-15
6.15,22.24,0.07,3.2547923927716225,1995-03-16
9.81,16.24,0.0,3.013121818528189,1995-03-17
8.82,17.81,0.01,3.008497767982243,1995-03-18
6.57,21.87,0.0,3.6729116615220785,1995-03-19
7.86,21.77,0.0,4.631547565249128,1995-03-20
10.05,16.46,0.15,3.796664286460324,1995-03-21
9.2,15.41,0.05,4.024924344304341,1995-03-22
7.68,15.01,0.0,3.9441048769152944,1995-03-23
6.85,18.59,0.0,3.5757722302839023,1995-03-24
6.31,23.12,0.0,3.7421141975570023,1995-03-25
6.99,22.21,0.0,4.1270433259851895,1995-03-26
8.0,21.48,0.0,3.9895618196544684,1995-03-27
8.65,15.62,0.1,3.448097884090269,1995-03-28
9.0,20.84,0.01,4.787929042616799,1995-03-29
9.09,14.31,0.02,3.7196878681098156,1995-03-30
8.28,13.1,0.06,3.784887902472687,1995-03-31
6.16,15.78,0.0,3.6412272528139558,1995-04-01
7.48,19.86,0.0,3.59400441201772,1995-04-02
7.48,23.01,0.0,3.8998665640009453,1995-04-03
8.94,24.78,0.0,4.841354873094541,1995-04-04
10.68,22.35,0.0,4.3586912886685365,1995-04-05
9.59,21.31,0.01,3.4765494851915304,1995-04-06
10.44,20.31,0.0,3.365757193898715,1995-04-07
10.27,20.9,0.01,4.077141973170149,1995-04-08
11.68,21.92,0.0,4.59917197240389,1995-04-09
9.63,21.03,0.0,4.587048947298185,1995-04-10
10.99,23.7,0.93,4.183735903522108,1995-04-11
10.6,19.57,0.03,3.4105971322735713,1995-04-12
9.59,21.66,0.0,4.172787076591352,1995-04-13
9.71,19.89,5.17,2.950476355787767,1995-04-14
9.04,14.95,4.18,2.395946142119417,1995-04-15
8.85,17.8,0.72,4.14558207566179,1995-04-16
10.45,17.17,2.47,3.5849381507180147,1995-04-17
10.37,22.04,0.01,4.456846111471639,1995-04-18
9.35,29.04,0.0,5.454015099976652,1995-04-19
13.29,28.18,0.03,5.944757733498104,1995-04-20
12.88,24.94,0.02,4.744973544759013,1995-04-21
13.41,21.73,0.43,3.0965330540300218,1995-04-22
12.24,19.21,0.42,2.384507677357899,1995-04-23
11.38,16.83,2.19,2.7929945728038255,1995-04-24
8.3,16.39,0.72,3.6654937769148193,1995-04-25
10.91,22.91,0.02,5.887437137724617,1995-04-26
12.16,20.42,0.17,4.186859552070381,1995-04-27
11.99,23.22,1.03,3.5154356816325345,1995-04-28
13.28,20.35,2.18,2.3538089948890812,1995-04-29
12.62,21.57,0.05,4.216099313667995,1995-04-30
11.07,20.9,0.06,3.880335346448015,1995-05-01
11.02,22.09,0.03,3.823038610196207,1995-05-02
11.72,23.6,0.0,4.6447600746864675,1995-05-03
11.05,22.78,0.0,4.356128978055538,1995-05-04
12.32,22.75,0.0,4.743778634643431,1995-05-05
11.03,26.86,0.0,5.695393740856213,1995-05-06
12.22,28.93,0.0,7.672981743294815,1995-05-07
14.15,32.76,0.0,7.1481172605374965,1995-05-08
17.14,33.48,0.0,5.888282573741172,1995-05-09
19.63,35.76,0.06,6.316051956115929,1995-05-10
17.15,24.25,0.14,3.629516898054593,1995-05-11
15.61,24.58,0.23,5.605822370083382,1995-05-12
14.68,22.11,0.11,6.453882592665153,1995-05-13
12.59,22.28,0.0,6.124754525364659,1995-05-14
11.07,25.24,0.0,5.2838132329727046,1995-05-15
14.25,32.2,0.01,7.6901331144133005,1995-05-16
17.3,28.12,0.0,5.653897310596198,1995-05-17
16.16,26.86,0.0,6.045851446091949,1995-05-18
16.23,30.04,0.0,6.45796445875892,1995-05-19
14.41,23.02,0.01,5.669618534723416,1995-05-20
13.76,22.0,0.0,5.553847402415982,1995-05-21
12.72,23.08,0.0,5.077922338054333,1995-05-22
13.74,31.25,0.0,7.266129229130953,1995-05-23
17.77,35.02,0.0,8.118147800055093,1995-05-24
20.63,33.07,0.0,7.033086303652017,1995-05-25
17.91,27.4,0.07,4.796558362581798,1995-05-26
17.39,25.95,0.04,4.465844640178942,1995-05-27
15.57,26.84,0.0,5.531044665225117,1995-05-28
15.58,28.9,0.0,5.80623564890837,1995-05-29
16.3,32.45,0.14,7.1053250474945875,1995-05-30
16.64,24.61,0.35,6.016231231605102,1995-05-31
14.96,23.89,0.04,6.088799400287185,1995-06-01
15.03,26.05,0.0,6.339249436293168,1995-06-02
14.85,32.68,0.06,6.693408610926317,1995-06-03
18.35,32.73,0.0,6.239855043215162,1995-06-04
19.0,32.51,0.0,6.631012381509367,1995-06-05
20.64,30.45,0.02,6.627178840641421,1995-06-06
18.81,30.9,0.04,5.479352967641048,1995-06-07
19.84,32.53,14.76,4.831578777387672,1995-06-08
19.7,24.64,4.74,4.9989356866224055,1995-06-09
18.55,26.94,6.82,5.2205782357379285,1995-06-10
17.64,26.68,0.66,4.692766471685726,1995-06-11
17.85,24.02,13.13,3.6205307485371447,1995-06-12
18.08,26.68,1.41,5.358124106085547,1995-06-13
17.14,29.59,0.68,5.7249723285596605,1995-06-14
19.67,31.43,3.61,5.048614903378381,1995-06-15
20.01,26.4,7.24,4.0284143202311125,1995-06-16
18.46,26.78,0.85,3.1382215265015536,1995-06-17
16.57,26.87,0.0,6.1612901818629515,1995-06-18
17.57,27.98,0.0,6.108001102673349,1995-06-19
17.27,30.55,0.0,6.494952099126257,1995-06-20
19.36,31.55,0.01,6.794582408968135,1995-06-21
21.2,32.68,0.06,5.9643290773714135,1995-06-22
20.27,30.65,0.06,6.598283095445427,1995-06-23
18.91,31.0,0.09,5.812436063445345,1995-06-24
20.97,30.72,0.09,6.520936631279837,1995-06-25
20.5,35.56,0.0,7.41706831220201,1995-06-26
20.2,28.14,0.01,6.6690697598021975,1995-06-27
19.18,30.43,0.0,7.2332785514066815,1995-06-28
19.35,29.28,4.04,5.931418971987759,1995-06-29
18.2,29.47,0.0,5.796976775994089,1995-06-30
19.11,31.66,0.0,6.460089470118194,1995-07-01
19.49,37.73,0.0,8.670868512341748,1995-07-02
22.2,34.38,0.92,5.944726036126063,1995-07-03
20.75,30.91,0.0,6.528443195010012,1995-07-04
20.31,30.43,0.0,5.522784906483272,1995-07-05
19.74,27.45,0.0,6.636783016782277,1995-07-06
18.17,29.84,0.0,6.303919347221305,1995-07-07
19.03,30.18,0.0,6.396899854405899,1995-07-08
21.55,33.79,0.0,8.380476244130794,1995-07-09
21.43,34.33,0.01,6.7811583371189545,1995-07-10
21.31,30.31,0.04,5.83928995157245,1995-07-11
20.76,30.41,0.0,6.338938213119024,1995-07-12
19.66,31.58,0.0,6.205912242152251,1995-07-13
20.99,32.37,0.0,6.209785346525014,1995-07-14
20.67,33.45,0.0,6.746781556531828,1995-07-15
20.46,31.79,0.0,7.116332148980771,1995-07-16
21.95,33.57,0.0,7.409937093799372,1995-07-17
21.64,34.28,0.0,7.776103479631468,1995-07-18
22.58,32.33,0.0,7.277937752136096,1995-07-19
20.87,32.24,0.0,6.296143055133606,1995-07-20
21.48,33.02,0.0,6.686203019798587,1995-07-21
21.24,34.0,0.0,6.6732650491918175,1995-07-22
22.64,33.65,0.0,7.701924173602044,1995-07-23
22.62,32.52,0.0,7.750227442711688,1995-07-24
20.88,34.23,0.0,6.689983076018764,1995-07-25
23.5,38.0,0.0,9.440831804347791,1995-07-26
23.6,38.49,0.0,9.381014382685153,1995-07-27
24.26,36.73,0.0,8.623132297183279,1995-07-28
23.49,33.16,0.0,7.737415589793619,1995-07-29
23.33,33.01,0.13,7.163258260252237,1995-07-30
22.33,32.15,2.36,5.947274451113637,1995-07-31
23.46,34.19,1.34,5.980520614740698,1995-08-01
23.62,34.73,0.88,6.474118272333729,1995-08-02
23.02,33.48,0.0,6.395351605576691,1995-08-03
22.6,33.76,0.0,6.412310237644907,1995-08-04
23.5,36.54,0.89,7.4316889957676135,1995-08-05
24.42,37.49,0.36,7.577337801616857,1995-08-06
24.87,37.96,0.0,7.2080838183690386,1995-08-07
25.89,39.39,1.03,7.291678533187829,1995-08-08
25.22,36.32,2.62,6.765865864341785,1995-08-09
25.67,39.24,0.17,7.399662360895472,1995-08-10
26.53,37.65,0.0,6.918807423651746,1995-08-11
24.92,33.89,2.43,7.666094059456405,1995-08-12
23.97,29.76,6.85,5.93978979640818,1995-08-13
23.48,30.1,5.52,6.030089990769205,1995-08-14
22.44,31.7,0.05,6.707099384082155,1995-08-15
21.91,30.25,2.1,6.182709774477972,1995-08-16
21.85,30.56,0.46,5.964518036112521,1995-08-17
21.18,35.2,0.58,5.761113174556168,1995-08-18
22.75,31.03,0.52,5.93996627580828,1995-08-19
21.67,31.71,0.0,5.952275466393831,1995-08-20
22.34,30.65,0.19,3.98869890403661,1995-08-21
23.48,33.01,0.91,4.093005086768579,1995-08-22
23.85,32.13,0.88,4.142013485638127,1995-08-23
23.8,35.32,4.96,6.815265201984565,1995-08-24
22.8,29.3,1.46,6.003850653084431,1995-08-25
21.95,28.1,3.12,6.352405364773395,1995-08-26
22.15,28.65,0.76,6.525611415093858,1995-08-27
21.09,29.86,0.0,6.760885015031641,1995-08-28
20.41,27.26,0.0,6.85724008244064,1995-08-29
20.24,27.73,0.02,6.556011085915452,1995-08-30
20.14,27.69,0.0,6.245880537621318,1995-08-31
19.67,27.91,0.15,5.176743980187287,1995-09-01
19.36,30.22,0.04,4.8074775384649575,1995-09-02
22.01,32.59,0.34,5.389619971029396,1995-09-03
23.13,30.07,2.19,4.62850520167804,1995-09-04
21.58,29.85,7.54,4.924723389988624,1995-09-05
20.6,29.28,2.39,5.333261381156608,1995-09-06
19.91,33.56,0.01,5.309598065661955,1995-09-07
20.95,32.59,0.07,6.370315803770918,1995-09-08
20.32,28.32,0.0,5.339177469989275,1995-09-09
20.75,32.79,0.0,5.958621663421425,1995-09-10
21.88,35.32,0.44,6.409351999390318,1995-09-11
23.96,36.37,0.48,7.271968968471273,1995-09-12
21.29,28.54,19.49,3.924280308008813,1995-09-13
19.4,25.6,0.08,5.536205929358162,1995-09-14
18.73,30.28,0.0,4.872438242126073,1995-09-15
20.03,30.79,0.01,5.408839600586055,1995-09-16
21.38,31.47,2.44,5.041748961922775,1995-09-17
21.83,32.88,2.74,5.982851436696704,1995-09-18
22.04,30.15,6.7,4.642788537262191,1995-09-19
20.32,26.77,2.05,3.4111269800349513,1995-09-20
19.27,28.08,0.45,4.178660239990844,1995-09-21
20.23,27.76,8.17,3.7585471169876365,1995-09-22
19.89,24.69,3.29,3.1154826079204065,1995-09-23
18.46,21.04,14.27,1.8954847727573787,1995-09-24
17.03,24.53,0.15,3.8770596968558912,1995-09-25
16.98,25.51,0.21,3.534287853367275,1995-09-26
18.88,21.76,4.31,2.4049541933623604,1995-09-27
18.3,24.49,7.6,4.419320601869934,1995-09-28
18.85,25.67,0.12,5.357069974737316,1995-09-29
17.47,24.72,0.0,3.458008371460965,1995-09-30
17.37,25.12,0.0,3.8943063117928536,1995-10-01
16.88,27.68,0.0,3.869236404061719,1995-10-02
18.69,29.68,0.0,4.821194797431449,1995-10-03
19.83,29.5,0.02,4.4308698868769865,1995-10-04
19.7,28.36,0.1,4.55508411746606,1995-10-05
18.92,27.92,0.17,4.040905054541631,1995-10-06
19.61,24.97,0.17,2.8525622860473194,1995-10-07
18.17,26.7,0.01,3.1656502028319236,1995-10-08
17.83,24.98,4.14,2.8569703318085096,1995-10-09
17.3,23.63,7.79,2.9487343804836925,1995-10-10
17.56,25.69,5.97,3.2980534444569902,1995-10-11
17.22,26.35,1.28,3.1856479865879903,1995-10-12
17.92,24.79,3.81,2.4153855377936657,1995-10-13
18.38,24.72,2.43,2.5396609350510473,1995-10-14
18.09,24.48,1.16,2.517364416311,1995-10-15
17.78,22.83,1.05,2.15103633811955,1995-10-16
17.34,24.06,0.03,2.7801457794988034,1995-10-17
16.39,24.14,6.82,2.696158700319798,1995-10-18
16.98,23.08,2.6,2.4898884507031016,1995-10-19
15.86,23.56,0.35,2.81762074098187,1995-10-20
15.94,22.98,0.14,2.789284449369899,1995-10-21
16.55,22.74,0.07,2.7511343084457613,1995-10-22
16.35,23.36,1.24,2.716297664424209,1995-10-23
16.89,22.73,2.48,2.4901888518959847,1995-10-24
15.94,23.88,0.01,2.661566969068722,1995-10-25
15.73,24.26,0.0,2.928457161513167,1995-10-26
15.36,24.57,0.0,2.4527918771786563,1995-10-27
14.47,25.86,0.0,2.8365362186726304,1995-10-28
15.35,28.1,0.43,2.816672929955821,1995-10-29
15.93,26.82,0.12,2.887649089104616,1995-10-30
17.38,25.97,4.55,2.582740372023779,1995-10-31
16.48,24.28,0.0,2.400584426041408,1995-11-01
14.55,20.99,9.71,1.9551747163371405,1995-11-02
16.3,19.81,1.22,4.20299241013867,1995-11-03
15.93,18.91,2.97,3.6488432263895825,1995-11-04
10.09,16.79,0.96,2.9077300543050115,1995-11-05
9.14,15.73,0.06,2.8541360953919885,1995-11-06
9.63,20.44,0.0,3.0693806099265597,1995-11-07
12.99,21.41,0.0,3.0334619680992265,1995-11-08
14.28,21.16,0.01,2.330340291439507,1995-11-09
11.92,23.91,0.0,4.5094183523569535,1995-11-10
10.84,23.55,0.0,4.786901522458286,1995-11-11
12.1,25.47,0.05,3.2838498966727,1995-11-12
15.08,20.67,2.75,2.673823774938507,1995-11-13
15.18,19.34,1.18,3.3317468332331934,1995-11-14
13.89,20.88,0.22,2.7789755621025,1995-11-15
11.53,24.49,0.0,2.7455278598649144,1995-11-16
13.02,26.76,0.0,4.6752876681352005,1995-11-17
14.32,23.48,1.34,3.0976174166700803,1995-11-18
13.56,17.33,0.05,3.018263828346762,1995-11-19
13.12,18.08,0.0,3.476462739114555,1995-11-20
11.05,17.06,0.15,2.143347639059282,1995-11-21
9.13,18.52,0.09,2.442986788316329,1995-11-22
11.2,17.43,9.56,1.16476081583901,1995-11-23
8.68,19.12,0.61,1.5633080598955742,1995-11-24
11.04,17.2,0.29,1.2235176733394317,1995-11-25
9.33,21.51,0.49,2.1240436931885935,1995-11-26
12.49,18.45,0.2,1.9598285643933209,1995-11-27
11.5,18.52,0.02,1.651908365433913,1995-11-28
10.77,17.79,0.24,1.364889401933269,1995-11-29
13.74,17.66,19.71,1.3471719199486971,1995-11-30
13.55,17.12,6.36,1.3460050010400932,1995-12-01
11.43,17.42,0.02,1.8058311912318905,1995-12-02
10.41,15.68,6.59,1.1375687552802314,1995-12-03
11.4,15.72,2.85,1.4301959682622205,1995-12-04
10.11,19.56,1.31,2.114300594547192,1995-12-05
8.7,16.12,0.62,1.832204516869953,1995-12-06
10.11,17.43,0.11,2.01607811587533,1995-12-07
7.45,17.61,0.01,1.750286490393805,1995-12-08
11.75,16.41,2.74,1.2502040858854324,1995-12-09
11.42,18.63,1.08,1.135690326391251,1995-12-10
11.63,19.02,3.0,1.1050104376563317,1995-12-11
11.48,16.57,2.78,1.026736975661157,1995-12-12
10.84,17.55,1.32,1.699816433304426,1995-12-13
10.48,17.21,0.35,1.8767366576564604,1995-12-14
8.41,20.13,0.01,3.287844937987163,1995-12-15
8.93,20.88,0.1,2.249128361225949,1995-12-16
11.94,18.55,2.1,1.1993121170061967,1995-12-17
12.53,17.72,0.54,2.155724039162206,1995-12-18
11.05,16.52,0.23,1.7173474712260104,1995-12-19
10.81,17.66,0.0,1.5695725666458524,1995-12-20
11.32,19.1,0.26,1.4314350535410305,1995-12-21
9.47,20.85,0.0,1.8424420496890586,1995-12-22
9.28,21.86,0.01,2.175338708062757,1995-12-23
12.94,20.99,0.0,2.377123744097456,1995-12-24
12.54,22.64,0.0,2.4687859213691232,1995-12-25
12.26,20.48,0.04,1.7589447194123726,1995-12-26
12.5,18.83,0.31,2.2754476212321006,1995-12-27
12.2,16.69,0.88,1.2069785605166368,1995-12-28
11.05,18.25,1.36,1.6271467647558002,1995-12-29
9.54,18.52,0.12,1.4029993738531816,1995-12-30
13.09,18.76,2.62,1.6275241026006106,1995-12-31
13.08,18.8,6.92,1.5631626884116463,1996-01-01
13.88,18.72,0.89,2.414183295865545,1996-01-02
13.71,16.96,0.23,2.8452599453770233,1996-01-03
11.91,16.78,0.02,2.1394037403412574,1996-01-04
9.24,20.55,0.2,1.9318354123068986,1996-01-05
10.68,17.56,1.58,1.7825095400439812,1996-01-06
10.36,21.32,3.19,1.7929475112342301,1996-01-07
11.01,17.56,0.17,2.2392494884180683,1996-01-08
7.05,18.79,0.0,2.0004837529099952,1996-01-09
7.61,17.63,0.0,2.058120014540992,1996-01-10
11.05,15.34,5.63,0.6244313312778056,1996-01-11
11.84,16.36,1.64,1.2225226388017556,1996-01-12
11.21,16.88,5.82,1.473594199830998,1996-01-13
11.06,17.02,0.97,1.3061993469832347,1996-01-14
10.8,17.34,0.42,1.2128817339442415,1996-01-15
9.04,15.76,0.13,1.292196241859041,1996-01-16
7.54,14.53,0.01,1.8213552002424762,1996-01-17
8.7,15.13,1.61,1.3721529477212457,1996-01-18
7.53,15.26,0.01,1.8746834433623938,1996-01-19
6.1,15.57,0.26,1.5312170111818995,1996-01-20
8.52,16.36,0.11,1.4319684978569365,1996-01-21
6.69,17.45,0.0,2.1030750277641386,1996-01-22
6.33,19.85,0.0,2.9355753390453287,1996-01-23
7.16,19.26,0.26,2.765518436427173,1996-01-24
6.37,18.96,0.01,1.9273777176669056,1996-01-25
9.32,15.5,2.22,1.4864633325744923,1996-01-26
7.18,17.98,0.0,1.9558770194452761,1996-01-27
8.07,20.18,0.04,2.4281522958754977,1996-01-28
9.31,17.15,0.29,1.6277607489747983,1996-01-29
11.19,14.34,7.22,1.2158470608134198,1996-01-30
11.11,16.05,0.76,1.6284970238914191,1996-01-31
10.7,16.55,1.34,1.5800981701676557,1996-02-01
8.81,19.08,0.0,2.1678448294900443,1996-02-02
7.01,18.31,0.01,1.9436492576082964,1996-02-03
9.81,14.78,2.3,1.3277026316536231,1996-02-04
8.68,13.27,5.32,1.5261946622891833,1996-02-05
8.91,12.9,19.84,1.2797547027409222,1996-02-06
9.03,12.89,9.76,2.141317882323046,1996-02-07
9.31,12.86,14.17,2.136488698355325,1996-02-08
7.37,12.93,3.32,2.2953621465586846,1996-02-09
6.53,16.42,0.01,1.9539700591930462,1996-02-10
8.63,12.64,1.09,1.0464788569666226,1996-02-11
8.88,13.91,2.18,2.0252032942983673,1996-02-12
7.14,16.76,3.54,2.085408084646039,1996-02-13
10.51,17.03,3.43,2.022206657157547,1996-02-14
9.06,12.27,0.35,1.1770452332500811,1996-02-15
8.58,12.71,1.48,1.6067195774476746,1996-02-16
7.71,14.31,0.19,2.3925405376922337,1996-02-17
8.56,15.22,0.16,2.3904036870879377,1996-02-18
4.9,19.61,0.02,2.779307848610981,1996-02-19
8.14,15.47,1.39,2.3661333425168745,1996-02-20
6.4,14.05,1.28,2.629228913226977,1996-02-21
4.78,10.13,3.34,1.8783035818830198,1996-02-22
6.03,11.37,1.24,2.1926382966585427,1996-02-23
5.85,16.05,0.38,2.6537300663193397,1996-02-24
7.06,17.61,0.0,2.9196412607445854,1996-02-25
5.58,17.27,0.04,2.3096032650352476,1996-02-26
11.69,13.71,39.96,0.9825600637272328,1996-02-27
10.57,12.85,23.33,1.1631596440077498,1996-02-28
7.75,14.75,0.12,1.9628972982931754,1996-02-29
6.76,14.83,0.03,2.2299394544790476,1996-03-01
9.5,15.38,0.88,2.5574291953314234,1996-03-02
9.06,13.95,3.39,1.85620360912335,1996-03-03
8.08,13.7,0.57,2.328760164466989,1996-03-04
5.87,12.63,0.11,2.6367437715109494,1996-03-05
5.83,14.96,0.0,2.7817993848896894,1996-03-06
6.83,13.95,0.31,1.5434630277222645,1996-03-07
8.41,16.54,1.9,1.4930585958334388,1996-03-08
8.89,18.41,0.38,2.4195651057042253,1996-03-09
10.69,16.57,2.12,1.2457881140142693,1996-03-10
9.84,16.16,5.97,2.082061633233864,1996-03-11
9.2,15.83,0.11,2.798462833158219,1996-03-12
8.53,15.81,0.61,1.2644112295671148,1996-03-13
11.5,15.82,15.29,1.4091090340080479,1996-03-14
8.78,14.32,2.16,1.9197856459226668,1996-03-15
7.24,15.97,0.42,3.112817237298731,1996-03-16
8.28,15.45,1.38,2.589254319647632,1996-03-17
6.53,14.62,0.33,2.1645167200658912,1996-03-18
8.21,16.75,0.06,2.975382452791807,1996-03-19
7.12,18.3,0.0,2.6956240831089944,1996-03-20
7.38,21.78,0.02,3.4026648681407083,1996-03-21
10.14,22.91,0.0,3.3226079508061317,1996-03-22
10.54,22.53,0.0,3.0589150549770032,1996-03-23
10.6,23.82,0.01,3.538828865757539,1996-03-24
12.42,25.19,0.01,3.547132294338672,1996-03-25
15.3,26.42,0.01,3.7565390003611725,1996-03-26
12.81,19.15,0.57,3.4728402091120114,1996-03-27
11.95,20.02,0.92,3.1636757919338403,1996-03-28
10.41,19.57,0.0,3.9331382843174967,1996-03-29
8.95,23.06,0.4,3.890350341247141,1996-03-30
10.97,18.19,2.3,3.21223632845913,1996-03-31
9.18,23.14,0.03,3.1715112166693236,1996-04-01
11.99,19.94,5.71,3.233993228920132,1996-04-02
9.36,14.62,1.22,1.9097061362407575,1996-04-03
7.71,15.5,0.04,3.4674271961963763,1996-04-04
6.69,19.2,0.0,3.4246913947474344,1996-04-05
10.09,16.52,0.07,2.401623470467483,1996-04-06
9.1,17.49,1.35,2.8385866068206527,1996-04-07
9.78,18.03,0.5,3.028403363237196,1996-04-08
9.4,17.38,1.1,2.8885394515501663,1996-04-09
9.46,17.84,3.49,2.9526077626473457,1996-04-10
8.97,20.25,0.23,3.466870185016734,1996-04-11
9.36,22.07,0.0,3.9835112242924158,1996-04-12
10.45,25.74,0.0,4.212443386305761,1996-04-13
11.67,22.18,0.0,4.188618386908215,1996-04-14
11.86,18.21,4.82,2.2695083245612238,1996-04-15
11.0,19.5,0.0,4.09984817574105,1996-04-16
8.07,23.03,3.95,4.168032608183111,1996-04-17
11.13,17.95,7.04,2.672053399336912,1996-04-18
9.68,20.42,0.0,3.833638814421264,1996-04-19
8.59,22.24,0.0,4.628169765172435,1996-04-20
11.3,22.76,0.0,4.9684959892965805,1996-04-21
12.64,22.51,0.03,4.263576587100501,1996-04-22
14.79,22.47,0.01,3.6154291924978934,1996-04-23
13.76,21.56,0.59,2.7133457212801795,1996-04-24
14.95,21.95,0.3,3.40053682889089,1996-04-25
14.02,19.34,6.11,2.816400570691517,1996-04-26
13.9,19.88,9.66,2.6061198967026495,1996-04-27
12.25,21.93,2.81,3.780028970112145,1996-04-28
13.64,18.9,14.93,2.3217051619166718,1996-04-29
13.91,19.6,5.67,3.517213044005992,1996-04-30
11.75,22.83,0.17,4.0764039181724465,1996-05-01
12.74,25.29,1.26,3.9182249308742074,1996-05-02
15.18,23.78,0.49,3.7119668025125634,1996-05-03
15.08,21.57,2.09,2.909682693854415,1996-05-04
14.0,22.65,0.01,3.949726574471717,1996-05-05
13.38,23.7,0.0,4.073964198892677,1996-05-06
14.35,26.24,0.87,4.696987853037252,1996-05-07
14.89,27.14,0.0,5.0793095209380095,1996-05-08
14.93,24.0,0.05,3.767858668154649,1996-05-09
14.94,23.07,3.3,3.0278399953766577,1996-05-10
15.08,22.16,1.12,4.6567321871753435,1996-05-11
12.49,21.15,8.19,3.3330289916220113,1996-05-12
13.34,20.69,0.84,4.49601520305223,1996-05-13
12.1,22.51,0.02,4.1508406427555435,1996-05-14
14.18,24.17,0.02,4.5988398812476055,1996-05-15
13.67,29.77,0.0,5.686513966087937,1996-05-16
15.42,32.48,0.0,6.625224291409643,1996-05-17
18.01,31.22,0.0,7.517114762706347,1996-05-18
16.91,25.69,0.34,3.3583681233451834,1996-05-19
14.69,23.87,0.75,5.079608210000148,1996-05-20
13.91,20.84,0.01,4.696132264085076,1996-05-21
14.38,22.59,0.0,4.282084607058938,1996-05-22
12.95,21.81,0.0,4.105986888959568,1996-05-23
11.87,24.59,0.08,4.906871914330822,1996-05-24
14.03,28.32,0.01,5.45916207244105,1996-05-25
15.08,28.35,0.0,5.781817597770185,1996-05-26
14.91,27.18,0.0,6.095584066592308,1996-05-27
15.96,24.28,0.0,6.064321300346088,1996-05-28
14.98,24.94,0.0,5.641710417720209,1996-05-29
14.62,23.92,0.0,5.296944346770017,1996-05-30
14.57,26.99,0.0,5.7034259885024206,1996-05-31
14.7,30.1,0.0,7.0001464520781465,1996-06-01
16.26,32.4,0.0,8.07642885881221,1996-06-02
16.35,29.71,7.72,5.825173126480168,1996-06-03
15.0,25.23,1.44,5.083027596535218,1996-06-04
15.61,24.56,6.6,4.078401568735602,1996-06-05
16.62,22.37,10.49,2.7593559421571667,1996-06-06
16.74,25.74,1.48,4.370101055824088,1996-06-07
16.77,27.66,0.01,5.294498495517292,1996-06-08
17.52,29.6,0.0,5.502904713232545,1996-06-09
18.27,30.66,0.0,5.846713948532446,1996-06-10
17.82,28.51,0.01,5.395415520669825,1996-06-11
17.78,29.17,0.86,5.181778112803142,1996-06-12
19.66,30.29,0.01,6.341684876349532,1996-06-13
18.92,28.09,3.31,5.558226782022498,1996-06-14
19.07,27.33,1.36,5.040020647082511,1996-06-15
18.85,27.57,0.85,4.90559571755987,1996-06-16
18.04,28.26,1.81,5.4662178862533946,1996-06-17
18.99,28.1,0.88,5.392092035143558,1996-06-18
17.21,30.72,0.0,5.954095100916954,1996-06-19
19.76,32.11,0.0,6.255052331933381,1996-06-20
20.73,39.2,0.03,8.058232399510645,1996-06-21
20.15,31.03,0.05,5.963507859256672,1996-06-22
18.62,26.29,1.31,6.500408947632107,1996-06-23
18.26,23.7,5.87,4.030311278508376,1996-06-24
17.59,23.75,0.0,6.146424169422225,1996-06-25
16.64,25.51,0.01,6.202538326835145,1996-06-26
16.53,25.88,0.0,6.2756574768682585,1996-06-27
16.26,27.94,0.0,6.072597782768806,1996-06-28
16.67,30.5,0.74,5.883357565704282,1996-06-29
17.09,31.74,0.0,6.492924891765084,1996-06-30
18.08,34.73,0.0,6.223819131359144,1996-07-01
20.83,38.97,6.25,6.915685577888776,1996-07-02
20.57,28.56,0.01,6.196487717031502,1996-07-03
19.19,30.41,0.0,6.416421032671698,1996-07-04
19.09,37.04,0.0,7.080178568073141,1996-07-05
22.89,33.87,0.04,6.715389931797213,1996-07-06
24.17,37.72,0.0,6.737384997542635,1996-07-07
19.99,28.31,0.0,7.179485854010263,1996-07-08
18.62,25.47,0.0,7.5252511671338285,1996-07-09
17.69,25.95,0.0,6.628806146720687,1996-07-10
17.4,27.24,0.01,4.603955355340022,1996-07-11
17.81,27.4,0.0,5.231253988059967,1996-07-12
17.81,27.7,0.0,5.30998708605049,1996-07-13
17.95,29.39,0.0,5.572724559036617,1996-07-14
18.93,30.84,0.0,5.792386544658579,1996-07-15
19.56,32.08,0.0,6.358260750298968,1996-07-16
21.16,33.74,0.04,6.784370041608648,1996-07-17
21.81,29.4,1.96,4.722884420295934,1996-07-18
20.89,30.89,0.12,6.710651675607427,1996-07-19
21.06,31.93,0.0,6.981493833096678,1996-07-20
20.06,32.13,0.0,6.621803536130291,1996-07-21
20.81,31.02,0.0,5.855104044329111,1996-07-22
21.19,31.27,0.0,6.105571833576584,1996-07-23
18.64,34.22,0.0,7.676198018183865,1996-07-24
20.32,39.69,0.0,9.497014067553069,1996-07-25
23.4,40.59,0.0,8.939839234561312,1996-07-26
22.3,40.28,0.0,7.539390405082203,1996-07-27
24.95,40.92,0.0,8.220169559204084,1996-07-28
23.82,37.16,0.0,6.859798474332143,1996-07-29
23.2,35.22,0.0,7.442784179099114,1996-07-30
22.45,30.81,0.0,7.571261590067232,1996-07-31
20.92,31.46,0.0,6.3311306309202715,1996-08-01
20.93,33.18,0.0,6.428936901704828,1996-08-02
22.18,33.86,0.0,6.64429779015432,1996-08-03
22.35,37.07,0.02,6.608907167299006,1996-08-04
25.5,39.05,0.1,7.066283174563289,1996-08-05
23.05,35.93,0.0,6.718557862443067,1996-08-06
23.18,35.48,0.0,6.709717446950197,1996-08-07
24.26,34.97,0.11,6.641537240903795,1996-08-08
23.18,33.07,0.02,6.958102983849843,1996-08-09
21.33,33.87,0.0,6.529208742314363,1996-08-10
23.36,37.53,2.56,7.346436469845701,1996-08-11
23.53,32.81,0.02,6.344761874102567,1996-08-12
22.5,35.64,0.01,6.48488293339832,1996-08-13
24.77,40.66,0.11,8.084418854565614,1996-08-14
25.58,35.68,1.11,6.315375370749844,1996-08-15
24.73,37.82,2.91,6.791368080509299,1996-08-16
24.75,31.86,1.27,5.807832972726958,1996-08-17
23.33,30.39,1.91,5.787002375886894,1996-08-18
21.27,30.79,0.48,5.6639645846005235,1996-08-19
21.41,32.7,0.0,6.048893194910105,1996-08-20
24.21,35.13,5.98,7.219203938937942,1996-08-21
23.58,30.55,0.8,6.041246994245102,1996-08-22
21.86,29.35,0.03,6.049637704930938,1996-08-23
20.76,32.67,0.0,5.803066635265501,1996-08-24
20.96,33.28,0.22,5.7460376295341655,1996-08-25
22.82,32.1,0.34,4.898140702027064,1996-08-26
24.01,40.16,0.02,8.04072376812318,1996-08-27
23.96,32.15,0.65,7.009327109943952,1996-08-28
22.81,30.28,0.68,5.7122259418721075,1996-08-29
21.82,29.77,5.26,4.438190564848355,1996-08-30
21.08,26.38,2.51,3.5436917489050015,1996-08-31
19.66,27.17,0.0,5.346805825475047,1996-09-01
19.74,27.4,0.6,4.366901714250916,1996-09-02
19.62,27.17,2.89,4.119083375297839,1996-09-03
20.1,26.98,0.02,5.511106140004396,1996-09-04
18.87,27.58,0.0,5.445339036372986,1996-09-05
20.0,28.74,0.43,5.378408822831025,1996-09-06
20.14,29.78,0.0,6.054638489122696,1996-09-07
19.22,27.73,0.43,4.460458217938294,1996-09-08
18.41,26.92,8.43,3.4063193928680793,1996-09-09
19.52,27.19,8.42,2.9358750132099862,1996-09-10
21.06,32.9,4.3,5.697014224998519,1996-09-11
21.37,31.87,0.21,6.372307731764101,1996-09-12
20.28,26.31,0.29,5.611549071712131,1996-09-13
18.91,26.61,0.13,4.806621914940462,1996-09-14
17.65,26.82,1.54,3.9734396603449014,1996-09-15
18.45,26.87,0.13,3.8011874367827088,1996-09-16
18.84,28.72,2.13,3.4958637728453015,1996-09-17
19.12,24.5,7.49,4.556688242840115,1996-09-18
17.48,29.71,0.5,5.0272485407707626,1996-09-19
18.87,28.19,0.0,5.1120753753071435,1996-09-20
18.61,31.29,0.4,5.412863793485662,1996-09-21
18.6,24.72,0.43,3.848130548031589,1996-09-22
18.38,24.07,1.77,4.914954335403195,1996-09-23
18.15,26.7,0.0,5.075371481306271,1996-09-24
15.99,30.66,0.01,4.340284348843967,1996-09-25
18.6,24.75,0.99,3.962737124613605,1996-09-26
18.27,23.78,0.02,4.738706865751067,1996-09-27
18.24,26.6,0.03,5.123144426557469,1996-09-28
17.46,24.86,0.01,3.6635289680704792,1996-09-29
17.44,25.96,0.0,3.879613047278558,1996-09-30
15.55,30.32,0.0,5.06073475754908,1996-10-01
18.02,27.74,0.07,4.638908982969211,1996-10-02
16.25,21.44,4.1,2.667788867190411,1996-10-03
16.29,20.48,3.4,3.1495538583325566,1996-10-04
17.47,22.13,0.39,4.215881066220016,1996-10-05
15.19,26.94,1.53,4.074448233561135,1996-10-06
15.2,22.23,0.89,3.3413565969246917,1996-10-07
14.65,20.59,2.65,3.9803564598865635,1996-10-08
15.79,21.29,3.72,3.4764211350656784,1996-10-09
15.0,22.72,0.32,3.4977894633648448,1996-10-10
15.0,23.22,0.0,3.5380096657143016,1996-10-11
13.97,24.47,0.0,2.9980757867373,1996-10-12
18.14,26.78,0.35,3.4636331820034063,1996-10-13
17.03,30.7,0.03,5.843629903323005,1996-10-14
17.55,25.12,5.18,4.927822815531872,1996-10-15
15.42,20.53,3.08,3.2006646896022697,1996-10-16
14.11,22.26,0.41,3.406016523707835,1996-10-17
12.37,25.04,0.0,3.488752693912079,1996-10-18
15.07,24.22,0.03,3.290652447115096,1996-10-19
15.93,22.0,0.02,3.329998770078468,1996-10-20
13.63,22.5,0.03,3.3247509011225866,1996-10-21
15.56,23.93,0.0,3.2474709261058856,1996-10-22
15.5,23.14,0.09,2.6809543832167595,1996-10-23
14.96,23.87,0.0,2.9956909670212015,1996-10-24
12.87,24.44,0.0,2.861654420663881,1996-10-25
15.32,21.61,0.0,1.9645771124750406,1996-10-26
13.99,21.67,0.07,2.1379581168880306,1996-10-27
12.7,23.09,0.0,2.4712685699807224,1996-10-28
11.72,24.61,0.0,2.985095571863139,1996-10-29
12.42,22.18,0.01,3.14449181239668,1996-10-30
12.86,20.81,0.0,2.7788227527877636,1996-10-31
12.01,21.65,0.0,2.8235997263815977,1996-11-01
14.31,20.93,0.05,2.739049858936313,1996-11-02
13.82,22.0,0.0,2.2711214981861905,1996-11-03
11.69,23.24,0.0,2.1943928472375083,1996-11-04
10.72,24.95,0.0,2.6005554338110164,1996-11-05
12.53,19.09,0.1,1.8134837889716215,1996-11-06
11.79,19.9,0.01,2.6173779989665173,1996-11-07
13.16,21.22,0.07,2.4732087879291123,1996-11-08
12.96,20.9,0.0,2.221569105259863,1996-11-09
11.34,24.61,0.0,2.9724496498751387,1996-11-10
11.47,23.86,0.0,4.233111282020907,1996-11-11
11.65,25.35,0.0,4.485518366901725,1996-11-12
11.36,27.74,0.0,4.278015955625183,1996-11-13
14.97,25.93,0.0,3.613002431896449,1996-11-14
17.81,24.86,0.01,3.9616516020646433,1996-11-15
18.36,22.9,0.01,3.8628624172074453,1996-11-16
14.78,20.66,1.8,2.080290483988951,1996-11-17
11.2,19.03,0.34,2.7075468643052423,1996-11-18
10.4,16.42,1.03,2.7398113936816078,1996-11-19
8.98,20.45,0.29,3.290738301306315,1996-11-20
13.17,19.63,0.3,2.1979917324078313,1996-11-21
11.86,21.54,0.04,2.7651402498309268,1996-11-22
13.88,20.99,0.15,2.1662635107617185,1996-11-23
12.6,18.14,0.09,2.730934074730983,1996-11-24
11.24,18.3,0.01,2.473890293716365,1996-11-25
13.13,18.19,0.74,3.443763642544302,1996-11-26
11.72,17.11,0.37,2.477754156517667,1996-11-27
11.58,18.85,1.17,2.33165065410002,1996-11-28
11.0,13.21,1.63,2.766772837446052,1996-11-29
10.13,16.8,0.3,2.5023182731548426,1996-11-30
12.86,16.13,3.78,3.3703512958216217,1996-12-01
11.87,16.41,1.14,3.0570344207752496,1996-12-02
10.7,17.34,0.0,2.4450867178138584,1996-12-03
7.16,19.27,0.0,2.4235181233656125,1996-12-04
7.37,20.7,0.0,2.7558115872832505,1996-12-05
8.97,21.89,0.0,2.492165414143798,1996-12-06
9.5,19.6,0.87,1.6459812420021014,1996-12-07
11.76,17.7,14.48,1.13949803218286,1996-12-08
7.79,16.29,0.74,1.5714690723149827,1996-12-09
6.93,17.85,0.01,1.895919353272468,1996-12-10
8.49,16.82,0.04,1.6442785544528111,1996-12-11
8.36,20.66,0.0,1.7246092729931215,1996-12-12
9.81,22.67,0.0,2.4855404618180104,1996-12-13
10.12,20.02,0.22,2.283866757339546,1996-12-14
11.63,17.83,0.3,1.8475298670069975,1996-12-15
10.74,18.56,1.03,1.467656322956209,1996-12-16
10.15,17.37,1.17,1.2999072763933048,1996-12-17
9.3,18.71,0.21,1.5121972654766913,1996-12-18
9.69,19.98,0.63,1.5140711871621058,1996-12-19
9.42,19.64,0.08,2.1918049510327466,1996-12-20
8.99,22.59,0.0,2.8716634351747405,1996-12-21
8.98,21.37,0.0,2.4683496658453037,1996-12-22
13.64,25.41,1.4,3.486363611881344,1996-12-23
13.05,19.66,1.19,2.259177506517755,1996-12-24
10.58,16.68,1.16,2.2952759790058384,1996-12-25
9.69,14.64,2.95,1.888986436176556,1996-12-26
5.18,9.0,0.96,2.56271823447515,1996-12-27
3.48,12.7,0.01,2.1100116550160912,1996-12-28
6.16,17.12,1.76,1.9175672099499723,1996-12-29
7.96,20.29,1.76,1.971732852128199,1996-12-30
9.96,18.58,1.26,2.2106699714730516,1996-12-31
6.24,20.7,0.0,2.842492990130433,1997-01-01
7.35,22.3,0.26,3.107931207232485,1997-01-02
8.35,21.96,0.0,2.4168781618321726,1997-01-03
6.77,15.47,0.29,1.7466380884909436,1997-01-04
5.79,16.28,0.01,1.7599249602860214,1997-01-05
6.23,17.04,0.02,1.7336838154333214,1997-01-06
7.97,12.43,2.93,1.377410718639788,1997-01-07
8.52,16.87,0.05,2.167223913418084,1997-01-08
7.76,17.95,0.78,2.1058617829949564,1997-01-09
9.99,14.97,1.4,1.7090163455155645,1997-01-10
7.07,14.87,3.21,1.6085430940309453,1997-01-11
10.91,13.78,13.28,1.2343987818339703,1997-01-12
10.87,16.64,4.94,1.302966305730087,1997-01-13
10.8,16.41,0.09,1.3292988956205756,1997-01-14
9.43,17.17,0.18,1.2691866657853617,1997-01-15
7.89,16.83,0.14,1.405847748215901,1997-01-16
6.96,18.3,0.0,1.7969190548122713,1997-01-17
8.79,13.19,5.74,0.7615246211908724,1997-01-18
6.84,18.83,0.0,2.0160523842377818,1997-01-19
7.18,20.31,0.0,2.6599340098879183,1997-01-20
8.29,17.58,0.0,2.150512217051028,1997-01-21
10.5,18.12,0.0,2.2509875280526725,1997-01-22
12.03,17.35,0.0,1.7884535418824816,1997-01-23
12.15,17.91,0.0,1.9999290377473,1997-01-24
11.61,17.58,0.07,1.354290544917455,1997-01-25
11.29,14.82,14.09,0.9283976508045244,1997-01-26
10.63,15.78,3.7,1.0470294742344117,1997-01-27
9.72,16.01,2.83,1.2144121472107239,1997-01-28
8.41,18.0,0.4,1.5968818644382352,1997-01-29
9.4,17.1,0.02,1.49067373737557,1997-01-30
7.8,17.09,0.0,1.4743895572865204,1997-01-31
7.6,15.94,1.95,1.0954283498297566,1997-02-01
7.93,16.19,0.33,1.6731916637107445,1997-02-02
8.24,15.38,0.29,1.522119169500061,1997-02-03
7.3,17.92,0.01,1.8845103301025603,1997-02-04
7.85,18.04,0.71,1.674440631481392,1997-02-05
10.29,15.47,8.78,1.9988021294987675,1997-02-06
8.82,14.75,3.34,1.5831172499974195,1997-02-07
10.23,16.44,2.33,1.5651309860728588,1997-02-08
8.68,16.82,0.05,1.801497377140689,1997-02-09
7.36,17.23,0.0,1.8635103923322165,1997-02-10
6.16,16.99,0.0,1.9202516247232029,1997-02-11
7.19,17.14,0.0,1.8783706791838903,1997-02-12
8.26,20.36,0.0,2.6854938155577,1997-02-13
10.97,18.5,0.0,2.372739148307191,1997-02-14
9.7,18.39,1.02,2.954436038981401,1997-02-15
11.33,16.85,0.58,3.2008252436671163,1997-02-16
9.14,15.99,0.0,2.5388886454527966,1997-02-17
10.8,16.2,0.04,2.477516671218347,1997-02-18
10.97,17.32,0.02,3.2021675183657043,1997-02-19
9.65,17.05,0.0,2.3812487721581648,1997-02-20
9.2,18.86,0.0,2.4329326160766245,1997-02-21
8.32,20.31,0.0,2.5519508668669104,1997-02-22
8.68,23.63,0.0,3.157804386724677,1997-02-23
10.67,18.69,0.0,1.9452069842934219,1997-02-24
9.96,21.27,0.0,2.3837282620181006,1997-02-25
8.32,24.76,0.0,3.5018152026052527,1997-02-26
11.55,17.69,0.0,3.3571697879524196,1997-02-27
9.73,17.04,0.0,3.838316915917956,1997-02-28
8.57,16.91,0.0,3.0562836187359532,1997-03-01
7.09,18.06,0.0,2.407237488158147,1997-03-02
8.66,18.55,0.0,2.599432108746345,1997-03-03
7.75,20.14,0.0,2.8245058684462987,1997-03-04
7.28,20.37,0.0,3.178796337577863,1997-03-05
9.72,20.31,0.0,3.1881918024987534,1997-03-06
10.24,18.32,0.12,2.725084732034492,1997-03-07
8.16,19.01,0.23,2.4295858893653652,1997-03-08
9.32,17.64,0.51,2.894127065440475,1997-03-09
9.19,16.47,0.01,3.432748240208474,1997-03-10
8.47,17.14,1.91,2.932976478157133,1997-03-11
8.12,17.04,0.29,2.765892802478696,1997-03-12
8.3,17.2,0.0,3.0101247538252824,1997-03-13
11.91,19.0,0.41,3.3153096192660927,1997-03-14
11.24,17.59,5.35,2.65497297768819,1997-03-15
9.74,17.62,0.83,2.6469049500868698,1997-03-16
8.4,20.26,0.02,3.1020004450542005,1997-03-17
7.29,21.71,0.0,3.5175978701668122,1997-03-18
8.34,22.57,0.0,4.387556132228357,1997-03-19
10.18,17.73,1.01,3.612341969128342,1997-03-20
9.55,18.11,0.16,3.4328090077294093,1997-03-21
8.25,20.82,0.0,3.2512278596677517,1997-03-22
9.98,19.71,0.04,2.875051913365162,1997-03-23
9.03,19.55,0.0,3.3681675125919996,1997-03-24
10.03,18.42,0.0,3.5092456289137264,1997-03-25
8.87,17.81,0.01,2.6984939148020852,1997-03-26
10.06,19.53,0.3,2.952054552456813,1997-03-27
8.52,22.56,0.0,3.664361010856806,1997-03-28
10.99,18.28,0.88,3.7039387112867286,1997-03-29
8.82,17.71,0.04,4.045971396490453,1997-03-30
8.6,15.35,0.08,3.751911116940221,1997-03-31
8.11,15.84,4.33,3.259751655564572,1997-04-01
8.29,13.9,7.41,1.821260805419389,1997-04-02
6.69,18.78,0.05,3.461684028250536,1997-04-03
9.4,21.72,0.0,4.901531254725448,1997-04-04
10.62,19.13,0.0,3.7148796600254688,1997-04-05
9.39,19.79,0.02,3.514942638513265,1997-04-06
9.83,21.61,0.01,3.740533712636611,1997-04-07
12.18,15.33,0.45,2.9546899354248892,1997-04-08
10.83,15.76,3.22,3.258986695211489,1997-04-09
11.34,15.78,3.43,2.4931163652497803,1997-04-10
10.29,19.41,0.04,3.6253260174334567,1997-04-11
8.49,20.42,0.03,4.0209748910278975,1997-04-12
9.61,19.37,0.99,3.746348052213184,1997-04-13
7.18,22.84,0.01,4.46897923538339,1997-04-14
10.15,22.12,0.0,4.004109644957754,1997-04-15
10.61,22.53,0.0,5.008179882166443,1997-04-16
9.97,23.43,0.75,4.541405081721054,1997-04-17
12.38,16.09,14.21,0.9703591416105827,1997-04-18
10.67,21.81,1.09,2.865650900437327,1997-04-19
12.5,27.45,0.3,5.459340419924503,1997-04-20
13.79,24.33,6.37,4.883627075953658,1997-04-21
12.41,19.06,0.45,5.037444677355628,1997-04-22
9.91,21.69,0.0,4.309354055489198,1997-04-23
10.71,18.5,0.97,3.0913805226295015,1997-04-24
10.56,19.17,0.0,4.249775683959598,1997-04-25
9.44,22.4,0.0,4.348667806440575,1997-04-26
8.66,25.78,0.0,5.292286144521317,1997-04-27
14.81,22.04,0.96,4.911325568634279,1997-04-28
14.36,21.45,1.23,3.7553070024439164,1997-04-29
13.37,20.07,0.52,4.3501096520975295,1997-04-30
12.56,20.49,1.12,3.9362771749466763,1997-05-01
12.31,20.86,0.64,4.136275176466729,1997-05-02
10.78,24.22,0.0,4.613729174295407,1997-05-03
10.77,28.4,0.0,5.45395427908911,1997-05-04
14.94,32.84,0.0,6.649945660506015,1997-05-05
15.93,26.65,0.31,5.49397411435027,1997-05-06
13.28,25.4,0.21,4.569781808312498,1997-05-07
12.16,18.76,0.34,5.028562059702449,1997-05-08
10.88,24.2,0.0,5.213905906832459,1997-05-09
12.19,31.09,0.0,7.386500831235859,1997-05-10
15.07,30.96,0.0,8.508986498765548,1997-05-11
15.03,27.15,0.0,7.004268369029668,1997-05-12
13.53,26.61,0.0,6.590492443300983,1997-05-13
14.86,25.9,0.0,5.704464123563106,1997-05-14
16.3,24.47,0.03,3.7359112622609767,1997-05-15
15.67,26.88,0.58,5.223131770526136,1997-05-16
15.59,28.54,0.0,5.465706289342837,1997-05-17
16.67,28.3,1.84,5.18065768674338,1997-05-18
15.9,32.09,0.0,7.313908947976312,1997-05-19
19.07,36.03,0.0,7.709706722127298,1997-05-20
16.32,26.43,0.01,5.015857408865065,1997-05-21
14.86,26.64,0.0,5.654102839834868,1997-05-22
16.27,26.88,0.0,5.607133426215916,1997-05-23
16.83,29.95,0.0,7.528830270488353,1997-05-24
16.84,29.49,0.0,7.303558241159047,1997-05-25
17.17,33.16,0.0,8.176473575542714,1997-05-26
16.71,33.12,0.0,7.680735379444525,1997-05-27
18.74,34.11,0.0,7.004459360301647,1997-05-28
19.25,31.65,1.14,5.897420233479446,1997-05-29
19.32,28.27,0.1,5.376308766449841,1997-05-30
18.92,32.17,0.9,8.66075914876424,1997-05-31
18.58,27.48,4.54,4.135288862768623,1997-06-01
17.77,28.33,2.59,5.639967121919222,1997-06-02
16.91,28.09,0.0,6.015203605929627,1997-06-03
16.99,33.97,0.0,8.051955738347464,1997-06-04
18.6,26.93,1.17,4.871673373700344,1997-06-05
16.39,28.12,0.0,6.266264323684551,1997-06-06
17.02,31.21,0.0,6.374279129903052,1997-06-07
18.23,37.55,0.0,7.9185702824021025,1997-06-08
21.06,34.79,0.0,6.8296076009759785,1997-06-09
20.92,36.81,0.0,8.264933405132428,1997-06-10
21.73,37.85,0.01,7.784247087794086,1997-06-11
21.49,41.86,0.04,7.263513035461235,1997-06-12
24.27,39.44,0.0,8.04465919691985,1997-06-13
22.27,36.31,0.0,7.120764107782868,1997-06-14
20.81,34.11,0.51,7.004500188086465,1997-06-15
22.19,38.8,0.01,6.682210931062891,1997-06-16
23.28,38.38,0.0,7.458087061136492,1997-06-17
24.16,41.35,0.15,7.1389153885498855,1997-06-18
21.07,30.57,0.31,7.331488491582146,1997-06-19
19.39,29.45,0.0,6.443341606722281,1997-06-20
19.79,38.51,0.18,7.112826552224468,1997-06-21
23.46,38.74,0.01,9.105741732362388,1997-06-22
21.05,28.05,0.13,7.110176915796131,1997-06-23
19.42,27.96,0.0,6.9981661394369965,1997-06-24
18.34,27.93,0.0,6.276018179382486,1997-06-25
18.07,34.61,0.0,7.931774228743918,1997-06-26
21.9,37.21,0.05,8.337236964840152,1997-06-27
21.39,29.91,0.19,6.108811826563699,1997-06-28
21.38,27.25,0.18,6.968370307907685,1997-06-29
19.87,28.56,0.01,6.938893430535154,1997-06-30
18.79,32.51,0.0,7.198932287518937,1997-07-01
20.61,37.16,0.0,10.837240949636447,1997-07-02
22.2,33.99,0.01,6.725647985719397,1997-07-03
20.78,35.44,0.0,6.502722595172924,1997-07-04
20.74,28.93,0.0,7.011660519909468,1997-07-05
19.55,26.84,0.0,7.507076939156461,1997-07-06
18.61,28.64,0.0,7.329546131361529,1997-07-07
18.17,30.49,0.0,6.317996857201603,1997-07-08
19.47,33.83,0.0,7.0680977377933525,1997-07-09
21.38,35.37,0.97,7.038528289766533,1997-07-10
21.45,29.64,0.71,5.961129398870941,1997-07-11
20.32,29.55,0.0,7.052006879166387,1997-07-12
18.62,35.91,0.0,7.696224368061214,1997-07-13
22.98,40.57,0.0,8.825233104232677,1997-07-14
24.99,37.35,0.0,7.764296252637913,1997-07-15
22.99,36.25,0.0,7.1480632842850405,1997-07-16
24.53,39.49,0.29,7.193862953338858,1997-07-17
22.42,31.17,0.0,7.00255284695297,1997-07-18
21.75,31.06,0.03,6.86738676951539,1997-07-19
20.65,31.08,0.0,6.440518331371399,1997-07-20
21.09,35.86,0.0,5.962025845548482,1997-07-21
22.71,39.94,0.03,8.997947687780693,1997-07-22
23.53,42.74,0.0,10.346993449076619,1997-07-23
24.22,33.25,0.0,6.900109641231175,1997-07-24
22.95,30.42,0.04,8.058381149268968,1997-07-25
22.55,29.01,0.09,7.586733391568596,1997-07-26
22.08,30.61,0.38,6.801458746857659,1997-07-27
20.53,32.54,0.0,6.19316379803241,1997-07-28
21.6,33.26,0.0,6.4062996435177535,1997-07-29
22.25,34.26,0.0,6.683920337079456,1997-07-30
22.52,36.31,0.01,6.7708966731176545,1997-07-31
22.39,32.81,0.02,8.2045841000132,1997-08-01
22.29,31.72,0.0,7.558797041756078,1997-08-02
21.3,33.33,0.0,6.204271449876215,1997-08-03
21.98,34.63,0.0,6.505213031248322,1997-08-04
23.18,35.27,0.01,6.267568256804286,1997-08-05
23.39,36.3,36.49,5.904908209137204,1997-08-06
24.25,34.42,2.99,5.983618390373877,1997-08-07
23.6,38.56,0.49,5.948277955658575,1997-08-08
25.33,39.48,0.01,6.4512156445821915,1997-08-09
25.41,35.25,0.01,6.592648808851016,1997-08-10
24.36,36.2,0.39,6.296561869670237,1997-08-11
23.26,30.83,0.05,6.155452303401271,1997-08-12
22.31,30.79,0.09,5.892715699079909,1997-08-13
22.42,30.95,0.18,6.086519808819999,1997-08-14
21.56,31.29,0.0,5.664634947494679,1997-08-15
20.91,34.35,0.0,6.284859862783248,1997-08-16
22.1,34.13,0.05,6.526339366298941,1997-08-17
21.94,31.73,0.65,4.503142665373786,1997-08-18
23.47,29.97,1.13,5.2726690136042516,1997-08-19
22.2,31.38,0.82,5.405616253592367,1997-08-20
21.87,31.31,0.87,5.321618668703763,1997-08-21
21.71,27.1,3.26,3.9810250373674774,1997-08-22
21.07,27.65,3.08,4.755241929669404,1997-08-23
20.94,29.48,0.28,5.170903809097891,1997-08-24
20.18,32.8,4.32,5.1032463538089505,1997-08-25
22.59,31.62,7.29,4.46731183321452,1997-08-26
22.57,30.27,5.79,4.395802786927611,1997-08-27
21.98,36.04,0.11,6.695549313648702,1997-08-28
21.13,28.24,0.08,6.0656347502876065,1997-08-29
19.92,28.95,0.0,5.834263043769771,1997-08-30
18.66,31.39,0.0,5.377247074845191,1997-08-31
20.07,32.37,0.0,5.989659928749175,1997-09-01
22.02,34.53,0.11,6.581634080214126,1997-09-02
22.26,28.89,10.59,3.6989112215569913,1997-09-03
20.5,25.13,5.74,3.360693784324626,1997-09-04
19.81,27.2,1.58,3.9350410746924616,1997-09-05
21.3,27.83,8.45,4.471342615878278,1997-09-06
21.51,24.5,34.91,2.774477548255727,1997-09-07
21.34,28.35,4.69,4.118453807484237,1997-09-08
21.53,27.9,3.33,4.451183165423256,1997-09-09
20.22,29.56,0.32,4.795168033651014,1997-09-10
20.17,31.43,2.0,4.387970033401734,1997-09-11
22.67,34.2,1.98,5.028079815824511,1997-09-12
21.34,34.79,0.0,5.145874867545167,1997-09-13
22.4,27.96,3.32,4.4255419397875,1997-09-14
20.92,24.73,7.22,1.8093458632774424,1997-09-15
20.15,29.1,9.33,3.831970265799401,1997-09-16
20.79,26.0,12.49,2.853973232920102,1997-09-17
20.19,23.86,5.88,2.0638286771576033,1997-09-18
19.89,26.85,0.01,3.99535408386477,1997-09-19
17.32,27.63,0.0,3.785622287159726,1997-09-20
20.01,25.64,11.48,2.4696528598373826,1997-09-21
18.61,22.41,12.48,2.798889188305306,1997-09-22
18.91,23.65,2.91,3.512766733476365,1997-09-23
18.44,26.49,0.07,4.246241533222135,1997-09-24
18.86,26.08,0.65,3.800095658888652,1997-09-25
19.51,25.63,1.09,3.5719303939473726,1997-09-26
17.92,26.78,0.0,3.5438799121101296,1997-09-27
17.47,29.51,0.22,3.9098349494278364,1997-09-28
19.69,31.44,0.46,4.4548317263307355,1997-09-29
20.95,27.08,0.37,3.3074329617993152,1997-09-30
19.62,28.43,0.02,3.587111428361587,1997-10-01
18.7,28.68,0.0,3.3290762578020314,1997-10-02
19.17,29.63,0.0,4.587260629938716,1997-10-03
19.02,28.75,0.0,3.8069016769190283,1997-10-04
18.85,30.0,2.94,4.147762383527031,1997-10-05
20.98,32.07,1.74,4.935988604119954,1997-10-06
20.52,31.86,1.49,4.692542265458177,1997-10-07
20.52,26.13,1.58,3.2066767810292043,1997-10-08
21.01,26.41,1.2,3.3805720820813776,1997-10-09
19.98,26.48,0.68,3.377184301936513,1997-10-10
21.08,28.07,0.08,4.2899557534205,1997-10-11
19.95,28.67,0.22,4.197279727702522,1997-10-12
17.84,26.18,4.12,3.752878600666427,1997-10-13
17.19,21.46,0.43,5.009205373762298,1997-10-14
15.74,21.37,0.66,3.9170556045852387,1997-10-15
16.53,21.38,3.94,2.62036164335816,1997-10-16
14.56,24.92,0.22,3.1988003917789714,1997-10-17
14.57,27.69,0.0,4.517494464748692,1997-10-18
15.09,26.69,0.0,3.811231471354771,1997-10-19
16.71,25.6,0.01,2.515812755856313,1997-10-20
17.96,22.8,4.61,2.1203516814391876,1997-10-21
18.61,25.23,2.01,2.795809776741415,1997-10-22
18.66,25.5,17.92,2.5588451060632074,1997-10-23
18.18,24.62,2.07,3.206528505990609,1997-10-24
17.39,23.31,0.12,3.1013410126840073,1997-10-25
16.14,23.67,0.11,2.3850292420259747,1997-10-26
14.23,23.64,3.03,2.489197522877551,1997-10-27
15.53,21.33,6.19,1.921103667624453,1997-10-28
15.99,24.54,2.85,3.154022447381875,1997-10-29
13.1,18.89,0.5,2.4088988020657722,1997-10-30
12.5,18.71,10.69,2.0428456485800575,1997-10-31
15.67,20.58,2.18,2.4442087907663246,1997-11-01
13.32,21.68,0.05,2.0450049426977035,1997-11-02
14.5,22.55,3.79,1.5948968743343805,1997-11-03
15.75,22.85,2.44,1.680744899579079,1997-11-04
15.08,23.3,1.07,2.139683230343958,1997-11-05
14.82,24.19,0.45,3.0379088457290546,1997-11-06
15.08,20.68,7.97,1.2929682848794748,1997-11-07
13.26,21.96,0.11,2.7640338234052617,1997-11-08
12.54,23.9,0.0,2.711639612212355,1997-11-09
13.99,22.93,0.02,2.278932158917283,1997-11-10
15.03,22.52,0.32,1.4312364956208157,1997-11-11
12.29,23.97,11.98,3.1906381926116585,1997-11-12
12.35,17.42,6.32,2.565874335058842,1997-11-13
12.01,17.27,8.13,1.5117368312560442,1997-11-14
12.84,19.16,0.09,2.449905827186162,1997-11-15
11.59,19.56,0.05,1.8844039776224049,1997-11-16
12.37,18.67,1.87,1.7340063353403434,1997-11-17
11.95,18.85,6.4,1.5063562913323691,1997-11-18
9.53,20.71,0.38,1.9369480427740624,1997-11-19
14.13,20.22,2.54,2.2349046791139786,1997-11-20
11.66,21.05,0.01,2.528195231323217,1997-11-21
12.68,22.52,0.42,3.0496690312823977,1997-11-22
12.57,15.66,12.59,1.713371802751424,1997-11-23
13.08,17.89,0.09,2.432968512342354,1997-11-24
8.41,18.59,0.3,1.445344697914909,1997-11-25
10.36,19.98,0.0,2.535532367576274,1997-11-26
8.88,19.92,0.1,1.9167873038179972,1997-11-27
12.59,18.68,2.62,1.3899294253996635,1997-11-28
12.56,17.87,2.1,1.36262067744465,1997-11-29
11.84,16.78,6.25,1.936356290517371,1997-11-30
12.85,16.19,5.05,2.94713003491343,1997-12-01
13.32,18.4,0.9,2.664070654026459,1997-12-02
12.21,15.65,4.43,1.779350457243043,1997-12-03
11.1,14.93,0.21,1.2993627723251764,1997-12-04
10.92,19.26,0.7,1.87626432599887,1997-12-05
10.72,16.7,13.85,1.1427074570637135,1997-12-06
11.37,15.67,1.14,2.2452970461021535,1997-12-07
11.31,17.33,0.39,1.5881163520774015,1997-12-08
11.32,17.48,1.79,1.3755641328005888,1997-12-09
11.51,16.83,1.18,1.9307814716933458,1997-12-10
10.59,17.88,0.85,1.4389166981942971,1997-12-11
10.98,19.98,0.62,1.7860708666940455,1997-12-12
10.12,14.37,2.12,1.2395227095346948,1997-12-13
9.69,15.81,1.18,1.7184544515651936,1997-12-14
8.45,15.52,0.35,1.690207517190605,1997-12-15
6.83,15.29,0.0,1.4338697133002059,1997-12-16
8.32,19.74,0.0,1.6694088508481626,1997-12-17
9.42,20.63,0.0,2.2696839265388795,1997-12-18
11.28,20.04,1.56,1.962801429342229,1997-12-19
11.43,18.54,0.63,1.983691505867874,1997-12-20
9.94,16.39,0.73,1.870030996916806,1997-12-21
10.14,16.38,0.56,1.2667207170670938,1997-12-22
11.91,17.59,0.59,1.1260301125675118,1997-12-23
12.28,16.69,2.11,0.9682926434772312,1997-12-24
10.93,16.9,1.11,1.1121779189832441,1997-12-25
6.64,18.24,0.17,1.4019108086304362,1997-12-26
10.03,14.59,5.47,1.7825658459606888,1997-12-27
11.55,14.67,1.45,2.3598855514866925,1997-12-28
9.55,15.47,0.15,1.3999727669569217,1997-12-29
6.92,16.35,0.0,1.5304073192536054,1997-12-30
7.22,14.15,0.0,1.3460351452151509,1997-12-31
5.92,16.74,0.0,1.3881654938157908,1998-01-01
8.67,16.15,0.71,1.3256504084763394,1998-01-02
10.48,15.79,2.68,1.8561887248342184,1998-01-03
10.57,18.45,0.6,1.4159734935548458,1998-01-04
10.53,17.19,0.29,1.3585537197391868,1998-01-05
10.41,17.78,0.07,1.2595066838423412,1998-01-06
9.02,17.12,0.0,1.4312502484567602,1998-01-07
7.78,17.08,0.0,1.2339705620956611,1998-01-08
8.85,16.87,0.0,1.2575724968124924,1998-01-09
6.98,15.89,0.0,1.310897940480889,1998-01-10
5.25,17.08,0.0,1.7614458876315218,1998-01-11
6.09,18.33,0.0,2.496575197737386,1998-01-12
6.08,17.66,0.0,1.8034334351384012,1998-01-13
9.68,14.68,0.75,1.4148825948687365,1998-01-14
9.58,14.49,1.72,1.8988614449747436,1998-01-15
9.38,15.13,0.34,1.8245742589923244,1998-01-16
10.78,14.64,4.8,2.178681925624154,1998-01-17
9.24,15.84,0.28,1.9549909768882268,1998-01-18
6.95,15.36,0.12,1.6975959057767303,1998-01-19
9.38,16.73,1.49,2.5128860404852067,1998-01-20
9.45,11.24,3.89,2.4875880211000587,1998-01-21
8.31,12.05,3.18,1.6975170618423112,1998-01-22
7.18,13.4,0.96,1.4945155571973578,1998-01-23
6.73,13.99,0.02,1.41254341640132,1998-01-24
4.32,11.07,0.72,0.9505115827005467,1998-01-25
7.88,13.22,0.7,1.2729539945511137,1998-01-26
8.9,15.17,0.02,1.7443325744428546,1998-01-27
5.48,16.71,0.0,1.8783065482664925,1998-01-28
6.85,17.18,0.05,1.5117949704385856,1998-01-29
7.74,16.74,1.15,1.3979957976211639,1998-01-30
8.61,18.05,3.53,1.8505021934567347,1998-01-31
7.4,18.49,0.34,2.0577921903751726,1998-02-01
10.07,18.45,0.02,1.912320511434811,1998-02-02
9.7,21.54,0.05,2.253830127147024,1998-02-03
10.27,18.73,0.21,2.4200310108338843,1998-02-04
11.22,16.69,0.15,2.398272955319507,1998-02-05
9.21,16.35,0.14,2.214278376336447,1998-02-06
7.73,15.88,0.0,1.9183860783624493,1998-02-07
6.08,15.7,0.04,1.9972354562989914,1998-02-08
8.41,15.99,0.02,2.0913258335508482,1998-02-09
7.53,15.35,0.0,2.1645879522456606,1998-02-10
6.55,16.38,0.0,1.8543344836791078,1998-02-11
5.98,18.51,0.0,2.1155891471334027,1998-02-12
6.82,19.34,0.0,2.0295540554735787,1998-02-13
7.22,19.16,0.0,2.228270834118035,1998-02-14
8.09,17.8,0.0,1.9891211915614193,1998-02-15
8.41,16.74,0.01,1.8117949074736912,1998-02-16
6.84,17.09,0.15,1.975803294130759,1998-02-17
9.0,17.35,0.1,2.457805256367046,1998-02-18
8.15,17.59,0.0,2.389495503200806,1998-02-19
5.9,19.05,0.0,2.43894736197717,1998-02-20
6.97,20.93,0.0,2.6637314809494383,1998-02-21
6.44,21.78,0.05,2.786852421328067,1998-02-22
7.7,13.47,3.31,1.6340513906370084,1998-02-23
7.29,13.02,3.44,1.9203695465744335,1998-02-24
7.16,12.19,7.48,1.2800627373159619,1998-02-25
8.61,14.85,1.39,1.9109782701180027,1998-02-26
8.98,16.7,0.38,2.062182139541608,1998-02-27
7.67,17.13,0.03,2.2478833048941316,1998-02-28
6.12,20.04,0.0,2.9577438085857826,1998-03-01
8.46,16.84,0.0,2.305878188940343,1998-03-02
10.31,17.05,0.0,2.3641572572088196,1998-03-03
6.81,19.81,0.0,2.692559293915321,1998-03-04
7.31,23.78,0.0,3.874341926745641,1998-03-05
9.36,19.62,0.0,3.1340052441261963,1998-03-06
7.62,22.48,0.0,3.0538199933054435,1998-03-07
11.78,21.72,0.03,3.572400582121438,1998-03-08
12.52,18.73,0.72,2.8582150607270966,1998-03-09
8.08,14.4,4.66,3.0904216571232004,1998-03-10
5.52,13.83,0.03,2.9618231500130476,1998-03-11
8.09,16.02,1.57,2.839793548972605,1998-03-12
8.37,14.89,0.29,2.1696346256752266,1998-03-13
7.79,16.14,0.67,2.0285130407064362,1998-03-14
9.55,15.45,2.05,2.4689217138834536,1998-03-15
8.86,17.91,0.48,3.1580946175099958,1998-03-16
11.31,18.24,0.0,3.3221385792135774,1998-03-17
8.98,18.47,0.0,2.7325345486934607,1998-03-18
10.0,19.92,0.0,2.9244059448150774,1998-03-19
7.5,19.02,0.0,2.977898948191573,1998-03-20
9.67,17.94,0.0,3.1182500673178772,1998-03-21
10.16,16.81,0.48,2.6768711342261886,1998-03-22
8.41,18.15,0.11,2.8274690245452034,1998-03-23
9.77,19.84,0.37,3.475426682859099,1998-03-24
8.85,14.36,5.85,3.3451586507942253,1998-03-25
8.64,13.4,0.06,3.206538730990355,1998-03-26
8.36,15.67,0.0,3.0957117579196733,1998-03-27
9.05,18.48,0.3,3.272283653468462,1998-03-28
7.84,22.75,0.03,4.111240386607819,1998-03-29
12.84,17.24,9.92,1.6714839247862971,1998-03-30
12.3,19.32,13.23,1.892909400859926,1998-03-31
11.11,19.1,0.93,2.6557857936361438,1998-04-01
9.88,21.71,0.02,3.3847164955797,1998-04-02
9.37,25.7,0.0,4.152617865518026,1998-04-03
12.34,28.42,0.0,5.314849465252217,1998-04-04
12.44,29.03,0.0,4.761020471931149,1998-04-05
13.72,21.61,0.0,3.77671062739271,1998-04-06
12.3,29.47,0.0,4.968685624862872,1998-04-07
13.43,24.76,0.0,3.7811062460680205,1998-04-08
13.84,18.47,0.27,2.7405184800640447,1998-04-09
12.37,23.95,0.01,4.288974072898136,1998-04-10
11.3,20.42,0.15,3.5856543957648226,1998-04-11
9.73,18.3,0.13,4.08646870779863,1998-04-12
8.87,22.84,0.0,4.409353710472813,1998-04-13
10.64,19.88,0.0,4.165344653568968,1998-04-14
11.3,26.33,0.0,5.517996781628393,1998-04-15
12.59,21.5,0.03,4.625507228641949,1998-04-16
11.53,22.06,0.44,4.491416086334848,1998-04-17
11.49,18.67,0.8,4.683325091138443,1998-04-18
10.01,20.94,0.0,4.709679957444208,1998-04-19
9.38,26.94,0.04,4.76172949696299,1998-04-20
13.75,25.95,0.01,4.559172094783459,1998-04-21
14.81,20.63,19.98,2.1132207493425677,1998-04-22
14.49,18.95,12.98,2.245611349290911,1998-04-23
14.2,20.26,0.74,3.9282825488231117,1998-04-24
12.16,21.21,0.07,3.677139531821323,1998-04-25
10.14,26.41,0.0,5.114123927221996,1998-04-26
14.26,20.93,16.02,3.61926762798176,1998-04-27
11.69,19.15,0.36,4.205965518953361,1998-04-28
9.46,23.81,0.01,4.849574752402581,1998-04-29
12.41,24.34,0.38,5.072895872113348,1998-04-30
13.49,18.35,0.83,2.706013862503633,1998-05-01
12.63,18.6,5.36,1.475248588615362,1998-05-02
13.59,24.7,2.05,5.439519158105491,1998-05-03
13.62,20.56,2.32,4.876754506571062,1998-05-04
12.36,20.64,0.98,4.5190232547800635,1998-05-05
11.78,19.14,0.19,4.273101360284784,1998-05-06
12.16,20.5,0.0,4.0930767483857595,1998-05-07
12.76,23.18,0.0,4.447526407442495,1998-05-08
12.47,24.9,0.0,5.133965839991775,1998-05-09
12.23,25.28,0.0,5.093054804037685,1998-05-10
14.38,26.69,0.0,5.362234403733233,1998-05-11
13.97,27.19,0.0,5.693145953317459,1998-05-12
16.24,28.78,0.0,5.412312846475619,1998-05-13
15.79,27.54,0.09,5.626717591906203,1998-05-14
16.3,23.84,7.16,4.677666647256658,1998-05-15
15.18,24.4,0.71,4.8954576580510905,1998-05-16
15.31,25.64,0.56,5.081731413228875,1998-05-17
14.66,24.59,0.0,5.253557505022361,1998-05-18
13.6,23.97,0.0,5.235069455142193,1998-05-19
14.17,23.8,0.0,5.0839457029160515,1998-05-20
14.93,23.62,0.19,4.814042469069834,1998-05-21
14.73,24.66,0.01,4.709486711473271,1998-05-22
13.46,27.05,0.0,5.362956022680925,1998-05-23
16.2,28.21,1.59,6.197050450845851,1998-05-24
16.23,22.59,6.07,4.8275183383613856,1998-05-25
15.19,24.81,0.25,5.403506217236678,1998-05-26
14.51,30.71,0.22,7.1044011588080025,1998-05-27
17.93,29.45,10.42,6.438268210693714,1998-05-28
15.99,26.02,0.03,5.638855617842283,1998-05-29
15.56,30.15,3.09,5.968933559714553,1998-05-30
16.82,29.21,0.49,5.945814041158271,1998-05-31
18.58,35.25,0.0,7.9556878893191145,1998-06-01
21.4,36.3,0.0,9.711760183006684,1998-06-02
21.52,35.22,0.96,9.386394477480577,1998-06-03
21.95,30.26,1.26,6.8731570571342715,1998-06-04
21.97,34.05,0.0,9.162480700492159,1998-06-05
19.65,26.9,0.66,3.446831333629312,1998-06-06
18.14,28.27,0.05,5.282373418389778,1998-06-07
17.97,27.36,0.05,5.645524437409127,1998-06-08
17.84,26.32,0.0,6.472568497669432,1998-06-09
16.8,28.63,0.0,5.967270104961898,1998-06-10
17.93,33.48,0.0,7.757966388486901,1998-06-11
17.07,24.46,0.02,6.434376654805042,1998-06-12
15.73,23.66,0.0,6.506959159438731,1998-06-13
14.36,28.87,0.01,6.252713674268803,1998-06-14
19.64,31.79,0.1,7.382793550976993,1998-06-15
20.08,29.03,0.81,5.757871601177157,1998-06-16
17.68,25.89,0.0,6.880049863239677,1998-06-17
16.14,25.2,0.0,6.07733165212293,1998-06-18
15.76,27.36,0.0,5.890920674898716,1998-06-19
17.11,27.84,0.0,5.922447837044528,1998-06-20
16.34,31.42,0.0,6.749867822222393,1998-06-21
18.21,33.77,0.0,7.4694730904882505,1998-06-22
19.16,36.07,0.01,7.527820127908679,1998-06-23
21.15,34.96,0.44,6.444513537422176,1998-06-24
21.56,35.32,0.0,7.306723988535403,1998-06-25
19.76,35.0,0.0,6.853341710516764,1998-06-26
22.2,41.01,0.0,7.368848666295863,1998-06-27
25.34,41.25,0.01,7.852187446442386,1998-06-28
25.87,42.96,3.21,7.378154147380164,1998-06-29
27.07,42.75,0.0,7.311192303507108,1998-06-30
26.53,44.67,0.0,10.596311012522593,1998-07-01
24.43,42.86,0.02,8.559873729764462,1998-07-02
22.83,37.64,0.0,8.519074393361626,1998-07-03
22.29,31.79,0.0,7.76714013940225,1998-07-04
20.99,30.36,0.0,7.9149891607853915,1998-07-05
19.89,31.41,0.0,7.194830019226052,1998-07-06
19.64,41.15,0.0,10.160644409223533,1998-07-07
21.54,28.99,0.0,7.849920532801111,1998-07-08
21.02,27.44,0.0,7.545590844765763,1998-07-09
19.11,29.5,0.0,6.490444814965991,1998-07-10
19.53,32.28,0.0,6.662825044477009,1998-07-11
20.25,32.6,0.0,6.99529557571921,1998-07-12
21.51,36.91,0.0,7.257833156327404,1998-07-13
23.12,35.68,0.0,7.347554893614321,1998-07-14
21.8,29.27,0.0,7.737640377591562,1998-07-15
20.19,28.2,0.0,7.248676439988419,1998-07-16
18.59,31.73,0.0,6.915131758919819,1998-07-17
18.21,34.14,0.0,7.0576472471219915,1998-07-18
21.3,34.05,0.0,7.389495207610064,1998-07-19
20.71,35.95,0.0,8.927140280254253,1998-07-20
22.24,38.3,0.0,9.568262859483491,1998-07-21
22.28,33.79,0.0,7.082088587623176,1998-07-22
21.73,31.67,0.0,7.072765252449866,1998-07-23
21.57,32.61,0.0,7.116667870082663,1998-07-24
20.84,34.86,0.0,7.131694842840349,1998-07-25
21.31,37.05,0.0,7.234042167915386,1998-07-26
23.47,41.36,0.0,8.038311044637842,1998-07-27
23.88,33.63,0.01,8.57802143244949,1998-07-28
22.36,29.92,0.0,7.643187651012097,1998-07-29
21.13,31.03,0.0,7.037301465009697,1998-07-30
20.33,35.16,0.0,6.418516494278834,1998-07-31
21.76,38.79,0.0,8.315150277940582,1998-08-01
24.22,38.72,0.0,8.25918884689655,1998-08-02
23.41,39.39,0.0,9.99828872687066,1998-08-03
21.43,29.08,0.02,7.511243204801123,1998-08-04
21.07,27.61,3.23,6.041118261147204,1998-08-05
20.66,26.89,10.54,4.411661187831912,1998-08-06
22.15,28.3,11.8,4.780201808842101,1998-08-07
22.14,28.63,6.2,5.105818702665063,1998-08-08
21.26,30.99,0.0,5.697948017624741,1998-08-09
21.73,32.38,0.0,5.825673246475949,1998-08-10
22.05,33.67,0.0,6.023731164966128,1998-08-11
20.58,33.61,0.0,6.386018246810963,1998-08-12
21.06,34.95,0.0,6.433181512361754,1998-08-13
22.39,36.66,0.0,5.317996124665696,1998-08-14
23.69,39.18,0.0,7.8620282927994465,1998-08-15
23.4,34.87,0.0,6.347989523552055,1998-08-16
23.97,37.06,0.0,6.175931448647938,1998-08-17
23.31,33.6,0.0,6.2167568318044815,1998-08-18
25.09,35.11,0.0,7.239902294528824,1998-08-19
23.89,33.95,0.44,5.226426173262759,1998-08-20
23.31,32.36,0.0,6.565997439752435,1998-08-21
21.51,30.98,0.0,6.5112733128648745,1998-08-22
21.97,31.21,0.0,6.808336756756039,1998-08-23
21.94,32.18,0.0,7.097138520868817,1998-08-24
22.07,31.5,0.0,7.308903159792396,1998-08-25
20.89,30.41,0.0,6.11029429275664,1998-08-26
19.53,38.43,0.0,6.376440185893475,1998-08-27
22.82,30.55,0.0,6.843402835058245,1998-08-28
20.75,29.17,0.0,6.4184947834473975,1998-08-29
19.2,30.89,0.0,5.56509147589929,1998-08-30
20.23,32.81,0.26,5.783716670448671,1998-08-31
23.77,37.24,0.02,8.24282894861747,1998-09-01
25.49,39.62,0.1,9.354851380080605,1998-09-02
24.21,32.95,2.66,5.257795452476464,1998-09-03
22.63,34.4,0.87,5.241552835329337,1998-09-04
23.47,33.55,0.08,6.1197331800551416,1998-09-05
21.96,30.34,0.0,6.279560093178366,1998-09-06
19.14,36.37,0.0,5.951038966401001,1998-09-07
21.89,31.32,0.51,6.856980511551379,1998-09-08
20.82,27.54,0.0,5.848068848144581,1998-09-09
20.12,31.48,0.0,5.521998552396496,1998-09-10
20.92,34.46,0.07,6.603733981966918,1998-09-11
21.31,29.74,0.24,6.083346129058961,1998-09-12
19.93,29.45,0.11,6.011898264648571,1998-09-13
19.8,28.68,0.8,5.001986798613291,1998-09-14
18.74,25.96,0.03,5.308606388700593,1998-09-15
18.44,26.47,0.02,4.88918561841383,1998-09-16
18.01,29.54,0.0,5.02723604285667,1998-09-17
18.74,26.65,0.0,5.0994225690893,1998-09-18
19.09,27.36,0.13,4.958946881096967,1998-09-19
17.64,27.02,0.05,4.974716322441356,1998-09-20
19.09,25.53,0.17,4.184798419844409,1998-09-21
18.82,25.28,0.35,3.8087416426942466,1998-09-22
19.84,27.65,13.92,3.3871740252159714,1998-09-23
21.63,25.98,8.36,2.8168668040396554,1998-09-24
20.47,30.85,2.25,4.796114626274799,1998-09-25
20.91,36.12,0.23,6.0127743766447646,1998-09-26
20.12,27.15,7.57,3.645493427425238,1998-09-27
19.69,26.62,1.71,3.525713890332596,1998-09-28
19.27,27.13,0.53,4.189885597322472,1998-09-29
17.87,29.28,0.1,3.613093471323588,1998-09-30
19.29,27.09,12.76,3.5399225112990735,1998-10-01
18.85,21.07,18.86,1.5184956074537224,1998-10-02
17.9,25.23,0.07,4.330792477761457,1998-10-03
16.82,26.49,0.0,3.6890239052629776,1998-10-04
17.18,30.89,1.74,5.002557645153996,1998-10-05
19.15,25.31,6.21,2.930532095707888,1998-10-06
16.7,24.03,0.25,3.827551502705154,1998-10-07
15.63,23.22,1.36,3.132160613393552,1998-10-08
17.15,23.44,0.61,2.5906588185143087,1998-10-09
16.41,20.78,12.45,1.5699630443494235,1998-10-10
15.74,21.77,3.18,2.9113518151040974,1998-10-11
16.37,20.85,4.31,2.2469034870744133,1998-10-12
16.42,21.95,0.2,3.4229439413583207,1998-10-13
15.37,22.83,0.0,2.654230349632306,1998-10-14
14.62,24.76,0.0,2.9841988734861604,1998-10-15
15.62,27.77,0.0,3.2771535480110088,1998-10-16
14.15,29.13,0.0,4.033908169784016,1998-10-17
16.26,31.01,0.0,3.491904579955368,1998-10-18
16.28,26.19,0.7,3.605988312000165,1998-10-19
16.65,22.07,1.08,2.587247679412055,1998-10-20
15.83,23.31,1.09,2.3149361882682387,1998-10-21
17.3,23.79,2.06,2.053353091779084,1998-10-22
16.99,25.35,0.25,2.2992478486080756,1998-10-23
15.55,23.75,0.12,2.6802015285764824,1998-10-24
16.39,23.68,0.0,3.19969581547267,1998-10-25
16.18,22.76,0.06,3.4649760973020998,1998-10-26
13.75,21.42,0.1,3.5505117160311044,1998-10-27
12.12,23.35,0.0,2.8372883804845683,1998-10-28
11.37,26.43,0.0,3.421614844235851,1998-10-29
13.8,22.81,0.0,3.3605304710672175,1998-10-30
14.79,22.05,0.0,3.2831051201243207,1998-10-31
12.24,24.26,0.0,2.745331281615368,1998-11-01
15.94,23.5,0.07,2.608582609663144,1998-11-02
14.78,25.52,0.0,2.74473349252497,1998-11-03
12.63,27.21,0.0,3.29183965749409,1998-11-04
15.0,22.05,0.0,2.3535759244802463,1998-11-05
15.12,23.29,0.0,2.428149093445199,1998-11-06
12.27,19.63,0.01,2.696902669492484,1998-11-07
12.01,20.27,0.0,2.358277728825022,1998-11-08
10.95,20.02,0.0,2.157960272400533,1998-11-09
9.51,22.28,0.0,2.545435026828836,1998-11-10
14.35,21.08,1.24,2.900371226524792,1998-11-11
14.45,19.13,0.33,3.3803747089102916,1998-11-12
14.06,18.67,0.12,2.692188861986275,1998-11-13
12.67,21.51,1.99,1.893536465346671,1998-11-14
13.78,21.05,1.98,2.1457062440364894,1998-11-15
13.25,19.16,0.02,2.66178764113853,1998-11-16
11.18,18.01,0.1,2.256096216847371,1998-11-17
11.21,16.72,2.15,1.369865665405382,1998-11-18
13.1,18.03,2.16,2.1184722781894854,1998-11-19
11.21,14.52,0.7,1.8636880630639263,1998-11-20
7.0,12.59,1.95,1.6277319360687394,1998-11-21
6.35,11.08,0.52,2.021338724257169,1998-11-22
8.5,14.01,0.2,2.401328060386778,1998-11-23
8.39,16.76,0.29,1.69218233284811,1998-11-24
9.96,15.47,0.34,1.9014181998477624,1998-11-25
8.84,13.75,16.98,1.1971353402206906,1998-11-26
10.22,13.27,7.24,0.9365123147059328,1998-11-27
10.54,13.98,5.79,1.760430751588905,1998-11-28
9.67,16.35,0.83,2.001989835466017,1998-11-29
9.57,14.62,1.26,1.6157350329311335,1998-11-30
7.63,15.17,0.27,1.7503001490232608,1998-12-01
6.1,17.68,0.0,1.749150418512457,1998-12-02
9.68,20.76,0.06,2.297765996638384,1998-12-03
6.62,16.93,0.79,2.400935630407296,1998-12-04
10.4,15.75,1.24,1.9211126933684708,1998-12-05
9.93,15.06,0.38,2.508791260752002,1998-12-06
9.51,13.71,1.17,2.2750378761246743,1998-12-07
6.37,12.39,1.07,2.1261860681334035,1998-12-08
5.73,13.45,0.0,1.5835356720412628,1998-12-09
5.51,16.76,0.1,1.9771362124823666,1998-12-10
11.01,17.43,5.75,1.7638567933881033,1998-12-11
11.6,15.16,1.5,1.9540530758535506,1998-12-12
11.12,17.0,0.02,1.5666719019723907,1998-12-13
12.2,17.55,0.2,1.635733861041325,1998-12-14
11.09,17.87,0.06,1.4442812276909334,1998-12-15
9.4,18.23,0.16,1.2699442688442448,1998-12-16
11.17,15.42,0.26,1.3645597410326658,1998-12-17
10.38,15.72,0.0,1.399269841637983,1998-12-18
8.23,15.02,0.42,1.3569251387776449,1998-12-19
9.41,15.98,0.79,1.698023983640449,1998-12-20
7.28,13.63,7.74,1.7067872593137103,1998-12-21
11.12,14.53,1.0,2.529957329620393,1998-12-22
7.17,14.05,0.0,1.8697978897649465,1998-12-23
6.44,13.48,0.0,1.2865815661091768,1998-12-24
7.1,14.38,1.15,1.3379241124524672,1998-12-25
8.73,13.46,2.14,1.0854317332557317,1998-12-26
8.49,14.25,0.19,1.107368579661954,1998-12-27
4.31,15.94,0.0,1.7953504153193458,1998-12-28
5.92,13.61,0.01,1.200978087158617,1998-12-29
4.5,16.56,0.0,1.7537184509834582,1998-12-30
4.93,17.74,0.17,2.259871078797803,1998-12-31
10.05,16.75,4.4,1.3386108653168625,1999-01-01
6.25,13.67,9.97,0.9111394553432449,1999-01-02
10.98,15.22,1.74,2.239794236086315,1999-01-03
12.38,16.78,0.01,2.2835093009480105,1999-01-04
10.49,16.94,0.0,1.256362016762525,1999-01-05
8.02,17.23,0.07,1.2066462060163077,1999-01-06
6.58,19.32,0.0,1.68885561693395,1999-01-07
7.31,17.05,0.1,1.6068842872671483,1999-01-08
7.84,16.95,0.01,1.4250123435465745,1999-01-09
7.06,19.53,0.18,2.51567793669616,1999-01-10
6.8,14.12,0.21,1.7901019174920216,1999-01-11
4.07,17.2,0.0,2.0887773033330763,1999-01-12
6.32,18.15,0.02,2.4301922895476915,1999-01-13
9.19,15.66,0.14,1.5903292155702007,1999-01-14
10.06,13.0,10.96,0.7690737773266058,1999-01-15
10.35,14.69,2.89,1.012609609732132,1999-01-16
10.86,15.27,1.21,1.218719968313293,1999-01-17
11.57,16.5,5.67,1.2590721217184588,1999-01-18
12.56,14.42,20.84,1.3798286329958074,1999-01-19
9.77,14.33,24.59,1.134685280414172,1999-01-20
8.92,14.79,1.88,1.111891676894133,1999-01-21
5.78,16.37,0.03,1.4575638190016384,1999-01-22
5.46,16.04,0.01,1.5951545058117735,1999-01-23
7.86,14.48,0.26,1.17919554164173,1999-01-24
8.47,14.93,0.27,1.4204871154102094,1999-01-25
7.48,13.41,0.96,1.125668037014978,1999-01-26
8.85,15.67,2.73,1.9378203787846868,1999-01-27
9.87,14.32,3.07,2.4701258566143016,1999-01-28
10.89,16.16,3.16,2.8557748814489154,1999-01-29
5.19,10.8,4.51,1.8360903574063918,1999-01-30
3.08,6.32,4.05,1.212710925080071,1999-01-31
3.27,7.76,14.7,0.9152686427229899,1999-02-01
3.71,11.06,0.53,1.6035017782582885,1999-02-02
5.59,9.72,0.94,1.2029707120479098,1999-02-03
3.92,12.83,0.03,1.4554366795768328,1999-02-04
7.96,14.12,0.6,1.8202256851046277,1999-02-05
10.52,13.02,0.92,2.254403038756807,1999-02-06
10.15,14.03,0.66,2.260098102661609,1999-02-07
8.19,15.16,0.43,2.015100772257729,1999-02-08
6.19,16.6,0.0,2.0786572685558733,1999-02-09
6.39,14.87,1.86,2.2944179437225705,1999-02-10
5.48,7.6,13.23,1.6323159731739423,1999-02-11
5.11,9.16,9.95,1.9633164398378131,1999-02-12
4.78,10.05,3.73,1.9365269174529394,1999-02-13
3.71,9.03,0.51,1.3143900734685818,1999-02-14
4.61,11.99,0.04,1.7934428312106327,1999-02-15
4.46,10.42,0.6,1.256018656125981,1999-02-16
4.14,12.51,0.51,1.4917279441345517,1999-02-17
7.26,13.83,0.6,1.9474081321690768,1999-02-18
6.97,14.53,1.34,1.6383389538596982,1999-02-19
9.67,15.02,0.85,1.7927220132364545,1999-02-20
9.09,17.61,0.02,2.4780383228423695,1999-02-21
9.46,18.62,0.09,2.909810321402693,1999-02-22
10.27,15.16,0.34,2.748785974547487,1999-02-23
9.26,15.5,0.13,2.189500193611207,1999-02-24
6.54,19.66,0.0,2.7342985229682943,1999-02-25
8.53,18.71,0.02,2.122223446335465,1999-02-26
7.67,18.25,0.15,2.1014464328753863,1999-02-27
11.0,18.27,0.11,2.2290178664994227,1999-02-28
11.42,16.13,1.14,1.2951404657946315,1999-03-01
9.35,19.15,0.08,2.204269233688194,1999-03-02
8.01,18.95,0.01,2.3090165211798306,1999-03-03
7.51,19.3,0.55,2.865849320512289,1999-03-04
8.24,16.43,0.05,2.8385822784177552,1999-03-05
6.76,17.09,0.0,2.7070670744263396,1999-03-06
6.8,16.15,0.01,2.7310473264004536,1999-03-07
5.58,19.06,0.0,2.9670603163251497,1999-03-08
8.04,21.54,0.0,3.7006625365581067,1999-03-09
8.48,22.77,0.0,3.922817600320709,1999-03-10
10.48,20.74,0.01,3.4456478030554116,1999-03-11
10.48,20.19,0.13,2.7914305776834825,1999-03-12
10.7,21.16,0.01,3.0823949175168077,1999-03-13
11.18,21.38,0.01,3.1910867257026942,1999-03-14
10.46,21.09,0.15,2.760779468954577,1999-03-15
11.14,20.04,0.0,2.485562496632414,1999-03-16
11.14,20.38,0.75,2.6302209293965113,1999-03-17
8.73,11.98,0.76,3.345771790233746,1999-03-18
7.88,14.57,0.71,3.3636051642336953,1999-03-19
9.87,16.43,0.41,3.43188073064842,1999-03-20
8.23,17.73,0.01,3.0262840097853223,1999-03-21
6.0,21.46,0.01,3.3929884248795124,1999-03-22
10.09,14.93,0.35,3.174220121475626,1999-03-23
8.38,20.86,0.01,3.637239926942524,1999-03-24
11.72,21.01,0.26,2.7411554941620424,1999-03-25
11.17,21.43,3.56,3.101535369953047,1999-03-26
10.77,18.38,0.28,3.8245022646269624,1999-03-27
9.32,15.47,3.03,2.892411893431405,1999-03-28
9.74,13.35,13.71,2.0947414815094234,1999-03-29
9.6,16.59,2.18,2.947151417666546,1999-03-30
9.08,18.54,0.01,3.5059728418211873,1999-03-31
6.61,20.59,0.0,3.481490133631404,1999-04-01
8.25,21.5,0.0,3.1353944306094808,1999-04-02
11.95,18.38,0.0,2.9295444596698323,1999-04-03
10.29,20.0,0.0,3.212861443027453,1999-04-04
8.99,20.79,0.0,3.389814738990736,1999-04-05
8.59,21.59,0.0,3.475159598318362,1999-04-06
10.39,24.7,0.0,3.9859433066428167,1999-04-07
9.18,16.62,2.17,2.0650757302834526,1999-04-08
8.38,17.45,1.36,3.192328936284221,1999-04-09
10.54,18.13,0.41,3.3518393712494774,1999-04-10
9.79,19.45,0.0,3.8183877371710477,1999-04-11
9.44,19.91,0.0,3.781983869967872,1999-04-12
9.08,22.41,0.0,4.990392197759446,1999-04-13
8.93,22.69,0.02,4.464721163027116,1999-04-14
12.11,27.04,0.78,4.979228057330389,1999-04-15
11.69,19.38,0.93,2.737904977203803,1999-04-16
8.28,22.4,0.63,4.939357175292099,1999-04-17
10.73,20.05,0.02,4.882529572855979,1999-04-18
8.73,19.77,0.0,4.157259998855476,1999-04-19
8.1,24.94,0.0,4.465508047159563,1999-04-20
12.56,29.41,0.0,5.708457511242921,1999-04-21
14.93,23.03,1.82,3.0743897573428023,1999-04-22
13.02,22.34,0.0,4.524284508398273,1999-04-23
11.95,19.66,0.37,4.764758075538874,1999-04-24
11.59,19.91,0.0,5.025563837779534,1999-04-25
8.63,27.86,0.0,5.295046169094044,1999-04-26
13.54,27.38,0.0,5.505568760007739,1999-04-27
14.83,27.73,0.0,5.864373692781364,1999-04-28
14.03,25.06,0.0,4.352126063246111,1999-04-29
12.65,24.94,0.0,4.396175627599226,1999-04-30
12.91,26.36,0.84,4.26810756569814,1999-05-01
15.97,30.26,0.02,5.137775270166168,1999-05-02
16.54,27.75,5.55,4.036636638542242,1999-05-03
14.65,25.63,0.68,5.655407611474489,1999-05-04
14.48,25.59,0.0,5.494477541307818,1999-05-05
13.48,25.33,0.0,4.58120305874044,1999-05-06
13.93,27.43,0.0,5.393862629553255,1999-05-07
15.42,30.43,0.66,6.134565657708477,1999-05-08
17.29,31.3,2.16,5.931213401729784,1999-05-09
16.85,31.14,0.02,4.980881446166817,1999-05-10
17.04,31.99,0.14,5.403750212986038,1999-05-11
16.99,31.64,0.0,5.8071963038227095,1999-05-12
18.41,36.46,0.0,7.822200833388159,1999-05-13
19.21,32.02,0.0,6.8661347993075985,1999-05-14
17.92,31.65,0.0,5.521710388080238,1999-05-15
18.35,29.67,0.0,5.579652154630852,1999-05-16
18.6,34.26,0.0,7.624576756926814,1999-05-17
17.27,26.03,0.0,5.307845795132967,1999-05-18
16.23,21.78,0.11,2.988188205562868,1999-05-19
15.42,23.0,0.0,5.878361556854656,1999-05-20
13.0,23.7,0.01,5.482698333816688,1999-05-21
14.6,21.4,0.97,4.724441150065718,1999-05-22
15.31,23.12,0.59,4.872449124327174,1999-05-23
13.94,25.58,0.0,5.009014849949808,1999-05-24
13.64,29.16,0.1,6.4188191335387295,1999-05-25
15.72,30.03,0.0,6.3059895744359755,1999-05-26
15.99,30.71,0.0,6.724385727326585,1999-05-27
16.46,30.51,0.0,7.195351127770681,1999-05-28
18.62,27.94,0.01,6.231294073536119,1999-05-29
18.39,33.44,0.0,8.3527360346047,1999-05-30
20.18,37.27,0.0,7.3742651424074595,1999-05-31
22.88,39.41,0.0,7.5879411996408335,1999-06-01
22.66,38.54,0.0,7.209881533238166,1999-06-02
22.46,37.8,0.02,7.404447642567619,1999-06-03
23.85,36.25,0.09,6.725464664114052,1999-06-04
20.45,29.77,0.06,5.575827310835241,1999-06-05
20.21,36.78,0.14,5.92919795232536,1999-06-06
21.25,35.85,0.6,7.388543538188241,1999-06-07
20.26,29.4,2.0,6.152443581596845,1999-06-08
19.86,27.66,0.08,5.890331819062582,1999-06-09
19.98,33.31,0.87,7.39399637331979,1999-06-10
19.27,28.57,0.24,6.626387260051002,1999-06-11
19.17,28.69,0.0,6.542669733024264,1999-06-12
18.63,29.73,0.02,5.91440293049458,1999-06-13
17.78,29.34,0.0,6.2448254349561925,1999-06-14
18.58,28.09,0.17,6.099295104790294,1999-06-15
17.42,27.61,0.0,6.55462148473029,1999-06-16
16.76,28.79,0.0,6.539113337278489,1999-06-17
17.24,34.02,0.27,6.521251864236829,1999-06-18
20.54,28.98,3.69,4.806316990272228,1999-06-19
18.97,28.02,1.84,7.305805743494926,1999-06-20
19.04,27.54,0.0,7.203431753695947,1999-06-21
16.58,26.45,0.0,6.874709825525196,1999-06-22
15.69,32.97,0.0,7.44141680276334,1999-06-23
19.53,34.7,0.5,7.380809040555971,1999-06-24
19.42,31.01,0.0,7.132947555622232,1999-06-25
18.13,33.36,0.0,8.070848916285433,1999-06-26
20.95,36.44,0.01,8.019017880508157,1999-06-27
20.61,31.61,0.0,7.160314510992397,1999-06-28
19.81,32.57,0.0,6.521090086976533,1999-06-29
19.6,30.62,0.0,7.398021982420859,1999-06-30
19.84,30.72,0.0,7.689560853447451,1999-07-01
18.55,31.19,0.0,6.772284082555234,1999-07-02
19.91,36.83,0.0,8.499439767097169,1999-07-03
21.89,36.49,0.0,9.550198765300888,1999-07-04
21.93,39.22,0.0,9.958487202387671,1999-07-05
23.43,35.72,0.0,7.6884580215027105,1999-07-06
21.9,31.7,0.0,7.481146665357153,1999-07-07
20.62,28.25,0.01,7.20071719478056,1999-07-08
20.35,30.08,0.93,6.959562021885058,1999-07-09
19.43,30.93,0.03,6.541292880123241,1999-07-10
20.78,35.04,0.23,8.023606027562296,1999-07-11
22.84,41.32,0.0,9.320129362713805,1999-07-12
24.2,37.89,2.93,7.99270875744509,1999-07-13
22.39,29.75,0.01,6.958353018691661,1999-07-14
21.08,30.7,0.0,7.4691275964886,1999-07-15
21.02,31.58,0.0,7.878059805770271,1999-07-16
20.49,30.73,0.0,6.61185808620979,1999-07-17
21.33,32.28,0.01,6.591103545484769,1999-07-18
21.01,34.09,3.43,7.757618314629899,1999-07-19
23.9,33.75,6.98,6.347661020649785,1999-07-20
23.58,32.29,7.48,6.012544232855409,1999-07-21
21.4,32.74,0.0,6.387829856705431,1999-07-22
21.19,30.69,0.01,7.026995814021256,1999-07-23
20.95,28.16,6.31,6.353381081199865,1999-07-24
20.25,28.6,0.03,6.508198471769585,1999-07-25
19.47,30.07,0.0,6.464812680365376,1999-07-26
18.98,33.08,0.0,7.002574322209997,1999-07-27
22.24,30.55,0.0,6.842261504671282,1999-07-28
21.33,30.09,0.0,6.699508443497093,1999-07-29
20.66,31.57,0.0,6.493661027120683,1999-07-30
20.81,30.89,0.0,6.020921632137644,1999-07-31
23.23,34.08,1.55,6.6251205549497625,1999-08-01
21.85,31.63,0.0,6.038980643740067,1999-08-02
21.24,33.75,0.0,6.7165057083191355,1999-08-03
22.31,38.38,2.46,7.279189432989682,1999-08-04
24.66,36.94,0.6,6.792249604138456,1999-08-05
24.85,40.94,0.0,9.255034710921406,1999-08-06
27.01,42.33,0.0,8.417621375723709,1999-08-07
28.32,39.78,0.0,9.001715858380804,1999-08-08
27.23,45.88,0.0,9.380766451479962,1999-08-09
26.02,37.82,0.0,8.8315166317948,1999-08-10
24.14,32.77,0.01,7.331400925763654,1999-08-11
23.19,30.38,1.05,5.703542972727188,1999-08-12
23.95,26.86,2.41,3.227884980836201,1999-08-13
22.56,32.12,0.05,6.322981032993801,1999-08-14
22.57,33.15,0.0,6.281808241926059,1999-08-15
23.04,39.55,0.03,8.74552865038759,1999-08-16
25.9,36.95,0.01,7.06859413530753,1999-08-17
23.94,38.07,0.06,6.663035139117075,1999-08-18
25.57,43.37,0.0,10.07570911525261,1999-08-19
26.28,41.24,0.0,10.39903310059515,1999-08-20
24.19,37.84,0.0,6.230417991120891,1999-08-21
24.73,35.85,0.0,7.0308601816034395,1999-08-22
22.44,35.63,0.0,6.483713978824662,1999-08-23
23.36,36.2,0.0,6.267513524504849,1999-08-24
24.26,37.93,0.0,7.430669544533167,1999-08-25
24.01,40.03,0.0,8.251356929973463,1999-08-26
25.54,34.95,0.05,6.430532730060125,1999-08-27
25.76,36.08,0.1,6.148910272544226,1999-08-28
23.52,37.11,0.05,5.700771059694816,1999-08-29
24.11,31.55,0.37,6.915446755808612,1999-08-30
22.69,30.13,0.0,6.427086059438617,1999-08-31
21.49,32.55,0.0,6.0298945227176866,1999-09-01
21.55,32.51,0.0,6.259170756142945,1999-09-02
22.82,33.55,0.23,5.367929111450584,1999-09-03
23.93,34.16,4.15,5.8473917803240525,1999-09-04
22.34,32.14,3.84,4.8310145956287505,1999-09-05
24.17,36.55,4.4,6.186216444256372,1999-09-06
24.34,34.62,3.05,5.678128329991414,1999-09-07
22.75,28.6,3.32,4.271218878850317,1999-09-08
22.43,29.1,4.89,4.73715718116368,1999-09-09
21.27,28.99,1.77,4.6674096805240834,1999-09-10
20.96,28.2,1.94,4.336564836564479,1999-09-11
20.36,27.56,4.49,3.8665918858844375,1999-09-12
20.02,29.69,0.36,4.783139021585076,1999-09-13
21.76,33.4,0.78,6.16344400800492,1999-09-14
22.04,35.64,0.22,6.510412830600722,1999-09-15
21.83,29.04,0.01,6.0768193974997775,1999-09-16
20.67,28.84,0.0,5.263304497464668,1999-09-17
20.53,30.89,0.02,4.868587169778141,1999-09-18
21.38,33.68,0.01,5.912226508128972,1999-09-19
23.05,32.24,0.71,5.0859108081003415,1999-09-20
21.63,28.22,0.01,5.4227266686393625,1999-09-21
19.42,32.2,0.0,5.245464385389682,1999-09-22
20.9,34.4,0.01,5.865196476569772,1999-09-23
21.03,35.9,0.0,6.196710351114863,1999-09-24
20.54,37.09,0.0,7.300180391856097,1999-09-25
20.85,31.15,0.01,4.7173259551839495,1999-09-26
21.71,33.09,0.05,4.686161199571558,1999-09-27
22.09,30.57,0.34,5.483846444241296,1999-09-28
20.29,28.83,0.0,4.820645450419193,1999-09-29
17.88,33.08,0.01,5.088734330215384,1999-09-30
20.92,26.72,0.21,5.151467419811025,1999-10-01
19.28,29.34,0.0,4.858299458118351,1999-10-02
18.39,33.76,0.0,5.623107284107723,1999-10-03
20.36,26.52,3.0,4.582224642885714,1999-10-04
18.23,23.81,0.08,4.082376903508971,1999-10-05
17.41,23.73,0.04,2.4156119349864817,1999-10-06
17.63,24.06,0.2,3.3736991607047577,1999-10-07
17.68,23.99,5.49,2.9056467129775685,1999-10-08
16.15,23.29,0.17,2.236457393758485,1999-10-09
15.31,24.73,0.05,3.292374642006552,1999-10-10
17.56,26.36,0.09,3.40140109805161,1999-10-11
14.73,27.34,0.0,3.622338399529909,1999-10-12
17.13,28.78,0.0,3.7639154981061598,1999-10-13
20.05,31.04,0.07,3.509967983944696,1999-10-14
19.42,25.69,2.71,2.7520041709026475,1999-10-15
18.53,24.32,3.63,2.437922805006773,1999-10-16
17.52,24.88,5.41,2.2930211364436954,1999-10-17
18.25,29.76,0.18,4.192733892124963,1999-10-18
18.84,25.72,0.0,4.095592984704114,1999-10-19
18.09,26.66,0.19,3.519484266251129,1999-10-20
18.34,26.32,0.03,4.0115781211554395,1999-10-21
16.9,27.93,0.0,3.819871117335719,1999-10-22
16.62,28.74,0.0,4.089107069655963,1999-10-23
17.46,31.82,0.0,4.821015906291137,1999-10-24
17.69,34.37,0.0,7.238886543680545,1999-10-25
19.96,36.38,0.0,7.348445275217832,1999-10-26
20.33,36.83,0.0,5.4185365498438065,1999-10-27
19.27,31.53,0.0,3.576895666299066,1999-10-28
18.69,28.1,0.0,2.782908855478852,1999-10-29
17.0,29.83,0.0,3.598715798797877,1999-10-30
17.58,26.53,0.0,2.897428441584131,1999-10-31
16.45,25.79,0.0,2.509766106111196,1999-11-01
15.06,28.89,0.0,3.4754638109522555,1999-11-02
16.99,26.73,3.31,2.8876104372484117,1999-11-03
15.75,24.2,8.58,2.1524547303942017,1999-11-04
14.81,21.15,1.12,2.0319546222991827,1999-11-05
14.76,23.2,2.55,3.1136762425527875,1999-11-06
15.43,17.59,10.77,3.607867829504771,1999-11-07
15.8,20.42,5.67,3.3023669274869385,1999-11-08
13.34,20.29,0.0,3.2001452014351917,1999-11-09
12.66,18.78,0.94,2.0510800971055745,1999-11-10
12.2,20.72,0.15,2.371991003488801,1999-11-11
14.18,21.64,5.6,1.7154367736993565,1999-11-12
15.54,23.79,7.07,2.2774166235659243,1999-11-13
14.19,21.46,0.02,2.05086369862603,1999-11-14
13.08,19.92,0.94,1.655969666585844,1999-11-15
14.29,20.42,0.06,2.365702654983225,1999-11-16
11.59,21.32,1.23,2.3574884223953534,1999-11-17
12.17,16.87,0.2,2.25155553571009,1999-11-18
9.89,18.84,0.58,2.613051937489257,1999-11-19
10.75,20.99,0.77,3.1046130362533457,1999-11-20
10.05,17.28,2.32,2.9157182300436846,1999-11-21
7.4,13.57,13.55,2.1356640105521874,1999-11-22
10.06,14.42,0.6,2.671573616976027,1999-11-23
11.4,16.48,2.72,1.8903095188706296,1999-11-24
10.5,15.73,0.2,1.6819186548808585,1999-11-25
10.0,18.08,0.07,1.6022017472920291,1999-11-26
10.94,16.22,27.75,1.2272897273460246,1999-11-27
13.87,16.75,43.6,0.6900599182198189,1999-11-28
13.87,18.32,16.44,0.9424807712483217,1999-11-29
12.91,18.51,2.67,1.0757463296381171,1999-11-30
13.69,17.19,1.39,1.068172837609199,1999-12-01
12.07,17.95,1.0,1.2926605473757327,1999-12-02
11.07,17.56,0.0,1.5318983760076055,1999-12-03
7.06,20.28,0.0,1.7486159687569136,1999-12-04
10.07,15.07,4.89,1.3262941330655353,1999-12-05
10.35,13.16,4.03,2.217561472647325,1999-12-06
8.59,14.1,0.0,1.9301116890558163,1999-12-07
7.16,15.14,0.0,1.3719360851351505,1999-12-08
4.28,16.89,0.01,1.6974831077972676,1999-12-09
7.42,15.12,1.9,1.70246453676364,1999-12-10
9.89,14.39,5.19,1.7008869204756194,1999-12-11
12.45,16.44,0.31,1.8521282812380295,1999-12-12
10.54,17.51,0.31,1.8616182506307986,1999-12-13
8.44,19.15,0.0,1.8907813751081253,1999-12-14
11.59,19.58,0.0,2.300997316086166,1999-12-15
9.06,13.12,3.73,0.8547895336105729,1999-12-16
8.9,14.05,0.2,1.1129812466292028,1999-12-17
11.91,18.13,0.7,1.5420748192980032,1999-12-18
8.58,16.39,0.72,1.5130745862767054,1999-12-19
7.26,16.19,8.46,2.3488158191954516,1999-12-20
8.33,12.06,0.4,2.8447041474136676,1999-12-21
7.34,12.26,0.0,2.5237144600588604,1999-12-22
5.56,12.67,0.0,1.595091359326678,1999-12-23
3.39,12.6,0.0,1.0537365090038628,1999-12-24
4.48,13.19,0.02,1.123514710135499,1999-12-25
6.94,17.6,0.0,1.9170604711652646,1999-12-26
8.7,17.79,0.01,1.6017094670946597,1999-12-27
11.17,17.42,0.87,2.6846538695334896,1999-12-28
10.01,14.64,0.09,1.6175264697520149,1999-12-29
8.35,11.36,1.59,1.4532631625344647,1999-12-30
7.28,11.8,0.28,1.9718535600052125,1999-12-31
6.38,10.71,2.05,0.9583915731617898,2000-01-01
5.97,13.42,0.01,1.3404340859054769,2000-01-02
6.22,13.32,0.04,1.3670992393012602,2000-01-03
7.68,14.31,0.02,1.4207782746433795,2000-01-04
6.6,14.79,0.0,1.2821923291762876,2000-01-05
9.2,13.95,0.03,1.1252772912339504,2000-01-06
7.66,14.54,0.18,1.0739962425569751,2000-01-07
8.18,14.95,0.05,1.2189633206002122,2000-01-08
5.87,14.91,0.0,1.0033887635604495,2000-01-09
6.77,13.78,0.21,1.1749010438254461,2000-01-10
8.56,14.53,0.12,1.1945961164273575,2000-01-11
7.03,12.49,1.62,0.9904105184194191,2000-01-12
5.61,10.91,0.97,0.8930734245077476,2000-01-13
7.44,12.03,0.13,1.2872812349542722,2000-01-14
3.05,15.15,0.0,1.4797113782215374,2000-01-15
5.19,15.7,0.0,1.5148324216559457,2000-01-16
6.82,12.45,2.6,1.1742975933235447,2000-01-17
7.67,12.25,0.5,1.4403051763217718,2000-01-18
9.35,13.79,2.82,1.393589915152887,2000-01-19
6.56,12.89,0.0,2.1960793992248853,2000-01-20
6.14,12.98,0.04,1.7685834939002603,2000-01-21
7.94,13.18,0.08,1.5929508440803966,2000-01-22
8.52,12.86,1.21,1.8594570500584084,2000-01-23
6.8,10.95,1.04,1.6163933859167192,2000-01-24
5.09,11.95,0.34,1.2661406013653607,2000-01-25
5.78,14.53,0.01,1.358252233519385,2000-01-26
6.75,14.9,0.0,1.3314273412969606,2000-01-27
4.86,16.35,0.0,1.6254190182983057,2000-01-28
7.0,16.27,0.0,1.9430960153210721,2000-01-29
9.1,15.69,0.05,2.1230882669924593,2000-01-30
8.32,15.83,0.09,1.6197197159529182,2000-01-31
6.12,19.69,0.0,1.8550087416840797,2000-02-01
6.62,19.7,0.0,2.372293071293779,2000-02-02
11.11,17.26,0.79,1.871675225767443,2000-02-03
8.71,16.39,1.2,1.7813009226584584,2000-02-04
7.47,15.03,0.0,1.9089503992789223,2000-02-05
6.99,15.59,0.0,1.574237548577196,2000-02-06
5.25,15.77,0.0,1.7113652985898837,2000-02-07
8.2,14.74,0.08,1.474154955829302,2000-02-08
11.25,17.62,0.02,2.7708526708497945,2000-02-09
10.57,13.58,1.34,3.2631741256522164,2000-02-10
9.13,14.92,0.0,2.874022753854208,2000-02-11
7.9,16.04,1.4,1.8121977185219866,2000-02-12
8.74,14.07,0.28,2.122669888110642,2000-02-13
8.91,15.31,0.54,2.0733579322930726,2000-02-14
8.69,16.63,0.22,2.0135005372769483,2000-02-15
8.52,18.63,0.11,2.8088071285130516,2000-02-16
10.52,14.49,6.31,2.3782799440393716,2000-02-17
9.48,14.46,1.26,2.8379636871352485,2000-02-18
6.59,18.8,0.0,2.8528292796233092,2000-02-19
9.58,15.82,0.27,2.6149761173050727,2000-02-20
8.07,15.12,0.0,2.6168003960930366,2000-02-21
6.29,15.17,0.06,2.145690155226884,2000-02-22
7.66,12.43,1.45,1.5188740728557493,2000-02-23
6.74,12.86,0.2,1.8180533159043688,2000-02-24
6.74,15.74,0.03,2.169840992125972,2000-02-25
4.48,17.64,0.0,2.2401821447721253,2000-02-26
7.11,19.51,0.0,2.397739977555894,2000-02-27
7.8,18.77,0.21,2.3390428900490168,2000-02-28
8.75,19.01,0.02,2.5033194960859313,2000-02-29
7.27,21.87,0.01,3.3933722921040053,2000-03-01
10.0,14.78,0.13,3.0742551370998576,2000-03-02
8.03,15.74,0.0,2.86581219526824,2000-03-03
4.21,20.23,0.0,3.0995649933793272,2000-03-04
7.88,17.53,0.0,3.0484079694505146,2000-03-05
6.92,17.97,0.0,2.500431446072848,2000-03-06
8.22,21.92,0.01,3.337936581348326,2000-03-07
8.69,17.3,0.01,2.3942436551954533,2000-03-08
8.71,17.29,0.01,2.531145190357388,2000-03-09
8.56,20.52,0.0,3.421256278022466,2000-03-10
9.38,20.66,0.0,3.5341045848697648,2000-03-11
8.87,23.11,0.0,3.714023229280062,2000-03-12
8.83,23.22,0.07,3.310064183098975,2000-03-13
11.51,18.67,0.07,2.2260304028747178,2000-03-14
9.96,17.86,0.35,2.043069721940858,2000-03-15
9.43,16.13,2.13,2.066710466663669,2000-03-16
8.38,18.79,0.01,3.341562215397272,2000-03-17
10.12,17.7,0.67,2.999880625595124,2000-03-18
9.99,17.15,2.74,2.278926702561417,2000-03-19
9.89,16.92,9.61,2.516896783678559,2000-03-20
8.74,20.08,0.35,3.1797165410159742,2000-03-21
9.08,19.54,0.0,3.0721610416052116,2000-03-22
9.18,23.06,0.07,3.672390638961161,2000-03-23
10.75,24.52,0.17,3.8856074952628537,2000-03-24
11.62,18.94,0.43,2.1547059210239206,2000-03-25
10.54,19.14,0.62,2.638473903156266,2000-03-26
9.03,20.47,0.06,3.556758686688767,2000-03-27
9.77,26.71,0.0,5.044628097600126,2000-03-28
11.42,19.33,0.01,3.48158152873126,2000-03-29
9.35,24.41,0.01,3.977894275493509,2000-03-30
11.95,27.19,1.87,4.686788058851778,2000-03-31
11.07,20.92,0.0,3.9679876984982987,2000-04-01
10.93,25.12,0.14,5.390903631093613,2000-04-02
12.34,21.96,0.0,4.243571248713996,2000-04-03
11.96,25.4,2.1,4.829522533400051,2000-04-04
11.76,20.63,0.1,4.854690405881668,2000-04-05
10.14,20.62,0.0,4.5267376604332,2000-04-06
9.38,19.65,0.0,3.621085169174862,2000-04-07
8.97,20.2,1.43,3.275478073155815,2000-04-08
12.73,19.85,4.16,2.4612172643891475,2000-04-09
12.78,24.68,0.37,3.8479590258034553,2000-04-10
11.85,22.88,6.97,3.609877205062308,2000-04-11
9.88,20.5,0.07,4.0752103866682265,2000-04-12
10.55,28.17,0.0,5.34353121075489,2000-04-13
13.63,29.07,0.0,5.798952651958579,2000-04-14
12.12,22.52,0.0,4.351039142944019,2000-04-15
11.59,29.51,0.01,6.811237422131848,2000-04-16
12.46,19.24,6.5,3.7222327737519287,2000-04-17
13.74,20.14,0.04,5.747445112754178,2000-04-18
11.74,19.68,1.23,4.133974185534363,2000-04-19
11.83,21.02,0.03,5.0381909674379735,2000-04-20
12.38,23.45,0.0,4.502988051348099,2000-04-21
12.04,28.55,0.0,5.57730876641716,2000-04-22
13.46,24.64,0.0,5.720297018205276,2000-04-23
12.12,22.44,0.0,5.262881106899867,2000-04-24
10.81,25.62,0.0,5.280263504905824,2000-04-25
13.26,31.35,0.0,6.85993487760347,2000-04-26
14.53,28.47,0.54,5.072929564166368,2000-04-27
14.13,20.48,0.28,4.2879445061670864,2000-04-28
12.12,21.41,0.07,4.734775625881149,2000-04-29
10.46,24.11,0.0,4.875951966296226,2000-04-30
11.44,23.17,0.01,4.350403048406416,2000-05-01
13.51,23.46,0.0,4.49895867774923,2000-05-02
13.36,26.0,0.06,4.84827886421525,2000-05-03
13.41,26.8,0.0,5.489701426405319,2000-05-04
14.7,31.09,0.0,7.815746572210748,2000-05-05
15.6,28.53,0.52,5.974022183465703,2000-05-06
17.27,28.32,1.09,4.969791876868012,2000-05-07
16.78,30.51,0.08,6.323642715197281,2000-05-08
17.25,30.84,0.97,6.335447593407944,2000-05-09
17.29,32.62,0.24,6.751629259921235,2000-05-10
17.36,28.33,3.48,4.218607385821789,2000-05-11
17.29,28.18,0.38,5.245426448197265,2000-05-12
17.02,29.65,0.01,4.724932551126552,2000-05-13
16.71,27.1,2.11,4.457678324420236,2000-05-14
15.65,26.58,0.13,5.026242361575323,2000-05-15
15.8,27.46,0.0,5.2906067648370865,2000-05-16
16.17,30.09,1.23,6.283172592598348,2000-05-17
17.74,29.66,6.23,5.7362229000934715,2000-05-18
15.56,26.64,0.0,5.503727899946121,2000-05-19
15.45,27.83,0.0,5.518567375329677,2000-05-20
18.39,33.16,0.05,5.1007710947819564,2000-05-21
19.53,29.03,0.03,4.712466507319418,2000-05-22
18.3,26.15,0.0,4.33891429873987,2000-05-23
18.49,28.53,1.78,5.3916252625315035,2000-05-24
19.02,26.06,17.61,2.9546710185789995,2000-05-25
18.29,23.89,16.15,2.6232359209220752,2000-05-26
16.8,22.42,0.78,3.820937240803994,2000-05-27
16.25,26.28,0.19,4.944165980135221,2000-05-28
15.8,27.5,0.0,5.742607202998429,2000-05-29
17.99,28.01,0.0,6.534235898913397,2000-05-30
17.45,29.66,0.0,6.374418967724054,2000-05-31
18.02,28.55,0.0,6.342441495833419,2000-06-01
17.82,27.55,0.0,5.423970999649982,2000-06-02
16.31,30.88,0.0,6.9478888158615755,2000-06-03
17.67,30.54,0.0,7.570824086999011,2000-06-04
17.2,32.66,0.0,7.987274475278139,2000-06-05
18.88,29.2,4.04,5.900943266064754,2000-06-06
17.59,24.26,4.68,5.44477436999722,2000-06-07
17.48,23.34,16.65,3.3701964945046425,2000-06-08
16.71,28.67,0.06,6.1002999289857325,2000-06-09
17.4,30.6,0.59,6.920942327605431,2000-06-10
17.36,24.15,0.18,5.697142401345024,2000-06-11
16.23,25.67,0.59,5.212067293233134,2000-06-12
16.15,26.68,1.0,5.106867058726776,2000-06-13
17.22,26.57,0.09,4.905264545739355,2000-06-14
17.43,24.96,4.37,4.941974018559522,2000-06-15
17.06,26.7,0.19,5.7357722534538205,2000-06-16
18.23,29.0,0.0,6.243997922364874,2000-06-17
17.97,28.79,0.0,6.552652423009467,2000-06-18
16.78,29.06,0.46,6.244934903277159,2000-06-19
19.48,29.72,0.13,7.341371021576862,2000-06-20
19.09,31.94,0.05,7.785525050655883,2000-06-21
19.88,33.43,0.06,6.985764770585784,2000-06-22
20.35,34.61,1.27,6.5638007836561805,2000-06-23
20.35,30.66,0.03,6.740355357261919,2000-06-24
19.13,30.2,0.0,7.094704725031928,2000-06-25
18.36,30.45,0.0,6.828828398535452,2000-06-26
18.94,32.62,0.0,6.683521911788331,2000-06-27
21.0,36.38,0.0,7.228203491578996,2000-06-28
21.32,31.51,0.0,7.6839586509952635,2000-06-29
20.11,31.91,0.0,6.955050292148607,2000-06-30
20.25,37.84,0.0,9.02124339860043,2000-07-01
22.79,40.09,0.0,11.515309268834018,2000-07-02
24.28,41.62,0.0,12.285701946947148,2000-07-03
25.17,41.12,0.0,9.773077172042562,2000-07-04
23.23,38.49,0.0,7.897009230233582,2000-07-05
23.28,41.89,0.0,9.618188520377013,2000-07-06
25.32,45.15,0.0,8.58484041390126,2000-07-07
23.3,35.65,0.03,9.672332377963762,2000-07-08
20.78,29.05,0.0,8.022575034699555,2000-07-09
20.07,38.66,0.0,8.646407103042467,2000-07-10
22.31,31.79,0.02,7.637521923304874,2000-07-11
20.28,28.67,0.0,8.07950645392261,2000-07-12
19.34,26.91,0.0,7.50666079779388,2000-07-13
18.83,27.94,0.0,6.741885468693048,2000-07-14
19.46,29.71,0.0,7.043531442265417,2000-07-15
19.96,29.23,0.0,6.767904888479268,2000-07-16
20.4,35.52,0.0,7.9622572756314804,2000-07-17
22.23,31.59,0.0,6.3383601749373595,2000-07-18
20.6,30.89,0.0,6.725145244343981,2000-07-19
20.03,33.49,0.0,6.7883895096961835,2000-07-20
21.47,33.07,0.0,6.940521430111086,2000-07-21
19.53,32.85,0.0,7.390957296378218,2000-07-22
20.74,35.51,0.0,9.772560519290533,2000-07-23
21.2,37.21,0.0,10.377932329444098,2000-07-24
22.38,37.47,0.0,8.816649232554083,2000-07-25
24.3,38.04,0.0,8.732544291403336,2000-07-26
22.99,37.47,0.0,7.0900818546459625,2000-07-27
22.3,36.04,0.01,7.584841681075391,2000-07-28
22.34,31.05,0.01,8.61149634800777,2000-07-29
21.21,30.02,0.0,7.92357652042932,2000-07-30
20.0,30.25,0.0,6.644774402460367,2000-07-31
19.74,31.56,0.0,6.357101206599179,2000-08-01
19.4,34.32,0.0,7.388649369723785,2000-08-02
20.23,35.4,0.0,8.637920626457587,2000-08-03
21.85,35.85,0.08,8.551559737888484,2000-08-04
22.36,29.41,0.19,7.288059830929603,2000-08-05
21.79,29.1,0.01,7.374709461425424,2000-08-06
21.36,29.07,0.0,7.030714686856309,2000-08-07
19.43,30.41,0.0,6.227726415524237,2000-08-08
20.93,32.61,0.05,6.243956496965252,2000-08-09
20.37,31.48,0.0,6.339917226187558,2000-08-10
19.99,32.55,0.0,6.364117109466558,2000-08-11
20.79,36.42,0.0,7.152460752240941,2000-08-12
22.56,36.07,0.01,7.14203027238863,2000-08-13
22.71,30.39,0.0,6.345428881081622,2000-08-14
22.27,31.27,0.0,6.721867535157022,2000-08-15
21.73,31.85,0.0,6.333425260277404,2000-08-16
20.72,34.13,0.0,6.24810473724386,2000-08-17
20.5,37.22,0.0,8.537667168382114,2000-08-18
23.42,41.32,0.0,8.6028033594598,2000-08-19
24.48,38.53,0.0,7.169120086641317,2000-08-20
22.86,39.3,0.0,7.181989444981831,2000-08-21
25.2,41.16,0.0,7.617651026716898,2000-08-22
23.25,40.58,0.02,6.836902478541719,2000-08-23
24.91,38.81,0.0,6.584008133262034,2000-08-24
26.38,41.73,0.0,7.4702038202259375,2000-08-25
27.15,42.56,0.0,6.791711512624123,2000-08-26
24.99,39.12,0.04,7.797762362396516,2000-08-27
23.39,33.17,0.02,6.429283715060121,2000-08-28
21.82,33.93,0.0,6.10315510777916,2000-08-29
22.05,40.15,0.45,8.298400654973502,2000-08-30
25.68,41.9,0.34,9.498073791509668,2000-08-31
23.91,33.06,0.64,6.7404034011410525,2000-09-01
23.22,33.8,0.01,5.55179596114035,2000-09-02
22.96,29.74,0.42,6.485195289904369,2000-09-03
21.26,30.45,0.77,6.033273884562679,2000-09-04
20.84,27.81,0.01,6.190898426617756,2000-09-05
20.09,27.98,0.57,4.977270733837314,2000-09-06
19.07,28.49,0.0,4.892148247849708,2000-09-07
22.23,26.68,4.22,5.98014997068134,2000-09-08
21.7,25.19,4.89,5.027299218358265,2000-09-09
20.56,27.36,2.98,5.0319956400387085,2000-09-10
19.98,29.08,0.0,4.70328872369867,2000-09-11
18.83,30.24,0.0,4.827047545219497,2000-09-12
20.56,31.54,2.5,4.718970193582368,2000-09-13
21.65,30.69,2.43,4.410952398493106,2000-09-14
19.91,31.11,0.01,4.518701442946097,2000-09-15
19.58,34.58,0.0,5.024843665017051,2000-09-16
21.01,36.16,0.0,5.729181914749519,2000-09-17
22.03,36.36,0.0,5.767316350584805,2000-09-18
22.33,39.71,0.0,8.967427309029647,2000-09-19
22.14,37.9,0.0,8.790443996911621,2000-09-20
19.99,27.1,0.0,5.779998969845543,2000-09-21
18.48,26.81,0.0,4.721762644408206,2000-09-22
17.24,29.63,0.0,4.9019264446831885,2000-09-23
19.57,30.15,0.96,4.146093758407552,2000-09-24
19.84,24.93,7.18,2.9809509832178676,2000-09-25
18.75,26.92,0.0,3.942300694615512,2000-09-26
17.5,25.45,0.0,3.5689066644997545,2000-09-27
18.7,29.43,1.9,4.434745705519491,2000-09-28
19.33,30.68,2.77,5.117999043883895,2000-09-29
18.95,26.73,2.31,3.61265458155962,2000-09-30
18.26,25.3,0.41,3.8064289346159064,2000-10-01
17.58,21.57,3.61,3.7891419285481613,2000-10-02
17.42,21.32,3.79,4.272184650635311,2000-10-03
17.72,22.64,6.49,3.301878778149659,2000-10-04
17.93,23.69,2.85,2.958930743087885,2000-10-05
18.54,24.39,2.6,4.033024737269745,2000-10-06
17.63,23.0,0.0,4.986870919819076,2000-10-07
17.64,21.74,0.06,4.895991420247608,2000-10-08
16.4,23.27,0.02,3.7792737478593277,2000-10-09
14.27,28.37,0.01,4.18764065671875,2000-10-10
16.4,28.9,0.09,3.9339178096974914,2000-10-11
14.94,33.53,0.0,6.198123397483993,2000-10-12
20.44,33.32,0.11,6.945480130723876,2000-10-13
17.05,22.08,2.9,2.105694440221714,2000-10-14
14.62,24.46,0.07,3.6526334663743567,2000-10-15
15.65,25.51,0.0,3.778291428445962,2000-10-16
15.56,23.53,0.13,2.948747413930354,2000-10-17
14.97,21.9,0.03,2.831131173448424,2000-10-18
14.96,23.59,0.04,2.9135854936276093,2000-10-19
14.31,24.99,0.0,3.0454918786021965,2000-10-20
15.75,24.74,5.0,2.3066479466591177,2000-10-21
19.15,23.74,3.07,3.0048223547774207,2000-10-22
18.23,23.89,0.32,3.8227468700376104,2000-10-23
17.51,23.19,0.1,3.5344020185565737,2000-10-24
17.09,24.43,4.0,2.399332669689163,2000-10-25
16.76,24.64,4.74,2.2553120068252692,2000-10-26
17.0,21.61,3.48,2.1111533418720234,2000-10-27
15.49,23.02,0.04,2.6286785024885733,2000-10-28
13.76,23.8,0.03,2.199969371549166,2000-10-29
14.2,24.93,0.03,2.945735570504052,2000-10-30
14.12,27.04,0.01,3.7668113032717576,2000-10-31
15.89,19.27,1.43,1.7729654710199838,2000-11-01
12.93,24.62,0.03,2.6931712363840536,2000-11-02
13.16,27.36,0.0,3.937388626720711,2000-11-03
15.05,21.15,0.44,2.691152237881963,2000-11-04
14.27,20.6,0.17,2.003566255692745,2000-11-05
11.52,25.4,0.0,3.6781036917273626,2000-11-06
13.5,21.08,0.44,3.1482933494767775,2000-11-07
11.94,21.54,0.01,2.3156945023716524,2000-11-08
13.24,21.15,0.0,2.037910083146816,2000-11-09
14.46,22.11,0.0,1.9018973680734346,2000-11-10
15.91,23.22,0.01,1.9342796880435222,2000-11-11
13.78,27.05,0.0,4.303516186532807,2000-11-12
12.53,27.48,0.0,4.955040085652501,2000-11-13
14.54,26.07,0.0,3.996338746624245,2000-11-14
13.77,24.9,0.0,3.7182011490521942,2000-11-15
15.48,26.59,0.07,4.636972959823146,2000-11-16
12.69,19.91,0.4,2.927241233930697,2000-11-17
12.04,15.71,4.76,1.9839536706635805,2000-11-18
11.81,17.57,2.62,2.1787963430418857,2000-11-19
11.43,20.99,0.04,2.5253217009047617,2000-11-20
9.2,17.68,2.35,2.453435907062537,2000-11-21
11.56,18.37,0.19,1.967909695895771,2000-11-22
8.08,21.96,0.0,2.4230281192114256,2000-11-23
11.28,16.79,7.1,2.159664459238016,2000-11-24
11.65,17.03,1.24,2.0460982565681913,2000-11-25
11.31,19.96,1.23,1.9013512346258568,2000-11-26
13.3,19.76,0.38,1.4812041660438517,2000-11-27
13.39,20.42,0.01,1.5304725263734944,2000-11-28
11.06,22.35,0.0,1.9540302059855053,2000-11-29
13.64,20.88,0.0,1.824349720163099,2000-11-30
12.45,20.41,0.12,1.4840094687552703,2000-12-01
10.8,21.22,0.05,1.7979270793960849,2000-12-02
11.75,17.98,5.32,1.8288794632383325,2000-12-03
14.33,16.29,5.27,1.897674286279686,2000-12-04
12.22,18.26,0.86,1.374587794146411,2000-12-05
8.79,19.27,0.0,1.7657870728395941,2000-12-06
10.4,21.95,0.0,2.5121829870875816,2000-12-07
11.27,23.63,0.0,2.2448299242975995,2000-12-08
11.42,22.58,0.0,2.0499446046580796,2000-12-09
11.71,17.78,0.01,1.1579252813611067,2000-12-10
11.03,18.27,0.06,1.4882186077188324,2000-12-11
11.36,19.06,0.42,1.506541107916004,2000-12-12
7.07,20.88,0.0,2.1780974369088475,2000-12-13
9.19,22.79,0.0,2.7226230070637785,2000-12-14
8.81,21.74,0.01,2.9292455485656617,2000-12-15
8.96,16.54,0.09,1.8274934052375442,2000-12-16
8.32,16.33,2.24,1.5462173097506708,2000-12-17
9.46,15.48,0.69,1.4964004026074964,2000-12-18
7.71,18.56,0.0,1.6198977524015397,2000-12-19
3.83,19.23,0.0,2.4178841846149917,2000-12-20
10.03,18.4,9.05,1.4634292718792687,2000-12-21
10.74,15.88,1.07,1.1795116808044557,2000-12-22
10.01,16.16,0.87,1.358029543717725,2000-12-23
7.32,20.07,0.0,2.5889839772333123,2000-12-24
8.26,17.99,0.35,1.9773371536032542,2000-12-25
8.42,22.14,0.01,3.088344050696283,2000-12-26
12.09,19.88,0.51,3.2145943659314784,2000-12-27
11.24,15.48,1.38,2.2141378554748976,2000-12-28
9.01,16.72,6.01,2.2738305229723177,2000-12-29
10.29,17.97,2.5,2.6275784307105226,2000-12-30
10.14,12.01,18.12,1.8941579521894936,2000-12-31
7.77,15.24,0.02,1.7778966387935962,2001-01-01
5.16,18.57,0.0,1.887327005928464,2001-01-02
9.42,17.75,0.0,1.7898715693424865,2001-01-03
8.21,16.45,0.0,1.5012521723508343,2001-01-04
10.65,20.37,0.0,1.9976197693634428,2001-01-05
10.27,24.29,0.0,2.609084632403517,2001-01-06
9.93,19.39,0.41,2.092138882616212,2001-01-07
10.65,13.42,2.53,1.7262818869735495,2001-01-08
6.71,15.89,0.01,2.0491543851857488,2001-01-09
3.48,18.05,0.0,2.532036801223178,2001-01-10
6.57,19.78,0.0,2.8528734232692656,2001-01-11
7.36,18.83,0.0,2.3111322545949995,2001-01-12
8.01,13.62,0.47,0.9361574017524368,2001-01-13
9.82,14.03,11.71,1.1077983157537856,2001-01-14
9.54,13.74,2.65,1.1335959992185038,2001-01-15
8.78,14.85,1.79,1.1954225728284922,2001-01-16
8.81,14.48,0.58,1.2592814201521625,2001-01-17
8.68,15.06,0.59,1.4271465605369589,2001-01-18
7.35,18.28,5.55,2.130324021532062,2001-01-19
9.12,14.5,5.59,1.1904701289314017,2001-01-20
10.48,14.31,2.64,2.073142200269038,2001-01-21
8.55,16.97,0.06,1.8085974634095385,2001-01-22
6.04,19.96,0.0,2.8599236210127197,2001-01-23
8.51,21.27,0.0,2.6280925180232804,2001-01-24
8.52,22.89,0.0,2.447123286166359,2001-01-25
8.85,13.92,1.73,0.8236798835215869,2001-01-26
7.09,14.97,0.31,1.4928206175409493,2001-01-27
8.73,18.29,2.81,1.8622281965766538,2001-01-28
9.18,15.44,2.09,1.9527949636239372,2001-01-29
10.03,12.22,5.58,2.114823831543504,2001-01-30
8.47,13.07,4.58,2.112648011976393,2001-01-31
8.18,13.63,9.25,2.0693846964795903,2001-02-01
7.92,11.63,0.22,2.970967566345304,2001-02-02
7.94,15.16,0.28,2.2721849935534686,2001-02-03
4.29,17.86,0.0,2.2527471103688743,2001-02-04
7.11,18.31,0.0,2.3363706647344133,2001-02-05
6.72,20.01,0.0,2.265336406385662,2001-02-06
5.45,22.05,0.0,3.5733061742917336,2001-02-07
4.57,18.82,0.0,2.608546033192111,2001-02-08
7.35,14.28,2.69,1.5508615422180985,2001-02-09
10.25,13.69,2.39,2.527334021759532,2001-02-10
10.38,15.7,4.41,1.7523842625775448,2001-02-11
8.54,16.52,0.0,1.8618104986030835,2001-02-12
8.34,16.34,0.01,2.0455379963333793,2001-02-13
8.39,17.92,0.0,2.1587343948240436,2001-02-14
8.74,19.32,0.2,2.1808792878182173,2001-02-15
10.18,17.29,1.6,2.0262903901555975,2001-02-16
8.18,16.56,2.37,1.7678092865111825,2001-02-17
9.69,14.11,4.58,1.4397699781659536,2001-02-18
9.72,15.7,1.68,1.9507373459329576,2001-02-19
7.4,15.83,0.03,2.1696338214388717,2001-02-20
10.98,15.06,0.07,2.892364521186893,2001-02-21
9.88,16.47,0.12,2.918083747485523,2001-02-22
8.32,18.88,0.0,3.2522216925598175,2001-02-23
7.86,20.17,0.0,2.7416478046180126,2001-02-24
8.62,17.44,0.18,2.2742937138736585,2001-02-25
7.53,11.93,0.25,2.4147806705903037,2001-02-26
5.55,15.91,0.11,2.469970848895777,2001-02-27
8.02,13.14,0.9,2.4163570484448993,2001-02-28
6.07,14.61,0.3,2.6845201256625697,2001-03-01
7.62,25.09,0.25,5.227584651505614,2001-03-02
11.9,24.6,0.05,4.876700076957747,2001-03-03
11.06,23.76,0.0,3.4062943660125042,2001-03-04
11.29,27.2,0.0,4.597219480958221,2001-03-05
11.79,21.95,0.0,2.8847660669511663,2001-03-06
10.88,27.54,0.0,3.5546802894021097,2001-03-07
12.58,21.07,0.24,2.9402495078701656,2001-03-08
11.07,19.69,0.01,2.5963466550476615,2001-03-09
9.4,18.1,0.14,2.328002396432519,2001-03-10
11.4,19.95,1.33,2.173576003279332,2001-03-11
9.7,24.98,0.0,3.462906902109382,2001-03-12
11.52,20.12,0.01,3.8711066414452233,2001-03-13
10.17,18.99,0.0,3.7587594037679284,2001-03-14
8.32,23.07,0.0,3.5679247274406967,2001-03-15
12.57,21.27,0.03,3.2304680199917004,2001-03-16
11.42,20.72,0.02,2.9497524555309877,2001-03-17
12.19,20.5,0.01,3.064112032292736,2001-03-18
11.78,20.74,0.01,3.5701476160420653,2001-03-19
9.62,24.2,0.0,3.9780688561103172,2001-03-20
11.48,27.09,0.0,4.82426225304094,2001-03-21
13.12,27.36,0.0,5.583173881926643,2001-03-22
13.66,34.13,0.0,5.200251747788648,2001-03-23
15.64,35.12,0.0,6.052140102970705,2001-03-24
14.74,26.38,0.0,5.794030663245695,2001-03-25
12.7,22.46,0.0,3.873414580236069,2001-03-26
11.95,20.66,0.17,3.856535924846007,2001-03-27
11.06,26.19,0.0,4.506859933432812,2001-03-28
12.83,22.34,1.43,3.3742212059433787,2001-03-29
11.46,15.66,6.61,3.2244473512983762,2001-03-30
11.77,16.69,9.91,3.2374988281095383,2001-03-31
11.9,19.24,0.03,3.487022618898186,2001-04-01
9.87,19.21,0.0,3.482548717419602,2001-04-02
10.11,19.68,0.0,3.978995678923128,2001-04-03
8.07,25.3,0.0,4.497628497469061,2001-04-04
11.27,21.32,0.05,3.4839511274043526,2001-04-05
12.08,21.38,0.0,4.072793493847005,2001-04-06
11.11,27.58,6.04,4.9002339778329045,2001-04-07
12.03,19.21,4.37,4.177968277647147,2001-04-08
12.84,18.96,1.26,4.565048772627425,2001-04-09
12.77,19.48,0.1,4.303648492870295,2001-04-10
12.09,18.89,0.64,4.032691182398214,2001-04-11
12.1,15.96,5.78,3.2221050285644868,2001-04-12
11.26,18.8,0.35,3.896649023878107,2001-04-13
9.67,19.34,0.55,3.9085044166131846,2001-04-14
9.36,17.99,0.14,3.5093701093563077,2001-04-15
8.03,22.03,0.0,4.052853787265205,2001-04-16
8.61,23.61,0.0,4.516562352528295,2001-04-17
11.86,24.05,0.0,4.23595340569654,2001-04-18
11.0,21.46,0.11,4.250301678591749,2001-04-19
12.57,21.27,0.54,3.501839737646494,2001-04-20
9.49,16.36,0.97,3.205884174317954,2001-04-21
8.28,15.7,2.5,4.150709994805707,2001-04-22
9.65,25.04,0.0,5.1849186980020585,2001-04-23
11.81,26.03,0.0,5.218187589671569,2001-04-24
14.01,31.88,0.0,6.365876422217211,2001-04-25
15.12,24.68,0.01,4.450697170573361,2001-04-26
13.55,26.53,0.26,4.4876143091323195,2001-04-27
13.26,19.48,0.19,2.511318414405313,2001-04-28
13.24,20.13,0.43,3.3666349554339945,2001-04-29
12.57,27.9,0.27,5.9131976365658305,2001-04-30
14.18,26.78,0.13,5.088098314614217,2001-05-01
13.67,27.06,0.02,5.4999910874856335,2001-05-02
12.89,21.0,0.55,4.423590720027868,2001-05-03
12.25,21.37,1.57,4.4792718315531,2001-05-04
12.55,18.91,17.3,3.8565582853416878,2001-05-05
13.05,21.74,0.62,5.039685523511163,2001-05-06
11.49,21.0,0.28,3.475841703673941,2001-05-07
12.22,21.17,0.01,4.370912890266388,2001-05-08
11.29,26.12,0.04,5.2844651476408675,2001-05-09
14.8,24.41,7.98,3.1188374557377356,2001-05-10
14.78,19.2,19.64,2.12749605463865,2001-05-11
14.74,22.08,3.84,4.0838058838984885,2001-05-12
13.93,23.88,0.02,5.001347704172095,2001-05-13
13.59,26.56,0.01,5.971991954746069,2001-05-14
13.96,30.2,0.0,5.480433781880488,2001-05-15
17.37,34.21,0.0,6.416795695517596,2001-05-16
18.79,35.15,0.0,7.041814621237343,2001-05-17
18.39,30.72,0.03,3.982424407093005,2001-05-18
17.61,23.69,0.05,2.322505152888555,2001-05-19
17.99,24.19,1.71,3.4552611352778895,2001-05-20
17.29,28.21,0.26,4.6957412497777336,2001-05-21
16.16,24.9,0.22,4.94171099994176,2001-05-22
15.18,26.03,0.23,4.883879778059477,2001-05-23
16.47,26.01,0.05,5.1006341782653735,2001-05-24
15.54,24.68,1.76,4.76932313881624,2001-05-25
16.41,24.8,1.05,4.7132796839033295,2001-05-26
16.72,25.74,0.17,4.901826329555343,2001-05-27
15.64,28.59,0.0,5.698604957196049,2001-05-28
16.35,28.53,0.0,5.843428977196889,2001-05-29
15.94,31.73,0.0,7.200592708851482,2001-05-30
15.83,32.26,0.0,7.364272495152695,2001-05-31
17.13,30.11,0.0,6.998884943199432,2001-06-01
18.21,28.41,0.0,7.359001596002925,2001-06-02
17.7,29.85,0.0,6.57836305025246,2001-06-03
17.56,27.18,0.0,6.305609243189925,2001-06-04
16.4,30.74,0.0,6.5042268212688965,2001-06-05
16.71,38.16,0.0,9.127719799862767,2001-06-06
17.62,26.41,0.0,6.492648159047793,2001-06-07
15.7,32.89,0.0,7.599060324199638,2001-06-08
18.87,39.3,0.0,9.81448440621023,2001-06-09
22.22,37.9,0.14,10.380264364150534,2001-06-10
20.13,30.43,0.0,6.77395725906685,2001-06-11
18.42,29.95,0.15,5.755386595351484,2001-06-12
18.73,26.82,0.44,5.193462900082975,2001-06-13
18.11,27.55,0.0,6.807838405103193,2001-06-14
17.38,33.57,0.0,8.014669417209964,2001-06-15
20.19,37.32,0.0,9.660621231581914,2001-06-16
20.44,29.14,0.01,6.742729909630929,2001-06-17
18.56,26.08,0.01,6.877268107188123,2001-06-18
17.69,26.88,0.0,7.194708778535643,2001-06-19
16.7,26.88,0.0,6.231251635922115,2001-06-20
15.41,30.13,0.0,6.158133524569472,2001-06-21
17.61,33.55,0.0,6.683433367982576,2001-06-22
19.2,35.5,0.0,7.264442562502794,2001-06-23
21.27,34.37,0.0,7.839015757675817,2001-06-24
20.5,33.91,0.0,6.742563044278428,2001-06-25
21.25,36.0,0.0,8.74691971008567,2001-06-26
21.47,37.97,0.0,9.305504693043721,2001-06-27
21.79,32.15,0.0,6.4459097918110775,2001-06-28
19.77,29.42,0.0,7.090586586108111,2001-06-29
19.94,30.07,0.0,6.336032391726601,2001-06-30
19.83,31.42,0.0,7.219498561549497,2001-07-01
20.67,30.05,0.0,7.020959313502848,2001-07-02
19.71,31.99,0.04,6.666101872358549,2001-07-03
20.7,35.82,5.7,9.265310241159744,2001-07-04
21.98,35.61,0.0,8.76990060714957,2001-07-05
22.49,41.18,0.0,9.55864063887211,2001-07-06
22.96,32.73,0.0,6.607970703333641,2001-07-07
22.47,32.72,0.0,6.824340761858347,2001-07-08
20.87,37.19,0.02,8.645114531639166,2001-07-09
23.52,32.85,0.01,6.872760091987513,2001-07-10
21.5,29.86,0.0,6.990547153318159,2001-07-11
21.41,30.8,0.0,7.552347996438648,2001-07-12
20.58,34.84,0.0,7.589045431856673,2001-07-13
22.28,37.98,0.0,7.494149879615275,2001-07-14
23.08,37.17,0.0,7.3727042367623055,2001-07-15
23.25,31.31,0.11,5.896461359806488,2001-07-16
21.7,29.68,0.0,7.3976116895047275,2001-07-17
18.92,38.35,0.0,7.86033966149094,2001-07-18
22.95,39.48,0.0,9.058241371086277,2001-07-19
20.98,28.14,0.0,8.057811709002136,2001-07-20
19.53,28.25,0.0,7.451336456355912,2001-07-21
18.61,33.23,0.0,6.9512483759412245,2001-07-22
20.25,34.73,0.02,7.353814714348828,2001-07-23
22.13,40.75,0.07,8.999559258682014,2001-07-24
22.85,32.02,0.09,6.5496474262177955,2001-07-25
21.42,31.12,0.41,6.941556458766039,2001-07-26
19.98,33.45,0.0,6.745856035748808,2001-07-27
21.54,37.52,0.0,8.609747790019522,2001-07-28
23.28,36.84,0.0,7.742992957554676,2001-07-29
23.35,36.39,0.0,7.102602082678538,2001-07-30
22.52,34.25,0.0,7.246757099616453,2001-07-31
22.32,34.27,0.0,6.920241128526197,2001-08-01
22.04,36.29,0.0,7.453297873264864,2001-08-02
21.84,38.61,0.0,9.248211993672594,2001-08-03
24.53,40.15,0.0,7.872335836646557,2001-08-04
25.0,35.8,0.05,7.412018298555804,2001-08-05
23.8,31.82,0.0,8.516303274389347,2001-08-06
22.56,29.96,0.0,6.92217994203255,2001-08-07
20.58,35.23,0.0,7.260810331060128,2001-08-08
21.07,38.84,0.0,9.246896914487522,2001-08-09
23.94,36.49,0.0,8.755202802966227,2001-08-10
21.63,31.09,0.0,8.26310705465083,2001-08-11
20.54,30.1,0.0,6.878639953907823,2001-08-12
20.8,30.45,0.0,6.302666138580696,2001-08-13
20.49,33.31,0.0,6.386102875717244,2001-08-14
20.71,32.34,0.0,6.309099625887504,2001-08-15
20.59,34.21,0.0,7.194453653252286,2001-08-16
22.44,34.65,0.01,6.465191016308331,2001-08-17
22.72,36.35,0.0,6.267749407674766,2001-08-18
24.11,40.15,0.0,8.380185128063067,2001-08-19
24.04,31.75,0.06,4.377685078982651,2001-08-20
23.21,32.72,0.0,6.524907689669874,2001-08-21
21.76,29.93,0.0,6.315375284922665,2001-08-22
22.21,31.77,0.08,6.423020429541473,2001-08-23
22.26,30.68,0.24,5.49969047009402,2001-08-24
21.91,33.24,0.0,5.723652773097847,2001-08-25
21.61,34.49,0.0,6.539887861134375,2001-08-26
21.37,35.41,0.0,6.829364380303496,2001-08-27
22.45,34.54,0.0,5.728811685323474,2001-08-28
22.58,36.81,0.0,6.580750792543659,2001-08-29
23.4,33.87,0.0,6.9163321642000986,2001-08-30
23.36,33.34,0.77,5.253939577449667,2001-08-31
22.86,28.9,6.09,3.916969241486556,2001-09-01
21.72,26.97,0.61,4.192306236471661,2001-09-02
19.77,29.67,0.02,5.123987677783825,2001-09-03
20.9,35.74,0.67,6.276860285859131,2001-09-04
21.72,28.7,0.0,6.566382099159798,2001-09-05
20.24,28.8,0.0,6.351768005109525,2001-09-06
19.88,28.91,0.52,5.433783832779675,2001-09-07
22.38,28.11,0.02,6.930403424210295,2001-09-08
20.78,31.19,0.0,6.601481364288826,2001-09-09
19.61,29.06,0.0,5.5246429106580655,2001-09-10
18.82,26.24,0.0,5.863712115443524,2001-09-11
18.93,25.97,0.0,5.115485021385504,2001-09-12
17.45,27.59,0.0,4.846897604311707,2001-09-13
17.8,34.39,2.5,4.84401579842762,2001-09-14
20.78,27.9,0.0,5.556599337981305,2001-09-15
18.27,27.36,0.0,5.792021525382401,2001-09-16
18.99,25.83,0.29,4.910573203003538,2001-09-17
18.47,23.5,3.84,2.5950845682877306,2001-09-18
18.15,28.22,0.34,3.908351626489647,2001-09-19
20.51,27.08,8.4,2.8678672673595633,2001-09-20
21.06,27.88,7.61,3.0223964989843926,2001-09-21
19.95,31.99,1.41,4.863896065260876,2001-09-22
21.76,30.08,0.47,4.688588788648973,2001-09-23
19.88,29.05,0.0,4.2449353949534485,2001-09-24
20.18,28.72,0.1,4.209390150073511,2001-09-25
20.03,27.36,0.06,4.12800271885026,2001-09-26
19.4,26.25,0.46,3.023259052454533,2001-09-27
18.95,29.43,0.0,4.549613857721151,2001-09-28
21.93,29.77,21.66,3.9863169660633075,2001-09-29
21.21,28.2,5.26,3.3892734887184726,2001-09-30
19.21,27.41,2.99,3.2366945812721437,2001-10-01
19.21,29.68,0.0,4.0874324626707565,2001-10-02
20.03,32.04,0.04,4.677892651698659,2001-10-03
20.3,32.74,0.09,3.963953799922257,2001-10-04
21.24,34.5,0.08,4.237922378198481,2001-10-05
21.36,31.8,0.14,4.275181294516131,2001-10-06
19.85,29.96,0.15,3.506393991407808,2001-10-07
20.08,28.32,0.23,3.5614486851272007,2001-10-08
19.34,31.97,0.04,4.7596977849575275,2001-10-09
21.38,32.07,0.15,4.089476041150857,2001-10-10
20.48,28.3,0.05,3.0456961833642993,2001-10-11
20.1,28.06,0.0,3.327108036505035,2001-10-12
19.54,28.4,0.09,3.2798335888648156,2001-10-13
18.88,27.68,0.0,3.1276858678548165,2001-10-14
17.38,28.04,1.76,3.100716615855961,2001-10-15
18.16,25.3,0.07,2.8990624923548496,2001-10-16
18.74,26.74,0.02,2.9283301555114716,2001-10-17
18.06,30.4,0.18,4.291829557057355,2001-10-18
19.68,31.3,0.24,4.619247121350076,2001-10-19
18.93,32.96,0.01,5.556263529593382,2001-10-20
19.25,28.57,0.0,3.8634431824192865,2001-10-21
18.13,29.33,0.0,3.006645271687213,2001-10-22
18.64,29.55,0.45,2.9254767278793907,2001-10-23
18.18,26.11,1.0,3.62804165598609,2001-10-24
17.45,24.18,0.07,4.125936790570207,2001-10-25
15.45,24.95,0.0,2.9720126806240255,2001-10-26
15.87,25.24,0.0,2.9358211429457293,2001-10-27
18.06,25.72,2.21,2.8022845268357366,2001-10-28
17.67,25.95,0.26,2.3033031179301555,2001-10-29
16.27,25.81,0.0,2.5989385479741074,2001-10-30
15.67,25.14,0.0,2.887993993940545,2001-10-31
14.87,24.63,0.6,2.5786158847143352,2001-11-01
16.82,21.62,4.71,1.8764930566894542,2001-11-02
16.84,21.8,1.87,2.5217740681614034,2001-11-03
15.35,21.4,0.81,2.3372838396029065,2001-11-04
14.44,22.75,0.04,2.5328355969460157,2001-11-05
13.56,23.45,0.17,1.8633601793927854,2001-11-06
15.52,20.66,0.35,2.429799348095327,2001-11-07
15.37,22.16,1.04,2.8621028243210676,2001-11-08
13.62,21.97,2.72,2.498201608778189,2001-11-09
13.66,24.86,0.09,3.320551494642932,2001-11-10
13.12,24.17,0.0,4.8656076386084885,2001-11-11
10.17,19.21,10.85,2.434483864164592,2001-11-12
10.91,18.37,3.24,2.692604902876241,2001-11-13
12.16,20.23,0.61,2.7240716579772015,2001-11-14
9.23,23.19,0.0,3.6862736626893136,2001-11-15
12.64,21.71,3.63,1.8865685417477758,2001-11-16
15.86,22.25,0.35,2.2782972621804816,2001-11-17
15.0,25.08,0.94,2.47741148527229,2001-11-18
14.43,19.59,1.25,1.819365065824618,2001-11-19
12.26,17.95,1.33,2.3310631354903477,2001-11-20
11.68,18.73,0.05,1.621761606664998,2001-11-21
13.57,20.14,0.14,1.8519493709980959,2001-11-22
14.39,18.78,0.12,3.2035296106475375,2001-11-23
11.08,15.63,0.34,2.393753585054359,2001-11-24
9.9,15.07,1.54,1.1943818244366284,2001-11-25
11.42,17.12,0.86,1.6192964084785577,2001-11-26
9.42,19.2,0.1,1.6886558237185365,2001-11-27
12.51,16.32,2.21,2.0673572698002958,2001-11-28
12.09,15.89,2.0,2.2244225738245484,2001-11-29
10.63,16.74,1.09,1.7685928988056612,2001-11-30
13.5,17.1,4.25,1.2517526763803952,2001-12-01
13.56,17.93,0.63,1.1099386318938025,2001-12-02
13.21,19.23,0.1,1.4171239667472526,2001-12-03
10.71,19.02,0.12,1.4760355138088357,2001-12-04
13.35,18.31,0.24,2.2260307914698143,2001-12-05
15.48,16.9,0.17,2.5444872246422072,2001-12-06
12.22,18.41,1.65,2.1347384844238197,2001-12-07
10.76,13.53,3.05,1.3613455924862996,2001-12-08
9.31,14.63,1.82,1.5766549674115944,2001-12-09
7.5,11.33,2.12,0.8437529852477876,2001-12-10
9.41,13.85,0.24,1.8490971550005004,2001-12-11
7.43,14.4,0.1,1.7612372443646191,2001-12-12
9.93,13.65,2.01,1.6108555916655454,2001-12-13
5.65,16.16,1.98,1.7905684952842038,2001-12-14
6.42,19.58,0.09,1.9471904536401567,2001-12-15
9.8,15.94,3.57,2.19113014947495,2001-12-16
8.2,12.0,1.25,1.9612759743486372,2001-12-17
7.54,11.89,0.06,1.9452834498898899,2001-12-18
7.55,12.05,0.19,1.4502379269242571,2001-12-19
6.48,10.59,3.31,0.8196103044504288,2001-12-20
8.42,12.7,1.22,1.2024666659094914,2001-12-21
6.06,15.14,0.03,1.3713071196740305,2001-12-22
4.77,16.66,0.11,1.2464085793938124,2001-12-23
8.68,13.78,1.04,1.0869730488848461,2001-12-24
7.27,12.12,0.15,1.3819810485550799,2001-12-25
7.0,13.31,0.84,1.6345564997272468,2001-12-26
9.14,12.21,0.82,2.6461840975602637,2001-12-27
9.04,14.77,1.09,2.3774825128494546,2001-12-28
6.97,15.71,0.0,2.2028277912143177,2001-12-29
4.15,18.19,0.0,2.6117542132565292,2001-12-30
10.45,20.99,0.04,3.2662529878334166,2001-12-31
8.58,13.25,0.0,2.1313171194749456,2002-01-01
6.1,14.01,0.01,1.8611239378311137,2002-01-02
8.11,16.06,0.43,1.5315941608146337,2002-01-03
5.07,11.08,0.05,1.8435968462161034,2002-01-04
4.8,11.77,0.0,1.4971373106077526,2002-01-05
5.98,12.89,0.0,1.6249245507418613,2002-01-06
2.92,12.85,0.0,1.4851952508614206,2002-01-07
1.5,15.23,0.0,1.6683341509044638,2002-01-08
5.05,15.92,0.0,1.774960953923192,2002-01-09
4.99,17.14,0.0,1.8151006438777895,2002-01-10
6.07,17.01,0.0,1.3982833478349959,2002-01-11
7.45,13.81,0.13,0.9433152065592408,2002-01-12
6.95,14.45,0.35,1.3121014664798862,2002-01-13
7.06,13.94,0.43,1.1161356600771721,2002-01-14
7.58,13.03,2.22,1.085729906156211,2002-01-15
8.49,13.21,5.18,1.2930058605250416,2002-01-16
8.5,12.98,4.23,1.6679839179678793,2002-01-17
7.18,13.61,0.35,1.5640406662000095,2002-01-18
6.02,14.16,0.12,1.4076268374894363,2002-01-19
7.71,14.74,0.51,1.5634453953948204,2002-01-20
7.78,15.94,0.0,1.6490854401291506,2002-01-21
3.92,18.64,0.16,2.202241457415299,2002-01-22
7.95,16.44,0.03,1.7706637222079953,2002-01-23
7.25,16.17,1.33,2.0044892405549093,2002-01-24
11.14,15.0,0.54,2.6570868134203347,2002-01-25
10.59,16.01,0.0,2.1428665519459784,2002-01-26
8.74,17.36,0.0,1.7462293116128713,2002-01-27
8.33,18.71,0.0,1.94620223959012,2002-01-28
8.65,18.93,0.0,1.6839958369643664,2002-01-29
6.21,21.14,0.0,2.682952239006296,2002-01-30
6.93,20.93,0.0,2.5462923875422456,2002-01-31
10.02,16.81,0.0,2.0663581462795264,2002-02-01
8.32,16.34,0.0,1.5682189123697723,2002-02-02
9.28,17.59,0.0,1.9494785979744709,2002-02-03
6.82,18.71,0.0,2.024793342781196,2002-02-04
9.0,16.83,0.11,1.7538751629772156,2002-02-05
6.84,16.28,1.64,2.279956937848885,2002-02-06
8.65,14.58,1.69,1.9383473060862728,2002-02-07
6.86,15.2,1.22,1.5794580633362103,2002-02-08
9.17,16.06,0.03,2.049551849984978,2002-02-09
8.62,17.02,0.0,2.041765533754478,2002-02-10
9.55,17.66,0.0,2.173137241572643,2002-02-11
7.93,19.19,0.0,2.0017734293670384,2002-02-12
6.48,20.35,0.0,2.2821898887503314,2002-02-13
7.14,25.05,0.0,3.376972587857267,2002-02-14
10.41,16.45,0.06,1.6644878991824548,2002-02-15
10.05,17.03,0.03,1.7710053704072828,2002-02-16
10.91,19.81,0.0,2.080900697632165,2002-02-17
10.27,17.67,0.01,1.7749579689867079,2002-02-18
9.21,14.21,0.0,2.14158988554114,2002-02-19
9.93,13.82,0.43,2.60323536116511,2002-02-20
6.29,13.21,2.58,1.9993107313844665,2002-02-21
8.1,11.49,7.07,1.677307976702343,2002-02-22
9.04,16.06,0.2,2.4605512691781577,2002-02-23
9.38,18.11,0.0,2.808920245749081,2002-02-24
9.61,17.35,0.01,2.6158938628550987,2002-02-25
6.41,20.85,0.0,2.707144347981095,2002-02-26
8.31,23.66,0.0,3.661137131662682,2002-02-27
8.6,25.42,0.0,3.5244244948523122,2002-02-28
10.08,23.55,0.0,3.765428401504569,2002-03-01
8.8,28.41,0.0,4.856890857304132,2002-03-02
12.05,24.42,0.03,3.0701620853522464,2002-03-03
10.81,25.12,0.21,3.4479882141320863,2002-03-04
10.96,26.39,0.34,4.496604482528356,2002-03-05
8.07,20.38,0.0,2.892245835937468,2002-03-06
9.55,17.56,0.38,2.403578309363817,2002-03-07
9.17,17.52,0.12,2.257804019917016,2002-03-08
8.89,18.38,0.04,2.888050826712912,2002-03-09
9.82,15.95,2.79,1.960484648055497,2002-03-10
8.91,18.89,0.37,2.83521526221353,2002-03-11
8.87,25.16,0.0,3.8872526689751004,2002-03-12
11.61,26.83,0.0,4.733692021535442,2002-03-13
11.41,22.02,0.0,3.759939290342801,2002-03-14
10.7,19.35,0.0,2.721223423559985,2002-03-15
9.99,20.64,0.01,2.8192402669090937,2002-03-16
12.6,20.05,0.28,2.6199917954014977,2002-03-17
10.94,19.03,0.13,2.871933571457499,2002-03-18
11.01,20.52,0.01,3.1030178132225434,2002-03-19
13.32,22.58,0.0,4.554355198656271,2002-03-20
13.62,21.99,0.0,4.969762833111091,2002-03-21
13.49,22.82,0.0,5.079626742081599,2002-03-22
12.27,19.49,0.19,3.592547492796402,2002-03-23
9.04,17.17,0.83,3.4854424250713434,2002-03-24
8.2,15.82,0.02,3.8714499393929738,2002-03-25
7.91,16.62,0.01,3.767693109888724,2002-03-26
7.54,17.67,0.0,3.394726756336703,2002-03-27
8.51,17.51,0.3,3.0442312978709256,2002-03-28
10.44,15.31,4.2,2.202683557696269,2002-03-29
10.92,15.55,1.65,1.900070573488549,2002-03-30
9.67,17.96,0.45,2.780812130721178,2002-03-31
7.73,21.84,0.45,3.6249425224562635,2002-04-01
12.32,19.83,0.78,2.49780636024566,2002-04-02
12.6,19.4,1.01,2.9590756520748043,2002-04-03
10.14,17.4,9.25,3.411287266284249,2002-04-04
10.35,17.09,9.09,2.776900515545966,2002-04-05
8.33,25.11,0.0,4.458251956775568,2002-04-06
10.71,26.91,0.0,6.148220687981232,2002-04-07
13.05,24.67,0.0,4.5473395759869115,2002-04-08
12.24,22.39,0.03,3.295667580265738,2002-04-09
11.09,25.07,0.85,4.385845062545593,2002-04-10
13.8,30.91,0.06,7.394779944452226,2002-04-11
11.73,25.65,0.26,4.647700051440952,2002-04-12
9.66,23.05,0.0,4.985837564849918,2002-04-13
11.21,20.34,0.85,3.573232326851449,2002-04-14
11.37,19.3,0.08,3.860562091567604,2002-04-15
10.71,19.42,10.16,2.888165913290872,2002-04-16
9.72,19.22,0.01,4.187872263001559,2002-04-17
8.88,20.18,0.0,4.010772133093771,2002-04-18
9.41,21.04,0.0,4.144825267874325,2002-04-19
10.8,21.77,0.0,4.4049465308062485,2002-04-20
12.34,18.46,4.93,3.478172997989203,2002-04-21
10.46,16.67,2.38,2.7705909733650325,2002-04-22
11.19,21.29,1.53,3.8807279451545265,2002-04-23
10.59,21.91,0.31,4.117259266911747,2002-04-24
11.97,19.35,5.46,2.3007396086440117,2002-04-25
11.11,22.16,0.02,4.415839989457791,2002-04-26
11.27,27.62,0.0,5.426500744071332,2002-04-27
13.07,29.47,0.0,5.127584110914009,2002-04-28
14.31,26.81,0.0,5.260323726110829,2002-04-29
13.4,26.56,0.0,5.0729846139146595,2002-04-30
13.76,31.94,0.01,6.807337079851199,2002-05-01
16.2,22.61,0.52,2.7062446837171676,2002-05-02
14.84,25.47,0.54,5.078811420453742,2002-05-03
13.79,21.5,0.56,4.8772110225720215,2002-05-04
11.65,21.19,0.0,4.8988356045266945,2002-05-05
11.49,21.58,0.33,2.855875019766586,2002-05-06
15.13,20.49,59.02,1.7452473036795133,2002-05-07
13.81,22.47,0.37,3.8384523636711814,2002-05-08
12.29,25.78,0.0,5.309748535396363,2002-05-09
14.03,22.49,0.0,4.365719439097738,2002-05-10
14.08,22.15,1.9,4.221849462275268,2002-05-11
13.45,20.31,3.32,4.227836716880494,2002-05-12
11.73,25.76,0.0,5.513496430896214,2002-05-13
13.99,25.27,0.0,5.18915656053425,2002-05-14
14.11,27.08,0.0,5.4697119905714855,2002-05-15
15.35,27.02,0.0,5.546791119531789,2002-05-16
13.17,28.85,0.0,6.535820190163648,2002-05-17
15.91,25.65,0.0,5.133845681730399,2002-05-18
14.58,23.42,0.0,5.559129258708488,2002-05-19
14.35,25.29,0.0,5.738695113172106,2002-05-20
13.67,31.8,0.05,6.210895712713796,2002-05-21
17.62,33.15,0.0,7.6800894723161175,2002-05-22
17.28,27.39,0.02,6.059674637344752,2002-05-23
16.53,22.83,1.18,6.532193070767818,2002-05-24
15.8,24.9,0.0,6.733126493873415,2002-05-25
15.52,27.52,0.0,6.5869160966911195,2002-05-26
15.65,31.76,0.01,7.726798224741143,2002-05-27
15.3,23.51,0.0,6.306202655205273,2002-05-28
14.69,26.21,0.0,5.9320216643225905,2002-05-29
15.96,30.34,0.0,6.144940740942396,2002-05-30
17.48,29.21,0.0,6.437485994571243,2002-05-31
16.07,29.1,0.0,6.404471630719509,2002-06-01
15.84,29.19,0.0,6.46948701822831,2002-06-02
16.33,30.88,0.0,6.836564464355183,2002-06-03
18.46,35.92,0.04,9.712423565988054,2002-06-04
19.19,30.81,0.0,6.818498700153985,2002-06-05
18.4,28.07,0.0,6.63240087112693,2002-06-06
17.49,25.78,0.0,5.381308076957106,2002-06-07
15.77,30.84,0.45,6.084653481524349,2002-06-08
17.98,24.38,0.35,6.248898915907699,2002-06-09
17.07,25.55,0.0,6.954905516292132,2002-06-10
15.9,25.44,0.0,6.418447520880746,2002-06-11
16.16,25.64,0.0,5.9209297840359145,2002-06-12
16.0,27.47,0.0,5.776454030839995,2002-06-13
17.23,29.69,0.0,6.168757286472058,2002-06-14
17.22,31.68,0.0,7.063892736504811,2002-06-15
18.92,32.53,0.0,7.186505010849086,2002-06-16
19.34,33.06,0.0,7.300520993225282,2002-06-17
19.76,35.44,0.0,7.8769310534015515,2002-06-18
19.84,36.6,0.0,8.336359833556958,2002-06-19
20.42,37.19,0.0,8.56060063611206,2002-06-20
20.64,33.33,0.0,6.974730148533431,2002-06-21
20.0,33.53,0.0,6.959714374199867,2002-06-22
21.44,34.11,0.0,7.172981076011166,2002-06-23
21.23,36.09,0.0,8.422765319552283,2002-06-24
22.06,35.26,0.02,6.9944121987868595,2002-06-25
22.08,34.91,0.0,7.256245444056921,2002-06-26
21.52,35.94,0.0,7.573039700558838,2002-06-27
23.03,42.7,0.0,9.203503832924563,2002-06-28
23.29,33.62,0.0,7.766979070065305,2002-06-29
21.96,34.92,0.63,6.260744523570533,2002-06-30
22.87,40.62,0.0,10.798156637195602,2002-07-01
22.04,29.0,1.36,4.753951646247009,2002-07-02
20.74,31.09,0.0,7.354005162760176,2002-07-03
19.54,33.17,0.0,7.287330400510655,2002-07-04
20.14,33.67,0.0,7.000350398107386,2002-07-05
22.43,39.56,0.01,8.040846361997154,2002-07-06
22.94,32.2,0.0,6.8980907697900244,2002-07-07
22.09,33.04,0.0,6.8138823639907065,2002-07-08
22.56,37.01,2.11,6.579168595184063,2002-07-09
22.67,32.13,0.97,6.495497472279528,2002-07-10
21.3,35.05,0.0,6.789894408453678,2002-07-11
22.55,35.13,0.0,7.690735998028988,2002-07-12
23.31,33.72,0.33,7.208296334629987,2002-07-13
20.15,26.93,12.99,5.007197812822757,2002-07-14
18.47,27.11,0.51,6.419739031976079,2002-07-15
19.71,31.64,0.0,6.631498773199615,2002-07-16
20.65,30.36,0.0,6.108238302283519,2002-07-17
20.3,29.76,0.0,6.686429406253406,2002-07-18
19.65,31.22,0.0,6.675117548873002,2002-07-19
20.34,33.91,0.0,6.71946369116866,2002-07-20
20.56,36.58,0.0,8.229301112269287,2002-07-21
24.18,37.96,0.0,9.330112898159623,2002-07-22
25.46,40.33,0.0,8.108762364765715,2002-07-23
22.51,31.52,0.0,6.8812667471832185,2002-07-24
21.34,28.15,0.0,7.077224552045302,2002-07-25
21.39,27.77,0.0,6.447983434951515,2002-07-26
21.06,29.15,0.0,6.94313639435731,2002-07-27
20.05,29.72,0.0,6.828024308117848,2002-07-28
20.68,30.76,0.0,6.573526733087613,2002-07-29
20.54,33.47,0.01,6.2831763623047765,2002-07-30
22.53,35.04,2.34,6.054606288480109,2002-07-31
23.03,36.34,0.0,7.928924895772218,2002-08-01
24.0,41.15,0.0,9.568715101155362,2002-08-02
26.86,40.24,0.0,8.42066790238965,2002-08-03
25.5,40.87,0.47,7.437561660593773,2002-08-04
26.15,39.6,0.07,7.443442103370802,2002-08-05
25.87,40.15,0.0,9.195135202421683,2002-08-06
23.54,29.98,0.0,7.47289913906358,2002-08-07
21.01,32.22,3.17,6.4473307865229215,2002-08-08
23.44,30.35,0.29,5.104635609446737,2002-08-09
22.26,32.27,4.33,6.16018316165224,2002-08-10
20.85,28.15,2.23,6.470964827095439,2002-08-11
19.58,28.29,0.0,7.086539866326133,2002-08-12
19.41,31.05,0.0,6.671141628223778,2002-08-13
19.11,30.72,0.0,6.365387991536363,2002-08-14
19.71,31.93,0.0,5.620770820343615,2002-08-15
20.77,32.98,0.01,5.781701824841922,2002-08-16
22.67,33.38,2.3,5.068314060627248,2002-08-17
20.95,31.11,0.34,5.813023468782229,2002-08-18
20.63,31.52,0.0,5.398175895147762,2002-08-19
20.58,32.99,0.02,5.935296840991887,2002-08-20
21.55,33.57,0.0,6.253398855029995,2002-08-21
23.75,35.24,4.91,6.6347084368483,2002-08-22
23.64,32.58,5.47,5.7391667819812024,2002-08-23
23.87,33.21,3.13,5.615286689379845,2002-08-24
23.65,32.64,6.94,4.657794707514115,2002-08-25
23.06,33.47,0.45,5.362442775633143,2002-08-26
23.12,30.73,0.1,5.258273341986686,2002-08-27
22.15,29.76,0.09,6.244641133270257,2002-08-28
20.92,29.38,0.13,5.947121378795307,2002-08-29
21.88,28.68,0.04,6.143216753924854,2002-08-30
21.18,27.72,1.44,5.03257307651693,2002-08-31
21.42,28.0,0.81,5.372440622063271,2002-09-01
21.15,29.01,0.23,5.008984213566321,2002-09-02
20.27,30.81,0.04,4.284382805820387,2002-09-03
20.81,28.17,1.39,2.9646615330515735,2002-09-04
21.3,29.69,1.74,5.114258573073155,2002-09-05
20.93,28.49,2.68,5.2489003799506255,2002-09-06
19.59,28.11,0.05,5.371659779305907,2002-09-07
18.1,31.47,0.51,4.92412944048626,2002-09-08
22.08,35.97,1.72,4.421974002564872,2002-09-09
21.55,29.83,0.52,5.561668965259321,2002-09-10
19.92,27.67,0.0,5.827909992586373,2002-09-11
19.37,26.84,0.0,5.206705759687207,2002-09-12
18.86,31.09,0.47,4.843918610624737,2002-09-13
20.37,26.99,7.93,3.3289327573807044,2002-09-14
19.03,27.43,0.17,4.461971155599368,2002-09-15
18.76,29.46,0.0,4.722168203594944,2002-09-16
21.29,33.54,2.88,5.413864228593214,2002-09-17
23.31,32.08,4.05,5.072140713966554,2002-09-18
22.73,32.02,6.64,4.176225410395555,2002-09-19
22.95,33.28,2.3,4.749906234873162,2002-09-20
23.06,34.93,0.78,4.648752579363474,2002-09-21
22.01,26.28,7.54,3.4598796135019163,2002-09-22
20.75,26.08,4.97,4.150561904189744,2002-09-23
18.17,24.42,4.24,3.2494984849527144,2002-09-24
17.98,24.57,0.4,4.009391159044536,2002-09-25
18.09,23.76,0.05,4.314604152448317,2002-09-26
18.17,24.14,0.45,4.840934061716668,2002-09-27
17.04,23.98,0.32,4.380432510065848,2002-09-28
16.31,24.31,0.12,4.128335105644299,2002-09-29
15.55,22.47,0.08,3.7040004093181254,2002-09-30
15.95,24.08,0.0,3.7201801163449892,2002-10-01
15.05,27.69,0.0,4.529973758762677,2002-10-02
17.4,25.07,0.4,3.7438680134870093,2002-10-03
17.8,26.25,2.39,3.5462384989130884,2002-10-04
17.63,23.87,0.49,3.4841902209710724,2002-10-05
17.98,24.66,1.79,4.090079275294849,2002-10-06
15.43,25.82,0.02,3.7891761604096006,2002-10-07
16.0,28.46,0.09,4.129463258079335,2002-10-08
19.41,31.86,0.12,5.3733087163956945,2002-10-09
17.24,26.39,24.0,3.566513569099697,2002-10-10
14.19,21.66,3.69,3.7722625958188853,2002-10-11
17.15,22.06,12.47,3.801794610910495,2002-10-12
17.74,22.64,0.32,4.319688164698528,2002-10-13
16.52,24.38,0.0,3.0678273457226513,2002-10-14
14.58,29.38,0.0,3.717315186180788,2002-10-15
15.15,31.85,0.0,4.189964384084506,2002-10-16
16.03,32.32,0.0,5.241518356094793,2002-10-17
17.19,23.21,0.0,3.230773900170879,2002-10-18
15.61,27.4,0.0,3.242130203040051,2002-10-19
16.48,27.52,0.0,3.5608147450836243,2002-10-20
16.4,32.4,0.0,4.9232093754002815,2002-10-21
19.73,26.27,0.02,3.6013330623094277,2002-10-22
17.89,26.05,0.03,3.589389719538926,2002-10-23
16.97,23.95,0.03,3.0461204175321983,2002-10-24
15.28,25.29,0.01,3.0230739167274794,2002-10-25
14.65,25.29,0.0,3.0360519992047554,2002-10-26
15.7,25.71,0.0,2.7929112382774526,2002-10-27
14.38,24.82,0.01,3.254898536079257,2002-10-28
14.65,22.61,0.02,2.5405455032903266,2002-10-29
12.54,28.42,0.0,4.342449191833073,2002-10-30
14.91,26.29,0.16,2.9555464230589177,2002-10-31
15.92,22.81,11.92,1.878117388882639,2002-11-01
14.36,22.4,0.48,1.8788039984935112,2002-11-02
14.79,22.28,0.74,2.4005928767834854,2002-11-03
16.85,21.52,1.97,2.9225821121027007,2002-11-04
14.12,19.4,2.3,3.2113897044017183,2002-11-05
13.44,18.6,2.7,2.6420518335114314,2002-11-06
13.41,18.39,1.89,2.72925755955661,2002-11-07
13.67,15.78,14.2,3.082697477676881,2002-11-08
13.49,17.81,8.44,2.428921180675434,2002-11-09
15.45,19.83,5.5,2.6510773448907976,2002-11-10
14.88,23.37,0.09,2.49621980272471,2002-11-11
12.05,25.02,0.0,2.2248522065129164,2002-11-12
13.06,25.92,0.01,2.8170057250547016,2002-11-13
14.68,25.22,0.0,4.827151820413973,2002-11-14
12.54,26.17,0.0,5.958958196903958,2002-11-15
13.51,24.96,0.01,3.3350489522564786,2002-11-16
15.02,25.36,1.2,2.591063310783899,2002-11-17
12.54,18.1,3.52,2.2093053263147606,2002-11-18
10.47,20.79,0.02,2.571411516456233,2002-11-19
8.1,21.12,0.21,2.905403173265526,2002-11-20
12.33,18.99,4.81,2.271342880000286,2002-11-21
12.35,20.35,0.37,2.327162522881339,2002-11-22
11.27,25.53,0.0,2.9818288869524436,2002-11-23
13.17,20.27,0.0,3.2784150791923743,2002-11-24
11.92,24.36,0.68,4.081745955885509,2002-11-25
14.79,17.99,12.93,2.184581456735943,2002-11-26
15.05,18.63,13.63,1.8056782607986932,2002-11-27
12.75,19.16,1.26,1.3614169650163337,2002-11-28
10.8,19.04,1.36,1.5117412723181818,2002-11-29
11.71,15.32,2.18,1.5166578620765419,2002-11-30
11.54,15.77,1.46,2.3352931440588556,2002-12-01
11.72,17.05,3.5,1.9799472262643696,2002-12-02
10.63,14.11,6.8,1.6898653745741128,2002-12-03
11.28,13.37,8.17,1.7482744750827826,2002-12-04
11.93,16.41,3.73,2.624842616741538,2002-12-05
10.95,14.14,5.02,1.7237284325414335,2002-12-06
12.75,16.11,3.05,1.9999459292209394,2002-12-07
11.2,15.79,0.92,1.7192107956673626,2002-12-08
9.74,14.34,0.69,1.2198161743626441,2002-12-09
8.93,16.74,0.04,1.7551531744946347,2002-12-10
7.91,19.17,0.04,1.7721196224921034,2002-12-11
8.95,18.0,0.04,1.5305699280395524,2002-12-12
10.15,17.95,0.32,1.2692860936670638,2002-12-13
7.94,19.89,0.0,1.3453386580793567,2002-12-14
11.88,18.55,0.42,1.7769547805970103,2002-12-15
10.35,17.25,0.03,1.5822780780073675,2002-12-16
5.87,18.39,0.0,1.355973851996447,2002-12-17
10.49,21.2,0.0,2.0379972157457176,2002-12-18
12.21,17.24,0.27,1.457340070887495,2002-12-19
11.12,15.11,5.13,1.1261342877770346,2002-12-20
12.42,16.7,10.22,1.2642132120357115,2002-12-21
11.16,16.93,0.15,1.1589194018056541,2002-12-22
7.79,19.12,0.0,1.375974632376726,2002-12-23
8.96,19.96,0.0,1.842489327335307,2002-12-24
12.72,19.0,0.02,1.7762567866987595,2002-12-25
11.34,18.27,0.0,1.237158331489878,2002-12-26
9.34,21.08,0.0,2.282173303550084,2002-12-27
11.81,17.49,5.24,2.3133397344657682,2002-12-28
12.74,16.5,0.96,2.5594222059223792,2002-12-29
10.89,18.53,0.05,1.932257466265498,2002-12-30
9.8,15.8,3.09,2.013379543731451,2002-12-31
13.36,17.05,0.21,2.9440256443203405,2003-01-01
10.6,20.26,0.0,2.0655878064245967,2003-01-02
10.98,20.01,0.0,2.9989915469346227,2003-01-03
10.37,20.04,0.29,2.1535832845405505,2003-01-04
11.18,16.81,0.31,1.7046358245585447,2003-01-05
8.92,18.98,18.44,2.0807729860090527,2003-01-06
9.65,14.63,2.05,2.2399090713737033,2003-01-07
5.74,17.65,0.19,1.935090531798266,2003-01-08
8.46,13.89,22.69,1.3478062706248637,2003-01-09
6.03,14.81,5.31,1.2759006281721574,2003-01-10
11.5,13.37,29.61,1.5578812908673045,2003-01-11
8.75,12.43,0.29,1.3141121962845828,2003-01-12
8.79,11.86,0.52,1.041199948790742,2003-01-13
7.53,13.48,0.19,1.2589156176117986,2003-01-14
7.73,14.71,0.18,1.4062035317147192,2003-01-15
8.94,15.13,6.52,0.7575447785045352,2003-01-16
11.68,17.62,22.53,1.7747568271287029,2003-01-17
10.73,14.32,3.61,1.720806811051803,2003-01-18
8.33,15.05,0.05,1.658322433836243,2003-01-19
8.69,12.23,6.99,1.034469018724098,2003-01-20
8.22,13.61,1.05,1.199500360151059,2003-01-21
9.18,16.44,0.5,1.7857924768211537,2003-01-22
7.54,13.16,6.14,1.30065047208002,2003-01-23
10.17,12.61,14.16,1.8827969177645374,2003-01-24
9.73,12.81,34.14,1.3429552162006277,2003-01-25
9.92,12.65,4.2,1.5192038564988188,2003-01-26
9.95,13.91,0.14,1.9569891405938598,2003-01-27
8.85,15.88,0.11,2.1106353551048245,2003-01-28
9.06,14.77,0.81,1.4762932979262073,2003-01-29
6.49,11.19,1.54,1.4385664416143884,2003-01-30
5.11,12.63,1.45,2.189083378932307,2003-01-31
2.81,11.6,5.97,1.4882175654874579,2003-02-01
7.39,11.58,4.35,1.3736114968913178,2003-02-02
8.14,14.69,0.43,2.03517094560481,2003-02-03
5.48,17.01,4.57,2.4352325771864467,2003-02-04
8.25,10.91,2.17,2.610414562053438,2003-02-05
7.51,10.81,4.59,2.338068515710788,2003-02-06
4.85,12.39,0.0,2.2197672789369047,2003-02-07
3.06,12.86,0.01,1.9038837128250539,2003-02-08
3.93,14.14,0.23,1.7124256128972086,2003-02-09
8.33,11.8,3.13,1.1868301288542034,2003-02-10
6.46,12.95,0.19,1.8370227293681078,2003-02-11
7.8,10.98,3.04,1.0485199233629852,2003-02-12
7.17,9.65,4.78,0.9595555573788601,2003-02-13
7.2,12.09,2.45,1.5745234201004654,2003-02-14
5.88,13.27,0.02,1.6062345050988105,2003-02-15
6.04,13.18,0.03,1.8927906982972427,2003-02-16
6.63,12.91,2.01,1.6903976866654375,2003-02-17
5.29,9.33,2.39,1.1064440921806316,2003-02-18
7.51,13.28,0.13,1.7684841862788039,2003-02-19
8.26,16.83,2.32,1.7532380438192947,2003-02-20
7.71,14.24,1.13,1.6788474899423678,2003-02-21
7.29,14.34,0.05,1.6939351661356248,2003-02-22
8.34,14.67,1.78,1.6039117382812147,2003-02-23
6.97,13.62,0.27,1.450702834936133,2003-02-24
7.98,16.18,0.18,2.2751398366486733,2003-02-25
9.59,15.27,1.64,1.683589757016074,2003-02-26
10.94,16.61,4.87,1.5901711004638326,2003-02-27
9.98,13.41,7.07,1.1677991644389412,2003-02-28
8.28,15.64,0.55,1.7921694237091632,2003-03-01
7.7,18.78,0.0,2.3986319703050945,2003-03-02
10.79,16.8,0.04,2.004703325306558,2003-03-03
8.8,16.08,0.0,2.608892047133835,2003-03-04
7.68,16.79,0.0,2.3215130760328355,2003-03-05
5.94,21.26,0.0,2.7740533624543424,2003-03-06
9.93,16.4,0.0,2.543448388047059,2003-03-07
8.96,16.56,0.0,2.3771081281333455,2003-03-08
9.38,17.11,0.0,2.255658128051173,2003-03-09
9.07,16.43,0.0,2.2424054566222456,2003-03-10
7.36,17.68,0.0,2.4410368957878052,2003-03-11
6.44,22.7,0.0,3.256345563848804,2003-03-12
9.75,22.27,0.0,3.2635750535941623,2003-03-13
9.87,18.01,0.03,2.3953980404717616,2003-03-14
8.81,13.31,10.95,1.0311387310122067,2003-03-15
6.95,9.87,9.15,1.7252631255239792,2003-03-16
6.59,11.38,0.28,2.1431233141423163,2003-03-17
5.42,14.05,0.0,2.323186102353142,2003-03-18
8.28,14.19,0.01,2.439312979184609,2003-03-19
7.34,16.29,0.0,2.559127773053669,2003-03-20
6.17,17.08,0.0,2.6082753101239486,2003-03-21
5.35,18.15,0.0,3.1869934459822056,2003-03-22
7.16,16.48,0.02,2.611799224485583,2003-03-23
6.84,14.44,0.0,2.8680182512568653,2003-03-24
5.35,18.21,0.0,2.8849134174969793,2003-03-25
6.36,20.28,0.0,3.2048404952411302,2003-03-26
7.88,21.48,0.0,3.5009754183776765,2003-03-27
10.42,21.08,0.08,3.24705291510728,2003-03-28
10.31,20.42,1.97,2.628543077579749,2003-03-29
11.0,19.9,3.47,2.2718199838283217,2003-03-30
12.1,18.57,2.4,2.628295194316403,2003-03-31
11.39,16.56,14.06,1.9359673890419353,2003-04-01
9.69,17.82,1.84,2.707272893752431,2003-04-02
7.99,12.06,30.4,1.1191584662866687,2003-04-03
9.72,14.27,29.81,1.310194741619283,2003-04-04
11.13,16.47,1.75,2.779160653965917,2003-04-05
11.41,16.62,0.01,3.6303098044330855,2003-04-06
10.46,16.93,0.06,2.840671795913862,2003-04-07
9.79,14.95,0.02,3.1031656937385126,2003-04-08
10.37,23.57,0.4,3.5922651456931702,2003-04-09
11.86,21.7,0.19,2.954777565471193,2003-04-10
11.0,22.16,0.0,3.508309093783396,2003-04-11
12.33,21.94,0.02,3.332097175654399,2003-04-12
11.93,20.75,0.0,3.6838592082878345,2003-04-13
10.49,21.56,0.0,3.676232524771924,2003-04-14
13.32,18.45,0.06,3.3552633230184425,2003-04-15
14.09,17.23,1.44,1.8793355861569356,2003-04-16
12.88,17.44,3.99,1.8278600365283915,2003-04-17
11.49,19.51,0.05,3.2176155812302993,2003-04-18
10.06,20.98,0.13,3.250438891388848,2003-04-19
12.27,24.64,0.02,4.288143924613138,2003-04-20
12.18,20.16,0.02,3.51356057847888,2003-04-21
10.75,20.66,0.02,3.6762206880766497,2003-04-22
12.33,18.5,17.93,3.1633570030153275,2003-04-23
10.97,20.8,0.1,3.6880296684269003,2003-04-24
11.48,25.44,0.0,4.296980992719523,2003-04-25
13.83,27.91,0.0,4.7940091531961535,2003-04-26
13.67,23.13,0.0,4.21052953869055,2003-04-27
11.94,29.79,0.0,5.427497394217603,2003-04-28
15.64,31.22,0.0,5.6728044981648615,2003-04-29
16.75,31.17,0.0,5.613409648668302,2003-04-30
15.53,27.81,0.0,4.919966110323419,2003-05-01
12.63,28.94,0.0,5.699219220596341,2003-05-02
15.68,28.51,0.0,4.804482339813945,2003-05-03
13.53,28.29,0.0,5.652512319331653,2003-05-04
15.24,26.23,0.0,5.880072206621895,2003-05-05
14.81,26.37,0.0,5.686366958240724,2003-05-06
14.91,25.59,0.0,4.29542963691852,2003-05-07
16.68,27.0,0.67,4.701949471017796,2003-05-08
17.02,28.9,0.42,5.171276708671578,2003-05-09
15.97,26.71,0.0,4.871433104876467,2003-05-10
15.06,23.11,2.51,4.032239799430169,2003-05-11
15.14,23.09,0.13,4.13224009796816,2003-05-12
16.07,24.19,0.04,5.140027672850263,2003-05-13
15.19,23.64,0.0,5.38657433882941,2003-05-14
13.36,21.95,0.0,5.211906560257922,2003-05-15
12.48,26.94,0.83,4.035941388968853,2003-05-16
17.01,28.8,3.46,4.236157637559012,2003-05-17
15.49,22.78,0.36,3.8914656284374574,2003-05-18
14.3,24.39,0.0,4.688601285753501,2003-05-19
14.5,28.32,0.0,5.901363783276098,2003-05-20
15.75,21.62,0.0,5.5878519480916555,2003-05-21
15.04,21.65,1.01,5.11572285994419,2003-05-22
14.35,23.09,0.0,4.890571357552415,2003-05-23
13.57,26.95,0.0,5.469420654095922,2003-05-24
15.59,32.08,0.12,6.613925238981203,2003-05-25
15.24,20.1,13.82,2.659484197367443,2003-05-26
13.33,19.43,2.28,2.3502733762119288,2003-05-27
12.51,20.56,2.41,3.0088400930041206,2003-05-28
15.17,24.84,0.01,5.113166907542778,2003-05-29
14.76,29.03,0.0,5.524752121715596,2003-05-30
17.3,28.89,0.0,5.576304063129706,2003-05-31
16.84,29.12,0.0,6.0747133709408985,2003-06-01
16.65,26.98,0.0,5.167838288767582,2003-06-02
17.62,27.62,0.01,5.347356077584584,2003-06-03
17.85,30.42,0.0,6.1251361240235065,2003-06-04
17.27,30.85,0.0,7.3065818426713145,2003-06-05
18.17,32.58,0.04,6.614792551110046,2003-06-06
19.95,27.89,4.23,3.816652174159819,2003-06-07
20.11,28.89,7.02,5.409385041422879,2003-06-08
18.5,27.28,0.0,5.285321584265579,2003-06-09
18.1,28.13,0.0,5.517747282503775,2003-06-10
18.65,30.76,0.0,5.922880312242313,2003-06-11
19.7,31.42,0.0,6.2499842446383,2003-06-12
20.06,33.91,0.0,6.464913032595768,2003-06-13
21.11,32.83,0.0,6.521151824338566,2003-06-14
20.67,32.17,0.0,7.214051499280313,2003-06-15
19.23,32.27,0.0,6.974781254556571,2003-06-16
21.44,32.18,0.0,7.340587679959806,2003-06-17
22.19,30.25,1.85,6.071492839118594,2003-06-18
20.41,28.77,0.07,6.568977221984853,2003-06-19
19.62,29.15,0.0,5.681062677495686,2003-06-20
20.11,31.78,0.0,6.231247389452866,2003-06-21
20.02,34.82,0.0,8.01299135679651,2003-06-22
20.54,34.53,0.0,9.313124731417032,2003-06-23
20.1,34.43,0.0,8.64789045370918,2003-06-24
19.1,35.89,0.0,7.855230751595249,2003-06-25
22.14,38.86,0.0,7.5826857957406855,2003-06-26
23.69,35.6,0.0,7.508657416320172,2003-06-27
23.51,40.37,0.0,8.37306573481425,2003-06-28
23.12,41.82,0.0,8.027559739104944,2003-06-29
24.98,39.95,0.0,9.38430253897206,2003-06-30
24.39,39.96,0.0,10.136149034565147,2003-07-01
23.74,33.94,0.0,7.029681012876407,2003-07-02
23.02,30.69,0.0,6.119935471783669,2003-07-03
23.41,29.51,0.0,6.578401576603917,2003-07-04
22.3,30.45,0.0,7.519594544065708,2003-07-05
21.7,34.55,0.01,6.423870587911503,2003-07-06
23.17,32.64,0.0,6.557498346382112,2003-07-07
21.51,31.81,0.0,6.99758296032533,2003-07-08
20.64,33.46,0.0,7.059888841824386,2003-07-09
21.44,34.47,0.0,6.950969708472863,2003-07-10
22.07,33.53,0.0,6.730736132777127,2003-07-11
21.86,33.93,0.0,7.056255821234526,2003-07-12
22.42,36.3,0.01,7.896127808191989,2003-07-13
24.05,38.95,0.0,8.889845074307944,2003-07-14
25.5,39.14,0.0,7.597661962144616,2003-07-15
26.77,39.43,0.0,8.764967886201893,2003-07-16
25.45,36.67,0.0,7.162717722216069,2003-07-17
25.2,35.02,0.02,7.605354637336192,2003-07-18
23.84,35.28,0.0,7.310926355329202,2003-07-19
22.85,36.23,0.0,7.382047800712653,2003-07-20
22.04,37.86,0.0,8.793464067267749,2003-07-21
24.23,39.01,0.0,9.596489200392416,2003-07-22
25.05,43.09,0.0,9.438490485817969,2003-07-23
26.05,37.6,0.01,7.847514636150556,2003-07-24
25.65,36.32,0.08,7.632415188336185,2003-07-25
23.77,38.25,0.0,7.262729309266227,2003-07-26
25.44,41.72,0.14,7.568098027993536,2003-07-27
25.86,35.91,0.02,8.407101574305525,2003-07-28
24.52,33.43,0.0,8.676576600392288,2003-07-29
23.78,31.31,0.0,8.061390920103197,2003-07-30
23.79,32.61,0.07,7.833603912814802,2003-07-31
24.11,29.84,0.76,7.537848064500448,2003-08-01
23.3,30.94,1.35,6.7297543819060515,2003-08-02
22.81,30.99,0.51,6.209507933449411,2003-08-03
23.0,32.09,0.0,6.469647695910647,2003-08-04
23.12,33.72,0.0,6.4591969915956415,2003-08-05
23.19,34.42,0.0,6.782526381786589,2003-08-06
23.31,34.99,0.0,7.090402536731399,2003-08-07
24.1,35.4,0.0,6.40486021079324,2003-08-08
24.73,34.41,0.0,6.590444735368651,2003-08-09
24.07,34.39,0.19,6.342179350826305,2003-08-10
23.78,36.09,0.0,6.306599879525313,2003-08-11
24.14,36.47,0.0,6.713244524981277,2003-08-12
24.76,36.57,0.0,6.586496430172193,2003-08-13
24.03,38.09,0.0,7.136264464200765,2003-08-14
24.06,36.88,0.0,7.296801120872998,2003-08-15
25.12,39.77,0.0,8.95496440128405,2003-08-16
24.33,40.1,0.0,9.598769367447147,2003-08-17
24.39,39.82,0.0,9.194545324868574,2003-08-18
24.82,41.43,0.01,7.6438864568297955,2003-08-19
25.59,34.35,0.43,6.486136957061572,2003-08-20
23.19,37.43,0.0,6.364059745331671,2003-08-21
24.45,38.62,0.0,7.145200396813944,2003-08-22
24.92,39.95,0.0,7.281423860395538,2003-08-23
26.38,39.35,0.0,7.317607010052393,2003-08-24
26.54,35.83,1.68,6.856493950685439,2003-08-25
25.22,33.15,2.0,7.0200059978014915,2003-08-26
23.98,34.06,0.09,6.451666629484424,2003-08-27
22.93,40.32,0.02,7.714955921668765,2003-08-28
26.58,41.86,0.0,9.211412072175719,2003-08-29
25.38,35.85,1.27,5.715859672630937,2003-08-30
25.23,34.02,0.11,6.318646228523197,2003-08-31
23.3,34.85,1.14,5.62104334236233,2003-09-01
25.44,31.46,0.77,4.944892352548615,2003-09-02
24.52,31.72,7.78,4.396571953059776,2003-09-03
23.16,30.06,2.11,5.463438293390575,2003-09-04
22.14,32.7,8.99,6.142573225825247,2003-09-05
23.63,34.8,3.11,5.406035169800473,2003-09-06
23.43,34.99,0.98,5.555829033645138,2003-09-07
22.97,30.38,0.29,6.089434956042292,2003-09-08
21.93,32.49,2.96,6.38631587078045,2003-09-09
21.39,26.7,2.86,6.0454584737234915,2003-09-10
21.15,27.31,0.21,6.312541168617284,2003-09-11
21.98,27.36,0.31,5.43786185648164,2003-09-12
20.47,27.81,1.51,4.584458768375876,2003-09-13
20.11,23.77,11.72,2.7032558618617006,2003-09-14
19.48,22.94,20.5,3.0263103666681124,2003-09-15
18.65,25.07,9.18,1.8990599748193921,2003-09-16
20.3,23.96,15.27,2.759148826159466,2003-09-17
19.85,23.78,1.92,2.5424570534722024,2003-09-18
19.7,26.78,0.73,3.7682924231164705,2003-09-19
19.06,29.15,0.31,4.264286737292602,2003-09-20
19.48,28.66,0.91,4.018698385910269,2003-09-21
19.61,27.14,1.06,3.3040722022271236,2003-09-22
19.52,30.8,2.51,4.2009208765613115,2003-09-23
21.25,25.94,10.9,2.5635720933095745,2003-09-24
20.13,27.63,1.56,3.6357579639513573,2003-09-25
19.1,27.0,4.03,3.297655395749113,2003-09-26
19.47,26.89,8.09,3.1616424059524775,2003-09-27
18.37,27.51,0.25,3.519964328420389,2003-09-28
19.46,27.86,0.0,3.9021031162934032,2003-09-29
19.55,30.97,0.0,4.163142424280386,2003-09-30
20.94,36.49,0.0,6.355589407371819,2003-10-01
21.4,37.32,0.0,6.051895052866248,2003-10-02
22.29,29.84,0.01,5.029444567898609,2003-10-03
20.66,30.83,1.19,3.5764969355079423,2003-10-04
20.6,26.41,2.2,3.1896034081886504,2003-10-05
18.12,23.23,0.15,2.9186055866743468,2003-10-06
17.56,25.84,0.13,2.5886078061030418,2003-10-07
18.45,24.76,0.14,4.459259943664752,2003-10-08
17.71,24.09,0.2,4.442837875482581,2003-10-09
18.33,24.49,0.11,4.091406713244196,2003-10-10
16.38,27.65,0.0,3.5287382641597693,2003-10-11
17.07,30.09,0.2,4.466200768763983,2003-10-12
19.64,27.86,3.41,3.2877684527106754,2003-10-13
20.05,26.17,10.88,2.043143904657504,2003-10-14
19.04,26.18,3.33,2.877807814593961,2003-10-15
17.85,25.77,0.51,2.893339129683527,2003-10-16
19.57,26.21,9.21,2.491567529428949,2003-10-17
17.74,24.78,0.85,2.5118148667565556,2003-10-18
16.95,24.57,0.08,3.3663107991001464,2003-10-19
17.06,29.51,0.0,4.4917704617432435,2003-10-20
16.72,29.9,0.0,3.387732675458491,2003-10-21
17.98,26.35,0.1,3.2453535771103494,2003-10-22
17.91,24.79,10.86,2.4369858386784844,2003-10-23
15.48,18.89,11.76,2.027927384606374,2003-10-24
14.9,19.18,1.79,1.786120876214089,2003-10-25
15.06,27.02,0.01,3.283314530694073,2003-10-26
17.19,25.14,1.53,2.564704124590342,2003-10-27
16.78,25.49,2.26,2.6311965335600784,2003-10-28
17.39,22.95,8.38,1.7279623998997764,2003-10-29
15.14,22.07,2.31,2.835211939860396,2003-10-30
12.93,25.01,0.08,3.8240849660180443,2003-10-31
14.12,23.57,4.27,3.266673091762514,2003-11-01
14.31,19.91,1.57,2.8420383243032386,2003-11-02
13.39,21.51,0.02,2.3319888746136814,2003-11-03
14.14,21.25,0.0,2.223425590836905,2003-11-04
14.7,20.39,0.04,2.132085273125614,2003-11-05
13.86,21.07,0.06,2.1076265196475537,2003-11-06
12.29,23.39,0.01,2.834649033661623,2003-11-07
12.7,24.75,0.0,2.9304953288563254,2003-11-08
13.76,23.42,0.0,2.0164477471643307,2003-11-09
15.03,20.31,4.43,1.1227439485692927,2003-11-10
14.12,19.58,7.12,1.3058768292342322,2003-11-11
14.04,20.52,0.27,1.6948261910122624,2003-11-12
13.79,17.83,3.89,1.2324803022096336,2003-11-13
13.43,19.31,0.38,2.002551490723751,2003-11-14
10.02,21.71,0.0,2.3792937285980877,2003-11-15
10.66,21.27,0.0,2.8575428919363377,2003-11-16
14.19,23.81,0.03,1.6147317759818047,2003-11-17
16.01,25.02,0.07,1.9985331822941022,2003-11-18
15.73,20.99,0.16,1.0910397937335319,2003-11-19
16.24,21.04,10.92,1.6483710528171986,2003-11-20
14.25,20.31,8.7,1.4464680771534741,2003-11-21
12.91,21.2,0.12,1.7737925075841519,2003-11-22
10.75,22.14,0.0,3.1332635875872885,2003-11-23
10.49,21.01,0.01,2.1973042894738537,2003-11-24
12.18,17.07,12.03,0.6413160246049122,2003-11-25
10.67,18.05,2.14,1.7316337560337924,2003-11-26
8.89,19.32,0.83,2.235261717544268,2003-11-27
10.92,17.56,1.13,2.1994395303770418,2003-11-28
11.79,17.47,1.23,1.800599076872784,2003-11-29
11.44,17.72,0.78,1.4883335897692775,2003-11-30
8.86,19.33,0.0,2.7733041200493393,2003-12-01
8.21,20.63,0.0,2.360632159234371,2003-12-02
12.62,21.28,0.11,1.5897516591539242,2003-12-03
10.66,17.63,0.0,1.4214181726924937,2003-12-04
6.29,18.16,0.0,1.759359666848219,2003-12-05
7.42,19.04,0.0,1.9181486958353597,2003-12-06
10.25,17.87,1.51,1.6892164551210909,2003-12-07
8.0,13.74,15.9,1.1682656410461305,2003-12-08
6.26,13.33,8.77,1.5388513031957534,2003-12-09
6.18,16.23,0.92,1.311141773974559,2003-12-10
8.92,15.65,48.7,0.8045798741300056,2003-12-11
15.2,17.12,39.84,0.7515117847475933,2003-12-12
13.11,17.89,12.05,0.9717728980255431,2003-12-13
12.6,17.44,0.43,1.4986047839118448,2003-12-14
12.66,15.23,0.78,2.422860969725894,2003-12-15
8.8,15.32,1.64,2.137194215599515,2003-12-16
7.65,13.71,0.0,1.6432617916741228,2003-12-17
6.15,15.13,0.01,2.0254292270292225,2003-12-18
6.84,13.86,1.46,0.942641039734679,2003-12-19
10.81,14.55,5.92,0.9034652394630907,2003-12-20
9.94,16.55,0.03,1.1327281856943907,2003-12-21
8.56,14.42,6.61,1.149745999239179,2003-12-22
7.64,11.01,5.97,2.102793789224094,2003-12-23
7.14,9.04,5.24,1.779419413388109,2003-12-24
8.26,12.29,0.73,1.85567365286905,2003-12-25
6.75,13.83,0.0,1.5405370094473587,2003-12-26
3.74,13.29,0.01,1.2137956352003947,2003-12-27
2.72,15.65,0.07,1.6478474362703015,2003-12-28
8.25,12.1,4.82,1.2428558424331453,2003-12-29
7.11,13.69,4.11,1.1636623568218876,2003-12-30
7.59,14.3,3.2,1.4721412969514427,2003-12-31
7.28,12.12,1.97,1.091750613907473,2004-01-01
8.51,11.0,5.74,1.2086475646351507,2004-01-02
8.96,13.26,4.33,1.5724543586349349,2004-01-03
8.76,12.6,0.69,1.7505269369998733,2004-01-04
7.61,12.48,1.42,1.3868974902327957,2004-01-05
7.33,14.17,0.14,1.1981609293066824,2004-01-06
4.82,14.65,0.0,1.147827761448624,2004-01-07
4.56,14.15,0.01,1.1006411024120113,2004-01-08
8.36,16.49,0.02,1.1099897965691576,2004-01-09
13.28,17.66,0.01,1.9639816759606274,2004-01-10
10.23,16.03,0.01,1.3686488416658558,2004-01-11
8.54,18.8,0.01,1.517734708756771,2004-01-12
9.18,18.95,0.0,2.1625100482442092,2004-01-13
10.3,18.16,0.0,2.1107403576449495,2004-01-14
9.33,14.52,0.13,1.5962969042021886,2004-01-15
7.62,13.82,0.01,1.350994827086726,2004-01-16
7.21,16.64,0.06,1.5109772386853708,2004-01-17
7.13,17.29,1.9,1.6894874075394024,2004-01-18
6.32,11.25,0.6,0.9418100053019405,2004-01-19
5.41,13.19,0.12,1.2357701300965314,2004-01-20
9.27,13.33,1.77,1.3029863567965383,2004-01-21
9.96,12.86,3.97,1.1705062121066188,2004-01-22
9.34,13.56,11.98,0.9246421903191059,2004-01-23
9.25,12.42,2.3,1.333295762661089,2004-01-24
9.07,14.71,0.37,1.5251291611141842,2004-01-25
8.54,17.19,1.3,1.2661628851315743,2004-01-26
9.14,17.68,0.02,1.7066673694613577,2004-01-27
8.76,12.71,1.93,1.575897479040526,2004-01-28
8.04,12.69,1.74,2.101197232682017,2004-01-29
6.4,12.09,0.0,2.4024631509220336,2004-01-30
3.34,14.73,0.0,2.082493324023527,2004-01-31
5.47,17.33,0.0,1.6242578828118301,2004-02-01
6.6,16.8,0.0,1.414921964373446,2004-02-02
7.11,16.69,0.0,1.298487405774648,2004-02-03
9.94,13.76,0.0,1.1185314915172078,2004-02-04
8.36,15.31,0.0,1.5070000868918558,2004-02-05
7.8,15.82,0.01,1.3895966614645077,2004-02-06
5.37,17.47,0.0,1.4725131320165346,2004-02-07
8.25,15.99,0.0,1.7757266156052491,2004-02-08
9.3,14.22,0.0,2.1014233519432617,2004-02-09
10.09,12.98,0.94,1.5408848607076888,2004-02-10
6.57,15.14,0.25,1.72947293092624,2004-02-11
8.53,15.24,0.39,1.8291341070146838,2004-02-12
8.82,14.96,0.52,1.570601403477162,2004-02-13
7.0,17.36,0.03,2.052562509325756,2004-02-14
6.55,15.53,0.05,1.7183850334972315,2004-02-15
9.14,13.74,2.65,1.3014711671115815,2004-02-16
7.96,14.76,0.13,1.6523978422962604,2004-02-17
7.55,14.97,1.89,1.6458974622183766,2004-02-18
6.07,18.74,0.04,2.652191523813464,2004-02-19
8.19,22.63,0.07,3.33059545870531,2004-02-20
11.85,15.94,2.79,1.7604161229985007,2004-02-21
9.88,17.86,0.03,2.0041542326402344,2004-02-22
7.69,19.22,0.0,2.5803859813997336,2004-02-23
7.84,19.52,0.0,2.350362246791104,2004-02-24
8.54,23.53,0.01,2.226421046745796,2004-02-25
9.89,19.07,0.64,2.16843629722881,2004-02-26
8.4,14.2,1.76,2.2403441709941534,2004-02-27
7.44,12.95,0.62,2.7972772596107234,2004-02-28
4.89,12.66,1.16,1.984543220490811,2004-02-29
6.25,11.12,0.63,1.715479582864372,2004-03-01
5.61,9.4,1.09,1.5353776819400846,2004-03-02
7.5,12.46,0.28,2.5286921226327497,2004-03-03
8.43,14.19,0.1,2.9923540786886043,2004-03-04
9.9,16.84,0.01,2.425281792665104,2004-03-05
10.63,21.71,0.02,2.9245937658728915,2004-03-06
9.03,15.92,1.7,2.064811072721811,2004-03-07
6.83,16.15,0.1,2.5881133113972083,2004-03-08
7.23,14.58,0.02,2.8357115559739343,2004-03-09
6.36,19.12,0.0,2.5769055679166537,2004-03-10
8.29,15.59,2.22,2.326184641967764,2004-03-11
7.23,19.85,0.0,2.904957771237713,2004-03-12
9.42,22.17,0.0,3.880589767572624,2004-03-13
10.82,20.12,0.0,2.88258791788324,2004-03-14
11.36,20.12,0.0,2.6909976203112125,2004-03-15
10.63,18.77,0.0,2.699249587902965,2004-03-16
9.62,19.16,0.0,3.009731276598595,2004-03-17
7.87,21.33,0.0,3.001234012086356,2004-03-18
9.03,21.61,0.08,2.694861519456914,2004-03-19
10.91,17.53,0.52,1.8570374236443057,2004-03-20
10.25,21.04,0.01,3.134964948403993,2004-03-21
9.68,20.09,5.62,2.7004391006969732,2004-03-22
8.05,12.66,22.92,2.134486263858022,2004-03-23
7.67,16.04,0.22,3.1909953648599068,2004-03-24
9.53,16.72,0.27,1.825841297660418,2004-03-25
9.24,16.13,8.3,1.679721753158172,2004-03-26
7.72,16.75,0.04,2.494106629882815,2004-03-27
9.63,19.83,0.83,2.356639483690968,2004-03-28
14.19,17.81,11.65,1.119610603668811,2004-03-29
12.62,18.55,4.63,1.4831711820174363,2004-03-30
11.35,20.66,32.69,2.249412958396048,2004-03-31
10.65,18.31,0.04,3.2141035291092916,2004-04-01
7.93,21.85,0.0,3.333574049204919,2004-04-02
10.74,15.6,0.81,1.6250449332376529,2004-04-03
10.51,15.89,5.04,2.3087231817437592,2004-04-04
10.33,18.62,0.0,3.1287874116700856,2004-04-05
9.87,21.56,0.0,3.6609767983655126,2004-04-06
8.45,24.01,0.0,3.6550799440844917,2004-04-07
10.0,20.84,2.01,3.2691220493607913,2004-04-08
13.05,24.34,0.99,3.892919085068203,2004-04-09
12.71,16.19,0.62,2.4665755017441207,2004-04-10
12.68,17.05,0.54,2.6392761356207144,2004-04-11
10.55,16.61,0.58,3.2650303158792773,2004-04-12
9.09,17.88,0.23,3.4159130953179324,2004-04-13
8.87,20.61,0.0,3.9625801335727022,2004-04-14
11.93,20.65,0.58,2.6907246249520314,2004-04-15
14.42,24.8,0.49,4.411198772619606,2004-04-16
12.38,20.54,0.01,4.094402866311539,2004-04-17
10.68,18.65,10.04,2.584345823951572,2004-04-18
9.1,19.26,1.29,3.1651765437343764,2004-04-19
11.11,18.81,0.14,4.202104867885218,2004-04-20
11.4,20.12,0.0,3.937942377465374,2004-04-21
9.61,23.42,0.01,4.12599154935878,2004-04-22
11.79,16.16,10.36,1.3841097993741651,2004-04-23
9.84,17.42,3.56,2.5752409917873504,2004-04-24
11.6,18.74,5.16,3.0329399970379787,2004-04-25
11.21,17.77,3.49,3.0307912562900063,2004-04-26
10.02,18.38,0.16,3.249444811000566,2004-04-27
9.7,22.51,0.0,3.778645966934746,2004-04-28
12.92,21.71,15.07,2.416833818267578,2004-04-29
11.15,21.85,0.37,4.021609635781614,2004-04-30
11.33,21.62,0.0,4.445346899696256,2004-05-01
13.07,25.4,1.34,4.998085449608062,2004-05-02
12.14,25.96,3.34,4.67824787129798,2004-05-03
10.2,25.36,4.41,4.878708627664728,2004-05-04
12.71,20.36,1.57,3.568093531718042,2004-05-05
12.01,20.07,0.29,4.077211080352523,2004-05-06
10.14,22.1,0.13,3.4085020756361093,2004-05-07
12.72,19.58,0.09,3.7504522687681923,2004-05-08
11.24,18.29,0.0,4.349100615548133,2004-05-09
9.2,23.85,0.0,4.86322508776726,2004-05-10
12.11,23.6,0.0,5.0865879542613,2004-05-11
13.99,22.93,0.74,4.925616919388449,2004-05-12
12.99,19.98,2.62,3.9891616720771528,2004-05-13
11.1,22.16,0.0,4.6058607216376615,2004-05-14
11.93,22.11,0.11,4.138510770115658,2004-05-15
12.89,22.09,0.59,4.277522697430631,2004-05-16
12.73,22.39,0.0,4.496532626543871,2004-05-17
12.14,21.47,0.0,4.5282947320741975,2004-05-18
12.43,22.39,0.0,4.857415240390322,2004-05-19
11.32,25.66,0.0,5.695913378153942,2004-05-20
13.09,26.29,0.02,5.40919499688902,2004-05-21
15.6,28.5,0.2,5.331099616193382,2004-05-22
17.29,26.92,1.04,3.6758862679135804,2004-05-23
16.22,22.03,4.96,2.848956793830915,2004-05-24
15.25,20.41,1.84,2.972676645154164,2004-05-25
14.89,22.14,1.86,3.7730565817893575,2004-05-26
15.42,23.49,3.67,4.168846192162106,2004-05-27
15.2,22.31,2.67,3.2282932589019433,2004-05-28
15.13,23.47,0.17,5.139727402943614,2004-05-29
14.56,23.51,0.0,4.78430569294437,2004-05-30
13.7,25.33,0.0,4.944146832263332,2004-05-31
15.54,27.02,0.0,5.596608980539734,2004-06-01
15.77,28.67,0.0,6.039892730792878,2004-06-02
16.55,24.22,0.0,6.063045708174998,2004-06-03
16.3,24.18,0.02,5.997300094091104,2004-06-04
15.22,24.93,0.07,5.404933620966194,2004-06-05
14.4,27.36,0.0,5.6673112152324485,2004-06-06
17.19,30.08,0.0,6.136191712799086,2004-06-07
17.88,30.43,0.0,6.61100488882736,2004-06-08
17.26,26.41,0.02,4.974359588261644,2004-06-09
16.47,28.84,0.0,5.885244038682248,2004-06-10
17.88,28.65,0.0,5.382060845193774,2004-06-11
18.24,28.56,1.07,4.239594253205368,2004-06-12
17.19,28.03,0.0,5.848858612237469,2004-06-13
17.64,24.74,0.0,3.458739931581336,2004-06-14
17.56,25.26,5.69,3.66628536238234,2004-06-15
18.07,22.32,44.9,2.3316069352728377,2004-06-16
17.86,21.91,36.82,3.5246254361631966,2004-06-17
17.06,26.56,0.0,5.954216351669435,2004-06-18
16.46,31.91,0.03,6.867452728402668,2004-06-19
17.04,28.49,0.0,5.903429919853746,2004-06-20
17.78,29.92,0.0,5.49141429277829,2004-06-21
18.73,29.21,0.0,5.602506910235128,2004-06-22
18.85,32.44,0.01,5.926926646477761,2004-06-23
18.49,30.46,0.01,5.999464168760247,2004-06-24
18.39,32.45,0.0,6.103334136016715,2004-06-25
21.12,34.95,0.0,6.631851830277088,2004-06-26
21.55,33.36,0.0,6.6428384492190435,2004-06-27
20.46,30.08,0.0,5.612936102565671,2004-06-28
20.68,30.95,0.53,5.787372536405393,2004-06-29
20.74,31.71,0.0,6.9808092112465765,2004-06-30
19.02,34.2,0.0,6.834079069121875,2004-07-01
20.76,38.3,0.0,7.278634924704719,2004-07-02
21.47,31.42,0.0,7.470337742672465,2004-07-03
20.09,32.29,0.0,6.717892625486431,2004-07-04
21.38,33.54,0.0,6.654922770703919,2004-07-05
20.23,32.46,0.0,6.9344325669174705,2004-07-06
20.05,35.93,0.0,8.645130632226548,2004-07-07
21.03,36.28,0.0,8.933137350422307,2004-07-08
20.51,29.85,0.0,6.799517327479306,2004-07-09
19.64,32.16,0.0,6.493340209406661,2004-07-10
20.87,31.14,0.32,5.947253757854127,2004-07-11
20.25,28.34,0.0,6.701091149220932,2004-07-12
19.45,27.09,0.0,7.077321634592308,2004-07-13
18.31,26.69,0.0,6.555149686443777,2004-07-14
17.52,27.73,0.0,6.042060020504162,2004-07-15
16.7,32.0,0.0,7.377076899641216,2004-07-16
20.39,34.85,0.0,8.377885224320524,2004-07-17
21.34,34.25,0.0,8.627217483271847,2004-07-18
21.96,34.06,0.0,8.365172616128298,2004-07-19
22.2,36.07,0.0,8.004227367640985,2004-07-20
21.78,36.44,0.0,6.977611712087107,2004-07-21
21.88,36.9,0.0,7.533649859557859,2004-07-22
22.55,35.26,0.0,6.4534325815952736,2004-07-23
22.03,36.23,0.0,8.454391641318306,2004-07-24
22.68,31.87,0.0,8.055574286391222,2004-07-25
22.22,31.13,0.0,8.078778607114284,2004-07-26
21.59,29.83,0.0,7.580319768385738,2004-07-27
20.79,29.83,0.0,6.656802571239193,2004-07-28
19.24,32.04,0.0,5.75542852136581,2004-07-29
21.2,33.03,1.53,4.825830802688643,2004-07-30
22.0,30.59,0.97,5.567878055332133,2004-07-31
20.55,32.22,0.0,5.601905084596126,2004-08-01
20.54,36.01,0.0,7.39307055650586,2004-08-02
21.36,36.13,0.0,6.431270604537397,2004-08-03
20.78,35.89,0.01,6.3726948385240325,2004-08-04
22.74,31.46,5.28,4.771063482436348,2004-08-05
21.18,31.42,0.0,6.190999193312246,2004-08-06
19.94,33.11,0.01,5.578513968053896,2004-08-07
23.01,36.36,0.11,6.739945874336569,2004-08-08
24.68,41.06,0.09,6.37878999491676,2004-08-09
24.76,36.89,0.07,7.058364376355796,2004-08-10
23.56,34.06,0.19,7.045237626646896,2004-08-11
22.99,35.75,0.07,6.308057196200891,2004-08-12
23.87,33.99,0.11,6.996614866110778,2004-08-13
22.99,31.45,0.0,7.5482589589455245,2004-08-14
22.8,30.1,0.0,6.912264772880603,2004-08-15
21.18,33.32,0.0,6.12971776477813,2004-08-16
20.68,36.01,0.0,8.356625747239788,2004-08-17
23.89,40.45,0.0,9.21257748065214,2004-08-18
25.89,42.6,0.0,8.143865338193336,2004-08-19
24.48,34.81,0.04,6.789271538150716,2004-08-20
23.22,29.53,1.39,5.602098275781729,2004-08-21
21.39,29.45,0.0,6.690336563562674,2004-08-22
19.47,31.62,0.0,5.908320780497119,2004-08-23
19.83,36.73,0.0,7.629345487684811,2004-08-24
24.48,42.19,0.0,7.7156328578341995,2004-08-25
23.0,30.46,0.23,6.507257052570491,2004-08-26
21.38,28.4,0.01,6.674955750899659,2004-08-27
19.42,30.6,0.0,5.5149555059517406,2004-08-28
21.56,31.12,9.21,4.407306750653005,2004-08-29
22.4,27.53,6.19,2.986151618391299,2004-08-30
21.08,31.48,0.17,4.867347480807344,2004-08-31
21.73,33.32,0.8,5.080798253483891,2004-09-01
22.6,35.41,1.29,6.34163300822979,2004-09-02
23.44,35.19,0.21,6.842409472156451,2004-09-03
22.78,35.39,0.0,6.063152520519483,2004-09-04
22.41,33.95,0.0,5.675678566253602,2004-09-05
22.77,29.46,0.11,4.625484341762153,2004-09-06
21.95,30.1,0.53,4.985466602661121,2004-09-07
21.27,29.83,0.03,5.289918839988346,2004-09-08
20.73,29.56,0.0,4.972810992765264,2004-09-09
19.54,30.22,0.0,4.928265804202752,2004-09-10
20.05,31.47,0.0,5.904747051522049,2004-09-11
20.66,32.98,0.0,6.510977756914867,2004-09-12
21.45,35.47,0.14,5.661026562333359,2004-09-13
22.44,36.01,0.0,5.6893622084260995,2004-09-14
22.77,33.36,0.0,6.046492013776325,2004-09-15
21.45,28.21,10.44,3.8104145442565494,2004-09-16
19.71,25.11,24.8,3.617592752126548,2004-09-17
18.72,24.83,2.97,3.764285744496405,2004-09-18
18.97,24.3,4.52,3.383140407639868,2004-09-19
20.06,27.09,1.09,4.319337204631753,2004-09-20
19.57,27.18,0.57,4.294620060980953,2004-09-21
20.78,26.33,0.24,5.414587201409198,2004-09-22
20.73,26.65,0.5,5.575320949054788,2004-09-23
20.35,27.42,0.04,5.5248190614821935,2004-09-24
18.36,24.78,3.53,3.9666556506325366,2004-09-25
16.4,23.87,1.39,4.727761094661412,2004-09-26
16.19,23.32,1.62,3.73541490641438,2004-09-27
16.61,24.29,0.24,4.050463026924033,2004-09-28
15.58,26.23,0.0,3.747325642922891,2004-09-29
15.18,29.68,0.0,4.459737244993559,2004-09-30
15.63,30.37,0.0,4.476689101022309,2004-10-01
17.38,27.71,0.0,3.5858083983443976,2004-10-02
16.94,27.55,0.0,3.540525657168531,2004-10-03
17.04,28.7,0.0,3.6454584163052264,2004-10-04
17.03,29.69,0.0,4.0132678675158155,2004-10-05
17.15,30.2,0.0,4.511804947157595,2004-10-06
18.0,31.03,0.0,4.785165466088346,2004-10-07
18.09,33.17,0.0,6.229386247517611,2004-10-08
18.93,34.65,0.0,4.926797247078105,2004-10-09
19.18,27.55,0.41,3.8486736739707226,2004-10-10
19.4,23.04,7.21,1.826249891759637,2004-10-11
19.0,24.32,11.13,2.4408916727821826,2004-10-12
17.47,24.61,2.45,2.909119661605962,2004-10-13
15.65,24.76,0.1,2.8233503818806196,2004-10-14
15.56,25.88,0.2,2.788930899043408,2004-10-15
17.38,24.99,0.07,3.512640690393625,2004-10-16
15.58,26.72,0.0,3.0212719278474105,2004-10-17
16.29,32.03,0.0,4.982687860929662,2004-10-18
18.99,30.21,0.0,4.692177476262093,2004-10-19
18.3,31.22,0.0,3.777597917015399,2004-10-20
20.02,29.16,0.0,3.1414806673080977,2004-10-21
20.15,33.36,0.0,3.9342632458132716,2004-10-22
18.98,31.08,0.0,3.0825383257550842,2004-10-23
19.04,30.44,0.0,3.167020006423237,2004-10-24
20.43,31.94,0.0,4.545703990606583,2004-10-25
17.98,24.88,13.75,3.630660092089716,2004-10-26
15.5,23.4,0.22,3.234088008826521,2004-10-27
16.57,28.69,0.02,4.137128120330041,2004-10-28
18.59,27.57,0.02,2.912119116198298,2004-10-29
17.86,27.57,0.12,2.9189490684068553,2004-10-30
18.81,24.85,3.81,2.214717486263636,2004-10-31
18.07,22.77,6.94,2.217926897795724,2004-11-01
15.84,19.73,8.29,2.0103195548491075,2004-11-02
15.63,20.21,7.31,1.6737279585965468,2004-11-03
17.21,23.19,0.27,2.3328426520976544,2004-11-04
15.68,22.47,0.96,1.7408608532527718,2004-11-05
15.49,22.77,1.69,2.037866175910842,2004-11-06
15.44,21.36,0.35,2.9699352236177607,2004-11-07
14.44,20.33,0.28,3.815047702272897,2004-11-08
12.39,18.37,0.2,2.1727565359876055,2004-11-09
13.22,18.29,2.95,1.96342346374309,2004-11-10
12.14,16.53,3.25,1.5758282149756897,2004-11-11
11.41,17.97,0.9,1.653724566167481,2004-11-12
11.56,19.68,39.09,1.2967186447201546,2004-11-13
12.35,17.88,7.2,2.0942562336298836,2004-11-14
11.21,14.39,2.87,1.6299954711374012,2004-11-15
11.47,16.11,3.24,2.0421283779072716,2004-11-16
13.23,16.73,0.11,2.0420012663982807,2004-11-17
11.13,17.4,0.03,1.8890434842176607,2004-11-18
9.52,18.78,0.0,2.2020614394112474,2004-11-19
13.12,18.1,0.01,2.904367850219799,2004-11-20
12.44,18.72,0.01,2.3361301935791148,2004-11-21
11.95,19.63,0.07,1.745729277893264,2004-11-22
9.84,19.64,0.0,1.6405864600116407,2004-11-23
11.27,18.64,0.12,1.55118966978619,2004-11-24
12.74,17.97,1.76,1.4175300846655245,2004-11-25
11.34,18.48,2.52,1.1921431240122193,2004-11-26
8.63,19.31,0.01,1.8026559441056664,2004-11-27
9.18,18.67,0.0,1.4806724240464615,2004-11-28
8.65,19.71,0.0,2.1877925084144354,2004-11-29
9.64,19.06,0.06,1.8308617914912086,2004-11-30
10.25,21.82,0.0,3.408374583920361,2004-12-01
10.61,22.69,0.0,2.5720289370569627,2004-12-02
13.38,22.47,0.71,2.6191769309835213,2004-12-03
13.32,19.74,1.44,1.9410085443044824,2004-12-04
12.64,16.55,2.74,0.8902302333285973,2004-12-05
13.04,21.18,0.53,1.5035014826202286,2004-12-06
10.67,20.61,3.1,1.1479839528864888,2004-12-07
12.1,19.81,18.45,1.1736490969263664,2004-12-08
9.19,16.77,1.3,1.1370993476596618,2004-12-09
8.38,16.05,1.54,0.9724867705917487,2004-12-10
11.24,15.76,3.51,1.0163065390676376,2004-12-11
10.55,17.01,2.47,1.242619637039628,2004-12-12
8.54,18.34,0.12,1.3553508459021621,2004-12-13
8.7,17.51,0.01,1.2419291549169715,2004-12-14
8.25,16.58,0.03,1.162376861919582,2004-12-15
10.72,17.02,9.8,1.0344895155891833,2004-12-16
12.16,15.8,4.9,1.792691212393227,2004-12-17
12.37,17.11,1.78,3.271314698148374,2004-12-18
10.5,15.83,0.42,1.9607503191452886,2004-12-19
9.98,17.11,3.55,1.7853297566571982,2004-12-20
10.47,14.74,3.3,1.3465802790325974,2004-12-21
8.75,13.48,0.02,1.3451773991102132,2004-12-22
8.99,13.24,0.23,1.6304832490341525,2004-12-23
9.05,14.41,0.52,0.997475236509124,2004-12-24
6.13,15.9,4.49,2.0080198977666694,2004-12-25
7.22,14.48,0.58,1.9304219191649246,2004-12-26
4.57,12.23,1.06,1.7863226297634436,2004-12-27
6.99,12.39,2.76,1.3396971973868979,2004-12-28
6.54,10.91,12.52,1.3052522173398116,2004-12-29
9.48,12.53,5.28,1.334038338895838,2004-12-30
8.8,13.58,0.62,1.8057732457511775,2004-12-31
7.16,13.88,0.46,1.2311859906530225,2005-01-01
9.95,15.43,0.5,1.6291344164049217,2005-01-02
10.29,14.44,0.24,2.0176717231686765,2005-01-03
7.3,15.29,0.0,1.654533265936238,2005-01-04
6.13,14.68,0.0,1.293669654422741,2005-01-05
5.47,14.81,0.0,1.2987965218747788,2005-01-06
9.91,15.42,0.0,1.3208474326476474,2005-01-07
7.53,15.26,0.0,1.0316743210846844,2005-01-08
4.95,16.18,0.0,1.4705384331295688,2005-01-09
5.85,16.48,0.0,1.5165524423009398,2005-01-10
8.76,15.55,0.36,1.0787133766164392,2005-01-11
9.23,14.07,0.27,1.0568084739645978,2005-01-12
8.88,14.13,1.06,1.3911850832173949,2005-01-13
8.39,13.75,3.44,1.1178419851953387,2005-01-14
8.15,14.22,0.07,1.570852986218838,2005-01-15
7.16,14.08,0.01,1.4685468695624384,2005-01-16
7.99,12.86,0.22,1.355140673247004,2005-01-17
6.0,13.01,0.18,1.2905876778910497,2005-01-18
8.92,11.08,32.14,1.8819521867644187,2005-01-19
8.63,14.17,4.57,2.1355892049928356,2005-01-20
8.79,15.31,1.15,1.7615195046931236,2005-01-21
12.08,15.81,0.44,2.5351674713655066,2005-01-22
8.35,16.51,0.1,1.680660136575763,2005-01-23
6.96,14.6,0.89,1.202253032045286,2005-01-24
5.73,9.18,5.8,1.5287832245192918,2005-01-25
2.7,7.13,3.02,1.6095611844116087,2005-01-26
2.24,8.53,0.9,1.1916918055252717,2005-01-27
3.72,8.82,1.7,1.1317874174020754,2005-01-28
4.62,9.32,4.1,1.2846170546848648,2005-01-29
4.84,8.76,1.36,1.3756723802356383,2005-01-30
5.51,11.68,0.94,1.6315567857581394,2005-01-31
5.38,11.65,2.63,1.5065201643395971,2005-02-01
6.66,11.87,4.25,1.8357129834434172,2005-02-02
5.8,13.57,0.94,1.7452405218534792,2005-02-03
8.08,13.47,0.74,1.3969124141875722,2005-02-04
6.85,13.7,0.05,1.4673771248258938,2005-02-05
5.1,13.75,0.14,1.5328046429847053,2005-02-06
6.94,15.17,0.16,1.9194402553498233,2005-02-07
8.51,13.79,11.68,1.7069236278788829,2005-02-08
8.4,10.33,47.5,1.1167198590182252,2005-02-09
6.81,12.31,0.92,1.674078877177752,2005-02-10
5.94,13.92,0.01,1.9264677552012859,2005-02-11
8.69,14.97,0.01,2.0457531184379003,2005-02-12
8.77,16.7,0.04,2.296016290568598,2005-02-13
7.41,11.02,6.33,1.9291306651701907,2005-02-14
6.28,8.98,5.41,1.6871668514209703,2005-02-15
3.97,9.22,2.01,1.3565777682941134,2005-02-16
3.87,7.81,2.17,1.0583864757788188,2005-02-17
5.11,11.3,0.86,1.7090897318489235,2005-02-18
6.18,11.58,1.23,1.876443790005953,2005-02-19
4.04,11.72,1.09,1.833211590137376,2005-02-20
4.31,15.69,0.64,2.3958128521913284,2005-02-21
3.96,8.98,1.75,0.9167091711438734,2005-02-22
1.87,16.17,0.08,2.3602605103919956,2005-02-23
4.25,18.46,0.03,2.3618247535948305,2005-02-24
8.44,16.28,1.19,1.7573980266710298,2005-02-25
8.46,14.73,2.64,2.146100220209268,2005-02-26
5.73,12.45,1.18,1.736296865374384,2005-02-27
5.06,8.85,19.98,0.9146246792196592,2005-02-28
6.53,9.66,15.77,0.822085284454721,2005-03-01
6.23,11.91,1.28,1.79053906219534,2005-03-02
3.64,17.1,0.0,2.4330213996179166,2005-03-03
8.21,18.39,0.45,2.4498629883995475,2005-03-04
6.83,11.9,7.83,2.050795846793129,2005-03-05
6.26,14.7,0.68,2.5744802537916325,2005-03-06
6.38,11.46,1.35,2.2177597939815983,2005-03-07
6.16,9.67,1.44,1.8529305822174722,2005-03-08
4.44,13.08,0.31,2.3783516886390954,2005-03-09
5.53,14.33,0.09,2.1484302335805543,2005-03-10
6.21,16.28,0.0,2.6430622019464907,2005-03-11
6.14,15.1,0.05,2.2887809623839632,2005-03-12
4.7,17.53,0.0,1.8623737785850385,2005-03-13
8.14,21.23,0.0,3.0059194608342397,2005-03-14
9.12,23.65,0.0,3.2824924372303674,2005-03-15
9.41,18.83,0.0,2.5407319400977015,2005-03-16
8.1,18.48,0.02,2.518509869796876,2005-03-17
8.61,18.2,0.0,2.6521004430019732,2005-03-18
10.33,20.24,0.05,2.910242625560246,2005-03-19
10.32,18.51,0.0,2.637757153229753,2005-03-20
8.33,20.82,0.0,2.9638235005875737,2005-03-21
7.92,22.42,0.0,3.3286748666066233,2005-03-22
11.24,25.77,0.0,3.8497920954127043,2005-03-23
14.24,21.2,0.01,2.5258819197502276,2005-03-24
13.51,26.17,0.02,4.393470740259324,2005-03-25
13.62,26.88,0.0,4.224582779720537,2005-03-26
12.56,20.73,0.48,3.6461485936101505,2005-03-27
10.93,18.64,0.01,3.0726383398947616,2005-03-28
11.5,19.31,0.48,3.198959937473261,2005-03-29
11.8,18.77,9.4,3.0471083987731324,2005-03-30
11.62,17.35,3.15,3.1594536661847354,2005-03-31
10.41,17.64,0.45,2.8837742851441637,2005-04-01
9.18,19.98,0.02,3.2694450284071497,2005-04-02
12.74,15.63,8.03,1.3708761730561718,2005-04-03
12.7,16.25,5.01,1.4784520401181145,2005-04-04
11.38,15.82,3.99,1.2314941122260556,2005-04-05
10.27,16.7,3.2,2.3193355602225476,2005-04-06
7.69,20.39,0.0,3.6782143286459257,2005-04-07
10.9,25.94,0.0,4.215822321427258,2005-04-08
9.38,20.37,2.38,2.8792914678616532,2005-04-09
8.38,12.49,9.95,2.393299037890475,2005-04-10
8.41,14.84,8.11,2.4384562113434183,2005-04-11
10.54,15.71,1.79,2.828386932954404,2005-04-12
9.13,16.62,0.99,2.632753630226778,2005-04-13
7.66,23.07,0.0,3.752096136635383,2005-04-14
10.77,26.0,0.0,3.581845354019094,2005-04-15
11.25,17.48,0.02,3.951571623673905,2005-04-16
10.03,17.16,0.14,4.093915557421708,2005-04-17
9.14,21.34,0.0,4.1921228483352335,2005-04-18
12.39,22.11,0.05,3.8705482869692998,2005-04-19
10.3,20.71,0.04,3.795092316919398,2005-04-20
12.16,17.21,0.11,2.691531601536838,2005-04-21
10.12,18.39,0.01,3.5981650638951956,2005-04-22
8.94,24.72,0.0,4.785696103247142,2005-04-23
13.89,29.6,0.0,6.221451685350083,2005-04-24
14.79,21.65,0.01,2.5310771966906067,2005-04-25
12.9,20.92,0.02,4.166737969533842,2005-04-26
11.46,23.4,0.0,4.3684354114630395,2005-04-27
15.19,24.65,0.06,2.948722461772888,2005-04-28
13.4,23.66,0.04,3.867553506076634,2005-04-29
12.08,23.88,0.0,4.357031206159015,2005-04-30
12.51,26.47,0.0,5.72431880141203,2005-05-01
13.15,26.98,0.0,6.3366397896566555,2005-05-02
12.52,28.58,0.0,6.232403340466836,2005-05-03
15.07,29.71,0.0,5.471327736753328,2005-05-04
14.42,23.74,3.61,3.8982445667269143,2005-05-05
13.49,19.61,1.41,4.544769158267636,2005-05-06
12.74,21.14,0.0,5.026534219644523,2005-05-07
11.21,26.77,0.0,5.478728996224361,2005-05-08
12.82,29.37,0.0,5.202241599196285,2005-05-09
16.27,33.79,0.0,6.190013637558009,2005-05-10
17.04,28.4,0.02,5.877681864876447,2005-05-11
16.42,30.32,0.69,4.704496260249337,2005-05-12
17.31,29.49,0.1,5.112599514923413,2005-05-13
15.66,23.76,0.15,3.113438928678597,2005-05-14
15.42,24.3,0.01,4.969483115708215,2005-05-15
14.31,26.81,0.01,4.867444714019428,2005-05-16
15.44,28.26,0.0,4.816614902223963,2005-05-17
14.36,22.56,0.0,5.0544082521282006,2005-05-18
12.57,22.38,0.0,5.194733391374555,2005-05-19
12.63,24.12,0.0,5.361941576854162,2005-05-20
12.19,27.21,0.0,6.1478750534980655,2005-05-21
14.52,32.46,0.0,7.815275165038638,2005-05-22
17.46,29.65,0.03,5.440352514420246,2005-05-23
14.82,23.77,0.0,6.1322655260596255,2005-05-24
13.42,25.88,0.0,5.357170195539648,2005-05-25
14.52,26.44,0.0,5.220411733113728,2005-05-26
15.2,27.11,0.0,5.307201314387575,2005-05-27
15.75,30.01,0.0,6.177987921587116,2005-05-28
16.91,30.92,0.0,6.625840085300152,2005-05-29
17.86,30.49,0.0,5.788924965550859,2005-05-30
16.95,29.64,0.0,5.517864262450966,2005-05-31
17.15,31.97,0.0,5.413742079321249,2005-06-01
19.77,33.72,1.56,4.677589596214763,2005-06-02
21.23,31.03,0.04,4.884086139162599,2005-06-03
20.05,31.42,1.65,5.93375505233028,2005-06-04
18.7,29.05,1.64,5.4062894306854865,2005-06-05
18.48,28.32,0.0,7.0595077659545895,2005-06-06
17.07,28.13,0.0,6.846382793011309,2005-06-07
17.63,26.91,0.05,6.045136166075625,2005-06-08
16.04,25.48,0.0,4.505456411379234,2005-06-09
15.67,24.33,0.84,5.170719239408701,2005-06-10
14.28,29.83,0.04,6.689708985706343,2005-06-11
17.45,33.82,0.04,6.37452607009396,2005-06-12
21.0,35.08,0.0,6.370829710952387,2005-06-13
20.87,28.94,2.87,5.664507866277638,2005-06-14
19.33,27.25,0.87,5.590770614493132,2005-06-15
18.96,26.35,1.07,5.417962905557443,2005-06-16
18.77,24.17,4.21,4.1220521233860845,2005-06-17
18.95,25.27,0.36,4.878254371781944,2005-06-18
18.64,28.32,1.51,5.45050637606896,2005-06-19
18.05,30.31,0.0,6.093299201286456,2005-06-20
19.11,31.31,0.03,6.2217638757008595,2005-06-21
18.59,31.71,0.0,6.054177470149166,2005-06-22
20.5,33.04,0.0,6.548661388711788,2005-06-23
20.29,34.31,0.0,7.686865516124313,2005-06-24
21.18,36.58,0.0,9.018210814853907,2005-06-25
21.33,37.05,0.0,7.623504032401882,2005-06-26
22.59,35.23,0.0,7.118669255972745,2005-06-27
21.36,35.32,0.0,7.106247082581883,2005-06-28
21.81,39.58,0.0,7.5914404561577005,2005-06-29
23.09,36.25,0.07,7.470558751733177,2005-06-30
22.86,32.12,0.68,7.045626947729558,2005-07-01
21.86,28.79,0.0,7.446856750045741,2005-07-02
20.36,31.13,0.0,6.690891126781458,2005-07-03
20.87,33.48,0.0,7.045967920852333,2005-07-04
21.23,36.33,0.02,8.781867690042525,2005-07-05
21.53,29.29,0.0,8.12827870674798,2005-07-06
20.23,30.4,0.0,7.020437708964099,2005-07-07
20.49,31.93,0.51,5.694816079265994,2005-07-08
22.28,29.45,2.43,5.691497210846512,2005-07-09
21.52,29.85,2.28,4.970311214186449,2005-07-10
21.12,28.02,0.05,6.730953729125758,2005-07-11
19.93,29.99,0.0,6.468229757441116,2005-07-12
19.43,31.71,0.0,6.483065930828951,2005-07-13
18.92,32.25,0.0,6.298150527402998,2005-07-14
20.59,32.36,0.0,6.319384777588982,2005-07-15
20.7,36.05,0.0,8.198936494967414,2005-07-16
22.38,41.38,0.0,8.696380839815275,2005-07-17
25.57,43.73,0.0,8.3895413249283,2005-07-18
23.05,32.7,0.03,7.661434228167135,2005-07-19
21.9,31.22,0.0,7.856663524920939,2005-07-20
21.52,32.7,0.0,8.176777238954497,2005-07-21
21.05,35.01,0.0,7.262407228482954,2005-07-22
21.71,33.37,0.0,6.738388053293055,2005-07-23
21.84,39.51,0.0,8.064732715673417,2005-07-24
24.0,40.83,0.0,8.754029524224217,2005-07-25
25.42,35.78,0.03,6.54040996155654,2005-07-26
24.05,36.55,0.06,6.557572786663209,2005-07-27
24.61,38.28,0.01,7.526042309062736,2005-07-28
24.7,40.38,0.0,8.453031792494464,2005-07-29
24.66,35.39,0.17,7.3690155118525995,2005-07-30
24.35,35.46,0.16,7.059899454977649,2005-07-31
24.36,41.73,0.0,7.845166954283072,2005-08-01
24.71,34.36,0.97,6.585258114205229,2005-08-02
22.77,29.12,3.08,6.997543401022568,2005-08-03
22.26,29.78,0.0,8.02791089923879,2005-08-04
21.95,29.76,0.0,7.382806560442638,2005-08-05
20.7,31.04,0.0,6.8958424953804265,2005-08-06
21.54,32.65,0.0,8.152344025401417,2005-08-07
21.86,31.75,0.0,7.355460798186438,2005-08-08
21.8,38.28,0.0,7.271204963743343,2005-08-09
24.45,42.63,0.0,8.933398791405576,2005-08-10
24.22,42.59,0.0,8.669595576994634,2005-08-11
23.46,31.29,0.36,7.006249742022341,2005-08-12
22.08,31.11,0.0,6.770496197994677,2005-08-13
21.46,32.77,0.0,6.787485754955864,2005-08-14
20.83,32.93,0.0,7.072684693542021,2005-08-15
20.89,30.15,0.0,6.619417817684105,2005-08-16
20.45,34.22,0.01,7.391503098534274,2005-08-17
23.5,37.1,1.33,7.37211132939316,2005-08-18
24.23,34.67,1.97,6.269623355835911,2005-08-19
21.98,31.86,1.44,5.5295500426842175,2005-08-20
22.04,29.08,9.32,5.341917830595162,2005-08-21
20.47,26.92,0.29,6.345892368293915,2005-08-22
20.2,28.16,0.0,6.082486398122014,2005-08-23
19.75,30.72,0.0,6.255489927558167,2005-08-24
19.23,30.71,0.0,5.328207725631754,2005-08-25
21.49,32.16,0.0,5.39584005707442,2005-08-26
20.34,35.47,0.04,6.416556819799876,2005-08-27
22.41,30.33,14.54,4.857742639040258,2005-08-28
21.37,26.32,4.52,3.349814068517512,2005-08-29
20.13,26.9,2.02,3.747986076974541,2005-08-30
20.42,26.45,1.09,3.7645099731268155,2005-08-31
20.84,28.42,1.25,4.650597807915413,2005-09-01
20.02,30.66,0.01,4.638313351244732,2005-09-02
20.65,31.47,0.0,4.8906199475353604,2005-09-03
20.42,32.96,0.0,5.176306897402621,2005-09-04
21.91,32.47,4.37,4.280742113533978,2005-09-05
21.42,34.45,0.15,5.603703601786891,2005-09-06
22.28,32.41,0.0,4.932865576944537,2005-09-07
22.34,34.26,1.63,5.354696968488824,2005-09-08
23.35,31.42,3.0,4.847037557255447,2005-09-09
22.19,30.42,0.09,4.906093366322082,2005-09-10
21.44,32.38,0.23,4.7918947153067215,2005-09-11
22.37,25.35,11.69,2.6597650195286313,2005-09-12
21.51,28.26,2.88,4.118650470124536,2005-09-13
21.39,28.21,2.39,4.834443423214,2005-09-14
20.45,27.41,0.03,5.326940639488359,2005-09-15
19.09,29.61,0.0,4.7734664296871285,2005-09-16
20.05,29.61,1.31,2.89125666575869,2005-09-17
20.81,28.93,2.3,4.627045903650163,2005-09-18
18.94,25.92,0.39,4.710698389536847,2005-09-19
18.18,24.53,0.32,4.832151104035104,2005-09-20
17.74,25.94,0.15,4.829395548930111,2005-09-21
16.26,26.31,0.0,4.231573777860532,2005-09-22
16.83,26.93,0.0,4.071289840357863,2005-09-23
18.15,25.11,0.7,2.877308067894287,2005-09-24
18.31,26.96,4.77,3.6889727172298366,2005-09-25
18.96,26.92,0.74,3.874245109008013,2005-09-26
17.86,28.23,0.01,3.9186130529946026,2005-09-27
18.14,30.32,0.02,4.483631571532324,2005-09-28
18.93,28.51,0.24,3.7040490138724658,2005-09-29
19.45,24.98,0.33,4.525613540865984,2005-09-30
17.86,25.6,0.0,4.38292829477774,2005-10-01
16.48,27.45,0.08,3.804638069770496,2005-10-02
17.41,21.51,3.56,2.6545098864196772,2005-10-03
16.93,23.2,0.45,3.276752577828299,2005-10-04
17.33,22.76,2.24,2.819901715102684,2005-10-05
16.87,23.39,11.83,2.6268527479081447,2005-10-06
16.78,20.74,3.01,2.3166464972272496,2005-10-07
13.74,25.33,0.0,3.5102527968094535,2005-10-08
15.54,23.25,0.01,3.3306307781853888,2005-10-09
16.5,24.41,0.16,3.165038913935539,2005-10-10
14.98,26.33,0.0,3.598099363868863,2005-10-11
17.83,26.41,0.63,3.176021941851784,2005-10-12
17.45,27.87,0.94,3.1088013050381216,2005-10-13
17.68,28.44,1.53,3.6599954792585714,2005-10-14
19.55,26.2,3.14,2.895167087122985,2005-10-15
18.61,27.96,0.68,3.2717327490539585,2005-10-16
18.35,29.49,0.01,2.945300507081836,2005-10-17
20.09,28.8,0.13,3.13611064418202,2005-10-18
19.82,27.56,1.21,3.1623545799827584,2005-10-19
20.52,27.47,0.61,3.5297081023187618,2005-10-20
18.72,25.51,0.65,2.7844580158310563,2005-10-21
18.05,25.43,0.26,2.548292142821194,2005-10-22
17.15,28.82,1.04,3.1059173429515172,2005-10-23
18.67,25.32,4.8,2.4963813110191992,2005-10-24
17.4,22.79,3.12,2.138702145558308,2005-10-25
17.35,24.09,1.01,2.335603565329961,2005-10-26
15.59,25.64,0.16,2.7595190528114593,2005-10-27
15.88,26.94,0.03,3.348985071736974,2005-10-28
15.36,28.1,0.0,3.71632111541661,2005-10-29
16.53,27.66,0.0,3.9584988371242504,2005-10-30
16.38,29.19,0.0,4.234164662829352,2005-10-31
18.62,23.89,1.35,2.071304882876278,2005-11-01
17.2,25.19,3.69,2.3014737702649226,2005-11-02
15.57,25.08,0.0,2.462562611434527,2005-11-03
16.73,27.04,0.07,2.954475628053278,2005-11-04
16.62,25.13,5.74,1.9502683050156058,2005-11-05
15.42,21.29,11.35,1.4822088737576848,2005-11-06
14.72,21.28,0.01,2.532590453892758,2005-11-07
13.76,21.92,0.0,2.134135286415369,2005-11-08
11.82,24.63,0.0,2.446742759544371,2005-11-09
14.4,23.69,0.07,2.3513068186871817,2005-11-10
14.93,23.08,0.16,2.062511083557749,2005-11-11
13.48,21.98,0.66,2.0339084255592295,2005-11-12
14.74,23.07,3.32,2.5608339522564245,2005-11-13
12.58,26.41,0.02,3.6004718115902334,2005-11-14
15.35,27.83,0.01,4.4397743543589545,2005-11-15
14.0,21.68,0.77,2.480836111485662,2005-11-16
12.7,19.46,2.25,2.2581193311223973,2005-11-17
14.86,20.23,3.0,2.1031062872891337,2005-11-18
14.31,18.86,1.07,2.174223681718999,2005-11-19
10.95,17.36,0.03,2.177271627121395,2005-11-20
10.58,18.05,0.0,1.838497635958478,2005-11-21
11.62,18.2,1.6,1.9014513829628905,2005-11-22
9.1,14.59,1.52,1.9207541378780066,2005-11-23
8.55,13.11,3.04,1.665548990857612,2005-11-24
8.64,15.36,0.51,2.450356624924293,2005-11-25
6.23,19.42,0.24,3.5625332385200803,2005-11-26
9.55,15.64,1.44,2.5278105540643048,2005-11-27
6.06,15.81,0.68,2.1731028400729446,2005-11-28
5.12,17.98,0.1,2.455492883259674,2005-11-29
9.89,16.13,2.53,1.5944338083953506,2005-11-30
9.61,14.56,6.1,1.5286101913226458,2005-12-01
7.63,17.47,0.0,2.266601755708608,2005-12-02
6.27,21.53,0.21,2.6517778828877527,2005-12-03
10.54,20.31,0.02,1.6380524594430754,2005-12-04
10.9,20.03,0.07,2.0645581268721127,2005-12-05
10.13,18.15,0.09,2.078958245858762,2005-12-06
10.34,15.69,0.4,1.855781704779337,2005-12-07
8.3,16.45,0.1,1.8810089612352865,2005-12-08
9.52,14.88,5.91,1.7751944226370029,2005-12-09
8.91,13.26,1.42,0.9947013012323882,2005-12-10
9.56,13.36,11.02,1.194561442593564,2005-12-11
7.81,14.43,0.12,1.2048152259867022,2005-12-12
9.74,14.96,36.8,1.298277028301393,2005-12-13
13.25,15.72,19.5,1.2957834330193663,2005-12-14
11.43,14.02,1.18,1.6290268608071419,2005-12-15
11.49,13.79,1.99,1.8864287670074436,2005-12-16
11.13,16.33,0.39,2.3697122690618224,2005-12-17
8.38,13.99,0.65,2.2015121236628126,2005-12-18
7.45,12.2,0.08,1.1245097021120478,2005-12-19
4.96,13.25,0.06,1.328313554099034,2005-12-20
7.13,13.08,0.27,1.03266635426745,2005-12-21
6.89,14.11,0.02,1.2796875871109579,2005-12-22
4.97,14.24,0.05,1.282430587427904,2005-12-23
7.42,14.11,0.02,1.0083166210307606,2005-12-24
4.66,14.39,0.0,1.44495022603024,2005-12-25
5.96,15.69,0.01,1.1354100059689043,2005-12-26
8.22,15.7,0.26,1.284039143869818,2005-12-27
8.0,15.38,1.71,1.637948648026011,2005-12-28
6.83,10.29,5.08,0.9214645801325034,2005-12-29
4.97,11.71,0.22,1.2353950319590499,2005-12-30
6.88,17.4,0.05,1.9308125314631195,2005-12-31
7.65,16.96,1.0,2.056220709092209,2006-01-01
7.67,14.29,1.54,1.6788615809689729,2006-01-02
8.24,12.75,3.65,1.4596709271983364,2006-01-03
7.98,12.44,1.43,1.497463394150262,2006-01-04
7.68,11.93,1.1,1.2013462816268183,2006-01-05
5.6,14.11,0.24,1.5293202307515523,2006-01-06
3.11,14.79,0.0,2.195669501287005,2006-01-07
6.41,14.77,20.1,0.8678358460164097,2006-01-08
8.78,14.25,11.14,1.2042039095433583,2006-01-09
7.3,14.22,0.3,1.4694814884346186,2006-01-10
7.42,12.19,0.76,0.954417588923797,2006-01-11
6.67,12.82,0.59,1.3580931986717213,2006-01-12
6.31,12.29,0.15,1.1745232892231279,2006-01-13
7.07,11.23,0.11,0.9300665592908511,2006-01-14
5.14,11.52,0.21,1.0154623150753925,2006-01-15
5.28,13.46,0.12,1.0996414182993888,2006-01-16
3.99,14.97,0.02,1.6953833788161319,2006-01-17
4.04,15.84,0.0,1.6513833126502306,2006-01-18
7.49,15.58,0.78,1.2370497608372406,2006-01-19
9.47,13.59,27.67,0.6367653608084746,2006-01-20
10.87,14.54,6.37,0.982849714685191,2006-01-21
9.9,13.87,1.32,1.9384660059564558,2006-01-22
6.99,12.31,2.01,1.8209340456478105,2006-01-23
6.2,9.42,3.65,1.3338123200087013,2006-01-24
5.74,10.42,0.33,1.5070875972553222,2006-01-25
2.17,11.62,0.05,1.9346397460458062,2006-01-26
2.29,14.38,0.0,1.8203263868953576,2006-01-27
5.64,17.33,0.03,2.4396200048623347,2006-01-28
10.37,16.15,0.99,0.972035917591348,2006-01-29
9.44,13.73,4.33,0.8448776949921641,2006-01-30
9.08,13.96,5.37,1.0002546912522587,2006-01-31
9.53,15.96,0.17,1.4540911205778912,2006-02-01
7.31,15.59,0.15,1.4427359795291177,2006-02-02
6.83,16.43,0.03,1.4982121043278769,2006-02-03
6.77,16.53,0.95,1.291666232423312,2006-02-04
9.02,14.2,2.92,1.3533852809419584,2006-02-05
7.08,12.73,0.08,2.3502037019132755,2006-02-06
6.88,11.95,0.06,2.4212984613160207,2006-02-07
5.92,13.4,0.48,1.4652180051450558,2006-02-08
5.02,16.06,0.0,2.032210439884892,2006-02-09
7.94,15.78,0.0,2.0486382047097944,2006-02-10
7.31,13.73,0.01,1.7184350716127186,2006-02-11
7.27,13.4,0.02,1.786332876280741,2006-02-12
6.55,9.64,1.35,1.0570417443286417,2006-02-13
6.12,13.31,0.09,1.5519123494562923,2006-02-14
3.74,15.89,0.0,2.0624876573998727,2006-02-15
4.73,19.0,0.0,2.5826992081837945,2006-02-16
7.68,17.87,0.01,2.4456684472485057,2006-02-17
7.27,18.58,0.07,1.7824571919769439,2006-02-18
6.73,18.39,0.0,2.1760089345914233,2006-02-19
7.82,15.8,0.93,1.604051614246331,2006-02-20
5.17,17.12,0.42,2.2184690016862043,2006-02-21
8.68,16.42,0.56,2.26746452690608,2006-02-22
11.01,16.39,20.54,1.2178545547689577,2006-02-23
8.83,14.06,1.61,2.163831771837445,2006-02-24
5.75,11.64,1.13,1.7026950071489595,2006-02-25
5.16,14.9,0.05,2.330596756486216,2006-02-26
6.83,15.98,0.46,2.4013806033157166,2006-02-27
6.68,13.69,0.57,2.1862637854277955,2006-02-28
5.5,17.6,0.44,2.2110073552665006,2006-03-01
7.44,14.61,0.73,1.7467973201515914,2006-03-02
5.28,17.25,0.0,2.5265742512152687,2006-03-03
7.45,18.01,0.01,2.6885510318308348,2006-03-04
8.09,20.71,5.31,3.611377728141002,2006-03-05
8.38,11.68,3.14,2.452975731878794,2006-03-06
7.9,10.87,3.95,2.1611758610661993,2006-03-07
7.48,13.3,2.77,1.143135718408349,2006-03-08
8.69,19.11,0.03,2.854597850824263,2006-03-09
9.16,18.91,1.33,2.9947578821940652,2006-03-10
8.25,14.56,2.48,2.5488735267949645,2006-03-11
9.53,13.06,1.55,3.685349012909565,2006-03-12
6.91,11.96,0.09,3.2153768082760705,2006-03-13
6.28,14.2,0.0,2.6985017675450065,2006-03-14
5.2,15.88,0.0,2.598361703419864,2006-03-15
4.35,21.66,0.0,3.1138847763245567,2006-03-16
6.93,16.37,0.0,2.377097809861187,2006-03-17
8.63,21.5,0.07,3.107675392214209,2006-03-18
11.18,19.41,0.24,2.7772282440431018,2006-03-19
9.03,23.5,0.0,3.6592489583619225,2006-03-20
11.44,23.57,0.09,3.4555414717699895,2006-03-21
12.55,16.72,0.94,2.7434866005664067,2006-03-22
10.59,18.95,0.29,3.398788452042907,2006-03-23
9.35,22.85,0.0,3.9298451330047457,2006-03-24
11.86,21.46,0.01,3.669625102815537,2006-03-25
10.91,20.85,0.02,3.1939846746948235,2006-03-26
9.58,27.11,0.0,4.187819501886875,2006-03-27
13.19,26.41,0.05,5.246097660539838,2006-03-28
10.13,21.15,0.02,3.7522920637908044,2006-03-29
8.37,21.8,0.0,3.642308455706709,2006-03-30
11.13,24.48,0.0,3.9689475384552377,2006-03-31
12.37,29.43,0.0,4.478022086098821,2006-04-01
13.0,23.23,0.0,4.5877709051184254,2006-04-02
12.38,22.05,0.0,4.432116910194962,2006-04-03
11.53,21.89,0.0,3.939869943542192,2006-04-04
11.57,26.39,0.0,4.379038125139062,2006-04-05
12.86,20.42,0.03,2.7977497126888484,2006-04-06
12.08,21.19,0.07,3.7494493533680697,2006-04-07
10.46,24.0,0.0,4.029160260797193,2006-04-08
11.97,30.01,0.0,5.762821742411174,2006-04-09
16.86,30.55,0.01,5.560660282528071,2006-04-10
11.67,19.73,0.16,3.67036005692356,2006-04-11
10.58,18.0,0.0,4.441905497145465,2006-04-12
11.04,17.78,0.03,4.041106519606409,2006-04-13
10.48,21.6,0.0,4.411838498381253,2006-04-14
10.16,29.54,0.0,5.906685579837371,2006-04-15
16.46,26.39,0.02,4.5956905802273385,2006-04-16
14.99,20.72,2.03,2.3857362044192154,2006-04-17
14.06,19.37,7.67,3.5936287974966006,2006-04-18
12.31,20.67,0.07,4.612884254631522,2006-04-19
11.23,22.13,0.0,3.8246525901633146,2006-04-20
11.12,21.64,0.23,4.053613780550066,2006-04-21
10.11,25.33,0.0,4.463979418246737,2006-04-22
12.74,25.25,0.0,5.093522705476865,2006-04-23
13.55,23.9,1.16,4.142021274339102,2006-04-24
15.08,23.62,1.33,4.486617615137345,2006-04-25
14.79,22.29,0.57,3.4212054485658134,2006-04-26
14.14,20.24,3.4,2.7712112858179325,2006-04-27
14.02,20.41,8.23,3.5989951037821073,2006-04-28
13.62,19.44,3.81,3.7068036033508314,2006-04-29
12.57,20.89,0.0,4.651394462764712,2006-04-30
10.82,24.61,0.0,4.440994594946548,2006-05-01
14.03,24.56,2.14,3.611840523800673,2006-05-02
13.69,27.96,19.39,6.176489496257552,2006-05-03
15.47,21.8,2.73,3.7989210001417,2006-05-04
14.6,21.15,2.99,2.908562902180419,2006-05-05
13.12,21.67,2.66,3.738523985363651,2006-05-06
10.86,24.23,0.0,4.864686962361047,2006-05-07
12.76,26.95,0.01,5.358170654865517,2006-05-08
13.92,22.81,5.76,3.634304863896617,2006-05-09
12.31,23.12,0.0,4.958605223851555,2006-05-10
14.42,24.6,0.0,4.879541405002568,2006-05-11
13.43,23.17,0.02,4.599491661206352,2006-05-12
14.64,28.06,0.0,5.9723034767479755,2006-05-13
15.1,29.77,0.0,5.79970192983084,2006-05-14
14.92,27.33,0.0,5.43204181532924,2006-05-15
14.06,27.87,0.0,5.712794028171988,2006-05-16
15.07,32.31,0.0,6.246768394985713,2006-05-17
18.59,35.28,0.0,7.061804802319117,2006-05-18
20.91,35.75,0.0,8.027107613250507,2006-05-19
19.34,28.53,0.41,5.405393088414007,2006-05-20
18.12,34.39,0.0,6.557381884199923,2006-05-21
20.0,39.61,0.0,8.385941617265061,2006-05-22
19.46,36.46,0.0,5.83269998760711,2006-05-23
18.93,25.86,0.03,5.156723161650031,2006-05-24
17.09,24.16,0.0,5.159799897862684,2006-05-25
17.24,26.64,0.2,5.734324250153513,2006-05-26
16.55,29.29,0.0,6.311208584571671,2006-05-27
17.52,30.44,0.0,7.18491836886702,2006-05-28
17.81,32.57,0.0,6.961172931629525,2006-05-29
18.2,28.13,0.01,6.715887147349342,2006-05-30
17.0,22.08,0.07,4.6476545578772726,2006-05-31
14.67,20.98,0.39,4.741098826100696,2006-06-01
14.7,21.95,3.27,5.697015074346572,2006-06-02
13.62,20.14,5.43,4.833173072860007,2006-06-03
12.3,23.28,0.09,5.482920058711524,2006-06-04
12.68,25.9,0.0,5.597856359008207,2006-06-05
14.69,28.58,0.0,6.1729278974364306,2006-06-06
14.7,28.03,0.0,6.340008505939951,2006-06-07
15.46,27.14,0.0,5.711256507846903,2006-06-08
16.44,24.44,0.25,4.417707541926138,2006-06-09
15.36,26.41,0.0,5.9485356621227705,2006-06-10
15.98,24.91,0.05,4.2533618242123845,2006-06-11
15.33,25.12,0.0,5.507743723629828,2006-06-12
15.63,26.1,0.0,6.145972418161422,2006-06-13
15.89,30.56,0.21,7.0279579599419035,2006-06-14
18.49,33.1,0.0,8.061726066743462,2006-06-15
20.11,33.29,0.0,8.329194007801798,2006-06-16
20.41,35.05,0.01,9.745320176595513,2006-06-17
20.18,36.41,0.0,10.465607545896974,2006-06-18
20.01,36.07,0.0,9.96586129339192,2006-06-19
20.72,37.41,0.0,10.533199542855444,2006-06-20
21.18,40.37,0.0,9.700431156286664,2006-06-21
23.65,41.91,0.0,9.722949325592426,2006-06-22
21.81,35.0,0.01,7.605260192658381,2006-06-23
22.88,36.3,0.02,8.143750595558597,2006-06-24
24.48,39.45,0.25,7.6687797859850155,2006-06-25
23.3,42.21,0.0,6.85844477754216,2006-06-26
24.89,43.19,0.0,7.655386467341609,2006-06-27
24.44,42.61,0.01,8.893542273863204,2006-06-28
22.68,34.65,1.17,6.9583862171345805,2006-06-29
22.03,32.83,0.33,6.484960230386841,2006-06-30
21.85,33.23,0.0,7.689015361619521,2006-07-01
21.31,33.37,0.0,7.650415903628094,2006-07-02
21.57,37.48,0.0,7.083709179439078,2006-07-03
22.1,34.56,0.0,6.849805772056439,2006-07-04
21.53,34.91,0.0,7.215441359646917,2006-07-05
24.12,31.97,0.0,6.846474745085084,2006-07-06
22.65,32.09,2.05,7.13698980639103,2006-07-07
21.32,29.88,0.0,6.987437315787481,2006-07-08
21.02,30.08,0.08,6.591919307757594,2006-07-09
22.52,30.63,0.08,6.595559974869266,2006-07-10
21.24,30.57,0.32,5.920696748383147,2006-07-11
20.61,31.68,0.01,6.026558093165678,2006-07-12
21.05,33.67,0.0,6.507131658152979,2006-07-13
22.35,35.19,0.0,6.796083320573351,2006-07-14
23.35,34.87,0.0,6.985693070881098,2006-07-15
23.67,33.31,0.25,5.945234462438858,2006-07-16
22.63,30.98,4.07,5.256564629126718,2006-07-17
22.14,30.35,0.09,5.946316295775692,2006-07-18
21.28,31.56,0.0,6.128935160862869,2006-07-19
21.41,31.08,0.0,6.260694511234343,2006-07-20
21.48,32.85,0.0,6.163535193449332,2006-07-21
21.27,35.0,0.0,6.687945182004155,2006-07-22
21.93,35.27,0.0,7.186643894030767,2006-07-23
22.5,34.73,0.01,6.72598650881261,2006-07-24
23.46,32.96,0.05,6.241886933031135,2006-07-25
23.25,33.91,0.01,6.059897910267779,2006-07-26
24.14,34.71,0.0,6.327726761344992,2006-07-27
24.13,37.35,0.0,7.186395872363735,2006-07-28
24.66,34.89,0.09,8.233513080311317,2006-07-29
23.95,33.0,0.0,7.245577083803293,2006-07-30
23.93,33.43,0.0,7.549581329455006,2006-07-31
22.67,37.8,0.0,7.18958282684617,2006-08-01
23.78,34.02,0.0,7.397259063484522,2006-08-02
23.48,35.73,0.0,7.0877365752594175,2006-08-03
23.7,30.22,1.68,6.611210200883295,2006-08-04
23.34,30.11,0.03,8.234530792577752,2006-08-05
21.7,31.26,0.0,7.5796078815662415,2006-08-06
21.79,30.39,0.01,7.635832508562782,2006-08-07
21.07,30.72,0.03,6.9837231423485875,2006-08-08
22.85,29.16,3.86,4.837288789281872,2006-08-09
22.01,30.28,0.6,7.541979947705248,2006-08-10
21.08,32.12,0.0,7.001715895051743,2006-08-11
19.95,34.45,0.16,6.493979663413198,2006-08-12
21.84,29.2,1.05,6.003537444672461,2006-08-13
20.61,30.38,0.0,5.979875975911689,2006-08-14
21.94,34.0,0.61,6.212955498947037,2006-08-15
22.71,35.01,0.9,5.833283954814488,2006-08-16
23.86,35.86,1.02,6.1019751079725575,2006-08-17
24.61,35.49,1.15,6.388432971794256,2006-08-18
24.17,38.43,0.79,7.180313844110842,2006-08-19
22.67,36.91,0.16,5.994388009405606,2006-08-20
23.31,32.53,0.13,6.7204415051383055,2006-08-21
21.59,31.79,0.0,7.233166900677317,2006-08-22
20.82,34.04,0.0,5.78608387972631,2006-08-23
22.56,35.67,0.02,5.937202313095712,2006-08-24
22.98,30.84,0.19,6.724717604943784,2006-08-25
21.18,29.99,0.0,6.096467782513638,2006-08-26
21.9,29.75,0.06,6.808729433768459,2006-08-27
20.79,28.57,0.0,6.539277566243466,2006-08-28
20.07,30.89,0.0,6.046460615120126,2006-08-29
20.76,31.68,0.0,6.565881866296253,2006-08-30
20.06,27.87,0.0,6.1300470547615395,2006-08-31
19.66,28.77,0.0,5.473051835507877,2006-09-01
19.63,29.04,0.0,5.401023151880277,2006-09-02
18.61,29.89,0.0,5.595470514739417,2006-09-03
18.51,31.98,0.0,6.33991976820112,2006-09-04
17.88,33.05,0.0,6.1224182475659275,2006-09-05
19.68,32.22,0.0,5.4973738839105035,2006-09-06
20.1,35.76,0.0,5.995953872194111,2006-09-07
22.52,32.47,0.05,5.192649219477318,2006-09-08
21.73,30.21,0.92,4.701919141599076,2006-09-09
21.49,29.86,2.95,4.299297975676079,2006-09-10
22.16,27.62,3.21,3.3832525648239518,2006-09-11
21.15,26.86,2.84,3.745080247633575,2006-09-12
20.94,30.74,9.46,4.8299318667320055,2006-09-13
22.97,30.77,3.84,3.996412788685307,2006-09-14
20.45,29.03,8.51,4.3033747804928595,2006-09-15
18.43,26.23,1.67,5.290912032644718,2006-09-16
18.08,26.46,3.37,4.541560896690026,2006-09-17
19.75,27.58,0.03,5.099622567968791,2006-09-18
18.95,27.82,0.01,4.660057377985069,2006-09-19
18.73,27.52,0.0,4.424086682600996,2006-09-20
18.21,29.98,0.0,4.585457623559773,2006-09-21
19.79,32.18,0.0,5.301572915567628,2006-09-22
20.25,31.86,0.11,5.333755596640878,2006-09-23
21.48,32.07,1.19,5.771121360846587,2006-09-24
21.58,27.83,2.03,4.253653143154378,2006-09-25
19.94,25.3,1.01,5.745286929803671,2006-09-26
19.89,25.57,2.23,4.756951042913925,2006-09-27
18.99,26.94,0.0,4.410634506928232,2006-09-28
17.47,28.35,0.0,3.858297613668453,2006-09-29
17.75,30.99,0.0,3.99268059501391,2006-09-30
18.32,33.72,0.0,4.6713405600361675,2006-10-01
20.05,35.18,0.0,4.375596189415747,2006-10-02
21.19,38.82,0.0,6.36496216616096,2006-10-03
21.68,29.61,5.71,4.429365057852608,2006-10-04
19.1,24.65,1.31,3.6054303079662575,2006-10-05
16.83,23.49,0.4,4.070084437126884,2006-10-06
16.63,25.3,0.01,4.198048638428725,2006-10-07
18.08,24.86,0.02,3.980507929788909,2006-10-08
17.08,24.71,0.01,3.387196611635809,2006-10-09
17.8,25.16,0.0,3.4321252730620317,2006-10-10
16.1,27.01,0.0,3.489762705480271,2006-10-11
17.96,26.64,0.09,3.050567527247589,2006-10-12
19.54,26.06,8.19,3.2611513624466624,2006-10-13
18.48,22.63,16.84,1.799834748339946,2006-10-14
17.67,24.4,3.79,2.579299517642619,2006-10-15
17.11,22.86,4.89,2.4476703640411084,2006-10-16
17.08,24.21,0.0,3.3425130218792645,2006-10-17
15.63,25.8,0.01,4.003549152034409,2006-10-18
18.46,23.36,3.02,2.3094862419609994,2006-10-19
17.51,23.67,2.1,2.671593509836271,2006-10-20
15.84,27.45,0.05,3.2857898595951087,2006-10-21
17.49,31.27,0.0,3.9485731059836104,2006-10-22
16.72,33.22,0.0,3.83536974490158,2006-10-23
18.74,29.44,0.0,4.411880191842574,2006-10-24
17.09,32.63,0.0,4.608679652070485,2006-10-25
17.24,29.86,0.0,3.963523636223456,2006-10-26
18.21,28.13,0.0,2.940394029634555,2006-10-27
18.66,28.22,0.0,3.031453679501505,2006-10-28
18.82,26.35,0.0,3.4993513410155437,2006-10-29
19.29,25.29,0.02,3.0206320533471356,2006-10-30
16.33,24.94,0.0,3.14057504950143,2006-10-31
14.23,25.65,0.0,3.0941312295471257,2006-11-01
16.54,23.15,0.52,3.052160706302325,2006-11-02
15.41,19.96,0.58,3.0929900651650275,2006-11-03
12.04,18.43,0.14,3.2449076930397305,2006-11-04
11.6,20.62,0.21,2.563860104624388,2006-11-05
12.02,21.92,0.23,2.1820325072952156,2006-11-06
13.37,21.74,0.02,2.4168734752494676,2006-11-07
12.12,22.66,0.0,2.535203544637693,2006-11-08
12.73,23.82,0.0,2.3332580541405767,2006-11-09
13.05,22.0,1.16,2.1834195680897786,2006-11-10
14.66,21.42,0.61,2.2834544049305547,2006-11-11
13.03,22.03,1.09,2.5830805710240465,2006-11-12
15.26,19.79,3.5,2.825216147040207,2006-11-13
13.71,20.86,0.3,1.700443803749544,2006-11-14
12.37,23.44,0.0,3.0093609187859784,2006-11-15
12.18,24.3,0.0,4.002983056630375,2006-11-16
10.14,24.06,0.0,2.905585058349392,2006-11-17
12.98,22.27,0.04,2.4571107323420294,2006-11-18
12.38,22.76,0.0,1.8500234357925036,2006-11-19
12.13,20.17,0.01,1.6126302565696253,2006-11-20
12.65,19.83,0.61,1.7007642007695565,2006-11-21
13.98,18.12,8.53,1.752890670173747,2006-11-22
14.07,21.25,0.97,2.1816178743908954,2006-11-23
11.86,23.2,0.0,2.3425441572911483,2006-11-24
10.48,24.31,0.0,3.2792969056079047,2006-11-25
10.33,24.63,0.0,2.8980344663612216,2006-11-26
12.43,21.22,1.5,1.6314341390439575,2006-11-27
12.5,18.21,4.77,1.122538392679124,2006-11-28
13.43,17.57,4.73,1.0442429795640142,2006-11-29
13.58,19.13,0.34,1.421793028447087,2006-11-30
12.7,19.56,0.07,1.2289552841883025,2006-12-01
9.99,18.31,0.39,1.2299682385494477,2006-12-02
9.21,21.05,0.09,2.05329217244724,2006-12-03
11.92,19.9,1.15,1.917007279214297,2006-12-04
12.81,21.15,0.53,1.8915762630470347,2006-12-05
9.45,22.08,0.49,2.466008056639321,2006-12-06
9.33,15.93,1.03,1.3727384863672445,2006-12-07
10.17,17.75,0.19,1.5387017351448904,2006-12-08
10.8,18.35,0.59,2.6317242781729955,2006-12-09
10.2,15.38,0.39,1.0908932256195376,2006-12-10
11.5,15.73,0.9,0.9261334112480664,2006-12-11
11.41,16.95,0.15,1.42819429575972,2006-12-12
10.27,17.18,17.36,1.4898828561650972,2006-12-13
11.18,18.47,9.51,1.7125457239301516,2006-12-14
9.97,19.92,5.33,1.0831233301159133,2006-12-15
14.29,18.68,18.71,0.8503762871365557,2006-12-16
11.91,15.58,0.73,0.7904274613887081,2006-12-17
11.59,17.68,3.17,1.4943071163568287,2006-12-18
9.58,15.52,1.31,1.6405550997360197,2006-12-19
7.49,16.28,0.05,1.386273857074739,2006-12-20
9.45,15.65,0.81,1.4675701788554043,2006-12-21
8.88,15.14,1.12,1.3111961317467546,2006-12-22
6.92,16.63,0.7,1.31946810712737,2006-12-23
8.44,12.46,10.79,0.6658734402208856,2006-12-24
9.31,16.42,3.94,1.2548937439780563,2006-12-25
10.85,16.59,0.26,1.4506267744362185,2006-12-26
9.17,16.36,0.0,1.1064491755472141,2006-12-27
6.04,17.3,0.0,1.394832789999367,2006-12-28
6.38,17.09,0.0,1.3326370960173461,2006-12-29
8.52,16.7,0.0,1.0755624422019918,2006-12-30
7.18,16.61,0.0,1.1303885671304739,2006-12-31
4.83,16.68,0.0,1.686609034068244,2007-01-01
8.88,16.8,0.51,2.2804790650157174,2007-01-02
9.33,14.5,2.2,2.3831884495344844,2007-01-03
7.63,15.44,0.01,1.5403962429340576,2007-01-04
10.02,16.87,1.23,1.9277274552008734,2007-01-05
11.28,15.3,0.38,1.4087659321677988,2007-01-06
10.58,16.93,0.11,1.3765706609235069,2007-01-07
7.16,16.78,0.24,1.443091969570485,2007-01-08
11.38,17.26,0.84,1.4175234979411913,2007-01-09
9.89,18.13,0.03,1.2587794828027534,2007-01-10
6.96,19.17,0.0,1.5555706662653308,2007-01-11
12.0,16.8,0.0,1.9517680597278442,2007-01-12
10.84,17.84,0.01,1.6458188473646604,2007-01-13
7.53,19.0,0.0,1.4415657812912588,2007-01-14
7.77,18.32,0.0,1.3253872227278827,2007-01-15
6.81,18.92,0.0,1.4657271739974667,2007-01-16
9.73,17.75,0.02,1.2148579532300043,2007-01-17
10.15,17.26,0.04,1.5156468554819778,2007-01-18
10.3,18.91,0.0,2.2287741745457814,2007-01-19
10.69,18.49,0.0,1.7824618689123994,2007-01-20
9.09,22.97,0.0,2.347606615098106,2007-01-21
8.27,22.47,0.0,3.217523610410262,2007-01-22
8.81,19.8,0.04,3.168950532016312,2007-01-23
6.11,14.44,0.57,1.9855000491389099,2007-01-24
7.27,12.14,0.29,1.2950251341186676,2007-01-25
9.32,15.91,0.76,1.428500192008393,2007-01-26
8.62,15.74,0.02,1.869193173261734,2007-01-27
8.06,15.01,0.06,1.577499787645144,2007-01-28
6.52,17.65,0.11,1.82644132875226,2007-01-29
10.83,19.16,2.95,1.5813102562125285,2007-01-30
11.97,17.22,1.92,1.0287168311424113,2007-01-31
10.71,15.4,4.27,1.4651769113491977,2007-02-01
9.93,15.67,0.41,1.5582310605283602,2007-02-02
10.12,18.15,0.02,1.789288829553566,2007-02-03
8.46,15.8,0.16,1.7847499464973076,2007-02-04
6.78,14.89,0.0,1.8685500741160093,2007-02-05
4.39,17.65,0.47,2.1360597119314475,2007-02-06
8.83,16.38,1.38,1.7964715999455998,2007-02-07
8.64,16.89,0.5,2.3084619564254365,2007-02-08
9.48,19.99,12.53,3.1970366487158772,2007-02-09
11.68,16.55,9.28,2.5597512639901,2007-02-10
12.05,16.5,0.29,2.7776939331113772,2007-02-11
10.01,20.49,0.03,2.424218259384051,2007-02-12
10.08,16.76,0.02,1.8677462472562627,2007-02-13
9.16,20.03,0.06,2.1302066948425304,2007-02-14
11.7,17.13,0.84,2.7411414076615372,2007-02-15
9.18,18.02,0.21,2.0461099358039005,2007-02-16
7.82,19.97,0.0,2.3191049275390765,2007-02-17
9.2,16.6,1.03,1.3822810336590834,2007-02-18
10.02,15.58,1.56,1.8512965691286107,2007-02-19
8.87,15.23,1.74,1.891101399902219,2007-02-20
8.2,18.12,0.26,2.0538269973878305,2007-02-21
10.07,15.19,0.22,1.2484313476907978,2007-02-22
10.29,15.72,1.94,1.7963353591183324,2007-02-23
9.62,17.7,1.35,2.0828215184418646,2007-02-24
10.34,18.7,0.49,2.6966788182024284,2007-02-25
11.07,15.32,3.26,2.857869489278837,2007-02-26
10.68,16.32,3.35,3.2530578372250987,2007-02-27
9.71,18.07,0.73,2.8956828309012494,2007-02-28
8.89,21.1,0.0,3.3353873740579183,2007-03-01
10.5,21.6,0.0,3.502224873842006,2007-03-02
10.49,22.2,0.03,3.5961292775573486,2007-03-03
10.84,22.66,0.0,3.2672711435236867,2007-03-04
10.23,26.82,0.0,3.752537252574717,2007-03-05
11.01,20.93,0.93,2.598336714872287,2007-03-06
11.01,18.16,2.83,2.1002324913112806,2007-03-07
10.33,14.35,13.83,1.2039759545089244,2007-03-08
12.93,15.52,35.53,1.045502462997748,2007-03-09
11.5,15.73,7.32,2.349006828055938,2007-03-10
11.5,13.8,49.64,1.1484952918033016,2007-03-11
10.37,15.01,11.76,1.7338688955034725,2007-03-12
9.08,16.2,0.54,2.108027440597629,2007-03-13
9.45,17.61,0.07,2.4678950745687347,2007-03-14
8.01,18.94,0.0,2.580910336531189,2007-03-15
8.22,19.97,0.09,2.6568448809609024,2007-03-16
10.17,17.36,0.14,1.7777500164122537,2007-03-17
9.0,17.54,0.26,2.396952040479617,2007-03-18
7.54,19.83,0.34,3.238828632360717,2007-03-19
7.22,12.44,8.55,2.237548825211085,2007-03-20
6.75,11.75,4.12,2.7442092670444853,2007-03-21
6.58,12.37,2.73,2.159122187051815,2007-03-22
7.85,12.46,2.66,2.492988712936358,2007-03-23
6.16,17.27,0.81,2.949222661400017,2007-03-24
7.44,15.99,0.74,2.415655745788862,2007-03-25
7.75,16.32,0.2,2.498541537794768,2007-03-26
8.71,17.74,0.02,3.101271304975103,2007-03-27
10.15,19.55,0.29,3.508226529158375,2007-03-28
9.54,17.98,6.55,2.294495681509911,2007-03-29
9.1,16.16,3.71,2.5452847241204144,2007-03-30
8.34,20.73,0.0,3.5540626069589325,2007-03-31
7.98,22.23,0.0,4.2653799174848706,2007-04-01
11.84,16.87,0.47,1.6336632919016851,2007-04-02
11.36,17.78,3.8,2.4410499002209045,2007-04-03
11.04,16.79,3.56,2.8835956498965847,2007-04-04
9.7,14.12,2.63,1.921746292462736,2007-04-05
8.01,18.33,1.62,2.836937602281657,2007-04-06
8.25,20.92,0.22,3.405921118027885,2007-04-07
9.87,21.93,0.02,3.5157065018485305,2007-04-08
11.5,22.08,0.0,3.7713603659492714,2007-04-09
11.8,22.63,0.16,4.116292051203701,2007-04-10
13.49,23.84,0.08,4.300336865537839,2007-04-11
14.22,23.0,0.98,3.4772443173428003,2007-04-12
12.49,21.66,1.44,3.4625668267054706,2007-04-13
10.34,20.12,1.46,3.166063544422709,2007-04-14
13.1,18.84,18.15,2.7276328111326538,2007-04-15
12.69,18.38,3.13,2.1846656037978556,2007-04-16
12.42,20.05,0.89,3.3624052320625397,2007-04-17
12.07,21.94,0.0,3.822333577276917,2007-04-18
13.19,19.73,0.64,2.685395139976869,2007-04-19
13.37,19.67,1.18,2.658278199260705,2007-04-20
12.82,21.53,0.32,3.591566597572568,2007-04-21
12.78,23.98,0.0,4.150317745130287,2007-04-22
12.15,23.82,0.01,4.416041988764801,2007-04-23
13.18,21.15,0.05,2.6145893006596097,2007-04-24
13.74,22.65,0.11,3.554170076118869,2007-04-25
12.71,23.22,0.06,3.935124391935762,2007-04-26
13.66,20.95,0.14,3.2790600876033436,2007-04-27
13.95,21.45,2.27,3.3496741272248163,2007-04-28
13.58,21.69,3.87,2.987934777416632,2007-04-29
13.63,22.32,1.85,4.227499374831559,2007-04-30
11.77,24.15,0.02,4.482929387062842,2007-05-01
14.71,24.44,1.79,2.9512991118920757,2007-05-02
14.65,21.55,0.09,2.652216530938071,2007-05-03
15.56,22.05,0.24,4.25429155951519,2007-05-04
14.27,21.19,0.43,4.222140234568448,2007-05-05
14.36,21.03,0.64,4.720588010656006,2007-05-06
13.58,20.48,5.38,3.5439387266560325,2007-05-07
14.68,22.21,0.89,4.525238552754796,2007-05-08
15.38,23.84,0.23,5.447528031766291,2007-05-09
13.92,25.85,0.0,5.971778694303753,2007-05-10
13.12,28.39,0.0,5.9815047845742875,2007-05-11
13.88,29.36,0.0,6.157970538164671,2007-05-12
15.87,31.99,0.0,6.221754250541677,2007-05-13
16.31,33.3,0.0,7.48436606509022,2007-05-14
14.82,22.2,0.0,5.221187092880566,2007-05-15
14.45,21.43,0.01,4.277206704295753,2007-05-16
13.78,20.67,0.84,3.832610532942992,2007-05-17
15.49,22.6,1.74,3.532322471682406,2007-05-18
13.52,24.51,0.0,5.332288471779901,2007-05-19
13.66,27.9,0.03,5.847105687687914,2007-05-20
16.22,26.94,0.01,5.4842535488941015,2007-05-21
16.44,29.4,0.0,5.836997636433009,2007-05-22
16.41,30.58,0.0,5.890840368425626,2007-05-23
18.51,32.89,0.0,6.7957914832583874,2007-05-24
19.13,35.67,0.18,8.744709327474952,2007-05-25
18.79,28.56,0.04,6.127817689312958,2007-05-26
16.48,24.63,1.7,4.809095886997357,2007-05-27
16.43,25.89,1.87,5.999262525678242,2007-05-28
15.36,22.81,0.21,5.954033443303618,2007-05-29
13.92,24.7,0.0,5.768176569077523,2007-05-30
14.1,30.28,0.0,6.112077438198305,2007-05-31
16.31,28.45,0.03,5.859045879824129,2007-06-01
14.71,20.05,8.49,2.202037769743342,2007-06-02
14.05,18.97,15.45,3.004859777799555,2007-06-03
14.32,21.69,1.56,4.162648228650222,2007-06-04
14.88,24.9,0.0,5.287316728500237,2007-06-05
15.32,28.54,0.01,4.648440089573539,2007-06-06
18.8,29.27,0.05,5.95862902925903,2007-06-07
17.61,26.61,0.0,5.590747254308288,2007-06-08
16.79,26.43,0.0,5.398293102600925,2007-06-09
15.66,29.17,0.01,6.214180113415745,2007-06-10
16.91,29.89,0.0,5.732755685042372,2007-06-11
19.55,30.7,18.37,5.808175204569105,2007-06-12
18.16,30.58,0.0,5.74407665618002,2007-06-13
21.23,33.17,0.63,7.0049955878744,2007-06-14
20.53,32.17,0.0,6.780976110607484,2007-06-15
20.24,29.14,0.0,6.077981563885162,2007-06-16
20.05,35.0,0.0,7.540600285975059,2007-06-17
20.35,36.05,0.0,9.695276861812497,2007-06-18
21.55,37.0,0.0,8.080202486113581,2007-06-19
20.52,31.9,0.0,6.297490142288053,2007-06-20
19.58,30.94,0.0,6.067580691171402,2007-06-21
19.78,36.53,0.0,6.567494948368514,2007-06-22
20.69,39.03,0.0,7.534288780069686,2007-06-23
22.11,42.99,0.0,10.46199010816085,2007-06-24
25.56,43.13,0.0,9.96839685311341,2007-06-25
21.97,36.64,0.0,8.725390392834885,2007-06-26
20.2,28.25,0.0,7.171065947583116,2007-06-27
19.38,30.23,0.0,6.379173165635507,2007-06-28
20.6,30.89,0.0,5.711341038238639,2007-06-29
20.83,31.98,0.0,6.621343161294396,2007-06-30
21.01,35.09,0.0,8.464688018277258,2007-07-01
22.87,32.76,2.55,6.396131964239368,2007-07-02
21.01,31.74,0.03,6.617023536145724,2007-07-03
20.07,34.77,0.0,7.562870660670667,2007-07-04
19.95,27.49,0.0,7.784944139650426,2007-07-05
18.86,27.7,0.0,6.914459428841041,2007-07-06
18.45,31.43,0.0,6.60137478583685,2007-07-07
18.89,33.79,0.0,7.003127760673639,2007-07-08
21.66,37.48,1.42,7.359335528296415,2007-07-09
20.14,27.4,0.02,7.312208496173276,2007-07-10
19.07,26.59,0.0,6.902411448905826,2007-07-11
18.84,26.63,0.01,6.6419449374893285,2007-07-12
18.15,31.11,0.0,7.0386609262168545,2007-07-13
19.63,32.68,0.0,8.028370208548361,2007-07-14
20.69,34.25,0.0,9.309007314954249,2007-07-15
20.35,34.0,0.0,9.492846512048128,2007-07-16
19.49,34.81,0.0,8.91205012738635,2007-07-17
20.36,37.07,0.0,8.693684264846858,2007-07-18
22.25,38.51,0.0,8.077709214443766,2007-07-19
22.93,39.9,0.0,7.66767991269906,2007-07-20
22.87,39.03,0.02,7.387909425387463,2007-07-21
24.99,36.8,0.0,8.086316922270672,2007-07-22
23.78,43.48,0.0,8.81604693288411,2007-07-23
25.34,43.15,0.0,10.828348084777158,2007-07-24
22.56,31.99,0.0,8.08922418279854,2007-07-25
21.27,31.63,0.0,7.7124773277354475,2007-07-26
20.52,31.69,0.0,6.7705323616935065,2007-07-27
20.77,33.85,0.0,7.74199222685347,2007-07-28
22.77,32.79,0.0,8.499992334003085,2007-07-29
22.08,31.9,0.0,8.523869312010982,2007-07-30
21.62,31.39,0.0,8.302282650440299,2007-07-31
20.06,32.21,0.0,6.65829691084089,2007-08-01
20.29,33.29,0.0,6.374900337674109,2007-08-02
21.03,36.5,0.0,7.182828643357754,2007-08-03
22.3,31.37,0.0,7.192244450430726,2007-08-04
21.19,30.31,0.0,6.523778871676386,2007-08-05
21.6,30.99,0.0,6.109582416083751,2007-08-06
20.24,35.81,0.0,7.520397649813604,2007-08-07
23.37,33.6,0.42,7.632273690204282,2007-08-08
21.7,28.82,0.0,7.257180915287779,2007-08-09
20.7,27.56,0.0,4.986933684329988,2007-08-10
19.89,29.77,0.0,6.130957904805636,2007-08-11
19.92,34.76,0.01,6.269854208345906,2007-08-12
22.67,35.26,0.07,5.8072472983840795,2007-08-13
22.73,33.61,1.17,6.298122352333954,2007-08-14
20.74,32.08,0.0,6.1396042160100945,2007-08-15
20.63,34.75,0.0,6.592030009428853,2007-08-16
22.59,32.9,0.0,6.235589871179279,2007-08-17
21.67,32.78,0.0,6.852234759832172,2007-08-18
22.37,32.55,0.0,6.441550682344004,2007-08-19
23.6,30.5,1.09,4.649689328753246,2007-08-20
22.09,39.72,0.6,7.434941229296419,2007-08-21
23.62,41.25,0.11,9.090114909270946,2007-08-22
23.5,29.87,0.79,4.349213712839449,2007-08-23
23.77,32.09,0.02,5.5438991786918015,2007-08-24
23.88,35.97,0.0,5.66334238287694,2007-08-25
24.58,35.68,0.0,5.838939459056747,2007-08-26
23.27,36.26,0.0,6.798281958016717,2007-08-27
24.79,39.3,0.0,6.390917006253734,2007-08-28
25.39,42.39,0.0,8.651811618801057,2007-08-29
26.44,43.03,0.0,9.967745783527791,2007-08-30
23.51,30.32,0.04,6.334561671244362,2007-08-31
21.83,28.83,0.0,6.665218461829913,2007-09-01
20.64,29.43,0.0,5.75283064379581,2007-09-02
18.63,31.29,0.0,5.411101937255793,2007-09-03
19.09,30.1,0.0,6.243232300620322,2007-09-04
19.86,27.03,0.01,6.180443407363426,2007-09-05
18.73,28.66,0.03,5.4788173287856035,2007-09-06
19.63,27.01,0.04,5.839288530359408,2007-09-07
18.27,28.8,0.23,4.705811150115406,2007-09-08
19.06,29.79,0.08,4.748689184393303,2007-09-09
18.11,29.74,0.0,4.678705900271001,2007-09-10
18.76,30.64,0.0,5.35296585592677,2007-09-11
19.61,31.34,0.0,5.21572625340655,2007-09-12
21.44,30.77,6.23,4.80399663745461,2007-09-13
23.23,31.42,10.54,4.5169502436586075,2007-09-14
22.8,32.51,1.55,4.576520531351662,2007-09-15
22.17,33.58,6.14,5.662220757641614,2007-09-16
22.36,35.57,0.03,5.207406410373721,2007-09-17
23.52,34.13,0.01,5.7191494947233315,2007-09-18
21.16,28.12,0.89,4.60158008574947,2007-09-19
19.18,26.97,0.0,4.756178365090296,2007-09-20
17.6,26.93,0.0,4.102509619847919,2007-09-21
19.52,28.83,0.21,4.591247418367548,2007-09-22
20.98,27.47,1.48,3.0430810056503907,2007-09-23
21.12,27.85,24.28,3.053803196578646,2007-09-24
20.32,24.87,1.98,4.403342300354523,2007-09-25
19.72,28.58,2.47,5.014414486935449,2007-09-26
18.18,28.21,0.92,4.6811406775098625,2007-09-27
17.99,25.57,0.01,4.357970811967957,2007-09-28
19.18,32.43,0.01,5.460549540222348,2007-09-29
19.68,31.19,0.34,3.7942886517947367,2007-09-30
20.5,29.57,0.01,3.8981627640757184,2007-10-01
18.77,30.16,0.0,4.661258104764999,2007-10-02
19.54,30.91,0.04,4.845023727797087,2007-10-03
20.11,30.46,0.0,5.169884128767365,2007-10-04
19.42,32.28,0.01,5.953016516193481,2007-10-05
20.2,26.1,1.17,3.187411721258774,2007-10-06
19.29,24.96,0.79,3.758864908687875,2007-10-07
19.17,25.6,1.58,3.8263613779860624,2007-10-08
18.74,24.54,2.96,3.666152962435402,2007-10-09
18.52,24.1,0.89,4.210037494452192,2007-10-10
16.31,25.35,1.28,3.226910370763671,2007-10-11
18.18,28.13,6.73,3.731268624209082,2007-10-12
18.61,22.88,10.55,1.6767798831726506,2007-10-13
17.32,24.21,3.12,3.185467458904524,2007-10-14
16.21,23.46,0.01,3.4354880428126164,2007-10-15
14.45,24.66,1.71,2.9584248187784703,2007-10-16
17.84,25.33,1.44,3.246362211559179,2007-10-17
17.34,23.99,5.18,2.3659031109877393,2007-10-18
16.28,22.46,5.04,2.322848455903299,2007-10-19
14.59,19.63,4.01,2.435299917781292,2007-10-20
12.93,15.67,13.07,3.208502244771119,2007-10-21
12.61,17.69,9.23,2.980999973734248,2007-10-22
13.58,18.37,0.04,2.8128636188395233,2007-10-23
12.85,20.87,0.05,2.163322614631375,2007-10-24
14.92,24.7,0.05,2.461149879627997,2007-10-25
16.61,23.77,0.21,2.3637654152268146,2007-10-26
16.92,23.81,0.13,1.8177089895252576,2007-10-27
17.19,22.51,0.07,1.5169101405727883,2007-10-28
17.05,25.57,5.87,1.8861634391135416,2007-10-29
16.08,21.67,4.71,2.2078166904059864,2007-10-30
14.91,20.91,0.52,2.662451017323111,2007-10-31
11.76,20.49,1.98,2.038577786512951,2007-11-01
13.68,19.78,2.34,1.790435971586521,2007-11-02
12.93,18.3,1.45,1.7348341522727875,2007-11-03
12.83,19.6,2.3,1.9716886913624037,2007-11-04
13.87,19.82,2.06,1.8574685430855056,2007-11-05
13.7,20.31,0.63,2.302723771336654,2007-11-06
13.36,19.38,1.2,2.544911257021304,2007-11-07
12.89,19.17,0.21,2.1893078721106236,2007-11-08
11.15,20.42,0.05,2.8971480429446035,2007-11-09
13.54,17.56,0.09,3.06643453254645,2007-11-10
14.03,19.52,0.13,3.2812017115106062,2007-11-11
13.49,20.18,0.33,2.953594330858599,2007-11-12
13.3,17.9,0.04,2.415465463831479,2007-11-13
11.34,19.23,1.66,2.712865625835412,2007-11-14
9.71,16.97,4.67,2.321800010218618,2007-11-15
9.41,14.42,5.86,2.0459105883299147,2007-11-16
10.44,13.06,4.6,2.2814858704237007,2007-11-17
8.91,15.56,0.24,2.2339325080863706,2007-11-18
5.46,18.11,0.0,2.1937345873240663,2007-11-19
9.71,20.7,0.0,2.775542923550422,2007-11-20
10.63,22.04,0.0,2.8564574406126697,2007-11-21
11.79,25.4,0.0,4.44672654560958,2007-11-22
13.68,21.84,0.51,1.9692187384224913,2007-11-23
11.64,20.88,0.08,1.6220616275847692,2007-11-24
13.96,21.81,0.17,2.2025294555549992,2007-11-25
12.12,20.71,0.08,1.8921291263975566,2007-11-26
12.88,21.87,0.31,1.831218464292349,2007-11-27
9.73,19.27,1.63,1.6422150427877085,2007-11-28
9.16,17.03,0.8,1.3430711329972413,2007-11-29
10.97,16.9,1.18,1.7807399736474752,2007-11-30
11.74,17.99,0.18,1.7994371421531923,2007-12-01
9.44,18.09,0.01,1.4548491599503368,2007-12-02
9.76,17.33,0.44,1.3626082354764404,2007-12-03
12.73,16.79,0.56,2.579006206406219,2007-12-04
10.33,17.47,0.01,1.8911745454281759,2007-12-05
10.19,18.27,0.91,1.7536695004071778,2007-12-06
13.54,16.78,1.69,1.7526753917341225,2007-12-07
12.76,15.85,4.77,1.9950433044800173,2007-12-08
12.7,19.54,1.21,2.5125152395360986,2007-12-09
11.7,17.87,2.66,1.9344420583464448,2007-12-10
10.11,13.33,3.25,1.669086617192398,2007-12-11
10.31,13.22,4.33,2.2643448401875887,2007-12-12
9.07,14.38,1.0,2.1266635347927503,2007-12-13
8.05,13.71,0.48,1.7166657870287123,2007-12-14
6.84,9.3,5.57,0.6533970181592206,2007-12-15
6.14,12.84,2.24,1.3495709589602578,2007-12-16
6.61,11.68,0.46,1.8577483641070909,2007-12-17
4.38,13.96,0.44,1.7218855222962601,2007-12-18
7.21,14.42,0.06,1.37731875722909,2007-12-19
7.06,13.1,0.2,0.8788848501945172,2007-12-20
5.93,14.69,0.0,1.8456630768646576,2007-12-21
10.57,15.56,0.52,1.940481586722921,2007-12-22
9.76,17.43,0.09,1.6293980993626913,2007-12-23
8.92,17.86,0.0,1.3125608397778337,2007-12-24
9.08,15.77,0.19,0.93996731252208,2007-12-25
8.37,16.04,0.3,1.0236804517616287,2007-12-26
10.15,15.28,0.24,1.1671230106515509,2007-12-27
9.22,12.26,2.93,0.6995207081321358,2007-12-28
9.13,15.62,13.8,0.9083024981560376,2007-12-29
10.59,14.16,22.86,0.9757593308209491,2007-12-30
9.44,14.04,0.5,1.6629694738056742,2007-12-31
10.09,13.39,1.78,1.0388467640203642,2008-01-01
7.1,14.47,0.14,1.249496527859387,2008-01-02
4.85,17.19,0.12,1.7207237382182154,2008-01-03
7.05,18.03,0.39,2.6152295589482657,2008-01-04
7.21,15.01,0.01,1.0157358887242935,2008-01-05
7.06,16.27,0.0,1.1428257800536514,2008-01-06
7.74,17.21,0.0,1.174257546986849,2008-01-07
10.13,17.68,0.0,1.1113191607483286,2008-01-08
9.08,16.94,0.0,1.0169468330299654,2008-01-09
9.52,16.09,0.0,1.1307780017871005,2008-01-10
8.3,18.29,0.0,1.888957021245241,2008-01-11
7.34,17.9,0.54,2.1686852267000587,2008-01-12
8.76,15.22,0.45,1.8074771893384578,2008-01-13
5.23,16.61,0.0,1.4360168281512504,2008-01-14
6.09,17.4,0.14,1.6445386280422494,2008-01-15
7.43,17.38,3.08,1.6565107836643633,2008-01-16
9.76,14.81,4.29,1.88759392392846,2008-01-17
10.14,15.3,0.76,1.6611789741708118,2008-01-18
9.2,16.24,0.09,1.366702730266066,2008-01-19
8.32,16.46,0.17,1.2379710068479524,2008-01-20
6.91,16.34,0.02,1.249245164602135,2008-01-21
6.51,15.9,0.29,1.3022144112632388,2008-01-22
10.53,15.74,0.62,2.7713958987841214,2008-01-23
7.53,13.65,0.0,1.8986477021826529,2008-01-24
6.39,14.06,0.0,1.6188356280169647,2008-01-25
6.46,14.66,0.01,1.4174781581299625,2008-01-26
7.14,15.1,0.0,1.5608646993638025,2008-01-27
8.9,15.83,0.0,1.857094098071825,2008-01-28
8.57,17.34,0.0,1.5499976860561864,2008-01-29
5.29,18.94,0.0,2.339858420013374,2008-01-30
7.31,16.35,0.06,1.4830060327397117,2008-01-31
7.51,15.99,0.01,1.7109636433209954,2008-02-01
4.45,18.65,0.0,2.0624285134240727,2008-02-02
8.18,17.46,0.12,1.6331032120730369,2008-02-03
6.17,19.73,0.01,2.853652647144893,2008-02-04
8.62,16.36,0.2,2.0131592077699,2008-02-05
7.48,16.51,0.0,1.810167270394406,2008-02-06
9.4,16.69,0.01,2.0134481511146043,2008-02-07
9.0,14.22,0.07,2.553742433236763,2008-02-08
9.46,13.8,0.78,2.0491521841208713,2008-02-09
7.34,12.32,0.56,1.563125607819568,2008-02-10
6.67,12.92,0.47,1.4380869375271608,2008-02-11
5.94,12.38,0.34,1.3933681672538694,2008-02-12
6.48,14.44,0.27,1.837809211484048,2008-02-13
5.77,16.46,0.72,2.1045287113435487,2008-02-14
9.83,16.63,4.85,1.4403006801800597,2008-02-15
9.28,15.32,1.89,2.165797339979111,2008-02-16
6.3,11.85,0.02,1.9401911673072176,2008-02-17
4.76,12.94,0.0,2.1928001739757517,2008-02-18
2.72,15.34,0.0,2.419555602708716,2008-02-19
5.65,17.7,0.01,2.1847674860981265,2008-02-20
8.04,17.58,0.48,1.840993739647691,2008-02-21
9.71,16.1,0.66,1.588834832210245,2008-02-22
9.74,16.9,0.18,1.7756034710857638,2008-02-23
7.47,18.61,0.02,2.268794984811943,2008-02-24
8.36,20.23,0.0,2.801217647756839,2008-02-25
8.53,19.39,0.0,2.38849099041402,2008-02-26
9.27,19.34,0.01,2.3955092422578947,2008-02-27
8.37,19.68,0.0,2.3111795157966384,2008-02-28
9.15,21.33,0.08,2.495086385084779,2008-02-29
10.42,18.59,0.33,2.4274292424484485,2008-03-01
11.81,19.17,0.07,2.9757413676029723,2008-03-02
9.8,22.53,0.01,3.417246300257241,2008-03-03
9.31,18.62,0.04,2.7720318744148877,2008-03-04
6.58,10.83,13.23,0.949370008845684,2008-03-05
3.51,12.97,4.03,2.1953102349270983,2008-03-06
6.89,10.6,3.91,1.7851777722132414,2008-03-07
5.67,12.88,3.98,1.754568482186023,2008-03-08
8.5,14.79,2.65,1.946551889451608,2008-03-09
6.08,18.87,0.33,2.817802162582063,2008-03-10
9.24,18.12,0.94,2.5171933671717417,2008-03-11
11.53,20.75,0.0,3.3795977501886663,2008-03-12
10.57,18.65,0.0,2.9568740908879314,2008-03-13
8.72,20.93,0.0,3.0833444364918345,2008-03-14
8.52,24.03,0.0,3.3468813730067293,2008-03-15
12.51,20.82,0.13,3.0817703960117555,2008-03-16
9.98,20.0,0.0,3.289510027368204,2008-03-17
9.55,23.71,0.0,4.337229223847665,2008-03-18
10.8,19.24,0.01,2.6646598884651826,2008-03-19
10.69,16.16,0.36,2.259214783669792,2008-03-20
7.31,16.18,0.07,3.3222096722847145,2008-03-21
5.36,20.56,0.0,3.3220460627897506,2008-03-22
9.02,22.23,3.25,4.875049452869425,2008-03-23
8.01,14.05,6.09,3.0319361620762577,2008-03-24
8.36,19.13,0.03,3.9216926573760613,2008-03-25
9.67,19.8,0.49,3.5706763981453893,2008-03-26
9.97,14.08,12.41,2.4622483280806176,2008-03-27
10.36,15.68,2.56,2.94839351905731,2008-03-28
9.33,17.96,0.01,3.083787293324788,2008-03-29
9.24,20.97,0.0,3.619420338723695,2008-03-30
10.32,16.41,34.99,1.8260460914986403,2008-03-31
9.14,13.7,2.92,1.9138257987760314,2008-04-01
10.82,19.52,0.15,3.8055236306078806,2008-04-02
12.72,18.15,0.63,3.356759168213643,2008-04-03
11.45,16.57,1.33,3.2817196935620734,2008-04-04
8.88,17.07,0.1,3.613305577388209,2008-04-05
5.8,21.6,0.0,4.062675190331494,2008-04-06
9.8,27.36,0.05,4.908789612651768,2008-04-07
13.15,24.37,0.51,2.969173858225362,2008-04-08
12.76,28.22,0.0,5.029212527982947,2008-04-09
16.45,27.8,0.04,5.026317763574676,2008-04-10
13.52,21.75,0.14,3.4964771022117596,2008-04-11
11.67,20.18,0.18,3.6405600919870515,2008-04-12
9.99,18.49,0.17,2.8631656861604706,2008-04-13
8.83,20.36,0.01,4.170355085480348,2008-04-14
10.17,18.87,0.03,4.290461401618128,2008-04-15
8.15,27.06,0.0,5.087881291224333,2008-04-16
14.01,26.54,0.02,5.561462762065481,2008-04-17
13.3,30.11,0.0,5.991399547325908,2008-04-18
13.8,24.85,0.0,4.734389113201195,2008-04-19
12.58,26.92,0.0,5.8657759983226665,2008-04-20
13.6,21.76,0.42,4.9435482087924285,2008-04-21
11.68,22.23,0.65,4.880028894753992,2008-04-22
10.78,22.07,0.02,4.764025021614942,2008-04-23
9.97,22.1,0.0,4.632996958149289,2008-04-24
12.11,21.39,0.04,4.049082350561318,2008-04-25
11.83,21.34,0.0,4.203223479998282,2008-04-26
12.09,21.32,0.0,4.470020988263647,2008-04-27
9.96,23.65,0.0,5.102590632856184,2008-04-28
12.72,25.65,0.0,5.343001666724158,2008-04-29
12.21,29.78,0.0,6.022117349710004,2008-04-30
14.95,23.8,1.11,4.172482297443882,2008-05-01
14.09,22.14,0.03,3.354682875027995,2008-05-02
13.4,24.31,0.0,4.866031558900463,2008-05-03
13.46,24.05,0.0,4.635895110326394,2008-05-04
15.26,26.21,0.0,5.121865071426437,2008-05-05
15.06,26.41,0.25,4.791453364566553,2008-05-06
13.43,23.99,0.0,4.445958046023216,2008-05-07
14.11,22.24,0.0,3.6084031606453495,2008-05-08
16.03,23.33,0.07,5.304241717705347,2008-05-09
14.88,21.01,3.54,2.220052358717504,2008-05-10
13.95,20.1,9.21,1.896065146033666,2008-05-11
15.62,20.1,14.8,1.9296504659379479,2008-05-12
14.04,20.94,6.49,3.9382355935774225,2008-05-13
13.91,22.85,1.67,4.351341217054611,2008-05-14
13.06,29.41,0.0,5.086909952577523,2008-05-15
17.46,30.76,0.0,7.523804348411079,2008-05-16
17.6,28.71,0.28,6.594731336029714,2008-05-17
16.15,25.15,0.07,5.0829630873543925,2008-05-18
14.91,22.66,2.42,4.123576361510317,2008-05-19
13.24,21.79,2.04,4.331917607997386,2008-05-20
13.86,25.28,0.09,5.832332482319057,2008-05-21
13.44,28.86,0.0,5.683622632985298,2008-05-22
16.1,29.88,0.0,5.739882355664397,2008-05-23
16.82,34.52,0.01,7.805896801827249,2008-05-24
19.0,31.61,0.0,8.962850270064257,2008-05-25
19.02,30.62,0.0,9.130735390289795,2008-05-26
18.06,31.38,0.03,7.771707836966551,2008-05-27
16.56,28.24,0.38,4.224001349387146,2008-05-28
16.34,24.98,0.36,5.76103358251128,2008-05-29
14.86,29.32,0.0,6.126391676650075,2008-05-30
16.89,33.44,0.01,8.183286722407823,2008-05-31
18.71,31.21,0.45,7.651641955650681,2008-06-01
17.25,26.0,0.67,4.741812395709121,2008-06-02
17.19,25.14,0.01,6.186517081000094,2008-06-03
15.8,26.16,0.01,5.77199752446685,2008-06-04
16.31,26.01,0.11,4.200628357559055,2008-06-05
16.28,29.9,0.03,6.119320556031965,2008-06-06
16.75,25.04,0.48,6.211874630309358,2008-06-07
15.33,22.39,2.09,3.4455118437563574,2008-06-08
15.47,26.9,0.0,5.755120044743061,2008-06-09
16.1,29.26,0.0,6.425444483500866,2008-06-10
16.42,30.89,0.0,6.123087929606009,2008-06-11
18.64,25.09,2.75,4.735491799234381,2008-06-12
17.43,26.99,0.0,6.450918941057895,2008-06-13
16.1,29.28,0.0,6.053812862113045,2008-06-14
16.4,29.91,0.0,6.2870714156492316,2008-06-15
19.5,38.0,0.0,8.111326560861489,2008-06-16
22.32,40.03,0.0,10.94019003933952,2008-06-17
19.52,28.53,0.0,6.692264132697864,2008-06-18
17.62,27.83,0.0,6.777517493100688,2008-06-19
16.62,29.45,0.0,6.4561525570599425,2008-06-20
16.66,29.83,0.0,6.197024158809228,2008-06-21
19.02,33.15,0.0,6.813539441299326,2008-06-22
19.58,34.57,0.0,8.655219770021553,2008-06-23
20.45,35.03,0.0,9.257388633113687,2008-06-24
20.14,35.95,0.0,7.341290397559802,2008-06-25
20.55,33.01,0.0,6.204423366118627,2008-06-26
20.68,30.15,0.01,6.145954950007619,2008-06-27
20.63,32.18,0.0,6.698862653506532,2008-06-28
20.79,31.94,0.0,6.6166837124781495,2008-06-29
20.49,34.43,0.01,6.195185863551243,2008-06-30
22.19,34.47,0.0,6.8699130790081115,2008-07-01
22.11,35.69,0.0,7.393349912419929,2008-07-02
22.96,39.45,0.0,8.436860542502991,2008-07-03
22.53,34.05,0.0,8.5382464543577,2008-07-04
20.78,33.04,0.0,7.874372007502239,2008-07-05
20.94,38.53,0.0,8.418599182869324,2008-07-06
25.04,42.34,0.4,7.553639324446144,2008-07-07
23.76,33.99,0.06,6.980046342176194,2008-07-08
21.99,34.11,0.0,7.306748328968653,2008-07-09
23.01,36.8,0.0,6.63715467055524,2008-07-10
23.87,38.31,0.14,7.7135419026986485,2008-07-11
24.7,38.64,0.0,7.1005331611950675,2008-07-12
24.34,31.92,0.17,6.593882239753004,2008-07-13
21.73,29.13,0.02,7.134958796414631,2008-07-14
22.21,30.64,0.0,7.26441262483186,2008-07-15
21.54,30.89,0.0,6.938003228988025,2008-07-16
21.49,35.15,0.01,7.72728296732564,2008-07-17
23.26,37.37,9.13,7.423357667491857,2008-07-18
21.59,29.94,0.0,6.904848315491471,2008-07-19
20.41,32.42,0.0,6.563558680428836,2008-07-20
21.55,40.69,0.0,10.450145846398252,2008-07-21
21.32,28.24,0.0,8.188881145428775,2008-07-22
20.12,29.45,0.01,6.699246578205494,2008-07-23
18.97,30.87,0.0,6.361715222056955,2008-07-24
20.34,38.58,0.0,7.5059266389990995,2008-07-25
22.2,32.9,0.01,7.116611112153685,2008-07-26
22.22,32.61,0.0,7.326258909146728,2008-07-27
21.65,32.92,0.0,6.755759689401456,2008-07-28
21.34,32.94,0.0,6.261920311824319,2008-07-29
21.36,34.59,0.0,7.159158701322047,2008-07-30
21.84,35.34,0.0,7.523275301349072,2008-07-31
22.91,36.61,0.0,7.926494715861215,2008-08-01
23.35,37.04,0.03,7.2306511059862375,2008-08-02
23.58,33.11,0.0,6.935287747440691,2008-08-03
21.26,35.62,0.0,6.863267971694731,2008-08-04
21.93,35.82,0.0,6.7143185673097445,2008-08-05
21.93,38.0,0.0,7.193610813944623,2008-08-06
25.18,40.46,0.0,8.040479927768384,2008-08-07
26.05,38.63,0.04,9.040009066532402,2008-08-08
23.67,31.73,0.02,7.9904041056385084,2008-08-09
22.21,30.66,0.0,7.299198622195135,2008-08-10
20.2,35.09,0.0,6.716574390814915,2008-08-11
22.94,39.1,0.0,8.287129289654894,2008-08-12
24.51,39.16,0.0,7.566328119253633,2008-08-13
24.18,42.24,0.0,9.261279682564723,2008-08-14
23.58,33.03,2.59,7.101345212598972,2008-08-15
21.17,28.95,0.0,7.23192789024794,2008-08-16
20.23,33.01,0.0,6.072253004424296,2008-08-17
21.56,34.08,0.0,7.3102269994950495,2008-08-18
21.61,35.13,0.0,7.640408762195792,2008-08-19
22.96,35.8,0.25,6.7899485098326275,2008-08-20
21.51,33.65,0.0,6.451086677889551,2008-08-21
20.94,35.94,0.0,6.403070328218086,2008-08-22
22.87,35.92,0.0,6.128955151843384,2008-08-23
23.48,30.38,0.26,5.833964371331629,2008-08-24
22.09,30.7,0.0,6.692650425487448,2008-08-25
20.81,31.28,0.0,6.136304584931752,2008-08-26
20.32,32.18,0.01,5.7436350210918565,2008-08-27
21.87,32.48,0.02,5.760809889254832,2008-08-28
22.47,33.27,0.02,5.553443615722001,2008-08-29
22.23,34.47,0.39,6.119925307199062,2008-08-30
21.85,34.17,0.0,6.334003521307293,2008-08-31
22.71,31.9,0.01,4.890946948535121,2008-09-01
22.62,33.25,1.69,4.80667246100916,2008-09-02
22.42,33.81,9.74,5.021000816989358,2008-09-03
22.72,37.12,0.04,5.329223080018871,2008-09-04
24.98,39.47,0.0,6.440860804100958,2008-09-05
27.42,39.2,0.3,6.621086788888054,2008-09-06
25.2,37.53,0.08,5.937473368508068,2008-09-07
24.19,36.52,0.0,5.409049579879785,2008-09-08
24.45,38.51,0.0,6.726326026419185,2008-09-09
25.02,40.97,0.0,6.5762734442994875,2008-09-10
24.99,37.46,0.0,5.255155438916098,2008-09-11
25.26,37.56,0.1,6.3714273487415145,2008-09-12
22.03,27.35,15.95,3.467736070989878,2008-09-13
19.04,24.66,15.12,4.053745123872018,2008-09-14
19.85,25.76,1.77,5.298871508620055,2008-09-15
19.29,27.8,0.1,5.196870188044522,2008-09-16
17.98,27.24,0.0,4.711484256578894,2008-09-17
19.2,28.86,0.0,4.671716323239049,2008-09-18
20.27,31.76,2.97,5.528500171311588,2008-09-19
19.73,24.56,4.34,3.90381052526767,2008-09-20
18.35,26.25,1.09,3.9279628096627426,2008-09-21
18.56,26.9,0.18,3.9698593922571357,2008-09-22
20.52,27.74,5.04,4.323745648474913,2008-09-23
19.19,25.82,5.2,3.811924749434737,2008-09-24
18.45,24.0,5.41,3.287115071995844,2008-09-25
17.65,23.2,0.61,3.5992666082664604,2008-09-26
17.73,21.83,3.0,1.8344148298746765,2008-09-27
16.74,24.26,0.13,3.5577923959753956,2008-09-28
17.59,25.43,2.14,3.298631276506048,2008-09-29
18.57,22.33,18.12,1.778990349889691,2008-09-30
19.36,22.89,1.45,2.9158723673733236,2008-10-01
18.01,24.33,0.62,3.3635358011081515,2008-10-02
15.37,27.77,0.33,4.0448199323809515,2008-10-03
14.93,21.11,1.83,3.7329197790948516,2008-10-04
13.57,23.38,0.0,3.4728268717569084,2008-10-05
15.16,27.19,0.0,3.4799005634668925,2008-10-06
17.65,27.06,5.56,3.2416574183387916,2008-10-07
15.81,27.87,2.17,3.304339172380043,2008-10-08
17.34,25.39,1.52,3.0037948729929473,2008-10-09
19.29,26.04,0.02,4.044405853150786,2008-10-10
19.26,26.68,0.01,3.446695507255456,2008-10-11
17.32,26.62,0.0,3.5605212559738235,2008-10-12
15.2,25.57,0.0,3.2190075905314255,2008-10-13
16.19,26.02,0.0,3.1809823084906346,2008-10-14
15.77,26.84,0.0,2.750994171717136,2008-10-15
16.58,27.67,0.0,2.7428225347989783,2008-10-16
17.98,24.25,3.79,2.6616330298201576,2008-10-17
17.74,25.78,0.3,2.991599856841874,2008-10-18
16.71,26.92,0.45,3.0539364991796503,2008-10-19
17.8,26.81,0.66,2.935134540551579,2008-10-20
18.42,25.82,4.26,2.5834412123887986,2008-10-21
18.94,25.78,6.74,2.300314452158681,2008-10-22
16.94,25.61,0.13,2.6223988304220556,2008-10-23
16.58,27.32,0.01,2.7997929726691915,2008-10-24
17.18,26.68,0.48,2.740235361441276,2008-10-25
17.86,22.03,2.51,1.578145329356819,2008-10-26
17.41,26.25,0.42,2.539699262165919,2008-10-27
16.61,27.14,0.15,4.264241222256284,2008-10-28
16.75,28.78,0.95,5.412074466753606,2008-10-29
14.87,21.46,0.05,3.696777113311174,2008-10-30
12.76,21.47,6.39,2.548450593792833,2008-10-31
11.85,25.79,0.0,3.6984376747967356,2008-11-01
11.77,27.35,0.0,4.554958530780048,2008-11-02
14.72,24.45,1.16,3.3413716649154024,2008-11-03
15.12,25.67,1.21,2.7756207292291526,2008-11-04
11.4,21.7,0.07,2.502222991245118,2008-11-05
12.91,18.34,2.55,2.028041398417866,2008-11-06
13.14,19.43,0.81,2.3663574016994104,2008-11-07
12.01,21.02,0.31,2.03355029827641,2008-11-08
13.68,21.2,0.98,2.0473744314551854,2008-11-09
13.21,20.67,0.5,1.7687639303843932,2008-11-10
13.95,21.23,0.19,1.7676089493280622,2008-11-11
11.72,22.76,0.02,2.86596320755328,2008-11-12
13.3,20.15,2.16,2.508418710898928,2008-11-13
10.83,17.92,2.24,2.2454380570924135,2008-11-14
8.59,18.47,0.08,2.136058938607802,2008-11-15
9.95,18.42,2.53,1.5788111340814537,2008-11-16
12.09,18.07,3.35,1.6251246460541018,2008-11-17
12.68,18.18,1.53,1.713483939281784,2008-11-18
11.39,19.12,0.46,1.9079657830132621,2008-11-19
9.9,20.18,0.0,1.7739277386648775,2008-11-20
9.14,19.63,0.0,2.583733282413339,2008-11-21
14.51,19.58,0.41,3.517647991956174,2008-11-22
11.31,17.56,0.9,2.4662283360154396,2008-11-23
9.55,19.27,0.16,2.3110282143428,2008-11-24
8.94,17.87,0.56,2.5712755528050675,2008-11-25
9.97,14.69,0.66,1.2732530456478315,2008-11-26
11.4,20.18,0.22,1.820555497805976,2008-11-27
10.1,18.21,0.19,2.6467007845354296,2008-11-28
7.67,18.61,0.04,3.0768601537246005,2008-11-29
7.87,20.87,0.0,4.074435428717957,2008-11-30
7.88,17.34,0.0,2.546113410037144,2008-12-01
8.98,14.2,2.62,1.5731232545172695,2008-12-02
10.65,14.1,0.46,2.4933300592420293,2008-12-03
9.03,15.05,0.77,1.8844339578907328,2008-12-04
5.81,18.02,0.24,2.133856755441934,2008-12-05
10.7,18.84,0.6,1.7313242098788502,2008-12-06
11.04,17.8,0.38,1.4170924937860288,2008-12-07
12.42,16.82,0.6,1.309583429134792,2008-12-08
11.19,15.82,1.48,1.49313123239448,2008-12-09
8.14,19.72,0.03,2.346691023358949,2008-12-10
9.48,12.45,6.71,1.6858769315746653,2008-12-11
8.91,14.51,0.68,2.3839673665068637,2008-12-12
9.05,15.59,0.21,1.917978095680282,2008-12-13
5.73,16.58,0.06,2.2864228663885573,2008-12-14
8.34,17.6,1.33,2.7298963841985033,2008-12-15
5.43,14.4,0.0,1.9632629885294972,2008-12-16
3.77,13.5,12.98,1.8286172956020783,2008-12-17
10.84,14.26,2.9,2.115943994136084,2008-12-18
10.17,13.57,2.83,1.8024014408264777,2008-12-19
10.42,14.98,0.65,1.563442566458573,2008-12-20
9.7,16.23,0.65,1.5314731846135536,2008-12-21
9.78,16.93,0.19,1.392161279718893,2008-12-22
6.96,16.13,0.0,1.101520223714978,2008-12-23
7.33,15.2,0.0,0.9608809253926575,2008-12-24
3.51,16.13,0.0,1.167508179356767,2008-12-25
5.33,16.65,0.0,1.318861049050146,2008-12-26
8.02,16.34,0.06,1.073179991510734,2008-12-27
7.94,16.3,0.01,1.3775504512676817,2008-12-28
9.8,16.24,0.22,1.0781590559456808,2008-12-29
8.22,16.07,0.06,1.2437296063755292,2008-12-30
6.46,16.39,0.15,1.1966826926522247,2008-12-31
6.74,18.61,0.07,1.9741017629083677,2009-01-01
8.49,16.55,0.23,1.4913401883505883,2009-01-02
8.57,15.62,1.89,1.4356109148594067,2009-01-03
8.1,11.9,4.02,0.7014276308929043,2009-01-04
9.21,13.3,7.01,1.8828785130154408,2009-01-05
7.38,14.32,0.23,1.8212582622247606,2009-01-06
5.82,17.01,0.1,1.8723146966528919,2009-01-07
7.87,15.43,0.46,1.0633109114101782,2009-01-08
9.26,16.16,3.16,0.9543291653442314,2009-01-09
9.51,14.95,1.18,1.6387796031555386,2009-01-10
10.14,14.41,1.58,1.050025102570823,2009-01-11
10.18,15.27,29.34,0.7774777742702786,2009-01-12
12.08,15.66,23.19,1.1677217664438502,2009-01-13
8.46,14.86,1.48,1.6059898859146655,2009-01-14
7.66,13.42,0.59,1.2754591798231303,2009-01-15
4.54,15.12,0.0,1.3319514580509324,2009-01-16
5.88,16.06,0.0,1.4895703437407168,2009-01-17
7.18,16.79,0.06,1.407583505029818,2009-01-18
7.13,18.14,0.02,1.516865126365474,2009-01-19
6.59,13.39,9.89,0.7629675901519957,2009-01-20
9.84,14.07,4.84,1.186026921953494,2009-01-21
10.15,12.49,3.07,2.200326051907654,2009-01-22
10.65,15.59,6.92,0.8749493400695316,2009-01-23
12.87,18.11,0.57,2.8927963226689655,2009-01-24
8.06,15.38,0.9,2.5280249306272564,2009-01-25
7.06,13.94,2.75,1.8062751483144173,2009-01-26
5.74,12.06,4.85,1.4405067855693958,2009-01-27
8.33,13.23,2.54,2.231065653151941,2009-01-28
7.09,14.85,0.91,1.6617624145327645,2009-01-29
6.22,15.24,0.0,1.5618737815108,2009-01-30
6.27,18.65,0.31,1.9095136629754468,2009-01-31
7.91,15.35,8.19,1.91732781920722,2009-02-01
7.26,18.91,0.18,2.947457021814561,2009-02-02
9.77,17.33,0.68,2.3850305219201933,2009-02-03
8.12,16.97,0.09,2.2419799188318246,2009-02-04
8.1,20.36,0.0,2.9444733630647177,2009-02-05
7.74,19.98,0.03,2.8217724424819366,2009-02-06
8.48,13.25,1.97,2.0586823160746976,2009-02-07
5.45,9.31,4.64,1.3761779623309147,2009-02-08
7.55,15.31,0.3,2.410592623881325,2009-02-09
7.05,18.02,0.19,2.398484373820207,2009-02-10
9.47,13.07,9.68,1.9059021171893522,2009-02-11
7.41,12.35,6.52,2.6079089428610245,2009-02-12
7.04,10.0,9.09,2.1145447911693007,2009-02-13
6.95,11.15,4.05,2.0804474904854717,2009-02-14
5.26,11.15,0.56,1.9845649313496585,2009-02-15
4.69,11.15,0.05,1.6702287964097342,2009-02-16
2.97,12.22,0.27,1.6071720325075483,2009-02-17
7.02,12.76,7.87,1.1792169921814586,2009-02-18
7.88,12.39,2.93,1.517041589908076,2009-02-19
5.2,12.88,1.41,1.7767650744805437,2009-02-20
4.9,13.01,0.01,1.832927973580227,2009-02-21
4.66,13.85,0.41,2.087595737786637,2009-02-22
9.4,13.4,6.35,1.597869906308731,2009-02-23
7.46,12.94,6.9,1.3535306985092428,2009-02-24
7.49,11.45,3.55,1.6970843038570922,2009-02-25
5.4,13.95,0.02,2.389647839868484,2009-02-26
4.1,16.29,0.0,2.3827622697444184,2009-02-27
5.13,18.62,0.0,2.744154716325282,2009-02-28
7.76,18.91,0.62,2.636422626981405,2009-03-01
7.61,19.07,0.0,2.2496932954127487,2009-03-02
8.25,20.82,0.0,2.6469822692265446,2009-03-03
9.16,19.16,7.88,2.607862548368872,2009-03-04
8.67,13.47,9.33,2.6862715441166354,2009-03-05
7.83,11.11,16.7,2.0000946790932677,2009-03-06
8.44,11.55,3.73,1.8055777829450683,2009-03-07
7.77,15.49,0.08,2.6499436834292944,2009-03-08
7.71,17.47,0.01,2.6823567873328527,2009-03-09
7.2,16.06,0.0,2.5714517408651227,2009-03-10
6.02,16.5,0.0,2.4830773974965643,2009-03-11
8.12,16.53,0.08,2.7812342973862285,2009-03-12
6.43,18.01,0.0,2.6621460497275313,2009-03-13
6.03,19.91,0.0,2.8315336459511036,2009-03-14
7.41,21.01,0.0,3.07601398824334,2009-03-15
9.5,16.37,1.26,1.8523017768848078,2009-03-16
8.98,16.88,1.17,2.091249468497393,2009-03-17
7.86,16.99,0.0,2.422764133501765,2009-03-18
7.45,18.34,0.0,2.753040503694785,2009-03-19
7.84,17.63,1.36,3.065355623410583,2009-03-20
7.7,12.04,0.07,3.3192152130989183,2009-03-21
7.01,12.9,0.02,3.2942525881835474,2009-03-22
7.64,15.92,0.0,3.1885973252674322,2009-03-23
7.59,18.85,0.0,3.64770329572117,2009-03-24
8.08,15.31,0.0,3.452201149598122,2009-03-25
5.94,17.57,0.0,3.009999156695259,2009-03-26
6.13,23.98,0.0,3.6934112884381936,2009-03-27
12.5,27.42,1.2,4.080110950683387,2009-03-28
14.18,25.11,2.11,3.248704321420895,2009-03-29
12.09,22.55,7.14,3.0868108963086973,2009-03-30
12.13,18.33,6.18,2.711389303443346,2009-03-31
10.84,16.84,3.27,3.007812460046038,2009-04-01
8.18,19.29,0.84,3.1058843812420576,2009-04-02
9.6,17.44,9.3,2.3228346413653003,2009-04-03
10.09,15.94,2.99,2.1755956367853817,2009-04-04
10.66,16.61,5.36,2.662617907159763,2009-04-05
9.74,19.56,0.18,3.344602795597789,2009-04-06
8.77,25.35,0.0,4.197762126094631,2009-04-07
13.2,19.08,6.45,2.7405166428911527,2009-04-08
12.11,16.84,18.24,1.7413846980461514,2009-04-09
10.46,18.34,4.39,2.3887534393101713,2009-04-10
9.85,20.49,6.96,2.569102124397881,2009-04-11
10.89,12.95,49.58,1.3722600810702341,2009-04-12
11.24,17.95,12.63,2.609981046028513,2009-04-13
12.82,18.95,0.69,3.7496464134221954,2009-04-14
9.65,23.56,0.0,3.9780510126298667,2009-04-15
10.78,22.65,0.17,3.8894792726920655,2009-04-16
11.66,19.86,0.08,3.461303036471669,2009-04-17
10.6,15.81,4.92,2.3546804350457564,2009-04-18
9.64,17.85,1.41,3.2476130983932716,2009-04-19
10.84,14.31,30.33,1.6638414845870468,2009-04-20
11.8,16.68,3.71,2.8293188029830523,2009-04-21
12.45,16.19,12.11,1.8180352941109266,2009-04-22
11.95,19.91,3.74,3.0683408402622856,2009-04-23
10.31,23.37,0.0,4.649905449571195,2009-04-24
10.62,28.15,0.0,5.0006714500597385,2009-04-25
14.17,25.14,0.0,3.7655076309718534,2009-04-26
12.24,17.88,0.22,3.0551876771483104,2009-04-27
11.14,21.47,0.02,4.72763794814257,2009-04-28
11.7,20.5,0.0,4.137828477846781,2009-04-29
11.83,20.87,0.02,4.249109818970968,2009-04-30
11.04,19.73,0.29,3.1055389245860296,2009-05-01
11.49,20.3,0.01,3.9556129175716266,2009-05-02
12.11,20.82,2.77,3.773848822139169,2009-05-03
12.79,21.3,0.46,4.149686370777572,2009-05-04
12.96,18.6,2.69,2.820244682091835,2009-05-05
12.24,20.93,0.0,3.8448465380253927,2009-05-06
11.73,21.79,0.0,4.031348907778404,2009-05-07
10.9,25.11,0.0,4.953435037182843,2009-05-08
13.07,26.68,0.0,6.082082868226881,2009-05-09
13.51,26.9,0.0,5.706127002876482,2009-05-10
14.22,26.17,0.0,5.475732756098409,2009-05-11
13.22,25.97,0.0,5.889192680712091,2009-05-12
13.29,26.39,0.0,5.662694754646403,2009-05-13
15.77,25.45,0.17,3.951972269558698,2009-05-14
16.13,21.52,15.28,3.0226930769593796,2009-05-15
15.99,22.02,5.34,3.371330402957591,2009-05-16
15.38,24.22,0.05,4.687027987916874,2009-05-17
13.59,29.3,0.0,4.951508849439286,2009-05-18
16.33,29.62,0.0,5.232535359633351,2009-05-19
17.11,28.25,0.0,5.3429414911966875,2009-05-20
17.39,29.14,0.0,5.6618213612406,2009-05-21
17.38,30.84,0.0,6.673913899864542,2009-05-22
16.83,31.37,0.0,7.141196904411342,2009-05-23
17.08,30.79,0.0,7.0058542643943165,2009-05-24
17.03,32.59,0.0,7.145084305806976,2009-05-25
18.58,30.79,0.03,6.23815229599444,2009-05-26
17.34,22.64,1.27,3.926291670035402,2009-05-27
15.65,24.37,0.0,5.373226162383448,2009-05-28
14.91,25.94,0.0,5.120183214108599,2009-05-29
15.18,30.15,0.0,5.759988545204544,2009-05-30
18.41,29.77,0.11,6.672837667908743,2009-05-31
17.46,25.4,0.66,5.444117285705657,2009-06-01
15.67,27.35,0.0,5.983948338967806,2009-06-02
15.83,26.45,0.0,5.787381130072759,2009-06-03
15.04,29.69,0.0,6.124391917625496,2009-06-04
17.08,34.62,0.0,7.797316147690006,2009-06-05
17.82,30.52,0.0,6.45800761066774,2009-06-06
17.5,27.51,0.0,5.7540180481153484,2009-06-07
17.27,31.1,0.0,6.198033769503975,2009-06-08
17.85,31.64,0.0,6.217291485539655,2009-06-09
18.18,28.3,0.0,6.0723515373194505,2009-06-10
17.1,30.24,0.0,6.227084915957453,2009-06-11
18.3,29.72,0.0,7.0104965815883435,2009-06-12
18.59,30.16,0.0,7.0698553942616575,2009-06-13
18.05,32.82,0.0,6.932162179082637,2009-06-14
18.58,33.23,0.0,7.986544003490104,2009-06-15
18.54,33.35,0.0,8.87247486471622,2009-06-16
16.84,34.15,0.0,7.811475878633603,2009-06-17
19.19,32.26,0.0,6.570657193261503,2009-06-18
19.8,34.19,0.0,6.504407922306939,2009-06-19
21.57,30.58,0.04,6.789489848127242,2009-06-20
20.15,27.15,0.01,7.390776287162564,2009-06-21
19.42,26.14,0.0,7.262710547380734,2009-06-22
18.24,26.27,0.09,6.856403203822936,2009-06-23
16.64,26.97,0.0,6.524932768848533,2009-06-24
17.47,30.62,0.0,5.580446800056244,2009-06-25
20.43,31.28,0.04,7.1836881227508,2009-06-26
19.11,29.1,0.35,6.733984952468965,2009-06-27
18.75,30.62,0.0,6.914456170911656,2009-06-28
18.27,31.99,0.0,6.5170525732918,2009-06-29
19.53,31.66,0.0,6.710443311222651,2009-06-30
20.54,31.4,0.0,6.685660508875382,2009-07-01
20.16,32.83,0.01,6.507523420751148,2009-07-02
21.17,34.38,0.0,6.684476628267061,2009-07-03
22.35,34.61,0.0,6.895604909128828,2009-07-04
21.21,35.09,0.0,7.501891698066473,2009-07-05
21.51,34.59,0.0,7.267480702612633,2009-07-06
22.46,35.78,0.0,7.001116695374828,2009-07-07
23.99,32.17,0.42,5.668774215313221,2009-07-08
23.02,30.49,0.0,6.781071768449186,2009-07-09
21.71,28.89,0.0,6.821424382037092,2009-07-10
21.04,30.02,0.0,7.314383818133389,2009-07-11
19.77,32.05,0.0,6.873384428160121,2009-07-12
20.28,35.41,0.0,8.083222963800187,2009-07-13
23.69,38.84,0.0,9.920526450696372,2009-07-14
24.59,38.24,0.0,6.871494291003738,2009-07-15
25.62,39.02,0.0,7.601281377636899,2009-07-16
24.71,35.51,0.02,7.831392701680631,2009-07-17
21.23,28.46,0.01,7.370018269696872,2009-07-18
19.89,27.88,0.0,7.180723138843047,2009-07-19
18.75,31.47,0.0,6.850549365865111,2009-07-20
19.8,33.0,0.0,6.982627269827838,2009-07-21
19.74,34.95,0.0,7.566536777123567,2009-07-22
21.49,41.09,0.0,10.088245969639702,2009-07-23
24.81,43.98,0.0,8.080244655696772,2009-07-24
24.94,37.13,0.0,9.286536170372626,2009-07-25
22.05,31.8,0.0,8.072754255691724,2009-07-26
20.58,34.17,0.0,7.021547813737798,2009-07-27
21.56,38.42,0.0,8.643914067601887,2009-07-28
23.06,34.05,0.0,6.724416158228062,2009-07-29
21.32,34.27,0.0,7.105429404656346,2009-07-30
21.36,33.79,0.0,6.856997411119168,2009-07-31
21.17,36.8,0.0,7.103800631733439,2009-08-01
23.13,39.77,0.0,7.9308903577325625,2009-08-02
22.6,36.45,0.03,6.984823160522219,2009-08-03
23.56,31.84,0.0,7.263533782126974,2009-08-04
21.91,30.8,0.0,6.810223121693151,2009-08-05
21.67,32.44,0.0,6.572375831099828,2009-08-06
22.26,34.05,0.0,6.496281761215774,2009-08-07
22.18,34.72,0.0,6.377120572568359,2009-08-08
22.58,37.66,0.12,7.630974054638202,2009-08-09
24.92,38.03,0.44,7.151330003400238,2009-08-10
24.79,34.96,0.73,6.679103670762206,2009-08-11
24.57,35.1,0.33,6.339379733229621,2009-08-12
25.58,37.0,0.15,6.2131813452276345,2009-08-13
24.69,36.35,1.01,6.318873631125969,2009-08-14
25.65,35.69,0.35,7.776103145487988,2009-08-15
25.53,34.64,3.83,7.009898392839585,2009-08-16
24.4,32.82,1.14,5.552689975719188,2009-08-17
22.31,33.64,0.03,6.050479886427044,2009-08-18
21.46,35.0,0.0,6.207712472787371,2009-08-19
22.92,35.63,0.04,6.542976476039864,2009-08-20
24.43,34.21,0.18,5.813227135375144,2009-08-21
22.29,34.26,0.01,6.409177008317477,2009-08-22
22.26,33.69,0.01,6.420702818149822,2009-08-23
22.46,37.07,0.0,7.055444996207277,2009-08-24
25.07,39.9,0.0,7.878743262034111,2009-08-25
23.95,36.16,0.35,5.778316426740331,2009-08-26
24.5,30.1,10.49,5.185424660738174,2009-08-27
23.65,31.08,3.45,4.3507622088986615,2009-08-28
23.63,29.52,1.35,4.799777786124666,2009-08-29
22.43,30.41,0.01,6.196543220885181,2009-08-30
20.78,32.52,0.0,5.722732216985681,2009-08-31
22.37,35.37,0.14,7.025533927953791,2009-09-01
23.7,36.49,0.27,5.939076437086199,2009-09-02
24.26,32.96,0.53,5.026553026916661,2009-09-03
23.13,35.17,0.21,5.319856327654099,2009-09-04
22.85,31.31,0.04,5.772783284518625,2009-09-05
22.2,29.43,0.0,6.4769513483652315,2009-09-06
21.72,29.62,0.0,6.095548171488092,2009-09-07
21.54,28.87,0.04,5.2790209447082574,2009-09-08
20.89,28.35,1.27,5.082860653740005,2009-09-09
20.17,26.49,6.26,4.023094330502621,2009-09-10
19.62,27.75,0.25,5.128576017091716,2009-09-11
19.24,29.06,1.25,4.186087336636307,2009-09-12
21.05,27.69,4.5,3.7809645410750443,2009-09-13
20.25,29.58,1.66,4.459432169523161,2009-09-14
19.03,32.26,1.77,5.760425183964407,2009-09-15
22.01,28.23,5.91,3.7789653828319962,2009-09-16
20.11,30.07,0.0,5.1637669418213195,2009-09-17
20.31,32.36,0.1,5.354836463953773,2009-09-18
19.5,28.99,5.33,2.776074301407265,2009-09-19
19.5,26.47,2.16,4.77475987378411,2009-09-20
19.42,24.28,4.27,3.3884647493194593,2009-09-21
17.39,27.31,1.44,4.043687707249215,2009-09-22
20.28,23.9,26.16,2.278234683821702,2009-09-23
17.71,25.25,2.31,3.2460034111852796,2009-09-24
20.49,24.99,11.42,3.4114641513053496,2009-09-25
19.72,26.13,4.94,3.6163527888481934,2009-09-26
19.61,26.71,0.61,3.596800243611192,2009-09-27
20.37,28.03,1.44,3.7318098424573125,2009-09-28
19.79,28.21,1.64,3.7977975620475766,2009-09-29
20.17,29.14,1.93,3.7389195356508815,2009-09-30
19.96,25.14,5.87,2.4228344086209255,2009-10-01
19.97,25.18,3.13,3.688604827292861,2009-10-02
19.09,25.76,0.07,4.44991062423933,2009-10-03
18.48,25.63,0.01,3.883225793833095,2009-10-04
16.31,27.9,0.0,3.599132136147605,2009-10-05
17.38,29.32,0.0,3.9602093054783616,2009-10-06
18.06,30.37,0.0,4.277282901283772,2009-10-07
17.88,31.61,0.0,5.051046562404432,2009-10-08
18.85,30.03,0.02,3.4718016612049185,2009-10-09
18.74,27.55,6.13,3.1141923730079286,2009-10-10
19.5,24.66,6.69,3.3297250040132726,2009-10-11
18.49,24.75,2.29,4.218854480195875,2009-10-12
17.84,23.94,1.31,3.5978117818476116,2009-10-13
16.94,22.24,3.83,3.2377326693186874,2009-10-14
15.67,21.85,4.06,2.9443590701641265,2009-10-15
14.53,19.77,3.38,2.7919640994318047,2009-10-16
15.55,20.63,1.28,3.829349731032812,2009-10-17
13.37,19.61,0.99,3.657813460259359,2009-10-18
12.52,16.74,2.4,1.6938717509897323,2009-10-19
11.51,24.03,0.0,3.3183707172592114,2009-10-20
14.92,28.99,0.0,4.3469448606534895,2009-10-21
17.72,25.3,4.35,2.957518057879214,2009-10-22
16.51,21.12,2.28,4.138150735098053,2009-10-23
16.88,21.52,0.34,4.418356942310982,2009-10-24
16.16,21.79,0.04,3.121766500467246,2009-10-25
14.76,22.08,0.15,2.462636391714557,2009-10-26
14.56,22.24,0.03,2.532995613387398,2009-10-27
13.71,22.1,0.0,2.4001420392844603,2009-10-28
11.55,22.22,0.0,2.322343462960297,2009-10-29
15.37,21.7,0.12,2.2776226855035024,2009-10-30
15.15,21.69,0.29,1.955997188938501,2009-10-31
13.93,20.92,0.07,2.233141074005643,2009-11-01
11.53,24.13,1.39,2.8759625216758087,2009-11-02
15.96,21.07,0.55,3.5820920863793155,2009-11-03
15.8,25.06,0.07,3.2847196735767703,2009-11-04
14.92,23.24,6.6,2.240636028565525,2009-11-05
12.99,17.03,3.35,2.045644969227887,2009-11-06
12.54,18.47,1.22,3.0558896439265215,2009-11-07
12.79,17.42,3.97,2.693434376136726,2009-11-08
8.74,15.04,4.18,1.7467691669853735,2009-11-09
12.83,15.73,4.72,2.404468840865757,2009-11-10
12.76,18.75,1.28,2.5036486146488466,2009-11-11
12.05,20.79,0.0,1.9582593406725666,2009-11-12
11.37,22.95,0.0,1.901590345950207,2009-11-13
10.82,24.11,0.0,2.583651359024014,2009-11-14
12.09,26.49,0.0,3.01647691009237,2009-11-15
13.12,27.26,0.0,3.1911007344217315,2009-11-16
11.35,26.44,0.0,2.9595061651207226,2009-11-17
11.69,24.91,0.0,3.2097857868572897,2009-11-18
11.98,22.24,0.0,3.0682498422398323,2009-11-19
12.39,20.37,0.0,2.372269446224271,2009-11-20
12.79,22.58,0.06,1.7717370647192987,2009-11-21
11.38,22.72,0.0,1.8321951596663795,2009-11-22
12.85,20.29,0.03,2.0488325740608695,2009-11-23
12.87,18.99,0.0,2.3414109231350086,2009-11-24
11.42,19.36,0.0,1.7124260662948738,2009-11-25
8.08,22.04,0.0,2.1347643741768794,2009-11-26
11.92,20.94,0.01,1.9291917584695686,2009-11-27
13.12,20.3,0.47,1.798585502135266,2009-11-28
12.82,21.92,0.0,3.2721468117287196,2009-11-29
9.08,17.5,2.43,2.5615827379216776,2009-11-30
9.27,13.08,3.91,1.60822782195729,2009-12-01
9.81,16.26,0.37,2.507563803901196,2009-12-02
8.44,19.89,0.7,1.9575285790954489,2009-12-03
11.59,17.43,5.14,2.1015025447362485,2009-12-04
13.47,16.46,0.07,3.3139214783708892,2009-12-05
12.57,18.7,0.16,1.6459035668805946,2009-12-06
8.26,19.39,0.0,1.479609287633132,2009-12-07
7.97,18.87,0.02,1.786325483504726,2009-12-08
12.08,17.55,0.36,1.8813154335830147,2009-12-09
10.19,17.05,0.05,2.099179904733482,2009-12-10
10.12,17.99,0.5,1.9084843698722007,2009-12-11
10.36,16.46,0.98,1.786386858140638,2009-12-12
8.6,17.54,0.03,1.9208342948535506,2009-12-13
8.35,13.61,0.17,1.3715312153108294,2009-12-14
8.35,14.64,2.65,1.3697122502165477,2009-12-15
9.71,14.49,4.1,1.6415277282414942,2009-12-16
9.12,18.76,2.61,1.9976023515803871,2009-12-17
10.15,14.9,0.62,1.667091132528895,2009-12-18
9.39,12.5,2.17,1.120170855132779,2009-12-19
6.8,11.33,1.74,1.9277207524416842,2009-12-20
3.81,15.12,0.01,2.3658847156868203,2009-12-21
8.07,22.63,0.0,3.0425012386620387,2009-12-22
10.27,22.79,0.0,3.042080695933862,2009-12-23
13.71,23.92,0.01,2.9297218389991073,2009-12-24
14.59,23.41,0.06,2.2863559715858996,2009-12-25
13.68,20.3,0.86,1.6139202970398443,2009-12-26
11.59,16.28,2.67,1.9455778187818464,2009-12-27
8.42,17.86,0.01,1.9005778962727917,2009-12-28
11.44,22.55,0.0,3.541103807271309,2009-12-29
12.09,26.19,0.0,2.7801533688443008,2009-12-30
7.82,20.75,0.12,2.078043806231986,2009-12-31
11.0,17.34,0.92,3.0849192507373124,2010-01-01
11.59,16.42,1.64,2.3383662342754827,2010-01-02
9.63,16.77,0.02,1.6120173986063142,2010-01-03
7.91,16.71,0.01,1.6100861715015131,2010-01-04
7.35,18.78,0.02,1.796491655456443,2010-01-05
9.73,18.32,0.26,2.044270699999169,2010-01-06
7.92,19.15,0.03,1.8712075701614967,2010-01-07
8.39,18.86,9.17,2.182454480611073,2010-01-08
5.94,10.93,0.47,2.3817073830246986,2010-01-09
5.01,10.94,1.52,1.8502184489144688,2010-01-10
5.43,14.57,1.58,1.8110213604162244,2010-01-11
8.25,12.89,1.19,1.5302793773836232,2010-01-12
8.43,14.78,7.47,2.112316873909875,2010-01-13
9.47,16.98,3.29,2.0394814298548294,2010-01-14
10.22,14.37,7.35,1.338765939088283,2010-01-15
10.33,14.58,1.08,1.7446269256476923,2010-01-16
8.56,15.22,0.64,1.4002587904418564,2010-01-17
8.68,15.96,1.76,1.3691493410808449,2010-01-18
8.53,15.16,0.12,1.2485576857502143,2010-01-19
8.0,14.2,3.51,0.9479801174486194,2010-01-20
11.21,15.18,1.18,2.4484703770056275,2010-01-21
8.77,13.79,0.47,1.5817831007710685,2010-01-22
7.8,13.89,0.35,1.2964835616950927,2010-01-23
7.05,13.93,0.06,1.3918763224668076,2010-01-24
8.57,17.13,0.15,1.8936612631831466,2010-01-25
10.91,16.79,9.1,1.5580961215276676,2010-01-26
10.04,15.1,4.68,1.0678354733200905,2010-01-27
9.64,14.43,1.58,1.7923983586308385,2010-01-28
8.31,14.12,0.81,2.1065992589276257,2010-01-29
7.28,12.42,2.51,1.438966846461195,2010-01-30
8.12,15.58,1.0,2.175662696332723,2010-01-31
6.83,10.54,4.74,1.1711041149523722,2010-02-01
6.13,12.3,0.27,2.216466511756296,2010-02-02
2.75,15.85,0.0,1.9807145876944445,2010-02-03
2.31,19.55,0.0,2.6017958736049844,2010-02-04
8.75,18.59,0.89,1.888283001266858,2010-02-05
9.81,17.26,1.06,2.6848125320980434,2010-02-06
10.05,13.89,5.06,2.3363178544371017,2010-02-07
9.19,14.5,1.25,1.8848544892460675,2010-02-08
8.72,18.13,8.88,2.198862112959025,2010-02-09
7.89,11.77,4.67,1.9319438518354215,2010-02-10
7.01,11.93,2.16,1.5586935290358923,2010-02-11
5.4,9.21,3.48,1.834421340480326,2010-02-12
3.57,9.56,7.88,1.2219239350274431,2010-02-13
3.88,13.09,0.71,1.6102792832309418,2010-02-14
5.63,13.34,0.02,1.8491981247310898,2010-02-15
8.94,17.49,0.12,1.7892788289208987,2010-02-16
7.4,21.76,0.0,2.7810413641126397,2010-02-17
8.6,22.33,0.0,3.008833278904907,2010-02-18
12.66,22.95,0.01,3.310367988758986,2010-02-19
8.47,14.87,0.29,2.5812914712431567,2010-02-20
6.74,17.89,0.03,2.9245298448593786,2010-02-21
10.09,20.59,0.59,3.0945596706477887,2010-02-22
10.4,19.33,0.08,2.5616149826436883,2010-02-23
12.19,18.96,0.86,3.028586286321578,2010-02-24
10.09,20.65,0.01,3.0649142576620396,2010-02-25
10.41,21.29,0.0,3.16391219808284,2010-02-26
10.53,23.48,0.0,2.92014714670147,2010-02-27
12.28,25.58,0.0,4.183551288943543,2010-02-28
11.16,20.18,0.0,2.9208751341276833,2010-03-01
9.22,18.66,0.91,2.3293908862350143,2010-03-02
12.17,23.56,1.41,4.0156523846682655,2010-03-03
11.9,18.63,2.63,3.124297520601935,2010-03-04
11.1,18.53,0.09,2.8932503482917333,2010-03-05
9.26,12.67,1.98,1.5546316251666943,2010-03-06
9.32,14.1,13.58,0.8841570872071797,2010-03-07
9.78,13.22,3.3,1.4504981448374377,2010-03-08
9.31,12.13,23.72,1.2629356122435105,2010-03-09
7.65,14.22,0.39,3.105488624875371,2010-03-10
6.36,13.52,0.34,2.6869269372802393,2010-03-11
6.19,12.5,6.71,1.479776751125624,2010-03-12
7.72,12.91,6.63,2.045012300726509,2010-03-13
7.06,14.68,0.23,2.390410986045961,2010-03-14
6.98,14.45,0.41,2.465617631308575,2010-03-15
8.23,14.79,0.15,2.776557565851785,2010-03-16
6.88,16.9,0.0,2.7546934501079625,2010-03-17
6.09,21.36,0.0,3.6289124332256137,2010-03-18
7.66,23.35,0.0,3.484585179997907,2010-03-19
10.69,25.62,0.0,3.4668156113087916,2010-03-20
12.11,26.51,0.0,3.828411134301714,2010-03-21
13.03,25.12,0.0,4.3212127609392255,2010-03-22
12.12,19.58,0.01,2.840744257773919,2010-03-23
9.7,23.93,0.0,3.7299013853759635,2010-03-24
12.2,27.08,0.0,4.151196653004538,2010-03-25
11.96,20.74,0.0,2.763726759132348,2010-03-26
11.79,20.26,0.0,3.7684993252248526,2010-03-27
9.52,19.12,0.0,3.6510558858705875,2010-03-28
8.08,26.66,0.0,4.474603846012994,2010-03-29
13.78,22.06,0.01,4.539328791431407,2010-03-30
10.56,20.65,0.0,3.9226340106931454,2010-03-31
10.64,22.28,0.55,3.48542160229527,2010-04-01
10.35,19.85,0.08,3.4678902026260103,2010-04-02
10.01,23.75,0.0,4.295954527072166,2010-04-03
12.71,26.58,0.14,5.6708548626871185,2010-04-04
10.34,18.17,0.06,3.985381839448077,2010-04-05
10.13,19.01,0.08,3.2147197891257604,2010-04-06
12.06,22.69,0.06,4.241155681679743,2010-04-07
11.06,20.0,1.59,2.2418124816605434,2010-04-08
10.36,18.35,6.48,2.4029987672135285,2010-04-09
12.05,19.4,1.38,3.223988690878252,2010-04-10
9.07,22.78,0.06,3.7948718829909787,2010-04-11
12.16,20.02,4.65,2.5697565024141955,2010-04-12
12.14,20.24,0.33,3.0098206318573686,2010-04-13
11.07,22.81,1.18,3.347254152014569,2010-04-14
12.87,23.81,1.55,3.5690925740441397,2010-04-15
13.86,20.37,7.88,2.982752778577893,2010-04-16
12.75,19.0,4.1,2.7833366322470083,2010-04-17
12.64,20.05,10.48,2.682303400966083,2010-04-18
11.47,20.1,0.08,3.9684993813079386,2010-04-19
9.51,21.52,0.0,3.8699192817834254,2010-04-20
11.1,25.87,0.0,4.71227547573952,2010-04-21
15.44,27.24,1.2,3.5212181598500387,2010-04-22
14.76,21.42,6.95,3.6500619815765267,2010-04-23
14.68,19.39,7.6,2.8246453454788782,2010-04-24
13.56,20.64,5.33,3.2938405385688014,2010-04-25
12.92,22.16,0.1,3.8189727140098473,2010-04-26
12.5,22.39,0.57,3.7033692306815245,2010-04-27
11.36,22.49,0.01,4.211988411089059,2010-04-28
12.45,22.62,0.0,3.7753123736590295,2010-04-29
11.2,26.17,0.0,5.361745382987391,2010-04-30
13.77,30.35,0.0,6.2479251837692695,2010-05-01
16.3,24.0,0.57,3.753785340034918,2010-05-02
15.78,26.12,0.17,4.716888133586624,2010-05-03
14.0,19.15,4.43,2.4103419147384324,2010-05-04
11.77,21.32,0.23,5.077448922711383,2010-05-05
10.64,21.22,0.11,4.375761706653969,2010-05-06
12.57,22.61,0.76,3.5206868501715465,2010-05-07
13.1,22.84,0.01,4.481530702308688,2010-05-08
13.15,31.01,0.0,6.3873025820534135,2010-05-09
16.77,32.27,0.0,7.788648058047611,2010-05-10
17.19,25.67,0.0,5.487710016383248,2010-05-11
14.77,25.4,0.0,5.183915684142144,2010-05-12
14.57,24.96,0.01,5.305762289347869,2010-05-13
13.53,21.04,3.97,3.673822937979125,2010-05-14
12.68,20.35,1.14,5.226903933096251,2010-05-15
13.02,21.17,0.13,5.532328724369951,2010-05-16
11.62,21.36,0.0,5.269534658506828,2010-05-17
12.99,21.48,0.0,5.264733601636559,2010-05-18
12.85,23.98,0.0,6.106914650615742,2010-05-19
14.35,20.73,0.85,4.774704464715032,2010-05-20
13.4,22.37,0.1,5.412738030557145,2010-05-21
12.53,25.03,0.0,5.150437210844718,2010-05-22
14.57,23.72,7.46,3.494850067399888,2010-05-23
14.92,21.65,13.25,2.4027470012670946,2010-05-24
12.59,25.82,0.0,5.1163018242170475,2010-05-25
13.98,32.17,0.0,6.752082435816186,2010-05-26
19.24,29.26,0.25,5.56450872515571,2010-05-27
17.46,28.11,0.37,4.999435893561863,2010-05-28
16.69,23.28,1.06,3.2980302599202336,2010-05-29
16.81,24.43,2.56,4.264238452809088,2010-05-30
17.8,26.36,0.02,6.7389882207224705,2010-05-31
16.82,24.2,0.0,5.748445249745849,2010-06-01
16.41,26.76,0.0,6.552690926096135,2010-06-02
15.77,27.37,0.01,6.529991686526437,2010-06-03
15.47,25.75,0.03,5.668606808025093,2010-06-04
16.07,27.32,0.0,5.705230724318664,2010-06-05
15.7,30.21,0.0,6.537961882222901,2010-06-06
17.56,33.02,0.11,6.0446856510485345,2010-06-07
18.76,31.86,0.02,7.077865869618182,2010-06-08
19.09,33.29,0.01,8.571120961459108,2010-06-09
20.04,38.3,0.0,8.632456152603817,2010-06-10
18.95,30.47,0.03,5.3546746729930375,2010-06-11
19.34,27.88,0.0,5.54862660849389,2010-06-12
18.17,28.21,0.0,3.899476614179671,2010-06-13
19.3,29.28,2.66,4.52903379156008,2010-06-14
18.97,31.51,20.13,5.0728447008662005,2010-06-15
18.01,29.48,0.0,6.166981942719835,2010-06-16
18.7,35.83,0.0,7.507254894072256,2010-06-17
19.19,28.28,0.01,6.013801837180342,2010-06-18
17.64,27.35,1.04,6.367692143105209,2010-06-19
18.22,28.13,0.47,6.724153170344765,2010-06-20
16.46,22.89,0.04,6.599964484557738,2010-06-21
15.52,24.31,0.0,6.535660558663527,2010-06-22
16.25,26.17,0.0,6.051870018734224,2010-06-23
15.83,27.84,0.0,5.953381101004111,2010-06-24
16.71,28.53,0.0,6.286289352784377,2010-06-25
17.19,28.88,0.01,6.303704159583902,2010-06-26
18.7,28.95,0.0,6.141543831301675,2010-06-27
18.2,29.25,0.0,5.727361826864363,2010-06-28
18.21,30.54,0.0,6.697311478476169,2010-06-29
18.9,31.0,0.02,6.700458646240737,2010-06-30
19.31,31.3,0.01,6.326548638200611,2010-07-01
19.72,32.28,1.26,6.242243994603095,2010-07-02
20.42,32.55,0.0,6.617735147254248,2010-07-03
20.51,33.68,0.0,6.6122955003901085,2010-07-04
21.36,31.95,0.06,6.827512049085818,2010-07-05
22.13,31.09,0.04,7.583809491544624,2010-07-06
20.61,31.5,0.01,7.499589857203902,2010-07-07
18.83,31.92,0.0,6.677581723175098,2010-07-08
20.28,32.2,0.04,6.190735367965127,2010-07-09
21.08,32.46,0.0,6.638747899140554,2010-07-10
20.63,34.7,0.0,7.670629995707072,2010-07-11
21.93,36.85,0.0,9.12053905296878,2010-07-12
23.14,38.56,0.0,8.508735456188468,2010-07-13
24.33,41.67,0.0,8.884466665820222,2010-07-14
23.26,35.22,0.0,7.479006648864555,2010-07-15
21.46,34.76,0.0,6.830036916675245,2010-07-16
22.51,35.89,0.0,6.836886682305569,2010-07-17
23.21,34.49,0.0,8.39864334200368,2010-07-18
22.97,32.05,0.0,8.143607722622965,2010-07-19
22.81,32.03,0.06,6.569954011543802,2010-07-20
22.32,38.02,0.37,7.750410699196822,2010-07-21
24.04,40.65,0.02,8.49017315415347,2010-07-22
25.97,38.95,0.0,9.403913684500399,2010-07-23
22.92,30.8,0.02,8.045253743370798,2010-07-24
21.87,28.42,0.01,8.007668351807597,2010-07-25
21.56,29.04,2.36,7.565605006801998,2010-07-26
20.73,30.25,0.37,6.9025355411617095,2010-07-27
20.92,30.54,0.0,6.68704099071112,2010-07-28
20.35,33.5,0.0,6.275373573410671,2010-07-29
20.77,32.07,0.0,7.228936341222515,2010-07-30
21.04,29.8,0.0,6.847393849439483,2010-07-31
19.94,31.0,0.0,6.501543654275038,2010-08-01
20.57,34.88,0.0,7.561701536932754,2010-08-02
22.01,32.66,0.05,6.885624500058482,2010-08-03
22.12,29.83,0.0,7.9209441552120845,2010-08-04
21.38,29.25,0.0,7.477825573324135,2010-08-05
21.0,29.56,0.0,7.507797780191941,2010-08-06
19.72,29.7,0.0,6.8044393152254825,2010-08-07
18.74,30.63,0.0,6.106164985642949,2010-08-08
18.92,32.36,0.0,6.093306767055764,2010-08-09
20.55,35.01,0.0,6.729304073340436,2010-08-10
21.24,34.16,0.0,6.835267375332838,2010-08-11
21.97,36.79,0.0,6.70305722784039,2010-08-12
24.99,39.33,0.0,7.193800626741681,2010-08-13
24.31,37.35,8.32,6.906151464851598,2010-08-14
22.99,30.82,0.0,5.813571348487631,2010-08-15
22.1,30.76,0.51,5.442747855892899,2010-08-16
23.43,31.0,0.01,6.012599240604926,2010-08-17
23.84,35.37,0.0,5.984371610009191,2010-08-18
23.99,36.89,0.0,7.162280342180724,2010-08-19
24.25,41.53,0.0,8.265484333129612,2010-08-20
24.77,36.11,0.25,7.072289476111373,2010-08-21
23.45,32.36,0.0,6.612057539033693,2010-08-22
22.05,33.42,0.0,5.929116020880726,2010-08-23
21.87,38.66,0.0,6.909369709709341,2010-08-24
23.14,34.07,0.0,6.776121137528757,2010-08-25
22.67,33.9,0.0,6.566298257329547,2010-08-26
21.55,35.73,0.0,5.884223127712121,2010-08-27
22.8,36.82,0.0,8.68569924410398,2010-08-28
22.13,29.48,0.0,7.81474835422582,2010-08-29
21.73,29.63,0.0,7.933393775289358,2010-08-30
18.88,27.29,0.0,6.783819110101834,2010-08-31
17.99,31.15,0.0,6.668900252469968,2010-09-01
22.86,37.66,1.04,7.49319053811775,2010-09-02
20.78,28.79,6.46,3.032579844596116,2010-09-03
20.27,28.42,0.22,4.934016559541395,2010-09-04
18.92,30.87,0.0,4.946898584190184,2010-09-05
19.35,33.41,0.06,5.5606134349059895,2010-09-06
22.79,37.74,0.05,7.373622389870649,2010-09-07
22.95,30.9,0.31,4.736492458026789,2010-09-08
21.71,26.88,4.7,3.996395017035542,2010-09-09
20.31,26.6,0.75,5.9842825749431565,2010-09-10
19.56,27.13,0.03,5.537529920577967,2010-09-11
18.51,29.12,0.0,4.74916458523809,2010-09-12
19.1,28.86,0.02,5.7802493729792035,2010-09-13
20.07,26.33,1.02,5.473248826936483,2010-09-14
19.55,26.87,0.83,4.624495303982493,2010-09-15
17.87,30.15,0.0,4.937384121233205,2010-09-16
18.86,35.2,0.0,6.9690674768188225,2010-09-17
20.36,35.51,0.0,6.655865813951081,2010-09-18
20.22,28.69,0.08,4.723636000215728,2010-09-19
18.87,28.51,0.0,4.666066603490301,2010-09-20
21.16,32.78,0.42,4.444715910449387,2010-09-21
19.75,28.1,0.02,4.511663714996824,2010-09-22
18.53,27.66,0.48,3.6156810213859116,2010-09-23
20.69,29.55,7.31,4.867689326301039,2010-09-24
18.87,26.89,1.81,4.711918955534563,2010-09-25
17.37,26.39,0.27,4.2268652684647865,2010-09-26
18.94,25.53,0.35,2.4051116743667764,2010-09-27
19.39,26.92,6.83,2.762211374328955,2010-09-28
18.66,23.87,4.04,4.505101084961372,2010-09-29
17.5,26.09,0.14,3.953704777967878,2010-09-30
16.09,28.13,0.0,3.9349816664971695,2010-10-01
16.64,31.03,0.0,4.755897269891449,2010-10-02
17.3,33.59,0.0,4.879621371230851,2010-10-03
21.19,28.77,0.33,4.121664668283701,2010-10-04
19.23,30.26,0.03,3.9413260130678047,2010-10-05
17.77,30.55,0.0,4.602428545212066,2010-10-06
18.72,29.43,0.0,4.041875770527369,2010-10-07
20.52,32.77,0.12,4.561359532915268,2010-10-08
19.42,32.4,0.1,4.244840186805867,2010-10-09
20.34,26.65,3.52,2.5325312987097774,2010-10-10
18.88,25.45,0.65,2.7016078978945113,2010-10-11
18.82,30.96,1.77,4.8306628844322015,2010-10-12
18.6,26.46,1.96,2.7942149205316276,2010-10-13
17.83,25.11,2.1,3.6063724851888543,2010-10-14
16.63,24.9,1.88,3.4594167548286414,2010-10-15
16.66,23.56,2.36,2.9060231923225746,2010-10-16
15.29,22.61,19.78,2.790099457793319,2010-10-17
15.12,18.7,20.27,3.2549683441367865,2010-10-18
15.06,18.97,2.93,3.3460091098894753,2010-10-19
16.31,21.47,0.25,4.078467376255069,2010-10-20
14.4,20.95,0.0,2.8064915899014866,2010-10-21
12.45,22.02,0.0,2.5234035654463183,2010-10-22
13.13,25.08,0.0,3.6356198799240933,2010-10-23
13.98,24.53,0.27,2.043036495489383,2010-10-24
13.17,23.23,8.54,3.0715260472821386,2010-10-25
12.35,17.58,5.98,2.5863386421693693,2010-10-26
14.45,18.94,2.11,3.371794769405994,2010-10-27
14.2,21.11,0.01,3.177867384117712,2010-10-28
13.63,20.35,0.0,1.9858799718462252,2010-10-29
10.44,24.79,0.0,3.214318359092004,2010-10-30
14.07,26.34,0.15,4.788612134372969,2010-10-31
13.84,22.05,0.7,2.870997332955552,2010-11-01
12.39,19.38,4.24,2.148683352784435,2010-11-02
14.47,19.18,6.35,2.0356792241893413,2010-11-03
14.42,19.32,33.26,1.5604734639904847,2010-11-04
15.09,19.38,4.43,1.0464269480958819,2010-11-05
15.46,21.87,2.57,1.8195534500575576,2010-11-06
14.8,20.52,12.27,1.5286591508933216,2010-11-07
13.29,20.53,1.48,2.552412406665024,2010-11-08
12.53,22.3,0.03,3.220296571477885,2010-11-09
12.83,22.52,0.04,3.0886461046152394,2010-11-10
13.66,17.98,2.26,2.5699817346010683,2010-11-11
13.4,19.34,0.12,2.752756111653218,2010-11-12
14.09,21.57,0.09,2.3557120042273394,2010-11-13
11.99,24.06,0.0,2.831144042409214,2010-11-14
10.61,22.8,0.2,2.464670799235321,2010-11-15
11.82,18.1,2.13,2.8450525324053193,2010-11-16
10.84,18.54,0.2,2.4672101595484923,2010-11-17
11.72,19.95,0.07,2.4119427229729684,2010-11-18
11.06,18.98,0.02,1.8546063125434198,2010-11-19
11.45,21.22,0.0,2.4837489641449877,2010-11-20
11.5,18.91,0.66,2.1709451022257316,2010-11-21
10.29,17.47,2.51,2.2106521423332555,2010-11-22
12.11,17.03,1.5,2.653430139720255,2010-11-23
11.8,16.74,2.13,2.063535925836071,2010-11-24
11.75,15.45,3.0,1.2053026074331636,2010-11-25
11.87,17.12,2.35,1.5629718296076973,2010-11-26
11.09,20.57,0.35,2.650030700905083,2010-11-27
12.45,22.54,0.46,4.11363762693532,2010-11-28
10.17,21.2,0.0,2.742927563744675,2010-11-29
15.21,25.34,0.0,3.8058760550631083,2010-11-30
12.46,19.45,2.51,2.1262888951021237,2010-12-01
10.37,18.9,0.11,1.788689935929721,2010-12-02
9.82,14.19,7.22,1.157462110763639,2010-12-03
8.08,13.2,1.1,1.5707635156584092,2010-12-04
5.47,16.89,0.01,2.2482376787958107,2010-12-05
6.82,19.23,0.0,1.8923939662479856,2010-12-06
10.53,25.43,0.0,3.0498831988271267,2010-12-07
13.66,22.93,0.0,2.515164676098879,2010-12-08
12.73,23.22,0.0,2.778748577745891,2010-12-09
9.48,16.08,0.11,1.8421598337609497,2010-12-10
8.18,14.86,0.51,1.564945064901604,2010-12-11
10.68,16.62,0.34,2.0190708182131805,2010-12-12
10.57,15.3,0.01,1.8620677702020116,2010-12-13
10.28,15.59,0.2,2.0301695957271253,2010-12-14
8.39,11.38,2.51,1.9120920105030659,2010-12-15
6.26,9.51,4.28,1.2606183861188578,2010-12-16
4.56,12.34,0.98,1.7693677464694209,2010-12-17
3.61,16.86,0.03,1.9995999543344358,2010-12-18
5.72,20.69,0.0,1.9556641321537294,2010-12-19
10.48,18.03,2.25,1.61367218638216,2010-12-20
8.74,18.86,0.18,1.7715444121940205,2010-12-21
8.92,21.03,0.0,2.3883568768667924,2010-12-22
11.81,21.07,0.75,2.859919694772039,2010-12-23
8.74,14.57,1.8,2.264769583220592,2010-12-24
8.37,12.38,2.93,1.4056486190926363,2010-12-25
7.13,11.8,2.32,1.4809641690217183,2010-12-26
6.18,13.56,0.43,1.448260160703524,2010-12-27
7.24,14.09,0.09,1.1992612735391581,2010-12-28
5.47,13.39,0.0,1.1489778343403045,2010-12-29
6.35,16.48,0.0,1.7383261732002349,2010-12-30
5.21,16.62,0.16,1.4637296859455264,2010-12-31
9.28,15.41,1.09,1.2271226375547726,2011-01-01
8.11,13.92,1.75,0.9197957057354595,2011-01-02
8.9,13.8,1.14,1.6283045448228282,2011-01-03
8.84,13.82,0.47,1.2295484406913286,2011-01-04
7.03,16.02,0.03,1.4452522773975265,2011-01-05
6.2,18.56,0.0,1.715852468808952,2011-01-06
7.21,20.98,0.0,2.42857560567859,2011-01-07
8.35,20.32,0.0,2.3895398350409622,2011-01-08
7.9,16.88,0.0,1.6397532306913611,2011-01-09
8.79,17.64,0.14,1.7383356458447219,2011-01-10
9.59,14.81,3.27,1.3782681433936534,2011-01-11
10.35,13.93,13.78,1.2885265939698631,2011-01-12
9.6,15.35,2.39,1.4239258726242774,2011-01-13
8.8,16.17,1.96,1.0580094928657284,2011-01-14
7.23,18.04,0.29,1.6880625589637064,2011-01-15
8.26,17.21,0.01,1.1456046891612122,2011-01-16
8.0,15.9,0.03,1.0512882172331868,2011-01-17
7.47,14.96,0.05,0.9738192044824883,2011-01-18
8.17,14.86,0.03,0.9449416747766356,2011-01-19
8.99,13.96,0.11,1.3563766602877614,2011-01-20
6.44,13.62,0.4,1.9792578882340168,2011-01-21
5.46,12.22,0.94,1.688663264887255,2011-01-22
6.01,11.24,0.58,1.4231259314744569,2011-01-23
6.71,12.79,0.48,1.4459691769929308,2011-01-24
6.54,9.35,2.77,0.7646319017982606,2011-01-25
6.8,13.88,5.16,1.4537162877614593,2011-01-26
9.43,16.37,10.69,1.0619853321137915,2011-01-27
8.99,16.32,0.73,1.7196622011151383,2011-01-28
7.36,19.58,0.37,2.1424618590362208,2011-01-29
9.75,16.09,1.63,1.4963218970296732,2011-01-30
9.43,12.58,19.53,1.0365724133385184,2011-01-31
8.29,12.84,5.1,1.4305856354237332,2011-02-01
7.69,12.67,4.55,1.2064517702148818,2011-02-02
8.05,11.78,4.67,1.169169572628714,2011-02-03
6.61,14.31,0.0,2.050860613882023,2011-02-04
6.01,15.37,0.0,1.7820870726521276,2011-02-05
8.51,14.84,0.0,1.8115359456837583,2011-02-06
8.27,15.48,0.0,1.6437193373144123,2011-02-07
8.94,13.45,0.0,1.402228082932893,2011-02-08
9.55,13.84,0.0,1.6823562779891086,2011-02-09
7.73,14.47,0.25,1.6646868740172134,2011-02-10
4.15,16.32,0.07,1.804663713189954,2011-02-11
5.79,17.14,0.0,1.8622968233600259,2011-02-12
5.83,15.38,0.02,1.7827162588240115,2011-02-13
4.49,15.97,0.0,1.828609212918268,2011-02-14
6.65,15.88,1.53,2.1386493030137808,2011-02-15
9.68,17.31,0.98,2.7717814920832864,2011-02-16
6.8,19.48,5.48,2.485856827173707,2011-02-17
9.54,12.77,14.13,1.7900658596382668,2011-02-18
8.32,16.15,0.11,2.7443821179728864,2011-02-19
7.87,17.77,0.6,2.371886648042804,2011-02-20
9.16,15.24,0.79,2.2795271445536285,2011-02-21
10.34,13.39,8.89,1.5477763047940671,2011-02-22
9.07,12.85,4.01,2.2566475481261983,2011-02-23
7.01,12.41,0.0,3.1654905853348176,2011-02-24
7.03,12.85,0.0,2.962121318868718,2011-02-25
5.32,10.56,11.36,1.3050532566267394,2011-02-26
4.93,14.16,1.52,1.7573826175256955,2011-02-27
6.71,13.27,4.38,1.6354018798011587,2011-02-28
6.55,11.46,1.03,1.8754120284324745,2011-03-01
7.6,13.1,4.37,1.8488529134493543,2011-03-02
5.26,13.43,1.97,1.5591594174788448,2011-03-03
9.13,13.51,10.84,1.0567168483885336,2011-03-04
7.45,14.81,1.32,1.9954350204184235,2011-03-05
6.04,16.65,0.01,2.369794850195842,2011-03-06
7.62,16.58,0.0,2.515368528685601,2011-03-07
4.49,11.81,0.0,2.3383839935302806,2011-03-08
3.39,13.97,0.0,2.374514744332413,2011-03-09
6.23,16.15,0.0,2.0384290947980874,2011-03-10
6.48,16.88,0.0,2.5301671516198025,2011-03-11
8.32,17.22,3.23,2.194112300169958,2011-03-12
11.52,20.28,1.46,2.7783223272575435,2011-03-13
11.14,21.76,0.0,2.86888479648325,2011-03-14
10.89,22.16,0.53,2.876575195263053,2011-03-15
8.99,15.93,5.7,1.4788930076358897,2011-03-16
7.48,19.03,0.8,3.2074738327279047,2011-03-17
10.74,16.85,1.16,2.708549248874982,2011-03-18
11.85,17.51,0.44,3.0652643761052762,2011-03-19
9.91,15.87,5.84,2.4212470815976808,2011-03-20
8.4,15.62,0.83,2.569136327225421,2011-03-21
7.77,16.34,0.02,2.6312908318203223,2011-03-22
8.47,17.13,0.0,2.706922075685996,2011-03-23
8.14,17.82,0.0,3.059948110127155,2011-03-24
6.6,19.78,0.01,2.968210668273217,2011-03-25
8.88,20.82,0.13,3.0577383924722605,2011-03-26
10.25,24.33,0.0,3.3339134005819324,2011-03-27
11.46,18.56,0.06,2.861433901787096,2011-03-28
9.43,17.42,0.02,2.6636991035095905,2011-03-29
9.06,17.37,2.04,2.078506056735729,2011-03-30
11.85,17.23,1.16,3.0083171377378752,2011-03-31
10.36,19.45,0.03,3.158494115475364,2011-04-01
9.62,20.88,0.0,3.359649624250717,2011-04-02
9.57,24.47,0.0,4.123608350021002,2011-04-03
10.57,25.41,0.0,3.7919434499059306,2011-04-04
12.55,22.71,0.0,4.438374886780994,2011-04-05
11.01,19.24,0.0,3.404137459141832,2011-04-06
9.1,20.95,0.0,3.7043581169212714,2011-04-07
10.41,24.48,0.0,4.4337662480979185,2011-04-08
11.0,25.28,0.0,4.755406947177162,2011-04-09
11.33,24.32,0.0,4.5775215059855885,2011-04-10
12.35,22.32,0.29,3.5333819840167817,2011-04-11
11.97,22.16,0.66,3.2630747791995973,2011-04-12
11.5,19.37,0.02,4.185886570799265,2011-04-13
9.44,22.17,0.0,4.115551829320352,2011-04-14
10.29,18.01,0.01,2.6572829677486385,2011-04-15
11.35,18.28,4.32,3.387113933497351,2011-04-16
10.19,19.19,0.0,4.186551114673296,2011-04-17
9.74,20.71,0.0,4.172222046850639,2011-04-18
12.09,24.96,1.42,5.025058689023326,2011-04-19
13.11,21.23,0.1,3.6527187353838317,2011-04-20
12.8,19.71,2.64,3.4124581839234063,2011-04-21
12.84,22.1,9.3,3.428870007545802,2011-04-22
13.95,22.88,1.68,3.4275449036463637,2011-04-23
13.93,21.23,5.58,4.389357412509282,2011-04-24
14.48,19.69,27.85,2.1822579608141788,2011-04-25
14.04,18.28,9.55,2.0676876373957436,2011-04-26
13.49,20.22,2.75,3.228864668341579,2011-04-27
12.65,22.05,0.07,4.517129189066737,2011-04-28
12.29,25.14,0.1,4.386750827693913,2011-04-29
15.63,24.19,1.38,4.666867231681437,2011-04-30
14.95,22.46,0.35,4.502232454708144,2011-05-01
14.89,28.89,0.07,6.2404510990909,2011-05-02
14.54,21.81,2.97,3.993877325249348,2011-05-03
14.43,23.0,0.02,5.000800188729306,2011-05-04
12.96,23.0,0.0,4.604665269914137,2011-05-05
12.03,25.1,0.01,4.763414854783924,2011-05-06
14.25,26.81,0.0,5.497781618820349,2011-05-07
13.51,26.85,2.58,4.704740434582137,2011-05-08
13.44,22.58,0.27,4.0554096229495515,2011-05-09
12.75,20.82,0.0,4.7051876936374075,2011-05-10
11.98,22.79,0.0,4.795243605547906,2011-05-11
11.37,26.09,0.0,5.328250557659391,2011-05-12
12.34,29.91,0.0,6.454804085570481,2011-05-13
16.24,30.88,0.0,6.7336887305431885,2011-05-14
15.64,25.64,0.67,5.826087944603419,2011-05-15
14.23,22.65,0.0,5.85330403004997,2011-05-16
12.37,23.7,0.0,5.16877194230671,2011-05-17
12.86,25.7,0.0,5.455202210609279,2011-05-18
15.98,23.34,2.03,4.1356023638429695,2011-05-19
16.12,23.29,2.44,4.091198438451213,2011-05-20
15.61,22.49,13.87,3.26154461983349,2011-05-21
15.87,20.56,8.13,2.3666206715301716,2011-05-22
15.72,21.81,4.35,2.8870972872013874,2011-05-23
15.4,23.42,2.77,3.5077851763258603,2011-05-24
16.46,24.33,5.01,4.204414443969502,2011-05-25
16.45,25.82,1.72,5.2265872309408765,2011-05-26
15.52,28.08,0.01,5.735015115049183,2011-05-27
17.49,27.14,0.01,5.92075635055359,2011-05-28
16.07,24.72,0.0,5.321608539608095,2011-05-29
14.85,27.18,0.0,5.6130473777075425,2011-05-30
16.99,27.57,4.92,3.975644285453452,2011-05-31
16.49,23.73,1.03,3.8706907746786676,2011-06-01
14.77,24.04,0.01,4.955348504248505,2011-06-02
16.76,23.39,0.14,4.520248213889024,2011-06-03
16.33,25.9,4.45,4.43442755893793,2011-06-04
17.99,28.16,0.05,5.0088504037971715,2011-06-05
18.07,28.83,0.12,5.204762797411654,2011-06-06
17.5,25.55,10.4,4.3050554832602215,2011-06-07
17.44,25.81,2.99,5.19067494031158,2011-06-08
16.54,25.64,0.27,5.593207042232085,2011-06-09
15.77,27.46,2.48,5.73520873332066,2011-06-10
16.59,26.57,0.06,5.771780283928723,2011-06-11
16.59,25.8,0.0,5.907538326942313,2011-06-12
15.83,27.43,0.0,5.783502868350106,2011-06-13
17.6,27.71,1.05,6.02960709755699,2011-06-14
17.68,26.93,0.0,5.7367079801409915,2011-06-15
17.2,28.5,0.0,5.585645817396958,2011-06-16
17.3,31.92,0.0,6.902552375800447,2011-06-17
18.96,36.85,0.0,7.719162518137123,2011-06-18
19.85,27.99,0.01,7.351396397091226,2011-06-19
18.36,26.88,0.0,6.700979413726617,2011-06-20
17.98,31.02,0.0,6.540938981916754,2011-06-21
17.46,33.64,0.0,8.255976267048846,2011-06-22
19.65,35.66,0.0,7.718080629714111,2011-06-23
21.18,31.5,0.0,7.300065232646328,2011-06-24
19.54,28.33,0.0,7.47041612426855,2011-06-25
17.99,29.0,0.0,5.977845540354841,2011-06-26
19.12,30.46,0.0,6.564015506543795,2011-06-27
19.68,34.81,0.0,6.775376940499139,2011-06-28
21.54,33.92,0.0,7.65375306922586,2011-06-29
20.71,31.84,0.44,7.394985584987215,2011-06-30
20.54,30.39,0.0,8.278633119500135,2011-07-01
19.57,31.58,0.0,7.373927612786253,2011-07-02
20.27,32.96,0.0,6.90456997248087,2011-07-03
20.6,35.84,0.2,7.620802514181203,2011-07-04
21.89,30.92,3.48,6.63478086704916,2011-07-05
20.66,29.37,0.0,6.658877871330382,2011-07-06
19.44,33.84,0.0,7.391021241907724,2011-07-07
20.72,38.56,0.0,8.610817547467878,2011-07-08
22.33,37.56,0.0,7.329501007684913,2011-07-09
23.77,39.73,0.0,7.844570218608994,2011-07-10
26.21,39.23,0.0,8.292604270402748,2011-07-11
25.16,38.58,0.0,8.038245914652455,2011-07-12
24.17,40.72,0.09,8.632597757019346,2011-07-13
23.9,30.49,0.16,7.447105449189347,2011-07-14
22.75,30.87,0.0,7.551948278816481,2011-07-15
22.07,33.36,0.0,6.858084899807517,2011-07-16
23.1,40.15,0.0,8.335871762508935,2011-07-17
23.74,33.75,0.06,7.402487357876738,2011-07-18
22.45,36.67,0.18,7.271132395708094,2011-07-19
21.11,28.49,0.25,7.293863824948843,2011-07-20
19.92,32.0,0.0,6.365274780300942,2011-07-21
22.71,33.57,8.88,7.113885843798199,2011-07-22
22.34,30.38,0.03,6.491897595392552,2011-07-23
20.82,28.75,0.04,6.816155051777654,2011-07-24
21.25,27.61,0.69,6.479502634025726,2011-07-25
20.75,31.84,0.0,6.532020006498965,2011-07-26
21.22,36.53,0.0,8.442102904528687,2011-07-27
21.9,31.95,2.91,6.98022137163593,2011-07-28
20.83,29.71,0.0,7.058402851766904,2011-07-29
20.67,30.16,0.04,6.463795681267354,2011-07-30
20.92,29.42,0.7,6.348826070864163,2011-07-31
20.67,31.84,0.0,6.067397106837614,2011-08-01
20.16,32.36,0.0,6.754758679654777,2011-08-02
20.14,33.33,0.0,6.8152919684503965,2011-08-03
23.26,35.84,0.57,7.378215177890914,2011-08-04
21.68,32.1,0.0,6.769591629153267,2011-08-05
20.06,35.15,0.0,6.4079272712730955,2011-08-06
22.67,38.66,0.55,7.10397778595148,2011-08-07
23.84,38.23,0.01,7.28899162952147,2011-08-08
21.74,29.36,0.0,7.988701315748418,2011-08-09
20.48,27.54,0.0,7.087370697783944,2011-08-10
19.32,29.43,0.0,6.200251263618399,2011-08-11
18.65,30.54,0.0,6.0102157092379205,2011-08-12
17.9,32.72,0.0,6.3599374698404985,2011-08-13
19.9,37.52,0.0,6.794547645238113,2011-08-14
22.43,32.58,0.1,6.268414034259197,2011-08-15
22.24,32.8,0.0,6.343687062925061,2011-08-16
21.84,34.55,0.0,6.175522846782723,2011-08-17
22.03,36.73,0.0,8.343442403040722,2011-08-18
22.5,37.17,0.0,9.104004851441745,2011-08-19
22.87,36.16,0.0,6.77889328614225,2011-08-20
22.21,34.89,0.0,5.887983477031444,2011-08-21
22.69,36.39,0.0,6.267498228825044,2011-08-22
22.03,37.26,0.0,7.225670471104801,2011-08-23
23.58,37.0,0.0,8.144040295248155,2011-08-24
23.33,36.56,0.0,6.6853869703063165,2011-08-25
22.48,38.31,0.0,8.331737941873849,2011-08-26
23.93,31.92,0.0,7.153051489447624,2011-08-27
21.7,28.69,0.0,6.905574951716108,2011-08-28
20.64,28.8,0.0,5.7946060712302625,2011-08-29
20.38,34.41,0.01,5.720214065596626,2011-08-30
22.16,35.07,0.09,6.646258391728252,2011-08-31
24.39,40.52,0.0,7.746312322656496,2011-09-01
28.09,41.84,0.03,7.748159133620193,2011-09-02
25.55,39.03,0.52,6.648275073854479,2011-09-03
24.15,34.32,1.19,6.301581091343139,2011-09-04
23.22,30.55,0.0,5.612064567150055,2011-09-05
22.43,30.84,0.0,6.143413921149477,2011-09-06
21.86,28.49,0.0,6.324882514609187,2011-09-07
21.8,29.54,0.0,6.438473932479757,2011-09-08
22.27,30.64,0.0,5.7454437701759655,2011-09-09
19.46,33.97,0.0,5.809012422687208,2011-09-10
22.27,35.39,0.1,6.127978401601707,2011-09-11
22.77,31.61,0.11,5.1652724820048945,2011-09-12
21.38,31.14,0.01,5.406755216688718,2011-09-13
20.68,32.59,0.4,4.965838312891525,2011-09-14
21.73,31.34,0.42,4.585778368956628,2011-09-15
21.16,31.57,0.0,5.008577536436669,2011-09-16
20.49,33.55,0.04,5.2467829509092345,2011-09-17
20.97,32.29,0.24,4.978647291050121,2011-09-18
20.96,27.1,0.51,5.173252916815951,2011-09-19
20.11,25.98,0.04,6.562575004577511,2011-09-20
18.77,27.63,0.0,5.550735992245093,2011-09-21
16.37,29.87,0.0,4.756537424408307,2011-09-22
17.25,28.73,0.0,4.2834968374121605,2011-09-23
19.05,29.47,1.0,3.523301214811702,2011-09-24
20.89,29.13,3.72,3.8114051931206707,2011-09-25
20.27,26.95,1.28,3.989757389799659,2011-09-26
19.27,26.5,1.97,3.850647808833068,2011-09-27
20.25,25.8,8.7,3.1481019133468497,2011-09-28
19.89,26.62,3.32,3.2178467012793166,2011-09-29
20.11,26.81,2.19,3.4049491200226134,2011-09-30
18.7,28.03,0.01,4.481744756668361,2011-10-01
17.92,27.1,0.0,3.576295454858999,2011-10-02
17.25,26.75,3.46,3.5846985842978585,2011-10-03
17.2,26.85,0.03,3.255557035819464,2011-10-04
16.62,26.45,1.53,3.340199756011233,2011-10-05
16.52,27.11,0.18,3.1961047264624285,2011-10-06
17.2,26.56,5.16,4.084606962253206,2011-10-07
18.07,22.51,1.86,4.5381387890320966,2011-10-08
16.47,21.13,6.39,4.17662883453902,2011-10-09
16.06,22.34,0.0,4.438255213484903,2011-10-10
18.22,26.9,0.65,3.983239688679468,2011-10-11
17.84,27.5,0.28,3.949724985723875,2011-10-12
15.96,27.61,0.11,4.143980020212264,2011-10-13
18.62,25.13,3.77,3.8998851399361056,2011-10-14
16.39,19.54,10.21,2.1397888062554236,2011-10-15
16.09,20.95,0.41,3.4699270764718206,2011-10-16
15.94,21.12,1.15,2.9407294287835524,2011-10-17
12.32,23.34,0.0,3.2138782582076457,2011-10-18
12.43,26.91,0.0,4.802439098689455,2011-10-19
14.43,24.63,3.39,3.489761379561503,2011-10-20
14.82,22.2,0.07,2.811740956495691,2011-10-21
15.29,23.35,3.85,2.6246016546744007,2011-10-22
14.28,25.25,0.63,2.7073906411187956,2011-10-23
15.82,26.26,0.84,4.20343296981439,2011-10-24
13.85,25.6,0.43,3.3522627125547473,2011-10-25
16.75,22.8,1.07,2.542824960119369,2011-10-26
14.76,26.45,0.0,3.576648432760693,2011-10-27
16.58,26.24,1.03,3.3497820610140723,2011-10-28
18.43,23.85,6.38,2.9124865895091117,2011-10-29
18.83,21.21,31.21,1.7508574920635243,2011-10-30
16.07,21.56,25.02,1.6799994276081205,2011-10-31
17.1,20.09,21.16,1.2832251765560174,2011-11-01
16.19,19.64,7.93,1.5214273068608577,2011-11-02
14.45,22.55,0.01,2.1600518208969346,2011-11-03
15.22,24.21,0.0,3.1257744580326436,2011-11-04
12.98,25.02,1.68,2.955605424639746,2011-11-05
11.26,21.03,0.02,2.9509613929373,2011-11-06
10.58,22.4,0.0,3.2889915707673603,2011-11-07
10.35,22.87,0.0,2.956276332903217,2011-11-08
11.88,21.62,0.0,2.358405149814066,2011-11-09
13.65,20.49,0.35,1.9016630287026641,2011-11-10
13.24,20.69,0.41,1.7803587755635113,2011-11-11
14.31,20.19,0.36,1.6642423898909493,2011-11-12
13.44,19.94,0.03,1.7392875679103705,2011-11-13
12.08,18.62,0.01,1.8211623795294412,2011-11-14
12.65,19.68,0.02,2.2484676931600496,2011-11-15
13.29,18.55,3.41,1.3633977159356296,2011-11-16
12.99,19.07,1.65,1.5494239434052401,2011-11-17
13.94,19.61,3.01,1.8126630016702774,2011-11-18
13.85,17.85,3.94,1.1417957258701474,2011-11-19
12.28,21.64,0.11,1.9636810127817472,2011-11-20
14.35,20.1,1.29,1.0901461816984015,2011-11-21
11.39,21.0,0.16,2.354600688289636,2011-11-22
12.72,19.56,2.3,2.010845729223597,2011-11-23
12.85,19.86,1.9,1.4462699395667764,2011-11-24
13.42,19.44,1.54,1.2975248792749388,2011-11-25
12.87,19.49,0.64,1.3443304033458663,2011-11-26
11.97,19.56,0.39,1.473966043518504,2011-11-27
14.58,19.27,2.19,1.4651831575094763,2011-11-28
15.48,17.69,8.01,1.1108572254877518,2011-11-29
13.42,19.36,0.4,1.607614438020448,2011-11-30
11.38,18.65,0.04,1.2011160331355093,2011-12-01
8.76,20.3,0.0,1.957869654042572,2011-12-02
9.16,19.81,0.0,1.852441673459247,2011-12-03
10.47,18.21,0.18,1.5292804031505545,2011-12-04
8.31,19.4,0.0,2.178690246594317,2011-12-05
11.23,17.49,1.55,1.4279041160243329,2011-12-06
12.77,18.37,0.27,1.9846323276804099,2011-12-07
12.16,18.18,0.03,1.7701199645802115,2011-12-08
10.05,18.34,0.01,1.503958748567461,2011-12-09
8.9,16.88,0.0,1.6472536661180108,2011-12-10
9.54,14.97,0.0,1.2293031016374143,2011-12-11
8.95,18.08,0.58,1.6161358038411804,2011-12-12
10.18,17.11,0.32,1.4860046563475422,2011-12-13
7.42,19.37,0.0,1.7417838040356666,2011-12-14
9.44,18.45,0.28,1.5748587475210616,2011-12-15
11.1,18.07,0.02,2.292120953211643,2011-12-16
10.98,15.59,7.35,1.5559493181010746,2011-12-17
9.48,13.35,5.33,1.532905197286411,2011-12-18
8.2,11.22,3.9,1.9218176272094478,2011-12-19
9.45,13.47,9.59,1.874490317319738,2011-12-20
11.89,14.57,14.43,2.2596291287894203,2011-12-21
9.85,15.83,3.94,1.7234901740714508,2011-12-22
9.44,16.39,0.01,1.607543178634719,2011-12-23
10.34,16.41,0.7,2.061062469003653,2011-12-24
10.59,15.28,0.51,2.3453835429698255,2011-12-25
10.05,14.28,2.9,1.3317189570374162,2011-12-26
10.65,13.48,22.76,1.0524821931478352,2011-12-27
9.53,14.54,3.3,1.029532020752955,2011-12-28
6.61,13.6,0.93,0.9887461985330978,2011-12-29
10.39,13.49,3.59,2.0889573978015235,2011-12-30
12.26,14.68,4.06,1.652014713890235,2011-12-31
10.69,16.95,1.14,1.1341070911510713,2012-01-01
7.88,18.21,0.59,1.3283581265837128,2012-01-02
10.85,13.58,5.63,1.7620994108104444,2012-01-03
11.17,15.4,0.53,2.085100546270753,2012-01-04
11.46,14.82,0.57,2.5581798687684074,2012-01-05
11.61,14.74,0.49,3.5791092160094506,2012-01-06
9.93,14.27,0.07,2.711360499484638,2012-01-07
11.1,14.18,0.79,2.185059040353277,2012-01-08
8.54,14.84,1.81,1.725225275433941,2012-01-09
7.35,15.21,0.0,1.8841015613203935,2012-01-10
7.66,15.48,0.23,1.3376226321751246,2012-01-11
7.54,14.8,0.0,1.3143849267296084,2012-01-12
3.71,15.93,0.0,1.6114390353998849,2012-01-13
6.79,14.43,0.98,1.1337947437136278,2012-01-14
8.52,14.54,0.94,1.3117826508815336,2012-01-15
8.33,14.21,1.75,1.3282920243126457,2012-01-16
9.09,12.18,2.42,1.1650910370580851,2012-01-17
7.56,12.93,0.04,1.454528426474698,2012-01-18
8.43,13.74,0.0,1.5802149318114207,2012-01-19
8.48,14.21,0.08,1.946117182898267,2012-01-20
11.97,15.74,1.18,2.4386726654666364,2012-01-21
11.28,15.79,0.91,1.8027081353338759,2012-01-22
10.42,15.6,1.69,1.5218608494565438,2012-01-23
10.89,15.39,1.77,2.178852913496746,2012-01-24
10.45,13.45,2.16,1.4819990715062512,2012-01-25
8.25,14.11,0.8,1.2895849911331376,2012-01-26
6.37,14.27,0.03,1.363480626629249,2012-01-27
7.64,14.47,0.03,1.3486980506431776,2012-01-28
7.24,13.77,2.63,1.1610502492803065,2012-01-29
7.88,11.34,20.45,0.8705106803505919,2012-01-30
7.85,12.21,4.03,0.9603329937025724,2012-01-31
6.46,12.8,0.69,1.1598459395378995,2012-02-01
5.34,17.09,0.1,2.051259500019937,2012-02-02
7.7,14.03,1.94,2.204156477866837,2012-02-03
5.7,10.17,3.23,1.5030742618279231,2012-02-04
5.26,8.9,3.5,1.2590953674887708,2012-02-05
5.11,8.38,1.58,1.6243095400752594,2012-02-06
5.53,7.25,4.99,1.177003266982475,2012-02-07
4.99,10.34,1.85,1.430261284940711,2012-02-08
6.15,11.67,2.27,1.3567870563857118,2012-02-09
7.24,12.11,1.93,2.0684586025653817,2012-02-10
5.71,9.69,0.42,1.5527241689792188,2012-02-11
5.02,9.51,2.34,1.666536263452459,2012-02-12
3.48,9.08,2.19,1.5874032123310189,2012-02-13
4.51,8.68,2.74,1.28629543518894,2012-02-14
4.85,11.82,2.28,1.873250845953161,2012-02-15
7.72,12.56,3.53,1.8705469463192186,2012-02-16
6.46,13.77,0.78,1.5424632263943387,2012-02-17
5.27,15.63,0.0,1.9901973692597232,2012-02-18
3.3,16.43,0.11,2.1233990792135735,2012-02-19
7.39,14.14,1.92,1.6836887228287412,2012-02-20
7.17,11.99,1.89,1.5334656501289394,2012-02-21
9.76,12.34,35.09,1.0198530350759247,2012-02-22
10.86,14.36,10.64,1.5636727791633196,2012-02-23
7.93,15.69,0.12,1.953055105308543,2012-02-24
5.7,15.66,0.0,2.0203390876196456,2012-02-25
6.07,14.76,0.1,1.6209245317991907,2012-02-26
7.75,15.45,0.03,2.668779954232221,2012-02-27
6.69,14.84,0.0,2.256920967808933,2012-02-28
4.23,16.53,0.0,2.2258650198703434,2012-02-29
6.97,16.38,0.0,2.1840599578912983,2012-03-01
6.1,19.49,0.0,2.446489576626249,2012-03-02
7.22,18.51,0.0,2.6682071436303403,2012-03-03
9.82,15.5,2.77,2.108764701513806,2012-03-04
8.68,15.62,4.16,1.8034330456547785,2012-03-05
8.07,12.8,2.31,2.2872995490762786,2012-03-06
7.16,9.49,5.11,1.118521559279081,2012-03-07
7.61,13.37,0.42,2.1564055491359344,2012-03-08
8.34,14.78,5.6,1.9462083565685389,2012-03-09
11.96,13.44,18.93,1.2522033604044045,2012-03-10
8.85,14.2,2.66,1.6413704576170773,2012-03-11
7.7,16.78,0.0,2.6586207590094233,2012-03-12
9.45,17.04,0.0,2.440933653054918,2012-03-13
9.11,17.8,0.0,2.4752495263300442,2012-03-14
7.53,18.49,0.0,2.749246023189592,2012-03-15
6.83,20.67,0.0,3.253545892509791,2012-03-16
7.05,23.38,0.0,3.7118696655109487,2012-03-17
8.49,23.63,0.0,3.7446220652746267,2012-03-18
8.55,21.19,0.0,3.1172503091713772,2012-03-19
8.88,20.94,0.0,3.308867462679629,2012-03-20
11.04,19.65,0.0,3.066127671694091,2012-03-21
9.82,19.18,0.0,2.419574035731724,2012-03-22
10.12,21.96,0.0,3.487876556110685,2012-03-23
9.24,20.04,0.01,2.4887294240203808,2012-03-24
9.11,18.18,0.03,2.447572658444435,2012-03-25
9.91,19.06,0.0,2.879642362645471,2012-03-26
11.75,19.76,0.18,2.930563840587238,2012-03-27
9.76,20.15,0.0,3.350329116819212,2012-03-28
8.39,20.63,0.34,3.471707817053655,2012-03-29
10.96,17.44,2.07,2.1126046601767463,2012-03-30
8.6,20.76,0.0,3.4857097880919983,2012-03-31
9.44,23.37,0.0,3.753390333035444,2012-04-01
13.13,23.19,0.01,4.421125866211942,2012-04-02
12.08,21.59,1.24,2.505474745610445,2012-04-03
12.48,22.43,3.48,2.6782404799741975,2012-04-04
12.5,20.9,3.19,3.3027768035293383,2012-04-05
11.45,21.62,10.41,3.1769479289362215,2012-04-06
11.07,19.21,5.41,3.521259969895106,2012-04-07
11.6,18.08,1.0,3.8641753807400048,2012-04-08
10.77,18.18,0.37,3.6107852326904766,2012-04-09
8.18,22.84,0.38,3.9264370992240063,2012-04-10
11.64,21.18,1.35,3.9846012353885865,2012-04-11
10.35,22.08,0.25,3.3452459753909696,2012-04-12
12.65,18.53,13.26,3.393222866012785,2012-04-13
12.31,18.26,2.19,4.19751820084501,2012-04-14
10.57,18.08,5.71,3.3263052081275744,2012-04-15
10.34,14.97,4.54,2.8851242268371435,2012-04-16
10.19,14.84,6.72,2.8553878266200563,2012-04-17
10.89,20.08,0.11,4.525750488190873,2012-04-18
12.15,18.28,0.99,3.2843499611773557,2012-04-19
10.29,18.57,2.03,3.3353114558467025,2012-04-20
9.54,22.19,0.0,4.364471502391096,2012-04-21
12.09,24.6,0.24,3.9487301582849845,2012-04-22
13.01,20.36,3.98,3.355917269583645,2012-04-23
10.62,23.2,0.0,4.196167923714171,2012-04-24
12.13,25.0,0.26,4.634310425162652,2012-04-25
13.13,29.11,0.0,6.661750794281248,2012-04-26
13.42,26.39,0.0,5.975040939035145,2012-04-27
12.19,26.74,0.0,6.043333666387531,2012-04-28
14.5,21.52,0.03,3.00122834722714,2012-04-29
14.48,25.01,0.07,4.63843975230116,2012-04-30
11.87,20.87,1.57,4.164909419875718,2012-05-01
10.9,22.12,0.0,4.364191642596495,2012-05-02
12.3,23.39,0.0,4.376889074554013,2012-05-03
13.0,23.86,5.48,4.5127057971765145,2012-05-04
14.0,27.69,0.01,5.369604373471155,2012-05-05
15.33,28.74,0.01,6.700843257938573,2012-05-06
13.95,21.85,0.0,4.261196653030425,2012-05-07
12.45,23.23,0.0,4.899849403772386,2012-05-08
12.85,24.5,0.0,5.047434479661739,2012-05-09
14.67,24.76,0.0,5.090294458295423,2012-05-10
14.39,24.98,0.0,5.072705360076023,2012-05-11
13.75,26.22,0.0,5.300899138050821,2012-05-12
15.42,27.45,0.0,6.341438876531548,2012-05-13
15.47,24.35,0.01,5.253986481367413,2012-05-14
14.23,23.63,0.0,5.1675506515988925,2012-05-15
13.82,22.23,0.0,5.587045854956326,2012-05-16
12.55,21.89,0.0,5.361971079599575,2012-05-17
12.94,25.1,0.0,5.861088661278483,2012-05-18
15.87,29.02,0.0,6.214022914055792,2012-05-19
15.22,25.39,0.95,3.7622560817056985,2012-05-20
13.93,21.92,0.4,5.215659370723911,2012-05-21
12.84,22.98,0.06,5.646873198774402,2012-05-22
14.42,21.71,3.3,3.956364661736323,2012-05-23
15.58,24.56,0.06,5.34878613997872,2012-05-24
16.38,26.02,0.42,5.193548746345489,2012-05-25
16.04,28.5,4.0,5.076826629729579,2012-05-26
15.53,27.42,0.0,5.26283881334156,2012-05-27
15.33,31.36,0.1,5.545849070686857,2012-05-28
16.76,26.59,0.01,5.355056433143749,2012-05-29
16.41,26.35,0.0,5.145188868409053,2012-05-30
15.4,28.52,0.0,5.313182065736484,2012-05-31
15.54,29.97,0.0,5.80729526206576,2012-06-01
17.02,31.98,0.0,7.566175971717739,2012-06-02
18.04,33.82,0.03,7.588218647698412,2012-06-03
19.33,29.48,2.36,5.767822320606329,2012-06-04
17.53,27.09,0.0,6.586384948684271,2012-06-05
16.46,30.24,0.0,6.341824075480643,2012-06-06
17.35,35.07,0.0,7.9697008450069555,2012-06-07
21.22,36.76,0.0,9.300837460258071,2012-06-08
20.0,28.94,0.18,3.794294266546558,2012-06-09
18.97,28.21,0.0,6.481578918220823,2012-06-10
17.45,34.99,0.0,6.984340888725538,2012-06-11
20.35,32.38,0.0,7.632511089315817,2012-06-12
18.62,26.65,0.0,6.322889542943849,2012-06-13
17.86,30.65,0.08,6.074592997452956,2012-06-14
20.62,35.77,0.04,7.841976194571243,2012-06-15
20.54,33.68,0.0,6.748273440842933,2012-06-16
20.94,32.71,0.0,5.620188736199336,2012-06-17
21.32,35.28,0.0,7.135489884985075,2012-06-18
21.71,37.06,0.0,7.9302592386795245,2012-06-19
22.76,37.67,0.0,7.799852727726205,2012-06-20
22.43,33.17,0.0,7.302109355747052,2012-06-21
20.62,32.92,0.0,7.793256615029747,2012-06-22
21.06,34.2,0.0,7.419773346481717,2012-06-23
21.39,35.04,0.0,7.3852758370121805,2012-06-24
21.51,32.43,0.0,8.173738684276776,2012-06-25
21.58,31.97,0.0,8.443651929801339,2012-06-26
21.44,31.75,0.0,6.944034661690288,2012-06-27
21.0,35.8,0.0,6.827945958862963,2012-06-28
22.21,37.44,0.0,8.03511993326523,2012-06-29
23.42,37.42,0.0,8.67370734675742,2012-06-30
22.2,36.83,0.0,8.975386576857387,2012-07-01
23.03,32.07,0.04,7.284603549731337,2012-07-02
21.54,33.44,0.2,6.705446577631938,2012-07-03
21.87,33.41,0.61,6.143687760943331,2012-07-04
22.02,35.76,0.0,7.36407382879907,2012-07-05
23.15,35.64,0.01,7.5807878640159645,2012-07-06
22.58,37.16,0.0,7.305462021091296,2012-07-07
24.83,42.89,0.0,9.222910925040887,2012-07-08
26.06,35.9,0.01,7.747954274458612,2012-07-09
24.02,38.54,0.0,7.8121112724030555,2012-07-10
27.2,39.09,0.0,8.172329724560507,2012-07-11
24.94,36.04,0.04,8.245984510543105,2012-07-12
23.53,32.88,0.0,8.105813959951156,2012-07-13
21.56,41.81,0.0,9.160400356337668,2012-07-14
24.25,33.58,0.0,8.011654635348318,2012-07-15
22.04,28.95,0.0,8.291450185740404,2012-07-16
21.22,29.12,0.0,7.788891131666944,2012-07-17
21.09,30.98,0.0,7.356152132628562,2012-07-18
19.54,34.38,0.0,7.004097242240783,2012-07-19
21.52,39.6,0.0,8.946977940884615,2012-07-20
23.78,36.62,0.0,8.991859106246508,2012-07-21
22.34,29.37,0.12,7.495390571910419,2012-07-22
21.27,27.36,6.43,6.611938946457361,2012-07-23
20.43,28.75,1.45,6.39844348623181,2012-07-24
19.55,31.59,0.0,6.382025793194133,2012-07-25
21.19,33.63,0.0,6.586560943132393,2012-07-26
21.58,36.24,0.0,7.720532764490245,2012-07-27
22.78,40.98,0.0,8.13234257813483,2012-07-28
24.9,36.5,0.8,7.772124721787396,2012-07-29
23.2,35.41,0.0,7.281125489248638,2012-07-30
22.62,34.84,0.0,7.896916405348505,2012-07-31
21.85,35.77,0.0,7.4698151224467475,2012-08-01
22.4,39.66,0.0,8.13535854490144,2012-08-02
24.03,41.36,0.0,7.7402151533071,2012-08-03
25.04,40.53,0.0,7.266040062184993,2012-08-04
24.55,43.97,0.0,8.31330532644363,2012-08-05
26.6,40.63,0.03,8.058833182907005,2012-08-06
25.46,35.71,0.05,6.698611122292801,2012-08-07
23.86,37.71,0.0,6.694631639902856,2012-08-08
24.33,35.0,0.0,7.63981653142315,2012-08-09
23.55,34.82,0.0,8.35616821780568,2012-08-10
23.69,33.43,0.0,7.673144513539668,2012-08-11
21.93,36.63,0.0,7.198512995288274,2012-08-12
24.74,36.77,0.0,8.25979461262631,2012-08-13
22.81,34.75,0.06,6.754775264902063,2012-08-14
21.5,34.91,0.0,6.472720138860088,2012-08-15
22.79,40.65,0.0,7.42409571119996,2012-08-16
22.49,35.37,0.0,6.731038144306076,2012-08-17
23.3,32.54,0.01,5.756791952980736,2012-08-18
23.81,35.77,0.0,6.218051654896378,2012-08-19
24.13,35.36,0.0,5.976038064874371,2012-08-20
23.73,35.47,0.0,5.86634851918896,2012-08-21
24.14,35.81,0.0,6.241204500068062,2012-08-22
23.39,37.8,0.0,8.86931329173746,2012-08-23
25.0,39.06,0.0,8.06684789423912,2012-08-24
26.02,40.38,0.0,6.048796920922932,2012-08-25
25.34,33.43,0.54,7.366730481127227,2012-08-26
22.48,30.97,0.0,7.478280141786539,2012-08-27
21.39,32.81,0.0,5.773446308094153,2012-08-28
21.04,34.37,0.0,6.294706600752964,2012-08-29
21.12,37.42,0.0,7.731124752416518,2012-08-30
22.97,29.33,9.56,5.6235674674634835,2012-08-31
21.13,27.95,0.1,5.708875856495691,2012-09-01
16.05,21.65,58.53,1.76974335637745,2012-09-02
16.09,25.6,0.83,4.692621399890349,2012-09-03
18.57,27.0,0.96,5.129067324191563,2012-09-04
19.46,29.73,0.0,5.358611200595772,2012-09-05
19.7,29.53,0.0,4.137104809190009,2012-09-06
19.46,29.96,0.0,4.497630591933617,2012-09-07
20.72,30.75,0.13,4.7373539041544515,2012-09-08
21.05,31.05,3.04,4.279363930335853,2012-09-09
20.65,31.4,0.12,4.769410147932705,2012-09-10
21.81,29.48,1.11,3.405466463393754,2012-09-11
21.04,32.2,2.23,5.137096960862748,2012-09-12
19.98,24.34,4.04,3.849365382400027,2012-09-13
19.44,24.35,3.59,5.39575787528333,2012-09-14
18.72,26.06,0.4,5.1791342928900335,2012-09-15
18.86,27.6,0.01,4.76637991915482,2012-09-16
17.1,28.47,0.0,4.285733853849382,2012-09-17
17.39,32.48,0.0,5.061239844947835,2012-09-18
19.42,32.16,0.0,5.544953213753762,2012-09-19
20.01,29.18,0.0,5.030707120107614,2012-09-20
18.89,32.8,0.02,5.1884217846457075,2012-09-21
20.54,36.31,0.0,5.88855132222102,2012-09-22
21.26,38.55,0.0,6.091838576572238,2012-09-23
22.76,34.33,0.06,7.891021598867741,2012-09-24
21.95,31.37,0.13,4.582606982324633,2012-09-25
21.26,33.72,0.01,5.989059542774769,2012-09-26
21.47,35.18,0.01,6.461876760988677,2012-09-27
21.67,35.54,0.0,7.445997725245902,2012-09-28
22.09,33.86,0.76,5.469570083286088,2012-09-29
21.21,28.46,1.81,3.9962431292024756,2012-09-30
20.25,27.51,1.94,4.540708677769324,2012-10-01
18.61,27.3,0.0,4.086202256240184,2012-10-02
17.66,28.75,0.01,3.550277748773699,2012-10-03
18.58,31.81,0.0,4.004533986160083,2012-10-04
20.65,32.56,0.01,4.3963291650850715,2012-10-05
20.52,32.47,0.0,3.951441496479639,2012-10-06
20.63,31.31,0.04,4.886703678201052,2012-10-07
21.57,27.92,0.25,4.7082606084050935,2012-10-08
20.03,30.74,0.0,4.732796245001184,2012-10-09
20.15,29.14,0.04,4.516448262877775,2012-10-10
18.69,31.16,0.07,3.915835787718314,2012-10-11
20.07,26.94,20.68,3.3511841528046293,2012-10-12
18.4,23.59,18.79,2.016279565237764,2012-10-13
18.04,24.3,6.89,2.630717557515026,2012-10-14
15.95,25.91,0.26,2.9434359871891793,2012-10-15
15.51,22.91,0.01,3.6553746759214305,2012-10-16
13.6,25.89,0.0,3.6912009830793697,2012-10-17
15.69,27.16,0.0,4.372172577623882,2012-10-18
16.92,28.84,0.02,3.40465866054936,2012-10-19
20.21,27.15,1.58,2.925184370940103,2012-10-20
20.79,26.62,0.73,2.8147690932963396,2012-10-21
19.85,26.47,2.35,2.611937778969418,2012-10-22
18.5,23.57,4.85,2.3304996465464587,2012-10-23
16.59,23.13,11.1,2.0372046707516493,2012-10-24
15.72,23.86,0.33,2.716097983335595,2012-10-25
16.13,24.65,0.01,2.736698592414326,2012-10-26
17.72,25.73,0.31,3.8020200197972778,2012-10-27
13.6,17.91,4.07,2.5234828764581962,2012-10-28
13.21,17.99,0.15,3.850635388528517,2012-10-29
10.77,21.94,0.02,3.307184264968506,2012-10-30
14.46,24.09,2.93,3.4559772571858836,2012-10-31
14.72,23.82,0.14,3.5158704663501097,2012-11-01
15.47,23.27,0.34,2.8854653323966035,2012-11-02
13.21,26.53,0.0,2.9144855114622743,2012-11-03
16.52,29.89,0.0,3.7611827427233444,2012-11-04
17.74,27.89,0.16,3.7348172459782534,2012-11-05
16.77,24.41,1.14,2.182074512418974,2012-11-06
14.39,20.49,0.5,2.2996128888266796,2012-11-07
13.38,21.15,0.0,2.53104854754234,2012-11-08
12.99,27.56,0.0,3.3030775082011745,2012-11-09
15.45,26.8,0.0,3.025590720490799,2012-11-10
17.32,25.58,1.58,2.328065943248491,2012-11-11
16.74,25.65,1.63,2.5946188211488392,2012-11-12
19.72,23.82,1.21,3.024963029185638,2012-11-13
18.91,22.88,17.92,2.2873091506287984,2012-11-14
15.99,19.95,5.38,1.553282773427677,2012-11-15
15.63,20.64,3.87,1.706405244333332,2012-11-16
14.58,21.64,0.12,1.8457926895791168,2012-11-17
14.22,21.78,0.07,2.5123300641600848,2012-11-18
13.72,19.65,0.92,1.9768502791396507,2012-11-19
14.63,18.95,4.22,2.059219769525597,2012-11-20
13.6,20.13,0.71,2.0605070914585317,2012-11-21
11.41,20.22,0.0,1.5398462364743322,2012-11-22
10.86,21.16,0.0,1.8343325185844408,2012-11-23
10.71,20.89,0.0,1.577672423942969,2012-11-24
9.37,21.48,0.0,2.142028826852381,2012-11-25
8.92,22.39,0.0,2.4815814365401727,2012-11-26
12.63,23.6,0.0,3.4772692952020816,2012-11-27
10.24,15.37,0.37,2.28429916827633,2012-11-28
8.95,15.57,0.96,2.725478782004017,2012-11-29
7.85,13.11,1.06,1.69491475274433,2012-11-30
6.02,15.74,0.06,1.9942168574069237,2012-12-01
6.88,15.08,2.6,2.0597759858146674,2012-12-02
11.63,14.83,2.88,2.0658515718064567,2012-12-03
12.6,17.1,4.31,2.3718819537760227,2012-12-04
11.32,16.01,5.39,2.522185559214867,2012-12-05
10.2,14.84,4.01,2.0786847191613314,2012-12-06
9.01,15.06,0.14,1.8798771686829998,2012-12-07
9.22,14.07,4.88,2.167100419123593,2012-12-08
9.48,13.69,1.78,2.9363963136186837,2012-12-09
10.24,14.99,0.35,2.2109687723320235,2012-12-10
10.51,14.37,0.19,2.263622649858286,2012-12-11
9.59,14.13,0.1,1.8405187600190538,2012-12-12
6.8,16.66,0.01,2.5882203503389545,2012-12-13
6.81,17.79,0.0,1.4668103054421886,2012-12-14
6.91,19.6,0.0,2.0640975214307256,2012-12-15
11.48,18.28,0.29,1.6488447500596994,2012-12-16
11.58,18.3,1.51,1.3490288087986595,2012-12-17
11.28,16.47,0.33,2.3514363901749022,2012-12-18
10.46,16.08,0.15,2.1583948355034805,2012-12-19
10.22,17.53,0.04,1.3487754598558008,2012-12-20
11.59,17.55,3.1,1.722138310659131,2012-12-21
10.49,15.62,0.85,1.587551721659925,2012-12-22
9.52,17.2,0.0,1.5215759721632218,2012-12-23
8.35,19.97,0.0,2.2446382971257504,2012-12-24
6.81,22.05,0.0,2.6240190608828424,2012-12-25
8.21,18.14,0.2,2.123382380338055,2012-12-26
12.2,16.04,0.11,2.3727279370700427,2012-12-27
12.12,16.27,0.04,2.5267368209600254,2012-12-28
9.07,16.02,0.02,1.801299095186075,2012-12-29
8.93,15.89,0.55,1.2247330845315332,2012-12-30
8.77,15.78,0.13,1.5044723358484384,2012-12-31
6.0,16.85,0.1,1.4402002163867444,2013-01-01
5.44,14.53,6.39,1.1910350929901419,2013-01-02
9.9,14.21,14.7,1.0700914010366924,2013-01-03
9.68,15.17,1.58,1.3643776947194042,2013-01-04
9.71,14.79,4.31,1.2714763542258443,2013-01-05
10.78,15.77,0.18,1.4546480165622033,2013-01-06
12.26,16.76,0.03,1.959694589477927,2013-01-07
11.36,17.42,0.02,1.4660875216463227,2013-01-08
10.43,16.6,0.03,1.5218797281946022,2013-01-09
9.48,16.09,0.05,1.5974893737028284,2013-01-10
10.25,16.2,0.4,2.0148053237019514,2013-01-11
8.47,16.31,0.01,2.0081490769389023,2013-01-12
6.51,17.74,0.22,1.9292633561249564,2013-01-13
7.06,12.24,1.86,1.1040980517265992,2013-01-14
6.77,12.41,2.17,1.374463735809177,2013-01-15
7.79,14.01,3.17,2.1325453815885673,2013-01-16
8.61,14.43,5.05,2.0978015096983698,2013-01-17
8.89,13.5,2.33,2.250635622230453,2013-01-18
10.11,20.91,0.59,2.1632276231687473,2013-01-19
10.07,14.4,2.53,1.2686002257571156,2013-01-20
9.86,15.43,2.16,2.3783781194568503,2013-01-21
6.61,14.55,0.57,1.897181805769774,2013-01-22
5.11,15.79,1.9,2.5340022566857145,2013-01-23
8.16,13.17,18.7,1.9057744532191652,2013-01-24
8.98,11.57,8.22,1.6980096156571152,2013-01-25
7.86,14.49,1.62,2.131198050778197,2013-01-26
7.22,14.22,0.17,1.7358192602779505,2013-01-27
6.92,14.47,4.88,1.965791754961977,2013-01-28
10.58,13.04,2.4,1.4039676887519945,2013-01-29
8.37,16.75,0.0,1.9427385890161852,2013-01-30
10.35,18.02,0.01,1.9872835553032464,2013-01-31
9.23,19.85,0.0,2.507854539948422,2013-02-01
7.83,19.09,1.81,3.6118787760036533,2013-02-02
8.78,12.88,2.21,2.4164231454466587,2013-02-03
8.8,13.6,0.96,2.6046555796930044,2013-02-04
8.5,15.39,2.51,1.5736002976293684,2013-02-05
7.64,16.64,3.35,2.5276431862132274,2013-02-06
7.79,11.75,5.97,2.2377360036452725,2013-02-07
7.02,11.25,3.85,2.290619436152858,2013-02-08
6.86,11.75,2.85,2.041143749868772,2013-02-09
6.42,11.22,4.78,1.55792433614817,2013-02-10
3.8,16.25,1.23,2.6805851365630256,2013-02-11
6.27,11.03,4.84,1.4277088783810068,2013-02-12
7.32,11.82,6.32,1.8746926885309134,2013-02-13
7.7,12.12,2.28,2.2434366601385998,2013-02-14
6.33,14.82,0.18,1.9661239831665998,2013-02-15
6.96,14.54,0.15,2.0980519500001527,2013-02-16
7.3,14.93,0.0,1.7533085642322193,2013-02-17
7.89,13.72,0.06,1.2756297289230993,2013-02-18
8.22,15.37,0.32,1.6419021075789693,2013-02-19
9.68,16.44,1.71,1.8693488667695233,2013-02-20
8.55,14.22,4.08,1.3291900922575224,2013-02-21
8.27,18.3,2.61,2.3124020840641264,2013-02-22
9.44,18.26,1.73,2.5284998470255284,2013-02-23
5.73,11.23,1.61,1.7373661529434008,2013-02-24
3.82,11.76,2.69,1.7784793313769456,2013-02-25
3.02,11.33,1.66,1.7586614382898442,2013-02-26
3.92,13.77,0.25,2.1962805064252238,2013-02-27
7.76,14.11,0.08,2.269304016051233,2013-02-28
7.83,15.76,12.11,1.3848456817132135,2013-03-01
7.11,14.71,1.57,1.9292038185883014,2013-03-02
9.59,16.44,0.02,2.3207316154713755,2013-03-03
7.64,18.89,0.07,3.052062623930912,2013-03-04
11.0,17.17,3.66,1.9359578424386588,2013-03-05
12.67,21.56,0.79,3.134841183664476,2013-03-06
11.44,20.23,1.51,2.7609479526338885,2013-03-07
11.17,20.93,0.37,3.1396093512101326,2013-03-08
10.94,20.19,0.55,2.4262747567084637,2013-03-09
10.1,21.22,0.21,3.116524011120593,2013-03-10
10.02,17.82,0.98,3.1210687481394945,2013-03-11
8.73,16.55,0.71,2.5750259948439504,2013-03-12
9.54,17.73,6.45,2.095272522835112,2013-03-13
7.37,11.24,2.64,2.818249078076713,2013-03-14
7.08,11.48,0.81,3.4945474983460505,2013-03-15
8.38,15.02,0.01,3.349886884048868,2013-03-16
8.61,23.69,0.16,4.502611539117518,2013-03-17
11.26,20.68,0.13,3.7982683464705165,2013-03-18
9.76,21.93,0.01,3.686635612569115,2013-03-19
10.79,19.8,3.82,2.7686549811621513,2013-03-20
8.77,16.97,0.02,3.503482661131517,2013-03-21
5.91,24.18,0.0,3.7071729306264207,2013-03-22
10.36,25.16,0.0,4.627252028566782,2013-03-23
10.4,20.02,0.83,3.4723836496233136,2013-03-24
11.46,16.79,7.65,2.9814374259595575,2013-03-25
9.06,20.41,0.07,3.701738148180738,2013-03-26
11.02,21.79,0.03,3.3880400338928656,2013-03-27
11.53,23.28,0.1,3.530849247789128,2013-03-28
11.33,21.02,0.01,3.526225172613673,2013-03-29
11.59,21.9,0.21,3.654465924391034,2013-03-30
10.03,20.88,0.42,3.5511784722175257,2013-03-31
12.24,25.62,2.52,3.953501610710874,2013-04-01
11.94,18.15,3.24,3.3922585462299115,2013-04-02
11.15,20.66,0.06,4.339608881249648,2013-04-03
10.58,27.04,0.01,6.569056602805139,2013-04-04
10.61,21.46,0.23,4.046915195796046,2013-04-05
10.37,17.99,12.46,2.840796834322487,2013-04-06
9.41,16.29,4.72,3.2315589433910343,2013-04-07
9.74,20.94,0.11,4.059478965540018,2013-04-08
8.26,22.45,0.0,3.702484997133162,2013-04-09
10.74,22.43,0.0,3.865089399371692,2013-04-10
10.65,23.31,0.03,4.140163156630821,2013-04-11
12.54,26.95,0.02,4.880324281955728,2013-04-12
12.89,19.96,0.01,3.2233311112839935,2013-04-13
12.24,23.37,0.0,4.323702972670999,2013-04-14
11.38,24.58,0.0,4.480587357555181,2013-04-15
11.25,24.77,0.0,4.199682091539355,2013-04-16
12.75,23.74,0.0,4.138853821623932,2013-04-17
12.62,24.0,0.0,4.066856756810686,2013-04-18
11.86,25.88,0.0,4.381503614882991,2013-04-19
13.27,20.35,2.73,3.929758793679184,2013-04-20
11.01,15.05,4.92,2.9148296533341242,2013-04-21
9.23,19.37,0.02,3.685380939824283,2013-04-22
10.03,17.43,7.15,2.255690536592822,2013-04-23
14.43,18.32,11.05,2.3161395057843195,2013-04-24
14.51,21.43,7.87,3.1536618868342017,2013-04-25
12.17,26.19,0.43,4.930218681401659,2013-04-26
14.05,24.17,0.15,4.204011353328708,2013-04-27
14.15,27.68,0.4,5.419378884455552,2013-04-28
16.81,25.51,0.32,4.818379970980776,2013-04-29
13.97,22.48,0.22,3.665352286707213,2013-04-30
14.21,21.78,0.2,2.1247777769056575,2013-05-01
13.26,23.98,0.01,3.8908669643175964,2013-05-02
14.43,23.6,0.82,4.090990499318002,2013-05-03
14.68,23.17,0.13,4.176014887522974,2013-05-04
14.26,21.44,0.64,4.046015520763764,2013-05-05
12.18,22.38,0.0,5.1176484812519565,2013-05-06
11.29,25.7,0.0,5.4271343641243375,2013-05-07
14.81,26.09,0.0,6.005198252150814,2013-05-08
15.44,25.43,0.0,5.282790174333999,2013-05-09
14.78,29.58,0.0,5.667427460866964,2013-05-10
16.14,24.87,0.0,5.69365558054777,2013-05-11
14.58,22.42,0.0,5.846148744453657,2013-05-12
13.15,21.87,0.0,5.295848589543671,2013-05-13
11.8,26.22,0.14,4.921809264481982,2013-05-14
17.23,27.18,2.83,4.188680509108889,2013-05-15
16.39,24.09,1.1,4.51893828027358,2013-05-16
15.01,27.08,0.18,5.973174474826265,2013-05-17
15.1,31.2,0.0,7.455709194147068,2013-05-18
14.29,23.4,0.0,5.893860562011923,2013-05-19
13.98,26.2,0.0,5.841179433182247,2013-05-20
14.66,27.06,0.21,4.4262551298573785,2013-05-21
16.26,24.1,3.42,5.300731039399371,2013-05-22
14.11,22.44,0.99,5.584158444065566,2013-05-23
11.8,25.79,0.01,5.551351132679782,2013-05-24
13.44,26.86,0.05,5.675600425118501,2013-05-25
13.09,23.01,0.0,5.58568903516051,2013-05-26
13.25,28.39,0.03,6.797467536330008,2013-05-27
13.69,22.03,0.11,4.387532797128675,2013-05-28
13.33,26.58,3.6,5.44627909771172,2013-05-29
13.8,23.43,0.43,5.175889548448975,2013-05-30
12.83,23.58,0.02,5.698239542662055,2013-05-31
14.26,21.88,0.69,5.1000681696212355,2013-06-01
14.49,24.62,0.0,6.33389645595018,2013-06-02
13.2,26.35,0.0,6.0245010628383575,2013-06-03
13.5,25.3,0.0,5.679198398031391,2013-06-04
13.86,26.24,0.01,5.402259075149631,2013-06-05
16.53,26.48,0.0,5.7452906796258185,2013-06-06
15.11,26.46,0.0,5.651382844228603,2013-06-07
14.78,30.94,0.0,7.026542852695797,2013-06-08
16.12,27.66,0.0,5.752205193655595,2013-06-09
15.83,25.91,0.0,5.979485387403855,2013-06-10
17.08,25.8,0.0,6.469407591993154,2013-06-11
16.25,27.66,0.0,6.462625412618701,2013-06-12
17.44,28.11,0.0,6.290350336307769,2013-06-13
16.47,28.86,0.0,6.187143922525444,2013-06-14
16.3,32.23,0.0,7.505707462916278,2013-06-15
17.4,34.85,0.0,8.862939227183734,2013-06-16
20.44,35.49,0.0,10.139133710961476,2013-06-17
20.28,36.03,0.0,10.68737722425674,2013-06-18
19.96,33.41,0.0,7.857190958289344,2013-06-19
18.91,32.52,0.0,6.5655265236892495,2013-06-20
18.75,33.04,0.0,6.812421305811367,2013-06-21
19.48,28.84,0.0,5.690917996650554,2013-06-22
19.88,28.61,0.0,6.957826248724526,2013-06-23
17.91,26.56,0.0,6.872324223287688,2013-06-24
16.81,26.13,0.0,7.112644917876295,2013-06-25
16.92,26.55,0.0,7.196136208479492,2013-06-26
15.52,27.12,0.0,5.7193133627939945,2013-06-27
16.56,27.3,0.0,6.6340456589715355,2013-06-28
18.27,25.28,0.08,6.738865154921607,2013-06-29
18.59,26.48,0.89,5.596628432819752,2013-06-30
16.9,32.16,0.0,6.5797137503066345,2013-07-01
20.63,34.27,1.03,7.517790205219924,2013-07-02
20.58,35.63,0.68,6.9964639753809825,2013-07-03
20.23,29.48,0.0,6.897756920569695,2013-07-04
19.47,26.84,1.39,5.288705995665535,2013-07-05
18.87,30.32,0.02,6.238466682329908,2013-07-06
19.63,30.76,0.0,6.499809671488375,2013-07-07
20.46,29.86,0.06,6.061057249081946,2013-07-08
20.33,31.06,0.25,6.0693859621583215,2013-07-09
21.26,31.63,0.17,6.318167695794949,2013-07-10
21.57,33.5,0.22,6.233499862077827,2013-07-11
21.78,36.99,0.0,7.703975385213851,2013-07-12
22.23,35.47,0.0,7.288073480558752,2013-07-13
23.22,34.05,0.0,7.086411546732865,2013-07-14
21.61,32.95,0.0,6.328908453444709,2013-07-15
21.48,32.35,0.0,6.48077161120932,2013-07-16
21.14,33.2,0.01,6.632320598710764,2013-07-17
21.68,34.97,0.0,7.040479131312716,2013-07-18
22.69,36.03,0.0,7.533067798052677,2013-07-19
23.54,36.71,0.0,7.239443327869595,2013-07-20
24.43,35.41,0.3,7.90558740268662,2013-07-21
23.4,32.11,1.81,6.8357042776431465,2013-07-22
22.35,32.09,0.06,6.041627657542992,2013-07-23
22.17,33.91,0.0,6.323011680707777,2013-07-24
23.47,35.37,0.0,6.897608460161949,2013-07-25
22.31,36.18,0.0,8.194217819293106,2013-07-26
22.45,36.61,0.0,8.072337628597808,2013-07-27
22.93,39.26,0.0,9.83620577717688,2013-07-28
23.83,40.45,0.03,9.649377729501227,2013-07-29
24.0,31.26,0.01,8.327357753352421,2013-07-30
22.95,30.6,0.0,7.403057965311656,2013-07-31
22.19,31.28,0.0,6.289255386473779,2013-08-01
21.95,32.74,0.0,6.120052606843053,2013-08-02
21.66,33.74,0.0,6.328190100633848,2013-08-03
22.69,34.87,0.0,6.461540629809198,2013-08-04
23.23,35.7,0.0,6.549373702942548,2013-08-05
23.8,37.02,0.0,7.510688809133845,2013-08-06
23.47,39.46,0.0,9.754628549592072,2013-08-07
25.44,40.45,0.0,9.611257874094807,2013-08-08
24.22,30.58,0.01,8.05152596121657,2013-08-09
22.87,29.3,0.0,7.856363420473703,2013-08-10
22.5,31.25,0.0,7.19188477298115,2013-08-11
20.7,32.41,0.0,6.452200271718072,2013-08-12
21.21,34.16,0.0,6.772339383815693,2013-08-13
22.8,31.79,5.41,5.868134793193467,2013-08-14
22.05,30.42,0.06,6.717401881915315,2013-08-15
21.65,31.46,0.01,5.678233400281626,2013-08-16
21.54,33.98,0.08,5.723969237572646,2013-08-17
22.74,33.54,3.4,5.4454240489004695,2013-08-18
23.2,31.5,2.64,4.77216532980174,2013-08-19
22.17,30.28,2.52,5.948158948957158,2013-08-20
21.59,28.56,3.53,5.667625157143067,2013-08-21
22.2,29.82,0.84,5.291625459818286,2013-08-22
21.25,32.81,0.0,5.847979480399321,2013-08-23
21.55,34.63,1.48,6.2482769937064795,2013-08-24
21.88,32.71,0.35,5.751725699870695,2013-08-25
22.67,35.93,1.72,5.893344711402123,2013-08-26
23.18,35.08,5.4,5.430400121011946,2013-08-27
21.47,29.5,14.0,4.933372307841087,2013-08-28
21.9,36.5,0.15,7.035563511363765,2013-08-29
23.5,33.0,2.2,4.786625287220714,2013-08-30
22.6,28.69,8.22,3.205644441008587,2013-08-31
21.88,25.73,8.17,3.111804762723865,2013-09-01
21.79,28.11,0.73,4.373134018849668,2013-09-02
21.97,28.25,6.71,4.174794049919254,2013-09-03
21.8,26.91,7.95,3.883853689311373,2013-09-04
21.0,29.38,4.4,4.488826648823117,2013-09-05
20.74,30.97,0.16,5.054592457038391,2013-09-06
20.88,32.08,0.54,4.988111323518883,2013-09-07
23.02,34.04,1.12,6.087001634416729,2013-09-08
22.88,28.38,4.36,3.8771520979220275,2013-09-09
22.11,28.9,1.7,4.150957992127053,2013-09-10
21.95,30.16,7.37,4.0444439318140555,2013-09-11
20.98,25.22,6.3,3.394232221770679,2013-09-12
19.13,26.66,0.0,4.968965540200195,2013-09-13
19.22,28.91,0.0,4.249523730551343,2013-09-14
21.19,33.0,4.12,4.2307799701081565,2013-09-15
21.58,28.22,0.59,4.488882053551259,2013-09-16
19.44,29.21,0.0,5.045969427954675,2013-09-17
19.87,25.96,0.14,4.392175389322524,2013-09-18
18.87,27.54,0.32,3.470756205948808,2013-09-19
19.21,25.94,2.23,4.195214892805742,2013-09-20
18.16,27.04,0.11,4.455061685415772,2013-09-21
19.68,26.05,7.76,3.7879269515073033,2013-09-22
18.12,26.89,0.05,3.9393621917716404,2013-09-23
17.16,28.64,0.0,4.357679722196722,2013-09-24
18.48,33.06,0.09,5.304775471524611,2013-09-25
19.1,30.11,0.02,4.529424385561664,2013-09-26
17.55,30.69,0.0,4.364701094730701,2013-09-27
19.08,33.89,0.0,5.125273752457474,2013-09-28
20.9,29.46,1.04,3.4612740662282837,2013-09-29
21.48,28.27,0.34,5.1179407532787495,2013-09-30
21.24,29.22,0.26,4.8491859839355085,2013-10-01
21.62,30.31,0.02,4.305569701289359,2013-10-02
21.38,28.88,14.17,3.6219568207205945,2013-10-03
22.87,30.72,8.03,4.853027142880753,2013-10-04
22.44,32.2,3.45,4.947350138268067,2013-10-05
19.7,25.49,4.78,2.6433721240446477,2013-10-06
18.13,26.41,0.05,2.964149877172985,2013-10-07
17.52,26.74,0.19,3.053329780336785,2013-10-08
17.59,26.69,0.56,2.9610542097754244,2013-10-09
19.65,25.54,1.32,2.7425403358351685,2013-10-10
18.32,28.08,0.88,3.4293334507109794,2013-10-11
19.59,30.91,0.61,4.344209694578842,2013-10-12
19.66,27.41,0.02,2.7953898667054577,2013-10-13
20.14,28.56,0.01,2.9010190301592678,2013-10-14
19.56,27.21,0.01,2.4102274143249702,2013-10-15
20.41,27.25,0.0,4.613773324197667,2013-10-16
18.97,26.9,0.0,4.2564700085662155,2013-10-17
18.26,28.37,0.0,3.6030623614520216,2013-10-18
18.82,30.7,0.0,4.040399694875104,2013-10-19
19.31,30.59,0.0,5.124274006690228,2013-10-20
19.73,29.18,0.0,4.801951008384515,2013-10-21
17.77,29.0,0.0,5.0171863125937275,2013-10-22
17.81,28.76,0.0,4.4997331485022585,2013-10-23
19.18,27.49,0.0,3.063056042562054,2013-10-24
17.94,29.71,0.0,5.349345488887184,2013-10-25
18.86,27.66,0.0,3.7810994103252664,2013-10-26
17.8,28.33,0.0,3.3372524172606575,2013-10-27
17.41,28.55,0.05,3.2420245727155637,2013-10-28
14.78,29.91,0.0,5.124061323500008,2013-10-29
15.96,25.4,2.7,2.4222500308790997,2013-10-30
16.64,23.72,6.53,2.0917780064036706,2013-10-31
14.93,24.02,1.81,2.8189054988841673,2013-11-01
14.93,23.04,2.1,2.2947647389923373,2013-11-02
13.85,26.28,0.0,2.79848206378522,2013-11-03
14.56,27.04,0.26,3.5847209689119475,2013-11-04
17.85,21.73,9.46,3.6740503409658545,2013-11-05
19.53,22.63,1.1,3.6832872583576948,2013-11-06
16.63,24.75,0.35,2.829676818700286,2013-11-07
13.18,27.36,0.0,2.5672410373986274,2013-11-08
16.07,23.03,4.98,1.8817188174558916,2013-11-09
17.08,20.86,3.01,2.542892762258545,2013-11-10
14.51,17.82,11.15,3.6064353853438424,2013-11-11
12.97,16.91,5.88,1.6430337859019581,2013-11-12
12.73,19.73,2.95,1.836563043259964,2013-11-13
13.86,20.13,4.1,1.7736868359873361,2013-11-14
12.44,18.28,7.23,2.0777968094927513,2013-11-15
11.73,20.58,0.0,2.0463025563173542,2013-11-16
11.56,22.35,0.32,2.4824915768740707,2013-11-17
12.38,23.81,2.94,2.835415335480467,2013-11-18
9.23,19.47,0.22,2.9414642904292974,2013-11-19
13.05,18.66,1.58,2.5128135084081613,2013-11-20
10.27,15.61,1.52,1.9641751573588804,2013-11-21
7.53,16.94,1.65,2.6386408533247043,2013-11-22
8.67,14.66,1.43,2.078227861394143,2013-11-23
9.0,13.79,5.23,1.612517516721979,2013-11-24
11.23,15.7,1.17,1.9036545293328366,2013-11-25
8.68,14.28,0.43,2.144032134770524,2013-11-26
8.82,12.63,1.39,1.3764276455213005,2013-11-27
8.26,13.69,0.9,1.2853857241490048,2013-11-28
8.69,12.78,0.48,1.0704306025782229,2013-11-29
9.62,14.2,0.39,1.7823782970388682,2013-11-30
10.52,13.94,0.9,1.3426673409030614,2013-12-01
9.73,15.02,3.4,1.2572376536488812,2013-12-02
9.44,16.82,0.75,1.3384473703764372,2013-12-03
10.12,16.46,1.59,1.0365898362963109,2013-12-04
9.79,17.09,0.64,1.4629134017954102,2013-12-05
12.45,15.82,1.35,2.3059748996213796,2013-12-06
12.53,16.28,0.33,2.097600695275818,2013-12-07
9.17,17.59,0.02,1.5416232788526136,2013-12-08
7.48,17.88,0.0,1.3172548079034108,2013-12-09
10.47,16.95,0.01,1.426977475370295,2013-12-10
10.42,16.78,0.05,1.2230224742361977,2013-12-11
8.57,16.65,0.0,1.1168990900168412,2013-12-12
7.27,17.02,0.0,1.3195561413125674,2013-12-13
6.79,16.04,0.0,1.1833807510517427,2013-12-14
8.46,16.48,0.01,1.3612122908384694,2013-12-15
10.07,16.19,0.0,1.3225418329804626,2013-12-16
8.32,16.15,0.02,1.227244960750002,2013-12-17
8.52,16.41,0.07,1.5797493185471911,2013-12-18
8.52,16.18,0.66,1.2722239151937726,2013-12-19
7.22,16.97,0.62,1.555877613554744,2013-12-20
11.33,17.21,0.78,1.3581226624523846,2013-12-21
12.86,15.92,8.76,0.7504589530000417,2013-12-22
11.37,16.08,3.1,1.0508124025751493,2013-12-23
9.83,16.3,1.24,1.1107541807007228,2013-12-24
7.71,19.93,0.24,2.5947138596040715,2013-12-25
10.69,13.63,20.93,2.1847012557514986,2013-12-26
10.99,14.69,1.76,2.553220680921172,2013-12-27
9.2,16.71,0.13,1.163023965861529,2013-12-28
9.16,14.33,1.52,0.9896622716631847,2013-12-29
9.34,13.31,0.41,1.4763939012906833,2013-12-30
8.07,14.58,0.33,1.951172780159763,2013-12-31
8.81,15.68,0.01,1.4085854550241634,2014-01-01
5.37,17.53,0.0,1.7408798771979994,2014-01-02
8.71,18.73,0.0,1.7203402609197727,2014-01-03
9.58,20.77,0.0,2.2170981969116323,2014-01-04
10.93,14.49,0.92,2.565482898956045,2014-01-05
10.37,15.84,0.17,1.9336069109207565,2014-01-06
7.2,16.44,0.0,1.34558908402447,2014-01-07
6.09,17.7,0.0,1.7346698910737475,2014-01-08
5.75,18.52,0.0,1.6197720653182,2014-01-09
6.89,19.79,0.0,1.6965797121245432,2014-01-10
7.14,18.32,0.0,1.3628880389533735,2014-01-11
9.47,16.89,0.48,1.279345925362713,2014-01-12
9.9,16.65,2.44,1.1838402520279507,2014-01-13
9.81,13.56,4.92,1.0098668073563484,2014-01-14
9.03,14.01,1.33,1.5437494610477467,2014-01-15
8.32,16.28,0.01,1.9806693772489359,2014-01-16
6.73,18.47,0.0,2.6371744203641088,2014-01-17
5.43,18.49,0.03,2.7633096398334014,2014-01-18
9.1,18.09,0.29,2.6670303248112472,2014-01-19
9.28,14.46,1.05,2.6069233997202423,2014-01-20
8.41,13.76,1.31,2.067481347620554,2014-01-21
7.04,16.71,0.33,2.0009523905938376,2014-01-22
7.01,16.77,0.71,1.7610972932712263,2014-01-23
10.85,14.05,3.85,2.2517252840723154,2014-01-24
10.22,13.86,19.24,2.7307066977770234,2014-01-25
8.57,15.94,0.83,2.1074425809632333,2014-01-26
9.42,16.48,2.18,1.3877760467737736,2014-01-27
8.14,12.33,11.54,1.516026772372118,2014-01-28
4.88,16.28,0.18,2.1441890324248623,2014-01-29
7.43,16.35,0.04,1.7887825996385696,2014-01-30
9.76,13.01,12.14,1.0717741609006224,2014-01-31
8.8,14.3,0.07,1.904668638157576,2014-02-01
9.5,14.82,4.18,2.3560907990711706,2014-02-02
8.22,14.08,0.27,2.335994536745046,2014-02-03
3.73,15.4,0.73,1.764303054116247,2014-02-04
5.2,17.11,0.71,1.8877524231831568,2014-02-05
9.67,17.93,0.77,2.0843643586491716,2014-02-06
8.11,19.28,1.52,2.345988510795476,2014-02-07
8.64,16.57,0.99,2.4749561859422426,2014-02-08
7.04,17.26,0.31,2.4169622228318364,2014-02-09
10.37,19.33,1.39,2.98589756854995,2014-02-10
8.7,13.22,8.75,1.7272560589665482,2014-02-11
7.85,14.74,2.03,2.298682369203323,2014-02-12
9.06,17.55,0.01,2.4239273169430726,2014-02-13
11.04,20.06,0.12,2.2103504721256075,2014-02-14
9.57,24.45,0.0,3.1727716488271476,2014-02-15
9.46,24.35,0.0,3.535253626064479,2014-02-16
8.04,24.28,0.0,4.247952267074909,2014-02-17
10.24,21.19,0.03,3.034385354586912,2014-02-18
9.34,18.01,0.03,1.9555882761846748,2014-02-19
10.41,15.32,0.19,1.9129393999268773,2014-02-20
10.09,17.47,0.27,2.3486425306006287,2014-02-21
9.79,15.76,0.92,1.9219408042968416,2014-02-22
8.74,16.26,0.05,2.7917619930847084,2014-02-23
4.52,18.28,0.0,2.377568894248809,2014-02-24
5.62,18.13,0.02,2.239911669056391,2014-02-25
8.67,16.34,0.85,1.8879451714086846,2014-02-26
8.74,14.63,0.66,1.9731274374556806,2014-02-27
7.44,15.72,0.71,2.6231566300896816,2014-02-28
8.58,12.5,10.33,2.2182101054742014,2014-03-01
7.8,14.43,4.75,2.1432829751433222,2014-03-02
8.33,17.92,4.0,2.688117076860263,2014-03-03
7.7,13.35,10.08,2.066332932225832,2014-03-04
9.53,13.97,5.95,2.4583694412348587,2014-03-05
8.23,14.5,2.56,2.062277369594853,2014-03-06
8.55,15.49,1.94,2.138689695448293,2014-03-07
8.52,15.9,2.56,2.2291937728843263,2014-03-08
9.01,14.06,6.97,1.611838143678628,2014-03-09
8.19,13.78,4.98,1.693575115513893,2014-03-10
7.87,13.28,3.76,1.9021593131196075,2014-03-11
7.22,16.37,0.03,2.4304043557300137,2014-03-12
8.53,14.45,9.77,1.1833364837810703,2014-03-13
11.7,15.69,9.11,1.3557015041300786,2014-03-14
10.33,15.67,12.65,1.517369775176131,2014-03-15
9.44,17.15,1.64,2.3657763084688543,2014-03-16
10.41,17.94,1.3,2.566534233206966,2014-03-17
7.76,22.3,0.0,2.9867367656682946,2014-03-18
8.91,21.21,0.02,2.8447577870748693,2014-03-19
10.68,21.99,0.37,3.017219923105747,2014-03-20
11.29,21.49,1.85,2.7764518468581203,2014-03-21
12.02,21.61,0.07,3.5296105095499057,2014-03-22
11.28,21.41,0.37,3.793475836979686,2014-03-23
8.93,16.39,0.04,3.6940575096475117,2014-03-24
7.62,16.7,1.57,2.7561242285592895,2014-03-25
7.78,13.72,5.02,1.88071752440197,2014-03-26
6.9,15.69,1.96,2.8978128374466405,2014-03-27
7.67,17.86,0.0,3.1948244999608084,2014-03-28
7.05,18.92,0.0,3.2315273407665694,2014-03-29
11.62,18.3,0.1,2.8198918073545216,2014-03-30
10.97,17.25,0.74,2.0007224363374116,2014-03-31
8.91,22.27,0.0,3.3312226295192464,2014-04-01
9.24,25.21,0.0,4.317781283594358,2014-04-02
11.82,25.45,0.26,5.350138735576075,2014-04-03
10.93,19.05,3.0,3.4290038110072563,2014-04-04
13.33,18.95,3.62,3.5217456737603254,2014-04-05
12.99,19.59,0.66,3.532372346144926,2014-04-06
11.63,20.91,0.0,3.6219617929156853,2014-04-07
10.35,23.07,0.0,3.6932552917870876,2014-04-08
10.51,22.42,0.0,4.1384108852096695,2014-04-09
9.86,20.16,0.0,3.6436744187783496,2014-04-10
8.5,24.15,0.0,3.7749788165763167,2014-04-11
12.09,23.7,0.28,3.718020560301436,2014-04-12
12.41,21.02,0.01,3.15386400816523,2014-04-13
11.89,20.71,0.13,3.2880914112426924,2014-04-14
10.06,20.99,0.0,3.385454725833667,2014-04-15
10.69,18.64,0.0,3.8222750718158083,2014-04-16
9.48,17.41,0.01,4.291377192966889,2014-04-17
7.75,19.31,0.0,4.482446988477082,2014-04-18
9.77,26.11,0.0,5.27512831672899,2014-04-19
13.95,27.3,0.0,3.9509617436640445,2014-04-20
12.8,25.28,0.0,4.51772691270999,2014-04-21
14.56,21.85,10.56,2.4056583454925353,2014-04-22
15.02,22.13,0.05,4.494390358944962,2014-04-23
14.17,22.55,0.01,4.987458518235102,2014-04-24
11.78,23.88,3.42,4.6382884947031044,2014-04-25
13.1,19.13,2.34,3.4702381345556637,2014-04-26
11.01,22.08,0.12,4.176602037878475,2014-04-27
11.13,20.72,0.0,4.384059944031638,2014-04-28
11.13,21.56,0.0,4.713294940117788,2014-04-29
10.81,24.53,0.0,4.583217369989186,2014-04-30
11.83,22.57,0.0,4.788720378552531,2014-05-01
11.92,23.7,9.83,4.447028403704797,2014-05-02
12.78,18.55,5.74,3.5185262601939766,2014-05-03
13.48,19.7,0.32,4.77518457381446,2014-05-04
12.95,21.1,0.29,4.623692564134013,2014-05-05
10.89,23.68,0.0,4.87127075050862,2014-05-06
13.0,29.09,0.0,5.828952293756447,2014-05-07
12.94,24.19,0.36,4.360122072545207,2014-05-08
11.76,25.06,0.19,4.981536459734732,2014-05-09
13.14,25.96,0.04,5.464934954586993,2014-05-10
13.61,30.64,0.0,5.691692853482876,2014-05-11
15.05,27.71,0.0,5.6414865081508845,2014-05-12
15.58,29.64,0.0,7.5623500050040615,2014-05-13
13.55,21.08,0.0,5.945135816117619,2014-05-14
13.73,21.22,0.09,5.301016207012295,2014-05-15
13.39,22.05,2.36,5.245407795026155,2014-05-16
10.69,24.49,0.02,5.469645604944347,2014-05-17
15.15,24.26,0.29,4.654764381498048,2014-05-18
14.89,25.51,2.77,4.141443640478992,2014-05-19
16.03,29.36,0.0,5.8569026954954895,2014-05-20
17.29,29.02,0.56,6.127710990811657,2014-05-21
17.72,28.94,10.74,4.761161356379133,2014-05-22
16.56,22.21,2.18,3.701404741095299,2014-05-23
16.06,24.19,0.01,4.438864617335905,2014-05-24
16.2,25.39,0.66,4.93929460038051,2014-05-25
16.01,27.93,0.12,4.999018864347694,2014-05-26
15.42,21.89,0.13,3.9454594817471476,2014-05-27
15.24,21.5,4.7,3.6702456926851887,2014-05-28
13.08,24.42,2.17,4.9620743736424044,2014-05-29
15.83,24.05,0.52,5.807514589811798,2014-05-30
13.81,27.6,0.07,5.070855912980608,2014-05-31
16.35,23.09,0.84,3.451898808151908,2014-06-01
16.77,23.56,1.22,4.604826198563948,2014-06-02
15.86,24.39,0.01,5.911643262942521,2014-06-03
15.37,27.29,0.0,6.318882619152252,2014-06-04
15.14,33.77,0.0,6.973028285200346,2014-06-05
18.62,35.65,0.0,7.676668965059955,2014-06-06
20.56,32.64,0.0,6.246157133464992,2014-06-07
18.82,31.1,0.0,6.655578374418581,2014-06-08
18.0,30.01,0.0,6.317517514125646,2014-06-09
18.05,31.93,0.03,6.472544292095136,2014-06-10
19.33,31.98,0.0,6.5946363184968675,2014-06-11
20.79,31.56,0.0,6.060315972158112,2014-06-12
18.8,31.04,0.18,6.44764353889308,2014-06-13
19.54,29.61,2.58,6.667322736686427,2014-06-14
20.43,32.27,2.63,6.764542141193075,2014-06-15
19.99,26.32,4.1,3.7487839313662987,2014-06-16
18.63,26.0,0.74,4.373058736295945,2014-06-17
17.3,28.31,0.96,5.894522506066958,2014-06-18
17.3,28.64,0.0,6.430789584966292,2014-06-19
17.98,29.56,0.0,6.03877531461794,2014-06-20
18.05,33.72,0.01,7.266605673213482,2014-06-21
19.01,33.73,0.0,8.237109122285304,2014-06-22
20.7,36.14,0.0,10.943935063041296,2014-06-23
21.31,39.65,0.03,9.596102757296315,2014-06-24
20.87,29.73,0.28,5.302612434821667,2014-06-25
20.48,28.36,0.0,6.632249411735323,2014-06-26
19.6,29.98,0.0,6.855082177641853,2014-06-27
18.31,36.49,0.0,8.49108238231864,2014-06-28
21.95,36.93,0.01,9.770281473487945,2014-06-29
19.49,28.44,0.01,7.632496186260741,2014-06-30
18.25,30.56,0.0,6.903364824392998,2014-07-01
20.55,38.69,0.0,9.80382476632735,2014-07-02
21.4,35.68,0.01,9.35728658654694,2014-07-03
22.43,40.36,0.0,9.49443297893187,2014-07-04
20.82,30.91,0.0,6.891944765645474,2014-07-05
20.3,36.13,0.01,7.4069333593210915,2014-07-06
22.57,37.82,0.01,8.334672517465922,2014-07-07
21.93,30.77,0.0,7.220494183876496,2014-07-08
20.06,30.07,0.0,6.994278251911899,2014-07-09
20.37,27.34,0.0,7.132196356625497,2014-07-10
20.1,27.02,1.57,6.083340669345941,2014-07-11
19.38,29.81,0.0,6.9546359835632305,2014-07-12
19.57,30.32,0.0,6.167267770054718,2014-07-13
20.28,31.24,0.01,6.384427206527922,2014-07-14
19.75,29.13,0.0,6.825833802213969,2014-07-15
19.47,29.86,0.0,6.68803952357658,2014-07-16
19.79,30.42,0.0,6.334522379071321,2014-07-17
20.16,32.5,0.0,6.779684676744248,2014-07-18
20.77,36.32,0.0,8.326908213609963,2014-07-19
22.18,40.24,0.0,8.592501352162042,2014-07-20
21.85,30.17,0.0,6.717768559605764,2014-07-21
20.81,29.62,0.0,7.563686571259706,2014-07-22
21.76,30.3,0.0,7.198499564766491,2014-07-23
20.33,34.41,0.0,6.909646593906182,2014-07-24
22.95,39.11,0.19,8.821291108423274,2014-07-25
23.18,35.82,5.52,8.344163207297072,2014-07-26
21.74,32.18,0.0,7.73509827859324,2014-07-27
22.26,32.36,0.0,7.305892100097836,2014-07-28
22.97,38.64,1.5,10.424341691105768,2014-07-29
21.45,28.88,0.0,7.469222073303573,2014-07-30
20.2,30.68,0.0,7.096355706419165,2014-07-31
20.25,32.66,0.0,7.132615167789429,2014-08-01
21.69,36.42,0.0,8.455166298006507,2014-08-02
22.78,34.57,0.0,7.169080868964545,2014-08-03
21.76,34.08,0.0,6.45837313573526,2014-08-04
21.99,33.52,0.0,6.584249045947909,2014-08-05
22.8,30.64,0.0,7.790581806807269,2014-08-06
21.26,30.61,0.0,7.099711714174889,2014-08-07
21.69,32.94,0.0,6.817311163696593,2014-08-08
21.58,38.27,0.0,9.15935043775594,2014-08-09
23.85,39.64,0.0,9.875570098016121,2014-08-10
24.65,39.97,0.0,8.417690991192458,2014-08-11
22.98,36.22,0.0,6.466136269748195,2014-08-12
23.91,40.57,0.0,9.423890144807116,2014-08-13
23.85,31.74,0.02,7.159734009900685,2014-08-14
22.6,30.15,0.0,7.142079559554071,2014-08-15
21.89,30.66,0.25,5.7328261919493135,2014-08-16
21.76,29.55,0.01,6.873191356527336,2014-08-17
20.46,35.36,0.0,7.623289023062639,2014-08-18
23.39,38.69,0.09,8.7552555583442,2014-08-19
23.74,33.81,2.56,4.842442341731854,2014-08-20
22.72,32.96,0.65,6.280462369894368,2014-08-21
22.39,34.22,0.0,6.281777737886511,2014-08-22
22.88,35.74,0.0,7.910421999672158,2014-08-23
21.85,29.18,0.0,6.307139461931218,2014-08-24
20.01,30.96,0.0,6.21883444273187,2014-08-25
19.47,37.05,0.0,7.587675750120055,2014-08-26
22.54,35.52,0.0,6.745438584508854,2014-08-27
21.71,33.81,0.0,7.411373633973958,2014-08-28
21.3,31.93,0.0,6.047788560728821,2014-08-29
20.83,34.99,0.16,6.12737484059159,2014-08-30
22.15,36.47,1.13,6.62745336779112,2014-08-31
22.39,30.54,0.0,7.682001599229974,2014-09-01
21.08,28.67,0.0,6.8775146401573215,2014-09-02
20.0,29.53,0.0,6.028181605483719,2014-09-03
20.0,31.92,0.0,5.660345482737644,2014-09-04
20.73,31.54,0.0,5.460613823789491,2014-09-05
19.97,31.11,0.0,5.5338866177898565,2014-09-06
20.53,32.57,0.0,5.522096671812921,2014-09-07
22.03,29.04,3.53,3.285296565803638,2014-09-08
20.72,33.77,0.05,5.261865777944343,2014-09-09
23.34,29.57,0.32,3.6680203912973766,2014-09-10
21.23,31.53,1.25,4.983104725208387,2014-09-11
21.37,32.13,0.94,5.320515919118463,2014-09-12
21.48,31.27,0.21,5.089436350581254,2014-09-13
20.54,33.16,0.0,5.148625383159531,2014-09-14
21.64,35.79,0.76,4.9257733055829185,2014-09-15
22.76,34.92,0.64,5.682228449221683,2014-09-16
23.08,33.35,0.21,5.376210809730101,2014-09-17
24.79,35.46,0.1,7.247101253310164,2014-09-18
26.08,38.88,0.01,9.151021078595333,2014-09-19
25.03,34.65,0.14,4.9149067285430545,2014-09-20
24.51,35.81,0.08,5.507199667795244,2014-09-21
23.97,35.63,0.2,5.029973806550891,2014-09-22
22.32,30.03,1.74,4.9110282238028296,2014-09-23
20.62,32.04,10.86,5.170854414920413,2014-09-24
22.14,28.52,3.43,3.683485131233732,2014-09-25
19.12,25.52,0.01,4.127685828886638,2014-09-26
18.69,27.35,0.03,4.353570620667036,2014-09-27
18.66,28.51,0.0,5.152600378603736,2014-09-28
18.67,29.47,0.0,5.2726907339029285,2014-09-29
20.18,30.38,0.03,5.887419814968657,2014-09-30
19.65,32.44,0.24,4.582842936838905,2014-10-01
22.07,26.14,1.49,3.2871722435952297,2014-10-02
20.42,23.5,12.2,1.9237903274281043,2014-10-03
19.22,21.33,11.7,2.1165326077042863,2014-10-04
18.55,23.59,9.96,2.9232322966122677,2014-10-05
18.3,25.09,2.74,3.3107348619792125,2014-10-06
15.81,30.75,0.0,4.667066033499227,2014-10-07
17.36,33.09,0.0,5.3203157464579105,2014-10-08
18.62,33.68,0.0,5.596921265626672,2014-10-09
18.13,33.91,0.0,5.468827670967518,2014-10-10
20.42,32.66,0.08,4.305283200339263,2014-10-11
20.09,34.6,0.02,5.461420994638242,2014-10-12
20.45,29.1,0.04,4.532646012455428,2014-10-13
19.09,34.96,0.08,6.13016213887554,2014-10-14
19.61,26.52,0.71,3.366881982009131,2014-10-15
19.14,27.71,0.0,3.1241145826597756,2014-10-16
18.8,31.97,0.0,4.590948979519129,2014-10-17
18.23,31.95,0.0,3.8205209334682557,2014-10-18
19.2,28.98,0.0,3.319575428599833,2014-10-19
18.77,27.42,0.04,2.9280119063576153,2014-10-20
15.58,28.35,0.0,3.72700578387104,2014-10-21
18.19,24.08,0.46,5.09380505542842,2014-10-22
17.63,21.29,0.64,4.916644905680227,2014-10-23
16.85,23.66,0.09,4.101963158305229,2014-10-24
15.17,25.41,0.0,3.0781207121344742,2014-10-25
17.04,24.08,1.24,2.595832195652682,2014-10-26
16.83,21.04,2.14,1.9663257882362009,2014-10-27
14.63,22.28,0.58,2.1249660279947924,2014-10-28
14.05,23.63,0.43,2.2374182293498763,2014-10-29
14.46,22.81,0.25,2.5219237500001275,2014-10-30
14.7,22.38,0.16,2.635677378274124,2014-10-31
16.14,22.09,0.02,2.5504633593919537,2014-11-01
13.09,22.8,0.03,2.2136578390061175,2014-11-02
11.4,25.33,0.0,3.9925756660136553,2014-11-03
12.27,26.51,0.0,5.084660401270085,2014-11-04
13.83,23.86,0.11,3.0919423941758057,2014-11-05
13.66,16.18,31.69,1.310914371877002,2014-11-06
14.57,19.13,8.99,3.5502639282640374,2014-11-07
14.78,21.51,0.67,3.1193189420709824,2014-11-08
12.35,25.34,0.0,3.098333601389657,2014-11-09
14.49,22.08,0.07,2.687936458116596,2014-11-10
14.34,20.82,5.25,1.3157567520914364,2014-11-11
12.88,21.14,1.49,2.4502142742131445,2014-11-12
14.19,21.64,0.46,2.6184630025690976,2014-11-13
12.13,25.35,0.0,2.5316379035620873,2014-11-14
13.41,26.34,0.09,3.324753961262254,2014-11-15
14.56,20.72,0.03,2.4256809695832593,2014-11-16
11.92,23.51,0.0,2.4199260070077586,2014-11-17
14.18,21.61,0.03,1.9943858966263512,2014-11-18
11.71,23.55,0.0,2.042856396578645,2014-11-19
12.46,23.23,0.01,1.875955147619219,2014-11-20
11.87,25.33,0.0,2.289574060779872,2014-11-21
14.89,25.15,0.0,2.3939774812199217,2014-11-22
13.87,26.41,0.0,3.610147638643974,2014-11-23
14.5,25.87,0.0,2.787713863456129,2014-11-24
14.28,22.42,0.02,2.132437272740982,2014-11-25
13.86,23.32,0.1,2.3727544883429816,2014-11-26
12.52,22.73,0.05,2.210310303643691,2014-11-27
13.49,24.99,0.0,4.1837906682553925,2014-11-28
15.72,23.01,0.02,3.997223771288785,2014-11-29
15.52,25.81,1.28,4.960703853635283,2014-11-30
12.03,21.93,0.0,3.66336163331054,2014-12-01
12.03,21.75,0.23,2.620650357403029,2014-12-02
12.67,19.55,0.74,1.685349830485842,2014-12-03
11.69,22.27,0.04,2.3071340040714357,2014-12-04
11.45,18.73,1.44,2.064319825251342,2014-12-05
11.19,17.73,0.66,2.068791924344997,2014-12-06
9.77,14.74,4.74,1.5225510347394484,2014-12-07
12.31,15.67,3.84,2.4777148977055607,2014-12-08
10.69,14.11,11.98,1.537779820774035,2014-12-09
11.54,16.74,2.03,2.3087861383002957,2014-12-10
12.49,16.2,4.07,2.5877522572116636,2014-12-11
10.87,17.59,0.33,2.200330897163257,2014-12-12
6.86,18.99,0.0,1.914871380251765,2014-12-13
5.49,19.01,0.01,2.22452074017935,2014-12-14
8.98,19.64,0.0,2.4404956033695004,2014-12-15
8.61,18.03,0.5,1.986933974407345,2014-12-16
11.3,15.92,5.3,1.5475361082625703,2014-12-17
12.42,16.09,9.33,1.3895491976169903,2014-12-18
11.83,17.8,0.6,1.333767234609912,2014-12-19
13.29,18.22,1.66,1.9380487009800995,2014-12-20
13.12,16.75,0.51,2.167651187182331,2014-12-21
11.97,16.85,0.26,1.3462773094771026,2014-12-22
7.44,17.58,0.0,1.2924588734775098,2014-12-23
7.58,16.89,0.0,1.1916055100422478,2014-12-24
7.87,15.3,0.12,1.4078811406667784,2014-12-25
12.68,15.61,2.01,2.547700535638427,2014-12-26
11.26,15.05,2.47,2.0013711843546895,2014-12-27
9.34,16.01,12.37,2.3321078048185604,2014-12-28
8.54,12.67,2.2,2.1444991945071217,2014-12-29
6.73,11.53,3.74,2.578506533619219,2014-12-30
4.83,8.17,19.61,1.9214403886551674,2014-12-31
4.76,12.66,3.99,1.83613622593403,2015-01-01
7.76,13.62,0.15,1.720271827929986,2015-01-02
7.51,16.79,0.01,1.7302903505989857,2015-01-03
11.26,17.88,0.13,2.2710059444231434,2015-01-04
10.08,16.62,0.25,1.8057221340744012,2015-01-05
4.56,15.66,0.0,1.2563422227092151,2015-01-06
8.71,16.0,0.0,1.195466452437101,2015-01-07
8.58,16.48,0.0,1.2734666478823085,2015-01-08
8.83,16.46,0.0,1.825286853650612,2015-01-09
12.12,17.97,0.0,2.2940808493547227,2015-01-10
11.22,18.94,0.35,2.485164484801008,2015-01-11
9.23,16.87,0.03,1.947545785836555,2015-01-12
5.38,19.33,0.0,2.233457549952116,2015-01-13
8.25,19.61,0.21,2.043298166276049,2015-01-14
7.94,20.4,0.35,1.99413044931112,2015-01-15
10.91,21.59,0.25,2.469267841329419,2015-01-16
9.07,17.03,0.13,1.7429861345943274,2015-01-17
7.88,11.99,10.52,0.8508484259968633,2015-01-18
5.53,14.08,0.01,1.5939218561701056,2015-01-19
4.57,15.83,0.36,1.8345991784407838,2015-01-20
7.07,15.43,0.78,1.5031842595045755,2015-01-21
4.8,13.89,0.35,1.6088238532356194,2015-01-22
8.34,12.78,5.47,1.4821674046111653,2015-01-23
10.25,12.63,7.89,1.7453777216652189,2015-01-24
7.03,11.36,3.6,1.288407084148031,2015-01-25
7.96,11.31,18.14,0.9401294066488987,2015-01-26
8.66,12.93,7.22,1.7217247902356525,2015-01-27
7.5,12.93,4.14,2.1468107786355937,2015-01-28
6.83,13.93,1.0,1.5363855607387542,2015-01-29
7.59,17.61,8.25,1.934215088496149,2015-01-30
10.92,18.38,3.57,2.2021956298081227,2015-01-31
8.24,12.12,6.08,1.996915822187758,2015-02-01
7.07,11.6,2.48,2.147112297751915,2015-02-02
4.52,15.93,0.47,2.3516432468232797,2015-02-03
5.61,19.12,0.52,2.989023061221008,2015-02-04
6.11,11.53,1.4,1.920122762536118,2015-02-05
5.85,12.04,0.88,2.420425657078075,2015-02-06
4.47,11.32,0.48,1.8676309662834234,2015-02-07
5.15,11.68,4.66,1.5891060358782791,2015-02-08
5.65,10.46,3.76,2.1125257385714336,2015-02-09
5.82,14.69,0.0,2.125715697659967,2015-02-10
6.1,17.0,0.0,1.820749858476607,2015-02-11
6.24,16.68,0.01,2.023791746333074,2015-02-12
7.18,15.93,0.19,1.504572579751722,2015-02-13
7.0,14.33,0.49,1.410878111488619,2015-02-14
8.35,15.28,0.44,1.7049433785682055,2015-02-15
7.48,14.0,7.14,1.44356452118016,2015-02-16
7.02,14.49,4.91,1.6087230442465612,2015-02-17
7.1,12.76,1.77,1.3183355902650427,2015-02-18
7.71,13.92,3.61,1.368995759770303,2015-02-19
7.1,14.6,0.47,1.832426849265909,2015-02-20
9.69,15.09,8.37,1.3923148390836448,2015-02-21
9.09,13.03,11.11,1.5725271414470476,2015-02-22
10.36,13.91,5.23,2.4572561687779144,2015-02-23
9.88,15.15,2.3,2.6103474412246026,2015-02-24
9.15,11.61,29.01,2.091943248896026,2015-02-25
10.27,13.65,13.64,1.8598156960810004,2015-02-26
9.12,14.06,3.02,1.9565228926885032,2015-02-27
7.74,12.0,4.6,1.2973238223168524,2015-02-28
6.83,14.6,1.28,1.9651890971313535,2015-03-01
7.66,18.89,0.0,2.59159625691086,2015-03-02
11.12,20.44,0.0,2.833122867971411,2015-03-03
10.36,23.86,0.31,3.278037798522796,2015-03-04
9.46,12.4,2.23,3.153716615488588,2015-03-05
9.44,12.38,1.49,3.1000748869966164,2015-03-06
7.48,12.39,1.59,2.559891629554092,2015-03-07
7.55,11.18,22.37,1.4709389889613507,2015-03-08
8.17,12.87,12.31,1.656516987485937,2015-03-09
6.85,13.91,0.3,2.0377653250489765,2015-03-10
7.71,16.15,0.21,2.32611898716583,2015-03-11
7.81,17.74,0.08,2.771051100195436,2015-03-12
7.56,15.76,0.0,2.6576422221601046,2015-03-13
5.04,18.02,0.09,2.7455966977601878,2015-03-14
8.08,13.88,1.16,1.1654162612247416,2015-03-15
8.95,17.04,1.25,1.3677293600801532,2015-03-16
7.98,15.48,0.06,2.375999203576114,2015-03-17
6.26,17.38,0.0,2.646614706580103,2015-03-18
7.4,18.7,0.02,2.970825463193664,2015-03-19
9.98,18.03,0.18,2.7479047199690956,2015-03-20
12.81,14.94,0.47,1.681764855477349,2015-03-21
10.04,19.71,0.52,3.0511894980710026,2015-03-22
8.63,21.62,0.15,3.2553266004443318,2015-03-23
11.54,17.58,30.39,1.614352370319325,2015-03-24
10.48,20.86,0.19,3.637440490773384,2015-03-25
10.91,15.06,9.88,1.9746421288730416,2015-03-26
11.48,14.42,0.25,3.310598302748089,2015-03-27
10.52,17.56,0.02,3.368448207860541,2015-03-28
9.95,17.68,0.06,3.0673157669540805,2015-03-29
12.14,19.32,0.0,3.520564429211523,2015-03-30
13.05,19.44,0.0,3.62206829106001,2015-03-31
11.1,18.09,0.0,3.571884370773764,2015-04-01
10.78,16.68,0.0,3.419543065493185,2015-04-02
9.15,17.75,0.0,3.249924171789711,2015-04-03
8.09,22.09,0.0,3.543633594331218,2015-04-04
9.38,18.22,0.01,3.2819964734611853,2015-04-05
8.42,16.66,0.06,3.0974572635755426,2015-04-06
7.6,15.06,0.0,3.7410097225946473,2015-04-07
7.72,15.2,0.01,3.4979703541876623,2015-04-08
7.32,17.15,0.0,3.3482294732257927,2015-04-09
6.41,21.28,0.0,4.2567910946636776,2015-04-10
7.46,23.32,0.0,4.547078579023755,2015-04-11
9.36,22.77,0.0,4.412703479050629,2015-04-12
11.14,20.34,0.0,3.687507191538799,2015-04-13
7.74,21.75,0.0,3.616847863724967,2015-04-14
8.53,24.34,0.0,4.802081058563701,2015-04-15
9.08,27.6,0.0,4.907389069764933,2015-04-16
13.26,25.88,0.0,4.791946883353788,2015-04-17
12.27,25.52,0.09,4.5201186705012,2015-04-18
13.24,22.93,0.01,3.9600907616086105,2015-04-19
11.81,22.7,0.02,3.628754213386177,2015-04-20
11.36,20.49,0.0,3.4507342079575976,2015-04-21
11.16,23.46,0.0,4.268135597373309,2015-04-22
13.54,28.23,0.0,5.091650567818944,2015-04-23
14.23,22.91,0.01,4.077834734359616,2015-04-24
12.95,24.16,0.0,4.1343401439535326,2015-04-25
14.31,25.16,0.05,4.69105039360461,2015-04-26
14.16,21.63,2.14,3.8855598868646903,2015-04-27
12.59,22.35,0.03,4.955399154875684,2015-04-28
11.12,23.46,0.02,4.522138422886008,2015-04-29
11.19,23.17,0.0,4.358969506865344,2015-04-30
10.99,29.14,0.0,5.307040847675759,2015-05-01
15.73,29.21,0.0,5.760177451240986,2015-05-02
15.7,35.48,0.0,6.492028979312572,2015-05-03
18.73,37.2,0.0,7.843763419278742,2015-05-04
19.16,34.08,0.0,7.161135532788871,2015-05-05
17.28,29.74,0.0,5.540814558557013,2015-05-06
16.91,27.29,0.0,5.754667703354986,2015-05-07
15.34,33.05,0.0,7.0210502103848516,2015-05-08
16.59,25.09,0.0,5.908876130520998,2015-05-09
16.27,25.42,0.0,6.048946551669057,2015-05-10
14.2,26.93,0.03,5.245962354840722,2015-05-11
15.37,27.78,0.0,5.524685046534043,2015-05-12
14.62,28.68,0.0,5.721113376077771,2015-05-13
15.86,33.64,0.0,6.641302808018442,2015-05-14
17.22,34.0,0.02,9.768223747941656,2015-05-15
14.5,20.22,7.19,3.937245405623594,2015-05-16
13.78,21.7,6.89,3.870675575031421,2015-05-17
16.91,25.36,0.67,5.461295512363713,2015-05-18
14.99,32.9,0.0,6.228825332090291,2015-05-19
16.95,29.47,1.17,6.3460046817861375,2015-05-20
14.17,18.57,1.66,4.192196785696406,2015-05-21
13.72,20.77,0.03,5.5757170912924385,2015-05-22
12.81,22.41,0.0,5.116107069832624,2015-05-23
12.26,24.41,0.0,5.291084739608747,2015-05-24
14.68,24.53,0.38,4.693890771965319,2015-05-25
15.89,23.02,2.46,4.307507046467059,2015-05-26
15.22,22.61,1.18,4.991920390727232,2015-05-27
14.69,23.95,0.03,5.392503752071037,2015-05-28
12.72,28.99,0.01,6.837597796066648,2015-05-29
17.53,25.15,0.16,4.521671835139064,2015-05-30
16.24,26.2,0.18,5.395801039036978,2015-05-31
14.51,27.2,0.0,5.5830603487085435,2015-06-01
15.76,26.89,0.0,5.276949813943617,2015-06-02
16.08,27.89,0.0,5.672711140236175,2015-06-03
17.39,29.05,0.04,6.076029178113967,2015-06-04
17.34,28.88,0.36,5.471808300334969,2015-06-05
16.88,29.22,0.41,5.67806864902064,2015-06-06
17.79,31.49,0.06,6.021459376023683,2015-06-07
18.96,32.48,0.0,6.624302782248051,2015-06-08
19.27,32.36,0.0,6.558226727217907,2015-06-09
19.85,33.46,0.04,7.6261976487423855,2015-06-10
20.27,34.46,0.07,7.815430476369358,2015-06-11
21.09,33.04,0.0,8.723622959616785,2015-06-12
19.1,32.42,0.26,6.584962173015646,2015-06-13
19.54,30.2,0.05,6.475693738779759,2015-06-14
19.29,30.03,0.14,6.17473012448005,2015-06-15
18.98,28.06,0.38,6.027489279234223,2015-06-16
19.51,27.01,0.18,6.60406569944498,2015-06-17
19.25,27.62,0.09,6.8477511911587685,2015-06-18
17.65,27.84,0.01,6.441310318391554,2015-06-19
18.91,27.8,0.09,7.229235160941677,2015-06-20
18.97,27.76,0.41,7.0300855524878525,2015-06-21
17.36,31.81,0.0,6.598035211694948,2015-06-22
18.92,36.54,0.0,7.746067157210355,2015-06-23
21.36,34.01,0.2,7.152292709350844,2015-06-24
19.83,29.55,0.08,5.965697085717538,2015-06-25
20.04,29.25,0.06,6.480611058505518,2015-06-26
19.56,30.28,0.0,7.346747510407257,2015-06-27
19.26,32.32,0.01,7.6909561586364035,2015-06-28
20.21,31.43,0.0,6.357547533153648,2015-06-29
20.59,32.94,0.0,6.5872318054874235,2015-06-30
19.77,34.65,0.0,7.999436266295609,2015-07-01
20.45,33.99,0.0,8.139502966003532,2015-07-02
20.27,33.36,0.01,7.3728196031214175,2015-07-03
21.39,32.18,0.01,6.4076268432366765,2015-07-04
22.42,32.92,0.0,6.3576220320558665,2015-07-05
21.84,35.39,0.0,7.098311770303481,2015-07-06
22.54,35.98,0.0,7.383424735411224,2015-07-07
22.75,36.6,0.0,7.773409342624251,2015-07-08
22.97,31.79,0.0,8.510444674870604,2015-07-09
22.15,30.75,0.0,7.303066662267868,2015-07-10
20.84,31.96,0.0,6.030135900644534,2015-07-11
20.57,33.7,0.0,6.8029768628445835,2015-07-12
21.94,32.95,0.0,7.673583348200277,2015-07-13
22.48,32.27,0.0,7.932637263672739,2015-07-14
21.03,33.38,0.02,6.442253468620079,2015-07-15
21.41,36.43,0.0,8.25511962184718,2015-07-16
23.4,36.47,0.0,8.298077073389011,2015-07-17
22.12,37.39,0.0,8.266121682664084,2015-07-18
23.59,39.05,0.01,7.626589297413221,2015-07-19
23.29,34.13,0.19,7.1998762384966035,2015-07-20
22.94,35.94,0.17,6.698281825201898,2015-07-21
23.41,35.24,0.15,6.661146533137843,2015-07-22
24.05,33.73,1.61,7.520296605428927,2015-07-23
24.36,33.05,2.59,7.271016953222236,2015-07-24
22.94,33.33,0.02,6.525399680832548,2015-07-25
22.88,34.31,0.0,7.238556335552866,2015-07-26
22.32,34.78,0.0,7.546397351128975,2015-07-27
23.51,33.8,0.0,7.71412429290651,2015-07-28
23.65,36.63,0.0,7.986700145735072,2015-07-29
23.77,43.25,0.0,8.191282954959071,2015-07-30
27.16,37.85,0.54,8.187780262999084,2015-07-31
25.91,40.56,0.23,8.194168666893344,2015-08-01
25.81,39.91,1.86,9.037728335005546,2015-08-02
23.13,34.6,2.03,7.0368727296543785,2015-08-03
22.46,32.85,0.02,6.6310042603127854,2015-08-04
22.74,36.6,0.0,6.742845534175161,2015-08-05
24.91,34.59,0.0,7.001866862780117,2015-08-06
23.48,35.46,0.0,6.5413768834638635,2015-08-07
23.15,34.39,0.0,6.108926530905693,2015-08-08
24.09,35.9,0.09,6.556605385494771,2015-08-09
24.58,32.92,1.97,5.213944099046052,2015-08-10
23.84,30.52,1.11,7.096738080020607,2015-08-11
24.08,31.15,1.9,6.836933920141493,2015-08-12
23.22,32.98,0.03,6.540663487275757,2015-08-13
23.17,32.76,0.03,5.752399921802815,2015-08-14
22.4,33.97,0.48,6.570994938810337,2015-08-15
22.09,29.76,7.74,4.817942471525357,2015-08-16
20.7,31.85,0.0,6.178354163940207,2015-08-17
21.94,36.88,2.9,7.154460123874252,2015-08-18
23.56,30.87,3.38,5.703850697662198,2015-08-19
22.17,30.11,0.0,7.123066020599759,2015-08-20
21.08,30.32,0.0,6.349294194624438,2015-08-21
20.82,32.56,0.0,5.945311379824359,2015-08-22
23.03,36.34,0.16,7.654051833522023,2015-08-23
23.36,38.1,0.25,6.971516884859842,2015-08-24
24.19,32.57,0.41,5.66180676864265,2015-08-25
23.28,35.42,0.01,6.237110284388242,2015-08-26
24.73,34.19,0.22,6.510356391543653,2015-08-27
25.19,34.26,1.16,7.057603844637403,2015-08-28
23.33,34.63,0.05,7.536243942228012,2015-08-29
21.7,34.33,0.0,7.616270870599295,2015-08-30
21.1,35.0,0.0,7.756532104701998,2015-08-31
21.5,36.19,0.0,6.887630532190617,2015-09-01
23.96,33.65,5.31,5.3166941833655414,2015-09-02
23.47,37.24,0.04,5.666524843185512,2015-09-03
25.01,39.09,0.03,6.67007280059914,2015-09-04
24.1,31.37,4.8,5.453282801521438,2015-09-05
22.33,29.7,0.29,5.006392898549613,2015-09-06
21.5,29.17,0.0,5.55095769532176,2015-09-07
20.71,27.02,14.79,3.561790860646152,2015-09-08
20.63,25.69,15.24,3.8595361830330206,2015-09-09
19.97,27.82,0.22,4.704077747337276,2015-09-10
18.98,32.5,0.07,5.208083911797,2015-09-11
20.61,34.29,0.02,6.987275076661596,2015-09-12
22.85,35.31,0.39,6.352165232475003,2015-09-13
22.75,36.58,0.28,6.756606177998352,2015-09-14
23.65,37.23,0.14,7.2909803282594305,2015-09-15
23.43,37.96,0.0,9.888298216906087,2015-09-16
23.47,37.97,0.22,7.9852112949589635,2015-09-17
22.58,35.68,0.21,4.7259839619686455,2015-09-18
22.77,33.23,0.4,5.176527595262584,2015-09-19
21.25,26.78,0.26,6.529035273215898,2015-09-20
19.47,26.9,0.03,5.773529542204929,2015-09-21
19.01,28.5,0.01,5.254800847871596,2015-09-22
17.64,31.73,1.98,5.45460651201462,2015-09-23
19.67,25.48,0.53,6.000890863258675,2015-09-24
18.4,25.62,0.44,4.699011212624872,2015-09-25
18.17,25.81,0.52,3.784228491364222,2015-09-26
17.53,25.91,5.26,3.5802270971033505,2015-09-27
17.91,23.81,13.77,2.9366774022843294,2015-09-28
17.46,27.3,0.75,3.794999010073915,2015-09-29
19.31,29.33,5.99,4.480989267305368,2015-09-30
18.52,27.76,10.35,4.412595438421216,2015-10-01
17.78,25.79,0.35,4.271040969106667,2015-10-02
16.43,28.93,0.0,4.843219181511207,2015-10-03
19.4,32.53,0.76,5.241597941612007,2015-10-04
20.34,30.53,0.0,5.070504135860281,2015-10-05
21.42,33.17,7.02,4.72134292632286,2015-10-06
19.7,28.4,0.1,4.508799726279157,2015-10-07
18.77,23.3,19.72,2.2933958918500945,2015-10-08
19.51,27.1,4.02,3.151139869115699,2015-10-09
17.57,24.03,1.99,4.166794680041441,2015-10-10
17.7,25.81,0.02,4.213273528435114,2015-10-11
16.38,30.72,0.0,4.280902976696007,2015-10-12
18.03,32.33,0.04,4.817023100203078,2015-10-13
18.51,28.28,0.5,4.04935708811874,2015-10-14
17.99,23.84,1.67,2.6785395910108867,2015-10-15
17.61,25.36,0.01,3.2913079086468255,2015-10-16
17.4,28.93,0.0,4.135282254476846,2015-10-17
19.19,30.77,0.02,4.709897926531114,2015-10-18
18.41,32.14,0.03,4.265045106004424,2015-10-19
20.01,25.68,6.54,2.5925342203859905,2015-10-20
18.4,25.8,6.57,3.1377565931847067,2015-10-21
16.6,20.01,10.99,2.786434880136908,2015-10-22
15.42,21.14,0.11,3.891885930454906,2015-10-23
14.77,22.24,0.0,2.714215783153223,2015-10-24
13.69,22.91,0.0,2.6090241124513467,2015-10-25
14.76,26.4,1.32,2.9693941546366855,2015-10-26
15.58,26.04,0.16,2.509244317349639,2015-10-27
16.1,27.88,0.74,2.708561271405555,2015-10-28
16.4,23.42,7.21,2.782576807870365,2015-10-29
15.22,21.06,1.24,2.8009313746484508,2015-10-30
15.07,20.3,19.66,1.817183726778328,2015-10-31
15.85,21.59,4.34,2.02297532657021,2015-11-01
16.44,23.16,0.0,2.2299013297836945,2015-11-02
15.48,20.79,0.12,1.9819311210621693,2015-11-03
14.92,23.04,2.15,2.051949535975441,2015-11-04
16.12,22.96,0.07,2.1020952196806793,2015-11-05
15.06,22.29,0.01,2.2309804316802166,2015-11-06
14.4,21.28,0.19,1.8467668097631706,2015-11-07
14.35,21.88,0.14,1.915765523473237,2015-11-08
13.01,22.34,0.0,2.1684664104601477,2015-11-09
13.9,21.81,0.19,2.038821408212253,2015-11-10
15.35,22.11,0.13,1.8794232545698617,2015-11-11
14.86,21.6,0.01,1.570735983061213,2015-11-12
14.63,22.08,0.0,1.7242859707127842,2015-11-13
13.92,21.5,0.01,2.168224246628456,2015-11-14
15.95,20.5,0.03,2.7015272212171566,2015-11-15
15.95,22.1,0.03,2.5031777982088435,2015-11-16
16.36,21.12,0.36,2.3145650014539605,2015-11-17
16.39,21.23,0.45,2.6196747668272513,2015-11-18
15.7,21.43,0.64,2.449911038448665,2015-11-19
16.75,21.52,0.32,3.0240004948258528,2015-11-20
12.25,24.67,0.83,4.18101922506192,2015-11-21
11.94,17.27,0.11,2.6776162852865295,2015-11-22
10.13,17.03,0.56,1.532340477030065,2015-11-23
11.22,14.38,14.58,1.2773189432539656,2015-11-24
11.99,16.75,9.87,2.8387702521371283,2015-11-25
11.72,15.27,20.39,2.5496811376783253,2015-11-26
10.27,14.02,3.65,2.015983265935998,2015-11-27
12.07,16.64,0.88,2.322794688072732,2015-11-28
12.58,16.89,0.43,2.5560925169207795,2015-11-29
13.44,17.86,0.34,2.7005306633510857,2015-11-30
12.56,19.07,0.1,2.1242533131377948,2015-12-01
10.74,18.41,0.1,1.439877393749191,2015-12-02
9.57,16.43,0.03,1.1374653890872561,2015-12-03
10.24,18.05,0.0,1.2554033817537165,2015-12-04
12.04,17.77,0.04,1.0851628071839017,2015-12-05
11.19,19.33,0.22,1.288715402200275,2015-12-06
9.7,20.81,0.02,2.0658176475754835,2015-12-07
8.04,19.51,0.0,1.6880612665578307,2015-12-08
9.46,17.81,0.0,1.197112993742749,2015-12-09
10.97,16.61,0.08,1.5377283106216755,2015-12-10
9.76,17.23,0.0,1.574261030709754,2015-12-11
6.29,16.67,0.01,1.4810470590671687,2015-12-12
5.04,16.92,0.0,1.6327048073566137,2015-12-13
6.91,16.81,0.47,1.233237207917573,2015-12-14
9.37,17.43,0.3,1.1905480246185411,2015-12-15
10.11,18.36,0.53,1.1095776667576238,2015-12-16
11.41,17.5,0.49,1.163948495871298,2015-12-17
9.07,16.62,0.12,0.9594285146819869,2015-12-18
6.8,19.37,0.0,1.6076121063522788,2015-12-19
10.63,17.29,0.01,1.2533964397702706,2015-12-20
10.29,17.39,0.22,1.0794586483233817,2015-12-21
10.81,17.98,0.05,1.0163656962302545,2015-12-22
8.88,19.9,0.02,1.8336288076791771,2015-12-23
7.65,19.27,0.0,1.4391157632908187,2015-12-24
10.3,16.52,0.0,1.492953635016056,2015-12-25
7.2,17.23,0.0,1.390856622180056,2015-12-26
8.97,16.34,0.13,1.1650586586189196,2015-12-27
9.28,16.41,0.2,0.9852007071062022,2015-12-28
5.77,17.87,0.12,1.3399436159298332,2015-12-29
11.27,17.12,17.05,1.173286896909624,2015-12-30
10.07,16.74,0.36,1.0464084951552817,2015-12-31
10.48,17.1,1.87,1.0161237218317405,2016-01-01
8.32,20.51,0.13,2.0687329321698678,2016-01-02
11.58,16.83,1.86,1.8233972190735104,2016-01-03
12.84,20.38,0.48,2.0972869097342466,2016-01-04
13.36,20.52,0.12,2.3285889004818787,2016-01-05
11.18,15.58,1.05,2.0256761730145736,2016-01-06
11.77,16.98,1.09,2.2364408515559475,2016-01-07
10.77,20.4,0.02,2.351795568589668,2016-01-08
9.81,22.58,0.0,2.3607818289847735,2016-01-09
10.48,19.63,0.0,2.2185459047941096,2016-01-10
8.4,21.55,0.0,2.6078520230068993,2016-01-11
11.45,18.73,0.51,2.04427028158434,2016-01-12
8.97,16.45,0.03,2.0394373565449846,2016-01-13
7.06,18.77,0.0,1.8046165301997994,2016-01-14
9.02,15.78,13.65,1.3569283682978632,2016-01-15
8.78,10.12,5.99,2.4089267989574643,2016-01-16
8.45,11.15,3.46,2.5020630309317475,2016-01-17
7.49,13.09,0.38,1.5748620009670142,2016-01-18
6.91,14.95,7.58,2.027547997041654,2016-01-19
7.2,13.47,0.06,1.3197990150933625,2016-01-20
4.59,15.61,0.04,1.4053657076679043,2016-01-21
8.28,15.67,0.25,1.4670687844447192,2016-01-22
7.57,15.5,0.79,1.432615361844788,2016-01-23
9.43,15.33,3.15,1.4289396061672073,2016-01-24
6.78,15.78,0.08,1.5597938010272783,2016-01-25
5.9,17.85,0.0,1.7726508140845025,2016-01-26
7.81,17.46,0.0,1.6286051464302909,2016-01-27
7.12,18.82,0.0,1.8986250140033676,2016-01-28
8.05,18.01,0.0,1.767728170274498,2016-01-29
7.41,18.82,0.17,1.998053461449183,2016-01-30
8.98,17.4,0.04,1.6294030038473268,2016-01-31
12.5,17.4,0.15,1.9155165089695998,2016-02-01
9.86,18.34,0.06,1.7703621308616742,2016-02-02
7.38,19.74,0.02,2.0765661798358126,2016-02-03
9.93,14.4,0.0,3.167305508505047,2016-02-04
9.91,14.88,0.18,1.9648620325216963,2016-02-05
7.8,18.57,0.0,2.8372944376089446,2016-02-06
7.24,21.87,4.36,3.4012824244802857,2016-02-07
10.09,16.26,0.92,2.8189123252430446,2016-02-08
7.96,19.91,0.0,2.4903375033749886,2016-02-09
10.48,18.47,0.48,2.657609454151637,2016-02-10
12.23,20.43,0.66,2.6400666609414993,2016-02-11
12.92,20.32,3.78,2.6909837406999273,2016-02-12
13.95,20.1,2.13,2.2896083661402145,2016-02-13
14.1,20.5,12.94,2.163332558675619,2016-02-14
9.7,18.08,0.77,2.7420500094841698,2016-02-15
8.96,17.11,0.11,2.052114113530407,2016-02-16
8.66,14.89,0.37,1.9870372763512039,2016-02-17
8.61,15.78,0.14,2.6004411555543108,2016-02-18
6.25,17.65,0.0,2.2017428807446873,2016-02-19
7.48,16.15,0.01,2.577116117654762,2016-02-20
5.61,17.19,0.0,2.2453232589338956,2016-02-21
8.79,18.81,0.0,2.1437406051079253,2016-02-22
11.78,18.62,0.72,2.418921987574351,2016-02-23
9.2,18.07,0.34,2.6082721872482835,2016-02-24
7.48,19.7,0.21,3.145115794424818,2016-02-25
10.05,17.76,0.13,2.5901230913713618,2016-02-26
8.18,18.09,0.0,3.1403725994072644,2016-02-27
7.3,14.43,0.85,1.8047574913203492,2016-02-28
5.18,15.34,0.92,2.6036101568015657,2016-02-29
10.22,12.99,2.91,2.3133147188165646,2016-03-01
10.55,17.1,0.41,3.1660391219840283,2016-03-02
9.75,15.72,0.43,3.12236738139391,2016-03-03
9.12,16.79,0.03,3.1090683079750376,2016-03-04
7.82,22.31,0.72,4.142793062786257,2016-03-05
8.71,15.1,6.91,2.3576452547659854,2016-03-06
8.22,14.76,0.38,2.843912607706818,2016-03-07
8.28,17.68,0.69,2.922886568882981,2016-03-08
8.0,12.82,6.27,2.5354308577801308,2016-03-09
7.6,15.42,5.02,2.066612715418322,2016-03-10
7.88,11.56,24.1,1.2199725544435693,2016-03-11
7.94,12.6,15.15,1.374471055088516,2016-03-12
9.83,15.56,1.7,2.4792068345987777,2016-03-13
8.96,16.46,0.12,2.733466075758683,2016-03-14
7.83,18.53,0.0,2.6295160394576205,2016-03-15
8.49,15.75,0.59,2.2070304096924107,2016-03-16
7.25,17.55,1.01,2.4599194042177066,2016-03-17
7.88,16.9,1.59,2.687207722654596,2016-03-18
7.04,21.92,0.06,3.5151368080384393,2016-03-19
9.32,25.99,0.07,4.829581898124481,2016-03-20
10.04,22.47,0.18,3.5097416535948924,2016-03-21
9.72,25.07,1.3,4.437898957584488,2016-03-22
11.43,17.51,7.85,3.2298190965885074,2016-03-23
10.18,15.93,1.17,2.9099016669590734,2016-03-24
9.29,16.97,0.03,3.4706677334945804,2016-03-25
9.39,18.88,0.02,2.781080863317985,2016-03-26
8.51,22.79,0.0,3.4120742810343243,2016-03-27
10.2,21.48,0.0,3.8750494277806253,2016-03-28
11.6,23.24,0.0,3.9853612865211323,2016-03-29
10.76,30.08,0.0,5.379654249071548,2016-03-30
13.54,25.82,0.0,5.661965476902594,2016-03-31
12.94,25.66,0.42,4.067051459847673,2016-04-01
13.44,20.07,1.28,1.681635344458731,2016-04-02
12.18,22.73,0.25,3.522094744343542,2016-04-03
12.56,26.41,0.01,5.562323582643536,2016-04-04
12.69,23.69,0.16,4.128727661810147,2016-04-05
13.66,19.58,0.32,2.3424659061468347,2016-04-06
14.76,18.78,7.8,2.412863995632325,2016-04-07
12.42,19.03,0.09,4.110683810894848,2016-04-08
11.19,16.63,10.73,3.6387595144943985,2016-04-09
10.38,20.18,0.01,4.186802302968729,2016-04-10
9.3,28.27,0.01,4.916905422759583,2016-04-11
15.17,31.51,0.0,7.277045327470035,2016-04-12
14.7,23.75,0.01,5.282195899315009,2016-04-13
12.3,21.3,0.02,4.534280903842412,2016-04-14
10.75,26.98,0.0,5.598159583424387,2016-04-15
14.45,27.53,0.0,5.4385462149752435,2016-04-16
12.74,27.75,0.01,4.638056698617327,2016-04-17
13.84,23.59,0.1,3.9515744243943485,2016-04-18
13.42,22.73,0.02,4.613943503196113,2016-04-19
12.12,23.33,0.0,4.548874643956151,2016-04-20
13.75,24.43,0.09,3.8489119437675283,2016-04-21
13.2,22.19,0.01,3.1886868551469556,2016-04-22
13.07,22.74,0.02,4.281078734451665,2016-04-23
12.17,21.73,0.01,4.347621670622139,2016-04-24
10.94,18.43,0.0,4.78996388011904,2016-04-25
9.21,24.59,0.0,4.900243386496589,2016-04-26
13.08,23.84,0.0,4.448949322321583,2016-04-27
14.73,23.99,2.76,3.8376407285946663,2016-04-28
14.58,23.18,0.06,4.2228726438622814,2016-04-29
14.13,28.17,1.69,4.95237320211837,2016-04-30
12.0,19.69,1.07,4.620351729735393,2016-05-01
10.87,18.27,1.62,4.256106426100766,2016-05-02
13.52,21.79,0.03,5.526488963010748,2016-05-03
12.03,22.05,0.0,5.4911875774466505,2016-05-04
10.02,25.09,0.0,5.342735697539044,2016-05-05
14.81,24.42,0.3,4.29046229033997,2016-05-06
15.31,17.64,12.78,1.7968215119524558,2016-05-07
13.76,24.12,0.38,4.382849469953409,2016-05-08
14.77,27.58,0.01,5.702218086822767,2016-05-09
15.03,30.2,0.02,5.961891268469124,2016-05-10
16.24,26.87,3.83,5.1962104725702485,2016-05-11
14.86,23.38,5.02,5.344770258629577,2016-05-12
13.02,23.18,6.32,4.597945406004113,2016-05-13
13.06,23.06,0.16,5.116399860499539,2016-05-14
13.92,24.51,0.08,5.570820804187772,2016-05-15
13.1,24.6,0.01,5.311925949873991,2016-05-16
13.3,24.94,0.0,5.3827556779013745,2016-05-17
14.05,21.72,1.19,3.5127406660320433,2016-05-18
15.6,25.3,0.04,4.9205953303653045,2016-05-19
14.9,21.75,0.0,5.574817504121766,2016-05-20
14.44,24.08,0.0,5.792453114921418,2016-05-21
12.58,31.78,0.0,6.890069227388951,2016-05-22
14.92,25.05,0.0,5.843189689180496,2016-05-23
12.94,25.77,0.0,5.917955643588893,2016-05-24
14.01,34.45,0.0,7.528828503998815,2016-05-25
16.49,39.12,0.0,8.793843120462947,2016-05-26
19.45,35.93,0.0,7.62850526279547,2016-05-27
18.1,28.2,0.01,5.334708075390118,2016-05-28
18.34,27.25,0.02,6.7249130114869065,2016-05-29
16.1,27.1,0.0,6.384673583945798,2016-05-30
16.39,29.21,0.89,4.724509920947868,2016-05-31
16.22,25.48,9.09,4.33992835303273,2016-06-01
14.53,27.35,0.0,5.73992039296311,2016-06-02
15.2,30.62,0.0,5.979090185650575,2016-06-03
17.76,29.55,0.55,4.899367881094432,2016-06-04
18.63,27.71,1.72,4.225686473349507,2016-06-05
17.33,28.93,0.03,5.850257460964789,2016-06-06
19.07,31.0,0.0,6.023519360026453,2016-06-07
17.17,29.64,0.01,6.439959661085316,2016-06-08
17.86,30.32,0.0,5.989992071297242,2016-06-09
18.1,27.98,0.0,6.121147359762437,2016-06-10
17.66,35.48,0.46,7.017413711603263,2016-06-11
21.06,30.03,0.04,6.6123272057082385,2016-06-12
20.13,28.33,0.0,6.826319448456118,2016-06-13
18.78,32.6,0.0,6.798038989431254,2016-06-14
20.2,39.15,0.02,8.92164049527622,2016-06-15
21.56,33.23,0.14,7.721974447078331,2016-06-16
19.92,28.36,0.0,6.442338957156312,2016-06-17
18.66,28.98,9.68,6.833080405951802,2016-06-18
18.67,25.29,1.54,6.56715231461922,2016-06-19
18.32,25.14,0.42,5.936297107728132,2016-06-20
17.89,25.71,0.23,5.25328664620998,2016-06-21
17.4,27.33,0.01,5.6821149021816515,2016-06-22
17.31,29.18,0.0,6.3339655902349365,2016-06-23
20.32,31.42,0.02,7.113327537694545,2016-06-24
20.62,32.78,0.18,7.945768552269704,2016-06-25
19.34,34.96,0.02,7.644783808563792,2016-06-26
21.53,32.0,0.04,7.46917881504697,2016-06-27
20.05,30.1,0.0,7.460986304180831,2016-06-28
19.09,34.48,0.01,7.359228561688189,2016-06-29
22.68,38.18,0.0,10.17324613570822,2016-06-30
21.97,32.49,0.18,6.301451472622148,2016-07-01
21.25,31.76,0.41,6.506995421337304,2016-07-02
21.32,33.59,0.14,8.130069391194693,2016-07-03
21.18,34.01,0.0,7.864310344108215,2016-07-04
21.36,37.78,0.0,7.239460155254009,2016-07-05
22.81,33.02,0.05,7.426131472588891,2016-07-06
21.39,32.45,0.02,7.697498850026265,2016-07-07
19.25,34.48,0.13,6.905578190562979,2016-07-08
22.28,36.71,0.0,7.078817282605325,2016-07-09
24.09,38.89,0.0,6.858713514762064,2016-07-10
24.35,38.41,0.01,7.706017482362819,2016-07-11
23.76,37.34,0.06,7.069759534243835,2016-07-12
23.71,35.16,0.01,7.771824329464273,2016-07-13
21.35,28.05,0.0,8.394326913648628,2016-07-14
20.48,26.52,0.0,8.19130177588435,2016-07-15
19.55,28.34,0.0,7.1214547467600875,2016-07-16
17.36,30.05,0.0,7.0270515526396125,2016-07-17
18.63,30.82,0.0,7.254481549299464,2016-07-18
19.69,32.02,0.0,6.761746567843868,2016-07-19
20.08,33.87,0.0,7.103295497476864,2016-07-20
21.18,36.07,0.0,7.550190039735067,2016-07-21
23.32,37.71,0.0,10.958662035919543,2016-07-22
23.38,35.19,0.16,7.70481459419151,2016-07-23
22.75,31.42,0.42,7.12486091086826,2016-07-24
22.28,30.59,0.0,7.379544333791039,2016-07-25
21.88,31.04,0.0,7.101400984526454,2016-07-26
21.92,32.19,0.0,7.346028034986508,2016-07-27
21.94,32.59,0.0,7.640454600397813,2016-07-28
21.39,32.75,0.0,7.2332011248972075,2016-07-29
20.49,34.13,0.01,6.599018615478399,2016-07-30
22.72,39.16,0.0,6.6782510786410425,2016-07-31
24.65,35.73,0.25,8.284029234084274,2016-08-01
22.9,31.76,0.0,8.139671715111147,2016-08-02
21.68,31.76,0.0,7.270265199410546,2016-08-03
20.22,34.17,0.0,6.664263545884429,2016-08-04
22.39,36.36,0.0,7.898789363157816,2016-08-05
22.77,29.17,0.0,7.8611826346729075,2016-08-06
21.99,29.7,0.0,7.024734324034946,2016-08-07
21.26,31.15,0.0,6.645410215984973,2016-08-08
21.05,32.18,0.0,6.980835479719211,2016-08-09
21.16,33.07,0.01,6.850424172646384,2016-08-10
21.92,30.08,0.08,7.366824085445861,2016-08-11
19.74,28.43,0.0,6.371136949064669,2016-08-12
19.69,28.62,0.0,6.009254241511439,2016-08-13
20.19,30.74,0.0,5.875419282392465,2016-08-14
19.25,33.9,0.01,7.258974964381801,2016-08-15
21.72,35.66,0.0,7.152775002478309,2016-08-16
22.52,34.64,0.2,5.76569340963435,2016-08-17
20.72,33.26,0.0,6.428729007425962,2016-08-18
21.82,38.47,0.0,7.228781279501755,2016-08-19
23.39,38.47,0.0,7.3102200840860405,2016-08-20
24.26,36.22,0.01,8.105638183256476,2016-08-21
21.92,29.93,0.0,8.075817811874664,2016-08-22
21.08,29.48,0.02,6.275211223433669,2016-08-23
21.04,29.77,0.0,5.903308028322959,2016-08-24
21.28,30.32,0.01,5.496029326599324,2016-08-25
21.94,32.83,0.0,5.670101697563607,2016-08-26
21.38,35.34,0.0,6.6196248697531885,2016-08-27
22.66,35.1,0.0,6.000358276700623,2016-08-28
23.07,34.24,0.02,5.530904864600939,2016-08-29
23.32,36.53,0.1,5.752069532596597,2016-08-30
23.25,33.91,1.28,5.218662409405538,2016-08-31
21.92,31.21,0.13,5.445677204190881,2016-09-01
21.95,31.04,0.89,5.55380017216225,2016-09-02
21.92,31.96,1.17,5.907986026869547,2016-09-03
20.83,31.93,0.12,5.768187954467536,2016-09-04
21.78,34.49,0.0,7.682245081068048,2016-09-05
22.37,30.04,4.53,5.490684070957005,2016-09-06
20.45,26.37,8.22,4.03973365565651,2016-09-07
19.87,28.28,1.17,4.994563521356594,2016-09-08
21.43,29.26,1.98,5.187903555685114,2016-09-09
21.35,29.81,1.01,4.916512812963169,2016-09-10
20.94,29.94,1.42,4.612686624005122,2016-09-11
20.61,30.44,0.37,4.685690755606162,2016-09-12
20.51,32.8,0.15,5.331353807655161,2016-09-13
22.34,31.78,4.75,4.246379374265817,2016-09-14
22.92,33.6,3.17,5.488085537445763,2016-09-15
22.36,32.31,0.8,5.168189593295469,2016-09-16
21.5,28.58,0.01,4.80188592726827,2016-09-17
20.07,28.78,0.26,4.7402108159085055,2016-09-18
20.33,26.29,0.8,5.368721392605278,2016-09-19
20.92,26.62,0.23,4.7286205903444465,2016-09-20
19.71,27.96,0.34,4.728842963875607,2016-09-21
18.19,29.35,0.03,4.697687087876665,2016-09-22
20.12,27.06,4.01,2.7001846775454803,2016-09-23
19.94,28.74,4.07,4.190976030875258,2016-09-24
19.46,25.03,19.52,3.0670535440289455,2016-09-25
18.58,23.35,12.18,2.6156832795965785,2016-09-26
17.74,25.04,3.4,3.1615221320369864,2016-09-27
18.9,23.68,1.93,2.540147023033905,2016-09-28
19.11,24.16,1.58,2.2436166481078557,2016-09-29
19.03,28.7,5.1,3.66157634618308,2016-09-30
21.08,31.6,3.5,3.5980101325559573,2016-10-01
20.7,30.15,0.51,3.7112639288118836,2016-10-02
21.29,29.27,0.09,3.354399363585569,2016-10-03
20.04,29.96,0.02,3.3549480276272976,2016-10-04
19.54,27.29,0.01,3.522051121774445,2016-10-05
19.32,28.92,1.41,3.313524470511136,2016-10-06
19.46,27.23,0.13,4.24741327236979,2016-10-07
16.94,28.58,0.0,3.8087651038697774,2016-10-08
17.61,25.68,1.93,2.436620012441957,2016-10-09
16.87,25.02,2.04,2.9999853336066393,2016-10-10
16.8,26.39,0.35,3.980801689448547,2016-10-11
18.45,27.63,0.67,3.87463682436279,2016-10-12
20.46,32.37,0.2,6.4929901929438545,2016-10-13
19.87,27.1,0.03,3.900891878477339,2016-10-14
18.42,27.14,0.0,3.6993498657554356,2016-10-15
18.42,26.14,0.0,3.214907375287742,2016-10-16
17.84,26.43,0.0,3.054905863350879,2016-10-17
15.82,28.74,0.05,3.1560343244571243,2016-10-18
18.4,25.57,0.29,3.3735858714516866,2016-10-19
17.88,25.35,10.28,2.801004202524963,2016-10-20
17.15,23.03,3.03,1.952316382584167,2016-10-21
16.99,27.83,1.01,2.949193867668712,2016-10-22
19.93,31.38,1.32,4.104638534617968,2016-10-23
19.4,34.14,0.02,5.861996331426641,2016-10-24
19.47,33.55,0.0,5.262489088167233,2016-10-25
20.2,32.13,0.08,4.081581076752309,2016-10-26
20.11,25.39,2.73,3.5573871170084588,2016-10-27
16.92,23.09,2.08,3.388509614214519,2016-10-28
15.29,21.99,0.29,3.027770208405646,2016-10-29
14.46,22.24,0.06,2.481491849372511,2016-10-30
15.52,23.4,0.01,2.6747508481362714,2016-10-31
15.18,21.74,0.0,2.3575057297553146,2016-11-01
12.44,26.27,0.01,2.67086885040477,2016-11-02
15.5,24.57,0.06,2.704603050369436,2016-11-03
14.46,25.87,0.0,2.4282215180316538,2016-11-04
14.13,28.45,0.0,3.9724293187132784,2016-11-05
16.11,28.28,0.18,4.4739940217779495,2016-11-06
14.46,23.69,17.53,1.8186989199442687,2016-11-07
13.58,19.18,4.5,2.8012831042694146,2016-11-08
13.51,18.24,9.77,2.849390951148619,2016-11-09
13.46,20.83,0.69,2.4307592587430857,2016-11-10
13.32,20.09,0.24,2.2984777533624845,2016-11-11
14.5,19.89,0.64,2.620622710422824,2016-11-12
12.51,21.66,0.07,1.982449936634354,2016-11-13
13.92,20.75,0.28,1.8541655590086532,2016-11-14
14.89,20.48,4.22,1.4616015051712092,2016-11-15
15.55,24.51,1.16,3.347699994713786,2016-11-16
14.58,21.33,8.4,1.7553190803870191,2016-11-17
14.93,20.49,4.93,1.6943768285573637,2016-11-18
14.19,19.83,0.38,1.3165470256879641,2016-11-19
14.22,19.97,0.35,1.3614216789844604,2016-11-20
11.82,22.57,0.02,2.20206339694261,2016-11-21
11.17,23.91,0.0,3.3632289814716496,2016-11-22
11.88,23.24,0.0,3.7660824565629594,2016-11-23
14.83,23.47,3.07,2.4641056364467135,2016-11-24
12.21,18.88,0.05,1.7791614725935205,2016-11-25
11.39,19.48,0.0,1.4468372065510033,2016-11-26
9.06,20.23,0.0,1.9119405406518881,2016-11-27
10.47,20.48,0.63,1.6837820981155165,2016-11-28
12.14,18.66,13.18,1.827007673514813,2016-11-29
11.16,16.37,1.68,1.9246763999145147,2016-11-30
7.24,16.37,0.0,1.5695023808935589,2016-12-01
6.88,17.38,0.0,1.5995939267194188,2016-12-02
8.98,13.38,0.3,1.0459981877833155,2016-12-03
8.02,19.64,0.0,1.906108277663374,2016-12-04
11.09,17.11,4.76,1.7992104413250434,2016-12-05
10.96,20.48,0.59,1.571201477880862,2016-12-06
13.3,17.48,7.2,0.9313865163256283,2016-12-07
13.54,17.21,22.81,0.7993104764128375,2016-12-08
13.73,18.15,3.54,1.128844563638559,2016-12-09
13.07,18.36,0.02,1.2671197420929585,2016-12-10
8.67,17.43,0.01,1.1536807922035912,2016-12-11
9.4,18.44,1.9,1.4144041033799373,2016-12-12
11.37,18.27,0.2,1.3915883085602498,2016-12-13
10.15,19.0,0.09,1.5415605883177435,2016-12-14
10.66,16.56,3.31,1.1692772364935977,2016-12-15
12.8,15.2,13.59,1.1999914061165726,2016-12-16
12.68,16.8,1.07,2.278767266053019,2016-12-17
12.83,15.59,6.32,1.1511898467006472,2016-12-18
13.59,17.13,2.63,1.4692323267091274,2016-12-19
7.75,18.41,1.96,1.9699101671095354,2016-12-20
10.54,16.84,1.54,1.1920928611766022,2016-12-21
12.21,15.67,6.81,0.8956527528077813,2016-12-22
11.17,17.86,0.2,1.5878841478684806,2016-12-23
11.56,17.07,0.55,1.5521477938508905,2016-12-24
13.93,17.1,2.07,2.10608095137224,2016-12-25
12.0,16.97,0.28,1.3613916828376145,2016-12-26
9.02,17.86,0.37,1.3150277012035216,2016-12-27
9.86,17.52,0.57,1.4688200926565564,2016-12-28
8.84,15.83,0.61,1.7724910799121885,2016-12-29
7.9,13.42,0.12,1.6217241558816842,2016-12-30
7.46,13.57,0.13,1.5888644440595485,2016-12-31
5.06,14.19,0.02,1.309389453416864,2017-01-01
4.86,14.4,0.0,1.4908216952580715,2017-01-02
4.58,16.62,0.22,1.8131463391488953,2017-01-03
10.98,15.19,0.86,2.0465013346550744,2017-01-04
9.56,14.84,1.87,2.7161393467812034,2017-01-05
6.9,10.46,0.15,2.508270868190924,2017-01-06
6.18,11.15,1.33,1.385298045500584,2017-01-07
7.19,13.32,7.68,1.1144807627808722,2017-01-08
6.51,11.84,7.88,1.3506434323815006,2017-01-09
6.06,12.45,16.42,1.1288931038117105,2017-01-10
6.97,13.15,10.7,0.9976754097179672,2017-01-11
5.86,12.76,0.53,1.0583676378892448,2017-01-12
5.4,15.89,1.78,1.908981681078212,2017-01-13
7.73,13.21,2.72,2.0946720639411245,2017-01-14
5.78,10.63,6.29,1.565731262050188,2017-01-15
6.67,10.12,7.64,1.3288278241002627,2017-01-16
4.64,8.57,2.88,1.2851958819314027,2017-01-17
6.21,11.5,5.45,1.2223757875889527,2017-01-18
5.79,12.99,0.09,1.1951084290643945,2017-01-19
5.56,15.39,0.74,1.5152745322770833,2017-01-20
6.28,14.94,0.45,2.072402156958291,2017-01-21
4.39,15.1,0.0,2.183161093861214,2017-01-22
3.71,15.33,0.11,1.576205110026608,2017-01-23
6.89,12.66,1.45,1.198378203153092,2017-01-24
7.39,13.51,1.45,1.2560227705151712,2017-01-25
5.16,16.33,0.01,1.8341832322118412,2017-01-26
5.41,16.25,0.0,2.472706509359053,2017-01-27
5.58,12.56,0.92,1.4735699939160445,2017-01-28
8.31,14.15,0.76,1.3596805378440864,2017-01-29
7.43,14.76,0.38,1.385349523531025,2017-01-30
5.74,18.05,0.0,2.0870720016003528,2017-01-31
5.79,18.64,0.0,2.167438735224699,2017-02-01
7.98,18.56,0.0,2.297999953948093,2017-02-02
8.02,19.1,0.0,2.0791403537148687,2017-02-03
9.04,17.92,0.0,2.007782495899138,2017-02-04
8.65,19.51,14.83,2.7007897059407626,2017-02-05
10.23,12.86,6.48,2.693719773159571,2017-02-06
11.55,15.23,0.45,2.5958284071861764,2017-02-07
8.11,17.27,11.11,1.7185722793903144,2017-02-08
8.09,12.63,17.3,1.2933738500053014,2017-02-09
8.25,14.82,1.79,1.5637246009017385,2017-02-10
5.73,16.79,0.0,1.983668475579045,2017-02-11
7.26,17.6,0.0,2.584853272118974,2017-02-12
10.42,18.66,0.01,2.516123239818968,2017-02-13
10.18,17.11,0.01,1.4495250167195686,2017-02-14
8.77,16.68,0.01,1.8994373518620962,2017-02-15
7.94,16.11,0.0,1.7533688019716498,2017-02-16
5.8,17.02,0.0,1.8249354426340254,2017-02-17
6.9,15.43,0.01,1.4062233603359415,2017-02-18
8.5,16.08,0.01,2.2310025057306557,2017-02-19
8.28,16.62,0.0,2.164226748467655,2017-02-20
6.93,16.19,0.0,2.080738876721779,2017-02-21
5.41,17.32,0.0,2.127536211555913,2017-02-22
7.26,20.11,0.0,2.271324662163163,2017-02-23
11.44,21.69,0.03,2.4559386137569232,2017-02-24
9.0,15.6,0.83,2.2173563281136848,2017-02-25
9.34,17.06,0.8,2.0734875609003893,2017-02-26
9.03,16.92,0.3,2.07735972496792,2017-02-27
6.88,20.64,0.01,2.689807904657458,2017-02-28
9.51,17.95,0.21,2.4154550322225123,2017-03-01
7.39,20.86,0.01,2.441222015063595,2017-03-02
10.33,22.4,0.01,3.296969044893864,2017-03-03
9.39,18.01,0.25,2.573384614072022,2017-03-04
10.56,17.94,0.15,2.4885635011347844,2017-03-05
10.44,18.67,0.0,2.881378392960117,2017-03-06
12.21,16.01,0.3,3.9489935616912892,2017-03-07
11.12,16.44,0.22,3.998257961999152,2017-03-08
10.33,17.57,0.17,2.8229348998859285,2017-03-09
12.08,19.46,0.36,3.1524247326435466,2017-03-10
9.32,18.51,0.5,3.2059043236596487,2017-03-11
7.03,21.53,0.0,3.4316338638645165,2017-03-12
11.53,21.9,0.11,3.2363144293138957,2017-03-13
10.28,18.23,0.09,2.36108741629306,2017-03-14
9.5,17.49,0.09,2.5543210768639857,2017-03-15
8.58,16.14,0.06,2.846980145525991,2017-03-16
8.51,18.19,0.0,3.0629630966497734,2017-03-17
6.13,20.53,0.0,3.5267165873584037,2017-03-18
7.12,21.72,0.0,3.7777792626470426,2017-03-19
8.39,22.62,0.01,3.199499008905856,2017-03-20
11.59,19.28,0.26,2.5571174590997408,2017-03-21
11.79,20.47,0.03,3.0921494981434545,2017-03-22
9.34,23.88,0.01,4.331181268926428,2017-03-23
11.42,21.5,0.02,3.826716585128524,2017-03-24
10.02,17.53,0.25,1.7051772977094892,2017-03-25
10.02,20.4,0.0,3.338521980190236,2017-03-26
9.65,20.22,0.0,3.403737924736474,2017-03-27
10.11,16.25,1.32,2.105977118619086,2017-03-28
8.72,18.12,0.16,2.843335425242512,2017-03-29
8.87,20.25,0.0,3.533352814497326,2017-03-30
7.79,24.29,0.0,4.367709469078803,2017-03-31
10.83,26.47,15.21,4.819903144784817,2017-04-01
10.96,16.29,2.8,2.8804903298155433,2017-04-02
10.31,17.38,6.16,2.6127952261650775,2017-04-03
12.34,19.35,2.02,3.358791116634041,2017-04-04
12.4,20.77,0.2,3.871662735161358,2017-04-05
10.57,18.79,8.5,3.0099643924524493,2017-04-06
11.42,16.59,8.74,2.123375503150013,2017-04-07
11.0,19.83,0.65,2.4551847005513814,2017-04-08
11.82,18.43,0.47,1.8354494001210466,2017-04-09
11.15,20.13,0.2,3.0037985503677245,2017-04-10
10.23,21.29,0.02,3.85705965898907,2017-04-11
11.58,20.75,0.87,3.839203524508789,2017-04-12
10.78,21.65,0.21,4.208216797586153,2017-04-13
10.29,24.3,0.0,4.660322270471234,2017-04-14
12.18,25.16,0.0,4.794096549447427,2017-04-15
13.69,21.62,0.01,4.399643797901673,2017-04-16
13.01,21.83,0.0,4.742840161857557,2017-04-17
10.9,24.21,0.0,4.718160115966441,2017-04-18
11.53,20.12,0.0,4.376751949516509,2017-04-19
10.29,18.27,0.0,4.16464852948653,2017-04-20
9.35,17.29,0.0,4.1383772189373165,2017-04-21
8.5,18.73,0.0,4.2799974350526835,2017-04-22
6.79,24.89,0.0,4.939004857341395,2017-04-23
9.36,25.16,0.0,5.794271944320984,2017-04-24
10.76,25.74,0.0,5.193906501641508,2017-04-25
13.67,29.59,0.01,6.699640547383487,2017-04-26
16.49,27.97,0.1,5.853349639313675,2017-04-27
14.19,20.74,0.18,3.9043876092877268,2017-04-28
12.29,19.75,0.73,4.597520926539443,2017-04-29
11.62,23.02,0.0,4.2649008494053,2017-04-30
11.86,25.05,0.06,4.984148638214217,2017-05-01
12.46,21.2,0.0,4.841238580275526,2017-05-02
12.35,26.12,0.06,5.015746547197615,2017-05-03
13.72,29.51,0.05,5.422550539391859,2017-05-04
16.68,32.24,1.32,6.2655996353429995,2017-05-05
16.85,27.48,0.01,5.98357886697423,2017-05-06
15.19,23.75,0.0,5.850577318693861,2017-05-07
14.65,22.97,0.0,6.137259711501804,2017-05-08
13.94,24.9,0.0,5.927739259921718,2017-05-09
14.32,31.25,0.0,6.236886236978054,2017-05-10
17.31,34.12,0.05,7.5934252575897645,2017-05-11
16.36,31.13,0.0,6.455387176855047,2017-05-12
16.52,27.31,0.0,5.58630650691539,2017-05-13
16.37,27.31,0.0,5.812844642518919,2017-05-14
16.02,25.19,0.13,4.339340262531384,2017-05-15
15.15,25.77,0.0,5.4376300923614,2017-05-16
14.7,26.38,0.0,5.188922400866521,2017-05-17
14.89,29.26,0.0,6.720931347325886,2017-05-18
16.16,27.24,0.0,6.106879874183931,2017-05-19
14.99,24.14,0.0,6.078926589426387,2017-05-20
14.8,23.66,0.0,6.2037914580787525,2017-05-21
13.36,26.55,0.0,5.430756089617662,2017-05-22
14.84,29.41,0.0,5.795590156028464,2017-05-23
16.61,28.07,0.0,5.789146513854196,2017-05-24
15.31,31.28,0.0,6.354459437652786,2017-05-25
15.96,27.8,0.0,5.9114283286174665,2017-05-26
15.94,26.38,0.0,5.926912180377311,2017-05-27
15.44,26.6,0.0,5.737868164425361,2017-05-28
14.96,28.95,0.0,6.947845706546647,2017-05-29
15.74,29.08,0.0,7.134523406346299,2017-05-30
16.98,27.69,0.0,6.226206114967835,2017-05-31
17.95,32.59,0.0,7.521676222073709,2017-06-01
19.17,30.65,2.9,5.966615591465927,2017-06-02
18.68,31.89,0.0,6.602983374730543,2017-06-03
18.6,31.39,0.39,6.173717907509308,2017-06-04
19.02,30.94,46.67,5.6683098275793045,2017-06-05
17.12,25.03,6.59,4.496506062656711,2017-06-06
18.4,26.43,0.01,6.394144359773321,2017-06-07
17.05,26.13,0.0,6.090325421036945,2017-06-08
16.3,34.77,0.1,7.470302672574373,2017-06-09
18.6,29.2,0.08,5.833301113222697,2017-06-10
18.24,28.54,0.0,5.882754132613163,2017-06-11
18.34,30.46,0.07,6.07374145436299,2017-06-12
18.22,33.06,0.0,7.780867579688251,2017-06-13
18.78,35.1,0.0,8.832952604903529,2017-06-14
18.88,35.58,0.0,7.337638577590377,2017-06-15
20.07,33.84,0.0,7.217021147657872,2017-06-16
21.67,32.9,0.0,8.22761763854271,2017-06-17
20.37,31.04,0.0,6.2907839392102245,2017-06-18
19.61,29.33,0.0,6.500650339802221,2017-06-19
18.12,32.43,0.0,7.495794776849556,2017-06-20
20.08,35.9,0.0,7.510766036101335,2017-06-21
21.36,34.66,0.0,6.924812883240443,2017-06-22
22.18,32.84,0.0,6.6527550053993085,2017-06-23
20.53,33.62,0.0,6.930784301683459,2017-06-24
21.06,36.42,0.0,7.231982748644461,2017-06-25
23.29,40.35,0.0,9.512063272983207,2017-06-26
26.71,40.45,0.0,8.254351608118204,2017-06-27
24.63,40.13,0.12,9.115938138095135,2017-06-28
22.61,36.8,0.0,8.121112608425236,2017-06-29
22.86,32.43,0.01,7.897249661435309,2017-06-30
21.91,27.95,0.0,7.402844776578695,2017-07-01
21.21,27.9,0.03,8.035178935426448,2017-07-02
20.74,28.53,0.05,7.3075779986605305,2017-07-03
19.15,31.17,0.0,6.591667501359279,2017-07-04
19.7,33.94,0.0,8.015613773709118,2017-07-05
20.34,35.31,0.0,8.904582719952911,2017-07-06
20.67,36.79,0.0,9.284246861384286,2017-07-07
21.72,37.7,0.0,9.041805771231992,2017-07-08
22.49,38.89,0.0,8.823331652366603,2017-07-09
23.83,40.23,0.0,8.674690104363075,2017-07-10
24.06,43.9,0.0,9.816406930850386,2017-07-11
26.07,39.19,0.0,9.63183885820281,2017-07-12
23.8,36.05,0.0,9.644312906223629,2017-07-13
23.44,33.64,0.0,9.207497225420383,2017-07-14
23.06,32.32,0.0,9.104490940148773,2017-07-15
22.64,31.25,0.01,7.416244445396258,2017-07-16
21.92,30.21,0.0,6.749870792173988,2017-07-17
20.86,31.55,0.0,7.092827761074367,2017-07-18
22.52,36.89,0.0,9.348278701061037,2017-07-19
22.85,37.08,0.0,8.97967192666088,2017-07-20
24.27,37.83,0.06,8.11164414072261,2017-07-21
24.86,37.67,0.01,7.637260796679376,2017-07-22
25.34,36.5,0.08,7.64284240776746,2017-07-23
24.39,33.94,0.11,8.213079232009743,2017-07-24
23.49,30.9,0.02,8.347146568200216,2017-07-25
22.41,30.34,0.0,7.983752436589245,2017-07-26
22.36,30.03,0.0,7.694113773393545,2017-07-27
21.56,33.58,0.0,7.198034557140533,2017-07-28
22.1,39.36,0.0,8.091814036950861,2017-07-29
24.34,40.37,0.0,10.634262951942091,2017-07-30
24.88,39.32,0.0,11.135932013388281,2017-07-31
24.5,39.18,0.0,10.813094775213102,2017-08-01
24.46,39.78,0.0,8.530011778604656,2017-08-02
26.17,39.54,0.0,8.099894509942487,2017-08-03
26.12,41.95,0.0,7.8177416788901715,2017-08-04
26.37,40.62,0.0,8.362567156705918,2017-08-05
25.69,40.0,0.01,7.875600941514617,2017-08-06
25.14,40.36,0.04,7.738625421230317,2017-08-07
26.28,42.16,0.04,8.290600736187516,2017-08-08
27.44,43.29,0.02,8.322882980279399,2017-08-09
25.3,36.62,1.08,8.527601608189077,2017-08-10
23.76,29.59,0.0,8.222174904009641,2017-08-11
22.29,29.03,0.01,7.398196535001153,2017-08-12
20.24,30.58,0.0,6.629518402662612,2017-08-13
21.96,34.38,0.0,7.196248282295595,2017-08-14
22.95,35.93,0.0,7.26312804675891,2017-08-15
22.45,34.62,0.0,7.082851435914471,2017-08-16
23.08,35.89,0.0,6.5770530676962515,2017-08-17
23.41,36.9,0.17,6.474541837883851,2017-08-18
23.49,39.01,0.0,7.403577984670954,2017-08-19
24.08,33.79,0.0,8.470535350213451,2017-08-20
22.07,29.75,0.0,6.944312613813535,2017-08-21
21.05,30.86,0.0,5.906576043449839,2017-08-22
20.82,31.8,0.0,6.076175949688202,2017-08-23
20.7,33.34,0.0,6.555237427951527,2017-08-24
21.91,35.09,0.0,7.891513041874672,2017-08-25
21.57,36.22,0.0,7.908708674507279,2017-08-26
22.18,37.16,0.0,7.457190127269157,2017-08-27
23.8,37.66,0.0,6.564752638862489,2017-08-28
24.74,37.9,0.01,6.968040997154585,2017-08-29
23.99,36.86,0.04,6.364729502084588,2017-08-30
23.33,37.58,0.09,8.019060742604733,2017-08-31
25.18,36.33,0.21,6.728232836744375,2017-09-01
22.98,30.22,0.14,6.813913780289456,2017-09-02
21.37,28.57,0.0,6.685099451615971,2017-09-03
20.77,31.66,0.0,5.64096329391112,2017-09-04
22.33,31.91,0.0,5.241381646608211,2017-09-05
22.44,32.5,0.0,4.977365834474497,2017-09-06
21.67,30.98,0.2,3.436443829827109,2017-09-07
21.19,29.07,0.49,5.400650432272698,2017-09-08
19.11,35.33,0.0,5.860588014855058,2017-09-09
19.18,31.07,7.29,5.9923016495407095,2017-09-10
19.79,27.89,0.19,6.921002868721839,2017-09-11
19.36,34.87,0.0,5.8911230594103206,2017-09-12
20.23,27.96,0.0,5.305578403645792,2017-09-13
18.99,34.85,0.0,5.425020603371877,2017-09-14
19.38,36.47,0.0,5.88825489530178,2017-09-15
21.84,38.59,0.01,6.922050828210533,2017-09-16
20.04,28.18,0.0,5.376974618980563,2017-09-17
20.14,31.05,0.0,4.51257565047956,2017-09-18
20.6,26.21,0.39,5.634651133700982,2017-09-19
18.54,25.13,0.09,5.888095721949203,2017-09-20
16.9,27.18,0.0,4.83243267135321,2017-09-21
17.87,31.74,0.0,6.010844632264266,2017-09-22
20.32,30.06,0.28,4.977113768037376,2017-09-23
20.24,28.69,0.46,4.6145077385350275,2017-09-24
19.21,27.82,0.01,4.486725916166496,2017-09-25
17.69,28.5,0.15,3.5762462275703926,2017-09-26
18.88,26.21,0.49,3.54854639609761,2017-09-27
18.02,26.36,0.22,4.094477542693622,2017-09-28
18.36,25.48,0.01,3.8264952291099648,2017-09-29
17.34,26.86,0.0,4.021697836413932,2017-09-30
16.75,27.26,0.03,3.3133061561616146,2017-10-01
18.62,25.01,6.56,2.199733000443258,2017-10-02
18.02,25.51,6.53,2.9942735950623423,2017-10-03
19.79,24.82,30.77,2.487983334715692,2017-10-04
19.23,25.37,3.94,2.9475645391556817,2017-10-05
18.66,26.47,0.33,4.732689862567928,2017-10-06
16.45,24.77,0.1,4.912706783181839,2017-10-07
15.17,24.76,0.0,3.235579573873158,2017-10-08
15.07,25.97,0.0,3.7340353457781488,2017-10-09
16.19,25.86,0.0,3.726634666151929,2017-10-10
15.71,26.1,0.01,3.2704727293859763,2017-10-11
16.41,25.61,0.01,3.025621135217881,2017-10-12
15.86,25.95,0.04,3.2040298400926575,2017-10-13
17.44,24.62,0.04,2.941633997989119,2017-10-14
17.36,25.44,0.0,3.144025904257926,2017-10-15
14.64,27.44,0.0,3.655030554801419,2017-10-16
14.39,28.06,0.0,4.03774349846475,2017-10-17
14.26,27.85,0.0,4.13593323304795,2017-10-18
15.71,28.16,0.04,4.874295145620568,2017-10-19
18.06,23.67,10.57,1.7189689059162063,2017-10-20
17.59,25.36,2.03,2.5232461751137465,2017-10-21
17.2,25.26,0.63,3.3487153620735546,2017-10-22
17.38,21.67,0.18,4.552754232749043,2017-10-23
16.24,22.43,0.07,4.424847224462523,2017-10-24
16.06,23.03,0.0,4.302896496892396,2017-10-25
14.97,23.66,0.0,2.998306067025377,2017-10-26
12.67,25.21,0.05,3.621504307715536,2017-10-27
15.99,23.21,0.29,3.0025978649040552,2017-10-28
15.97,23.12,0.04,3.752322176707165,2017-10-29
15.75,24.35,0.01,3.599311402957292,2017-10-30
14.64,24.12,0.01,2.341735163548204,2017-10-31
14.98,23.29,0.31,2.0357545895002893,2017-11-01
14.08,24.79,0.1,2.614005868531961,2017-11-02
13.17,28.61,0.0,2.971903506883426,2017-11-03
15.43,27.27,0.13,3.450553491091409,2017-11-04
16.01,24.87,0.95,2.591192171155117,2017-11-05
12.1,17.88,8.98,2.12003090019255,2017-11-06
11.19,17.4,1.17,2.879931546403492,2017-11-07
13.97,20.35,0.05,2.9081920939245443,2017-11-08
10.72,22.73,0.04,2.5171593599098285,2017-11-09
13.78,18.13,0.13,2.336558121453129,2017-11-10
13.39,19.01,0.1,2.4422138141524523,2017-11-11
13.1,19.73,1.12,2.4635728577045715,2017-11-12
11.83,18.41,3.14,2.454095087962961,2017-11-13
11.14,14.83,8.08,2.172422980375602,2017-11-14
11.63,15.03,10.5,1.5330247208367587,2017-11-15
11.71,16.44,1.51,1.6992247758915835,2017-11-16
11.72,18.26,0.03,2.2543628023643003,2017-11-17
12.02,18.84,0.13,2.128126791518737,2017-11-18
13.7,18.77,0.12,2.667247519105705,2017-11-19
12.8,18.56,0.01,2.545370319902682,2017-11-20
12.19,20.46,0.0,2.0825596144261875,2017-11-21
8.77,21.72,0.0,2.6914656297454074,2017-11-22
9.35,18.21,0.0,1.9217781057309133,2017-11-23
10.12,20.51,0.01,1.790347761694624,2017-11-24
8.92,23.26,0.0,2.864002452667762,2017-11-25
12.32,17.8,0.71,2.7543774405915946,2017-11-26
11.91,15.33,0.23,2.984051500641195,2017-11-27
9.41,16.97,0.02,1.9687337744714504,2017-11-28
9.19,23.8,0.0,3.424652132061714,2017-11-29
9.92,15.9,14.5,1.514497160360515,2017-11-30
7.58,14.61,4.75,1.6900489244649628,2017-12-01
6.25,11.61,2.86,1.7314406250103185,2017-12-02
6.48,12.57,2.43,1.5566590162302965,2017-12-03
9.76,14.16,0.9,2.4585197330638557,2017-12-04
9.96,15.03,0.34,1.6318243119234164,2017-12-05
10.25,16.24,0.02,1.2688035111842082,2017-12-06
6.25,15.74,0.0,1.3299047988114678,2017-12-07
5.88,17.09,0.0,1.7284139826261289,2017-12-08
8.0,15.01,0.91,1.884975103983506,2017-12-09
9.25,15.99,0.02,1.8668055779181143,2017-12-10
7.26,20.54,0.0,3.3198055748607245,2017-12-11
7.81,21.01,0.0,2.962647913453849,2017-12-12
9.24,15.4,0.46,1.1189494521727192,2017-12-13
7.66,16.45,0.01,1.9750986332519611,2017-12-14
5.83,20.19,0.1,2.277612414164317,2017-12-15
10.32,13.53,6.97,1.0558068656894328,2017-12-16
9.14,13.26,0.5,2.3434732698993685,2017-12-17
8.29,13.28,1.04,1.6659433909572297,2017-12-18
6.65,13.08,0.43,1.260977354363879,2017-12-19
7.69,13.95,0.06,1.5381446468682614,2017-12-20
8.32,11.81,4.83,1.5072321086552898,2017-12-21
10.07,14.68,0.21,2.446225698628395,2017-12-22
9.47,16.59,0.09,1.9939748109103448,2017-12-23
8.77,17.16,0.02,1.4930772629000963,2017-12-24
6.49,17.1,0.01,1.6009630554427412,2017-12-25
5.39,16.56,0.02,1.7478331358708645,2017-12-26
7.38,13.97,6.69,1.5789001783398597,2017-12-27
9.87,14.48,1.88,2.2642031003258394,2017-12-28
10.33,14.4,1.26,2.3114877603650505,2017-12-29
10.65,19.09,0.28,2.205486242218643,2017-12-30
10.53,19.38,0.32,1.6899389574884258,2017-12-31
9.91,16.0,0.25,2.0617352131035136,2018-01-01
9.1,16.07,0.25,2.2831497210670144,2018-01-02
13.07,19.13,0.26,2.3504578081350416,2018-01-03
12.91,19.67,0.03,2.293597809081367,2018-01-04
10.87,20.32,0.01,2.0364904167029696,2018-01-05
7.05,22.45,0.0,3.2389845965627995,2018-01-06
8.31,15.94,0.0,2.10993090836066,2018-01-07
11.14,16.27,0.23,1.6763986068222831,2018-01-08
9.24,14.99,0.14,1.0229557323890681,2018-01-09
7.92,16.29,0.01,1.63321281868737,2018-01-10
8.03,14.94,3.16,1.7684012930139392,2018-01-11
8.65,12.89,29.21,1.049146472426888,2018-01-12
7.77,14.77,4.61,1.5815302953296875,2018-01-13
6.91,16.17,0.02,1.6803796633182724,2018-01-14
8.3,16.8,0.02,1.486284297350919,2018-01-15
7.27,16.29,0.04,1.748814438483824,2018-01-16
7.3,18.07,0.01,2.4814593890853054,2018-01-17
7.25,15.2,0.0,1.8469210933385105,2018-01-18
4.97,16.39,0.0,1.391743571694162,2018-01-19
9.44,15.81,0.01,2.169371214508183,2018-01-20
11.39,18.75,0.04,2.7898675299938804,2018-01-21
13.55,17.68,0.04,2.5025909759780456,2018-01-22
12.35,16.89,0.02,2.014847841082393,2018-01-23
9.66,17.27,0.01,1.4347175810659902,2018-01-24
6.96,19.26,0.0,2.4476092490304504,2018-01-25
6.49,18.9,0.0,1.9967713817243973,2018-01-26
9.47,18.26,0.14,1.8268949747050354,2018-01-27
8.61,17.27,0.05,1.4289643982093903,2018-01-28
9.65,16.33,0.02,1.2926677933189425,2018-01-29
5.94,17.59,0.0,1.6946468550699818,2018-01-30
5.83,18.27,0.0,1.9119597126255068,2018-01-31
6.45,17.18,0.62,1.9186559226188287,2018-02-01
8.62,21.41,0.15,2.92270032890768,2018-02-02
7.62,13.6,0.47,1.8938671658607253,2018-02-03
5.54,14.73,0.01,1.9563865145522177,2018-02-04
5.54,15.91,0.8,2.0554391578212834,2018-02-05
3.95,18.12,0.24,2.737562773485367,2018-02-06
5.25,13.67,2.93,1.7344537450025548,2018-02-07
6.51,14.53,0.17,1.7673374504929618,2018-02-08
5.71,13.74,2.27,1.6705551106649785,2018-02-09
8.17,12.43,1.55,1.8186045600319065,2018-02-10
8.81,13.13,1.47,2.3524531165847353,2018-02-11
9.18,16.69,2.48,2.3380421575517674,2018-02-12
7.88,12.81,3.82,2.1888668312104795,2018-02-13
5.6,11.56,13.73,1.4148134882502197,2018-02-14
6.93,13.41,0.28,1.6133344419619682,2018-02-15
9.39,16.36,0.41,1.3198018763818369,2018-02-16
9.25,16.13,0.09,1.485966155590213,2018-02-17
9.8,15.78,4.53,1.3940307114737869,2018-02-18
9.3,14.78,0.47,2.335887136990365,2018-02-19
8.48,13.79,11.09,1.9910381174129363,2018-02-20
9.18,13.46,4.99,2.015245198102265,2018-02-21
7.66,12.91,6.2,1.7052942952126857,2018-02-22
8.14,11.81,3.91,1.8056348962210136,2018-02-23
7.14,15.95,0.68,2.207958854639319,2018-02-24
8.51,14.12,1.03,2.4123241443933034,2018-02-25
7.98,13.77,2.8,1.732745167006916,2018-02-26
6.48,13.8,0.46,1.8881172781891622,2018-02-27
7.51,21.54,0.48,3.0323033053985404,2018-02-28
10.54,22.81,0.0,4.105789505625376,2018-03-01
10.93,19.89,0.0,3.1367699095893973,2018-03-02
10.03,22.64,0.01,3.171573679545923,2018-03-03
9.9,23.33,2.09,4.431459258740847,2018-03-04
12.24,19.38,5.67,3.2209424818163757,2018-03-05
9.12,17.3,1.29,2.7829504740566846,2018-03-06
8.16,17.74,0.72,2.719191949635766,2018-03-07
8.58,16.91,2.41,2.08003766752459,2018-03-08
11.1,19.69,0.14,2.3623099333337785,2018-03-09
10.96,25.87,0.01,3.871430568460636,2018-03-10
12.59,20.84,0.04,3.2964858354458184,2018-03-11
10.04,18.27,0.13,3.4201966254649565,2018-03-12
9.8,19.28,0.11,3.4053518872332336,2018-03-13
9.45,18.9,0.01,2.698486822844413,2018-03-14
11.68,24.43,0.01,3.2602833048233757,2018-03-15
11.56,21.16,1.21,2.9184713078414735,2018-03-16
8.7,16.79,1.05,2.358801840280163,2018-03-17
8.32,19.04,1.31,3.41093164131881,2018-03-18
9.09,16.56,0.31,3.464038822018621,2018-03-19
9.33,16.74,1.07,3.806758490649567,2018-03-20
6.64,12.16,2.21,1.595327905299907,2018-03-21
4.97,10.65,9.89,1.5273855370306573,2018-03-22
8.69,13.39,7.03,2.5288674071253725,2018-03-23
7.35,18.25,10.34,2.9819992626531846,2018-03-24
5.91,13.11,2.41,1.977683674015585,2018-03-25
9.36,16.03,0.63,2.8098379207548763,2018-03-26
11.06,16.09,2.6,3.22819361846215,2018-03-27
10.9,19.69,0.74,3.77919631626603,2018-03-28
9.88,26.15,0.0,4.3466876590244485,2018-03-29
11.45,25.66,0.0,4.402103004699826,2018-03-30
11.19,19.5,0.03,4.055882905509866,2018-03-31
10.42,18.58,0.0,4.357867445361592,2018-04-01
7.78,24.51,0.0,5.289720853617494,2018-04-02
10.28,25.81,0.02,4.782939370843086,2018-04-03
12.57,21.66,0.03,2.621393289862395,2018-04-04
11.67,21.56,0.01,4.664934608369411,2018-04-05
9.59,23.01,0.04,4.286401357355748,2018-04-06
10.4,24.06,0.07,5.584229458842095,2018-04-07
11.9,22.8,5.02,4.595945363977364,2018-04-08
9.69,20.82,0.01,3.992749680095158,2018-04-09
10.4,21.83,0.02,3.0305730460210603,2018-04-10
12.75,24.57,1.07,4.277183705522876,2018-04-11
10.94,20.83,9.45,3.400806261302803,2018-04-12
9.69,22.55,0.06,4.131030276196742,2018-04-13
13.48,19.88,0.42,2.6392090611003955,2018-04-14
12.42,21.47,1.87,3.012236053923345,2018-04-15
12.63,22.63,0.06,4.924503618209328,2018-04-16
12.5,18.81,2.71,2.787734608354166,2018-04-17
12.81,20.35,1.36,3.335331440345232,2018-04-18
12.23,20.66,1.87,3.2737085469741958,2018-04-19
12.06,21.67,0.78,3.512547333856102,2018-04-20
12.03,25.39,0.03,4.236710301319318,2018-04-21
12.61,25.6,0.02,4.404664310043114,2018-04-22
12.66,26.99,0.07,5.0940764843481325,2018-04-23
13.54,30.18,0.01,6.741621733244436,2018-04-24
15.93,30.47,0.06,7.5284905147844565,2018-04-25
15.36,26.84,0.07,4.854179193938623,2018-04-26
14.76,23.94,0.21,4.262866610306189,2018-04-27
14.56,23.1,0.32,3.8459092010984044,2018-04-28
12.66,28.21,0.02,5.760629757526545,2018-04-29
13.79,22.39,0.01,4.881406217489022,2018-04-30
13.16,25.07,0.68,3.9723452123744667,2018-05-01
13.44,17.97,36.13,2.0037134699871677,2018-05-02
13.51,18.18,11.35,3.718421336686923,2018-05-03
13.11,20.15,1.5,4.3355329293661375,2018-05-04
11.88,22.67,0.48,4.083597649642164,2018-05-05
13.27,21.33,11.21,3.4119525013597602,2018-05-06
13.47,23.75,0.39,4.113934186222167,2018-05-07
14.19,23.42,0.23,4.014090751546947,2018-05-08
14.19,21.45,2.43,3.998776755453863,2018-05-09
14.49,22.49,4.8,4.363731979803711,2018-05-10
14.0,23.41,0.15,4.439442721314928,2018-05-11
15.12,26.99,0.14,4.668181888820462,2018-05-12
14.78,28.13,0.12,6.129171387177,2018-05-13
12.5,20.53,0.0,4.963336896059049,2018-05-14
11.35,22.27,0.01,4.8283449768843765,2018-05-15
12.04,23.07,0.0,3.9010290237983694,2018-05-16
14.43,24.3,3.62,4.264706140964246,2018-05-17
14.41,22.05,0.12,4.123209939395202,2018-05-18
14.89,22.69,5.65,3.945157690918272,2018-05-19
14.6,23.21,1.66,4.249767426515454,2018-05-20
16.05,25.33,2.05,3.830439983616962,2018-05-21
14.52,20.78,7.38,1.9259640053560891,2018-05-22
13.45,24.96,0.03,5.015739896136907,2018-05-23
14.22,27.52,0.0,5.572135494068356,2018-05-24
15.75,28.59,0.0,6.105695141110565,2018-05-25
15.38,30.15,0.0,6.631794837843906,2018-05-26
17.95,32.17,0.0,7.26261580965299,2018-05-27
18.1,30.47,0.1,6.699844162761072,2018-05-28
18.53,29.12,0.04,5.948446183114396,2018-05-29
17.58,26.48,0.07,5.210536138522037,2018-05-30
16.64,26.95,0.05,5.366123029829386,2018-05-31
16.79,28.15,0.04,4.229338180500891,2018-06-01
17.95,31.83,0.02,5.929567061582937,2018-06-02
18.47,33.06,0.04,7.229731275524171,2018-06-03
18.55,26.36,0.09,4.7373822526316625,2018-06-04
17.34,28.83,0.02,5.965285770773741,2018-06-05
18.26,25.24,0.01,4.516112533946906,2018-06-06
18.2,27.08,0.45,4.392854772413836,2018-06-07
17.43,27.38,0.01,6.534086906070543,2018-06-08
16.44,32.8,0.0,6.839556700275686,2018-06-09
18.96,35.58,0.01,8.13621921233806,2018-06-10
19.94,32.27,0.04,6.894862790711024,2018-06-11
19.58,28.96,0.07,6.363692503514422,2018-06-12
19.4,28.25,0.1,5.993078501077792,2018-06-13
18.86,26.15,0.14,7.009486314742936,2018-06-14
18.33,26.2,1.64,6.150181489565901,2018-06-15
18.98,27.85,0.1,6.577762345259125,2018-06-16
18.83,27.96,0.12,6.340920109564556,2018-06-17
18.73,27.04,0.03,6.490819532556625,2018-06-18
18.26,27.42,2.78,5.6322981723575865,2018-06-19
19.26,28.76,2.35,5.4426461880051,2018-06-20
19.1,30.85,0.06,5.735468530988129,2018-06-21
19.59,31.83,0.03,6.227374586683739,2018-06-22
19.74,30.86,0.15,7.363824276712352,2018-06-23
18.34,30.06,1.77,5.746750194074041,2018-06-24
19.43,28.34,0.29,5.5594682403808715,2018-06-25
19.13,27.38,0.03,5.957881876783771,2018-06-26
19.39,27.58,0.0,6.588547094495026,2018-06-27
18.1,32.4,0.0,6.860133222426472,2018-06-28
20.51,33.61,0.0,7.183783151693962,2018-06-29
20.79,34.92,0.0,8.031458832391781,2018-06-30
21.29,38.37,0.21,7.771956103522007,2018-07-01
21.95,30.9,0.21,5.7203549596017735,2018-07-02
20.09,32.59,0.02,6.641163400383862,2018-07-03
20.66,34.5,0.03,6.654916323611606,2018-07-04
23.64,34.9,0.0,8.459782426585805,2018-07-05
22.27,30.93,0.02,7.610468400522934,2018-07-06
20.74,30.91,0.0,7.0730765706606915,2018-07-07
21.37,33.45,0.4,6.485241776442508,2018-07-08
20.61,32.23,0.03,6.223334281482717,2018-07-09
21.44,31.81,0.12,7.329055150937815,2018-07-10
21.4,34.52,0.0,7.085649763272054,2018-07-11
23.55,40.12,0.0,8.846379265420605,2018-07-12
25.44,42.87,0.0,9.274894025552996,2018-07-13
24.51,36.06,0.03,7.96744298800651,2018-07-14
22.83,34.43,0.19,7.764035164593236,2018-07-15
23.42,39.61,0.0,9.674272749263071,2018-07-16
23.34,31.97,0.01,8.152161725391586,2018-07-17
21.22,34.03,0.03,7.219301970055923,2018-07-18
23.58,37.87,0.03,8.971773470937475,2018-07-19
22.92,35.81,0.0,6.898429252175726,2018-07-20
26.34,39.12,0.0,9.46666762524181,2018-07-21
24.24,33.32,0.11,6.7084048756807,2018-07-22
23.81,31.33,0.28,8.107515597061152,2018-07-23
22.44,31.56,0.0,7.1365689064981135,2018-07-24
21.65,33.19,0.0,6.940117900434951,2018-07-25
21.84,35.32,0.0,7.118245222636893,2018-07-26
23.09,36.31,0.0,6.760825483381974,2018-07-27
23.56,37.04,0.0,7.51540679488464,2018-07-28
25.03,37.11,0.0,7.3244526477576475,2018-07-29
23.28,34.93,0.02,7.01083354828824,2018-07-30
22.72,33.79,0.45,6.618903117038367,2018-07-31
23.16,33.37,0.27,6.270820366464884,2018-08-01
23.88,35.28,0.07,6.467013654779329,2018-08-02
23.72,35.57,0.68,6.573086109255195,2018-08-03
24.57,30.47,5.3,4.6970300874617985,2018-08-04
23.37,31.57,2.23,4.711323026009574,2018-08-05
24.31,30.68,3.29,3.9918976896813705,2018-08-06
23.57,27.25,12.18,2.9824315067685387,2018-08-07
22.86,31.35,3.99,5.478084989614195,2018-08-08
23.15,33.68,0.07,6.3545186136869285,2018-08-09
23.89,33.35,0.09,5.883019444155561,2018-08-10
23.58,32.52,0.02,5.829447424954818,2018-08-11
23.02,34.24,0.19,6.000785863351252,2018-08-12
23.93,34.07,1.96,5.121470820356266,2018-08-13
23.83,33.38,1.4,6.405109068843793,2018-08-14
23.68,31.53,2.37,6.698319806611115,2018-08-15
23.51,31.36,0.94,5.581932863419224,2018-08-16
22.24,32.95,1.55,5.408288798867211,2018-08-17
23.45,30.62,3.59,5.00071050966091,2018-08-18
22.23,29.84,3.0,5.61764056188737,2018-08-19
22.7,29.04,6.49,5.38308793543902,2018-08-20
22.23,27.05,9.76,3.9682578601786953,2018-08-21
21.4,29.48,2.71,4.937438944788984,2018-08-22
21.77,28.57,2.1,4.9970470998122405,2018-08-23
22.13,27.76,7.64,3.8019936006873225,2018-08-24
22.77,30.67,1.15,6.192848757025636,2018-08-25
21.46,30.49,0.03,6.011178895640882,2018-08-26
20.7,28.39,0.02,5.922567094666777,2018-08-27
20.43,29.83,0.0,5.425132759627401,2018-08-28
20.3,30.33,0.0,4.884200346984692,2018-08-29
20.67,30.64,0.0,4.583431170824009,2018-08-30
20.53,33.12,0.01,5.3714529350326785,2018-08-31
21.83,32.81,0.0,5.5640187380205175,2018-09-01
23.19,32.02,0.01,5.051987322845457,2018-09-02
22.78,32.74,0.08,5.209571045216727,2018-09-03
23.49,34.25,0.42,5.804651958958523,2018-09-04
24.11,37.92,0.04,6.5225018156097825,2018-09-05
23.87,33.0,0.19,5.102653643873501,2018-09-06
23.34,30.54,11.21,5.192388023937255,2018-09-07
23.09,31.9,0.0,4.358882410420441,2018-09-08
23.17,32.32,0.0,5.0132549152064705,2018-09-09
22.86,32.82,0.01,4.4617324453135705,2018-09-10
22.83,30.0,0.01,4.377290430437772,2018-09-11
21.81,31.04,0.01,4.925872152901944,2018-09-12
22.7,30.06,0.62,3.143132288971915,2018-09-13
21.99,29.73,0.3,4.799022591977861,2018-09-14
21.4,30.95,0.0,4.755889710859622,2018-09-15
21.69,32.32,0.01,4.753408378516381,2018-09-16
23.27,33.42,2.92,4.822975764005969,2018-09-17
23.54,28.29,11.19,3.3460991867121415,2018-09-18
22.64,30.71,2.96,4.609872050239077,2018-09-19
22.07,26.76,14.87,3.401453555739232,2018-09-20
21.78,27.71,28.28,4.3663120482284095,2018-09-21
22.69,27.23,8.17,3.0778341305236934,2018-09-22
21.45,28.64,0.23,4.4891994802261905,2018-09-23
22.63,29.54,0.54,5.305771498515626,2018-09-24
21.17,28.24,0.2,4.854261218613911,2018-09-25
18.35,25.43,4.0,3.7653623181048426,2018-09-26
17.87,24.25,0.05,4.458568411793964,2018-09-27
17.77,25.16,0.02,4.25026894940203,2018-09-28
17.9,27.18,0.05,4.188462885443152,2018-09-29
18.26,28.35,0.01,3.7552437786125767,2018-09-30
17.52,28.17,0.68,4.194130235518624,2018-10-01
16.8,22.0,17.08,2.9106442586316867,2018-10-02
15.76,21.89,8.97,2.3301750809830417,2018-10-03
16.22,22.73,6.15,2.8028402307359808,2018-10-04
16.91,24.33,2.16,3.169028134851494,2018-10-05
16.27,27.66,0.03,3.6160630494586035,2018-10-06
16.76,28.55,0.02,3.2696257999953495,2018-10-07
17.24,28.26,0.96,3.556451665302623,2018-10-08
18.93,27.65,1.82,3.442538629904212,2018-10-09
19.57,27.81,2.71,4.061313036220094,2018-10-10
20.28,29.25,3.7,4.012362117030464,2018-10-11
18.4,26.7,0.75,3.210641103279953,2018-10-12
18.96,24.04,15.55,2.193131027671729,2018-10-13
17.3,24.23,8.18,2.9490714831193743,2018-10-14
16.13,24.21,10.85,2.458882923306283,2018-10-15
19.1,26.65,19.45,2.525340758483077,2018-10-16
19.08,24.57,32.54,1.5292320578385048,2018-10-17
18.03,24.31,8.68,2.725197066294778,2018-10-18
17.03,24.57,0.05,2.3379434196276474,2018-10-19
19.02,24.91,0.03,2.327174062263962,2018-10-20
17.29,25.26,0.8,2.37814383745977,2018-10-21
15.88,22.43,4.16,2.3069667723067413,2018-10-22
16.15,20.92,4.18,2.905796582195351,2018-10-23
16.91,22.61,0.04,3.327978456574867,2018-10-24
16.56,24.21,0.02,2.91262847469368,2018-10-25
13.41,26.8,0.0,3.744604446998251,2018-10-26
13.87,26.34,0.0,4.8292516420681455,2018-10-27
17.47,25.84,0.41,4.740200676500692,2018-10-28
11.79,23.08,0.08,4.224907967426352,2018-10-29
9.15,20.59,0.0,3.6707495935989134,2018-10-30
9.81,24.65,0.18,3.5237555774407845,2018-10-31
13.26,22.97,5.8,2.289540013957368,2018-11-01
15.83,21.36,1.62,1.8285484926444548,2018-11-02
13.85,17.16,23.38,1.2756302080429405,2018-11-03
13.1,20.21,5.66,2.6112057369155015,2018-11-04
10.94,22.54,0.0,2.929999703416486,2018-11-05
10.14,21.23,0.28,2.2345189599271134,2018-11-06
13.18,20.4,0.02,1.889368079882552,2018-11-07
12.18,21.86,0.0,2.00664977149224,2018-11-08
10.52,23.17,1.17,2.456095200479527,2018-11-09
11.81,18.04,5.91,1.8597023757025695,2018-11-10
13.49,20.38,0.1,1.7764197147171346,2018-11-11
13.51,22.04,1.21,1.6576101148000522,2018-11-12
14.83,22.17,2.15,1.524258247364101,2018-11-13
14.07,22.38,0.54,1.9192250296340714,2018-11-14
13.28,21.22,0.79,1.8651742528140203,2018-11-15
14.27,20.36,1.25,1.718788104471084,2018-11-16
13.23,18.42,0.52,1.7539619084735185,2018-11-17
12.91,18.84,0.33,1.5024931822104857,2018-11-18
11.98,21.13,0.34,2.3593190625295053,2018-11-19
11.35,19.74,0.26,2.447629501932511,2018-11-20
9.88,20.78,0.0,2.2934806622991935,2018-11-21
9.92,23.2,0.0,2.478453073817494,2018-11-22
9.95,22.73,0.0,3.077458578804027,2018-11-23
12.38,18.67,0.14,1.5679048636054873,2018-11-24
11.65,17.54,1.7,1.5722576924832676,2018-11-25
9.87,19.77,1.72,2.5900312934180034,2018-11-26
13.28,15.95,1.14,3.312500395137571,2018-11-27
13.66,17.38,0.34,3.418350957956171,2018-11-28
11.15,17.28,0.06,1.9246958006036772,2018-11-29
8.71,19.26,0.1,1.877963679431474,2018-11-30
12.47,15.5,15.3,1.3630699988664585,2018-12-01
11.75,17.35,2.47,1.628765374944672,2018-12-02
11.34,18.78,0.13,1.5433993123457832,2018-12-03
13.16,19.72,0.15,1.7661252926800561,2018-12-04
11.59,18.48,0.02,1.5305061177338843,2018-12-05
10.05,19.73,0.18,1.4125199448931232,2018-12-06
11.87,17.75,0.45,1.3074427865564047,2018-12-07
11.88,18.15,0.24,2.0637694569342,2018-12-08
13.49,17.31,0.12,2.3990924971212615,2018-12-09
13.34,16.2,0.01,2.9425556100635246,2018-12-10
10.53,16.58,0.02,2.072603441881434,2018-12-11
10.48,17.13,1.54,1.2936281667972158,2018-12-12
10.66,18.55,0.5,1.811388344378758,2018-12-13
10.19,12.67,30.91,0.9155924438354126,2018-12-14
11.8,14.94,9.99,2.322787911491718,2018-12-15
12.11,17.73,0.5,1.684345216595983,2018-12-16
12.3,17.17,0.13,2.6031836100920405,2018-12-17
8.6,16.06,0.06,1.5654834836492315,2018-12-18
4.94,17.11,0.0,1.4096135244027244,2018-12-19
8.75,16.36,1.57,0.9520965807631345,2018-12-20
9.59,17.26,0.02,1.3387373111283083,2018-12-21
8.71,17.08,0.01,1.5026228295511899,2018-12-22
10.92,18.37,0.06,1.3805860439862194,2018-12-23
10.22,18.64,0.03,1.8959203929866781,2018-12-24
9.67,16.78,0.66,1.2262932528691184,2018-12-25
9.54,15.98,0.0,1.5100204827573314,2018-12-26
5.86,14.88,0.0,1.17859706104908,2018-12-27
5.69,15.78,0.0,1.1130699332106206,2018-12-28
9.89,15.64,0.0,1.0789211480532537,2018-12-29
8.22,15.52,0.13,1.20132451454866,2018-12-30
9.6,16.02,0.32,1.6148362679101531,2018-12-31
9.29,15.7,0.07,1.9301175860788369,2019-01-01
9.34,16.26,0.91,1.7105354801012271,2019-01-02
6.52,12.99,0.03,2.344145324048525,2019-01-03
6.32,11.22,1.0,1.4070160587593947,2019-01-04
5.06,13.19,1.26,1.7602108403392402,2019-01-05
10.9,13.92,1.11,1.4435153200793283,2019-01-06
10.86,15.03,0.78,1.3392935837300248,2019-01-07
9.3,14.15,1.97,1.4744720906910418,2019-01-08
10.29,14.06,4.84,2.3829435940848698,2019-01-09
6.96,11.36,4.11,1.6180196075688544,2019-01-10
5.86,11.52,0.7,1.5531746140054954,2019-01-11
7.07,12.15,0.23,2.1425175473962206,2019-01-12
9.49,13.46,1.35,1.6743514561561879,2019-01-13
12.02,16.57,0.3,2.911242163147101,2019-01-14
9.35,15.88,0.02,1.9393571794294684,2019-01-15
5.85,16.31,0.0,1.7611952998149838,2019-01-16
4.85,15.78,0.0,1.846473257541105,2019-01-17
5.97,16.22,0.74,1.5893106144416402,2019-01-18
7.85,14.34,0.98,1.2563547171222742,2019-01-19
7.01,15.59,1.04,1.6813711393947695,2019-01-20
8.53,15.38,3.0,1.6038805367197984,2019-01-21
7.23,13.11,1.51,1.585843466502824,2019-01-22
5.81,10.23,10.83,1.0443282635446858,2019-01-23
7.01,9.62,18.83,1.5983646300875682,2019-01-24
9.41,11.28,11.0,1.7606285205200347,2019-01-25
9.04,13.44,0.68,2.2698149196302078,2019-01-26
8.98,17.68,0.17,2.1632000632155233,2019-01-27
8.64,13.6,5.93,1.8109321400285487,2019-01-28
8.87,12.52,1.39,2.5480513065342185,2019-01-29
7.19,13.88,6.26,1.7651111570566846,2019-01-30
5.19,17.05,0.02,1.9324652370795488,2019-01-31
8.51,19.67,0.0,2.6029712207324507,2019-02-01
8.9,15.53,0.57,1.8558314279540578,2019-02-02
8.27,10.55,11.74,1.2737844992222898,2019-02-03
8.12,12.73,12.54,1.5404097482384995,2019-02-04
10.37,13.54,4.06,1.9627878733153878,2019-02-05
9.84,14.63,0.03,2.3634280986616294,2019-02-06
8.05,15.15,0.02,1.7925615653603264,2019-02-07
9.21,16.26,0.15,1.7391024317397723,2019-02-08
7.83,16.36,0.02,1.68172181652973,2019-02-09
5.02,21.11,0.0,2.5825281007356558,2019-02-10
9.57,16.05,0.77,2.3728641385120115,2019-02-11
8.07,14.62,0.18,2.793302442907657,2019-02-12
7.39,14.93,0.01,2.358904927553969,2019-02-13
8.32,15.0,0.04,2.1480352516108265,2019-02-14
5.54,16.18,0.0,2.120790806152569,2019-02-15
7.22,14.84,0.08,2.101641132635549,2019-02-16
4.02,15.31,0.0,2.200832489366963,2019-02-17
3.47,17.31,0.0,2.472512414751495,2019-02-18
4.21,17.76,0.0,2.555915707207569,2019-02-19
5.66,17.37,0.0,2.146490543025254,2019-02-20
7.47,15.74,0.0,1.7583935795991277,2019-02-21
6.87,14.63,0.81,1.6647476010076478,2019-02-22
7.92,16.42,0.49,3.3866661201989197,2019-02-23
8.36,12.73,0.82,2.5341903909266783,2019-02-24
8.13,13.64,1.47,2.476298801702318,2019-02-25
6.92,13.22,6.46,1.8958229009636085,2019-02-26
5.89,15.55,0.0,2.227719474010949,2019-02-27
8.66,16.65,0.02,2.1976599465157016,2019-02-28
9.86,17.67,0.22,2.6302701788082605,2019-03-01
10.56,16.31,0.01,2.6932110139741776,2019-03-02
9.78,16.68,0.02,2.4618175622851544,2019-03-03
8.31,20.49,0.01,2.9180545797483957,2019-03-04
8.36,21.87,0.0,3.0642232520786266,2019-03-05
10.09,24.09,0.0,3.582292830223788,2019-03-06
9.28,22.04,0.0,3.257036364670865,2019-03-07
10.02,19.95,0.02,2.3561849236011225,2019-03-08
9.29,18.4,0.0,2.654524286392289,2019-03-09
8.43,19.03,0.0,2.706986416582437,2019-03-10
10.36,17.91,0.0,3.1466541448936622,2019-03-11
8.4,15.25,0.0,3.770913176360129,2019-03-12
7.05,20.15,0.23,3.0360858154980335,2019-03-13
10.58,14.83,0.04,3.4762375025813883,2019-03-14
11.61,17.28,0.04,2.985155980703813,2019-03-15
9.59,19.48,0.08,3.199716819800184,2019-03-16
7.63,23.17,0.0,3.5765422940503333,2019-03-17
10.3,18.4,0.11,3.227188683821014,2019-03-18
10.22,16.03,0.5,3.1545651088112705,2019-03-19
10.06,15.87,45.11,1.706062162427308,2019-03-20
9.26,15.67,54.83,0.83203162903017,2019-03-21
8.21,15.62,9.29,1.547035895435694,2019-03-22
9.84,17.86,1.02,2.364316302312585,2019-03-23
9.04,19.0,0.12,2.8974505851350583,2019-03-24
7.57,19.99,0.01,3.15746892889818,2019-03-25
9.67,18.01,0.04,3.15012618389929,2019-03-26
9.26,16.17,1.73,2.268083776853459,2019-03-27
9.65,16.35,1.25,2.7667438746417483,2019-03-28
8.52,17.06,0.17,2.9116208765456455,2019-03-29
7.87,18.3,0.0,3.0534585331742687,2019-03-30
6.62,18.6,0.0,3.014325259457575,2019-03-31
10.6,16.73,0.14,1.99932577103194,2019-04-01
7.69,20.03,0.0,3.215962650635292,2019-04-02
9.68,22.48,0.76,3.157659782680057,2019-04-03
12.06,20.07,6.51,2.399127452876174,2019-04-04
9.15,14.13,1.21,2.1005072502673827,2019-04-05
7.69,20.1,13.54,3.4613090900250807,2019-04-06
6.87,18.17,8.12,3.104169033159373,2019-04-07
9.82,17.17,2.54,3.4749050605756295,2019-04-08
9.45,20.09,1.18,3.389114906626053,2019-04-09
10.19,19.7,0.47,3.6415696890736817,2019-04-10
9.18,17.26,2.01,3.0442388545889454,2019-04-11
10.72,17.09,4.81,2.8628698691565817,2019-04-12
10.76,17.22,1.31,3.0595684911003413,2019-04-13
10.29,19.42,0.02,3.990183140749086,2019-04-14
11.39,17.91,0.02,3.7203763090754753,2019-04-15
9.89,23.36,0.0,3.9973517667885634,2019-04-16
11.09,21.78,0.0,3.373053998947751,2019-04-17
11.55,22.97,0.0,4.3085218461894215,2019-04-18
13.89,19.47,0.0,3.5791054205956523,2019-04-19
13.88,17.42,0.0,2.911867323324011,2019-04-20
14.1,19.56,0.11,3.0632192557418483,2019-04-21
13.74,27.08,0.15,4.926039792546442,2019-04-22
11.47,24.04,0.06,4.466640747898174,2019-04-23
11.69,23.57,0.18,3.845526403852291,2019-04-24
12.08,25.11,0.14,3.8240311365438533,2019-04-25
13.73,22.54,0.08,4.058626337228859,2019-04-26
11.97,20.05,0.05,4.508762161389526,2019-04-27
12.09,20.94,0.06,4.433176172163664,2019-04-28
10.69,20.58,0.07,4.348692349360295,2019-04-29
9.89,19.08,0.01,3.948498254606039,2019-04-30
9.25,20.5,0.0,4.147738924420686,2019-05-01
9.68,22.63,0.01,4.483444955855349,2019-05-02
14.27,21.79,9.84,2.833199810669752,2019-05-03
13.23,19.57,1.0,3.4492467427989597,2019-05-04
11.34,20.24,0.17,4.802587257752657,2019-05-05
10.51,18.71,0.0,4.901918700047557,2019-05-06
8.8,20.37,0.0,4.417474672152494,2019-05-07
9.85,28.58,0.0,5.659445824062365,2019-05-08
14.85,25.37,0.02,5.20580738602974,2019-05-09
13.63,26.58,0.0,4.950847905843459,2019-05-10
16.24,28.67,0.04,5.145686867653123,2019-05-11
14.63,21.01,0.11,5.576553075057031,2019-05-12
12.66,18.7,7.29,3.217863981104742,2019-05-13
12.34,20.0,4.69,3.4899496038988653,2019-05-14
13.08,22.74,0.23,4.719947131156561,2019-05-15
11.61,19.38,0.08,4.560881455158244,2019-05-16
11.45,29.6,0.04,6.426121836092842,2019-05-17
14.5,22.76,0.01,4.632458789799729,2019-05-18
12.53,22.74,0.37,3.8461435127213317,2019-05-19
11.8,22.56,0.07,4.655100541076015,2019-05-20
11.59,27.02,0.14,4.990456608012385,2019-05-21
15.07,25.16,0.86,4.077631022284397,2019-05-22
13.72,25.49,0.0,5.572084973326414,2019-05-23
13.5,28.31,2.82,5.303909696300623,2019-05-24
16.84,21.32,29.74,2.3346295352538555,2019-05-25
15.38,21.6,13.89,2.8953389187319796,2019-05-26
15.16,20.35,4.77,2.8395061040712997,2019-05-27
14.65,24.39,0.03,5.364745906565157,2019-05-28
15.73,21.6,0.11,4.163716984184871,2019-05-29
13.51,22.71,0.0,5.165155599461255,2019-05-30
13.17,22.64,0.05,4.453362612649837,2019-05-31
13.51,23.29,0.02,4.942359982260062,2019-06-01
13.1,25.79,0.0,5.367945734415291,2019-06-02
14.63,29.13,0.0,5.981781083028313,2019-06-03
15.65,31.39,0.0,7.321149317640705,2019-06-04
16.87,35.58,0.0,8.026417613913022,2019-06-05
18.98,26.47,0.01,4.497918592296796,2019-06-06
18.46,35.65,0.0,8.902039326559818,2019-06-07
20.06,35.87,0.0,8.459660492173168,2019-06-08
21.81,36.17,0.0,10.334735350365072,2019-06-09
19.26,34.77,0.01,7.015847275770521,2019-06-10
18.72,32.16,0.17,6.028464345424993,2019-06-11
18.08,26.74,0.06,5.736038029364152,2019-06-12
17.52,33.13,0.01,6.828815603642891,2019-06-13
20.27,34.74,0.07,6.3723827390223216,2019-06-14
19.34,29.97,0.01,6.066554616301143,2019-06-15
18.98,29.6,0.03,6.442076799817882,2019-06-16
18.78,28.9,0.02,5.970645650151315,2019-06-17
17.06,29.66,0.0,6.399042854440136,2019-06-18
17.45,34.25,0.01,6.675557098965988,2019-06-19
21.02,32.53,0.0,6.186775047972167,2019-06-20
22.18,37.48,0.04,6.342872458269681,2019-06-21
21.8,38.92,0.0,8.034589217483086,2019-06-22
20.48,39.45,0.0,7.325978965964923,2019-06-23
21.72,33.21,0.02,6.728900503255876,2019-06-24
20.42,33.34,0.01,6.658921085599143,2019-06-25
20.86,32.29,0.0,6.744563316456453,2019-06-26
22.27,31.7,0.19,6.356790952588147,2019-06-27
21.25,33.9,0.14,6.768838386027297,2019-06-28
22.16,34.05,0.04,7.443290033109582,2019-06-29
22.42,33.15,0.05,6.954566676996867,2019-06-30
20.43,33.94,0.02,7.731365103836404,2019-07-01
20.64,34.69,0.02,7.659679552985253,2019-07-02
21.63,36.67,0.0,8.410959826798148,2019-07-03
23.23,39.53,0.0,8.556251794381314,2019-07-04
23.47,35.37,3.58,7.471276207804009,2019-07-05
22.38,37.65,3.58,6.471320470436918,2019-07-06
23.92,36.58,0.0,7.326171338495581,2019-07-07
25.9,38.41,0.01,7.592525066131481,2019-07-08
25.11,41.18,0.02,9.189775965477338,2019-07-09
23.64,32.36,0.03,7.477487832180229,2019-07-10
22.4,32.57,0.0,6.994402657238228,2019-07-11
21.04,32.85,0.0,7.476845017151766,2019-07-12
22.3,36.63,0.0,8.385309883188881,2019-07-13
23.16,33.52,0.0,6.759793631201117,2019-07-14
23.89,30.95,1.08,7.870060999521344,2019-07-15
22.49,28.97,0.45,7.005103955914287,2019-07-16
20.94,31.43,0.0,6.5459508931465935,2019-07-17
21.57,32.87,0.18,6.719163967015873,2019-07-18
20.87,32.52,0.05,6.434528979214087,2019-07-19
21.82,35.37,0.0,8.380354117340525,2019-07-20
23.39,34.5,0.0,7.901582782592424,2019-07-21
22.27,33.45,0.0,6.694957866942939,2019-07-22
22.59,35.03,0.0,6.732891914507548,2019-07-23
23.44,34.75,0.0,6.905361297960658,2019-07-24
23.33,36.09,0.01,7.841261247759595,2019-07-25
24.21,40.58,0.0,8.823802434178788,2019-07-26
25.12,34.81,0.01,7.129503414797698,2019-07-27
23.38,33.2,0.0,7.803626029528686,2019-07-28
22.22,32.19,0.0,7.129755443113968,2019-07-29
21.57,32.78,0.0,6.724961963905559,2019-07-30
21.69,34.91,0.0,6.508312692925859,2019-07-31
23.97,40.45,0.0,9.578043393388802,2019-08-01
26.76,40.56,0.0,8.912241967183624,2019-08-02
25.76,35.39,0.1,7.842982350892672,2019-08-03
23.74,36.14,0.0,7.585254575918769,2019-08-04
22.85,37.87,0.4,8.323641609093283,2019-08-05
24.92,39.79,0.03,10.100801401461714,2019-08-06
27.6,41.25,0.04,7.670297230602346,2019-08-07
25.25,36.89,0.21,7.767297566328437,2019-08-08
23.12,35.11,0.25,6.48911871122729,2019-08-09
23.95,36.32,0.0,6.613632344698701,2019-08-10
24.4,36.72,0.0,7.087776338006329,2019-08-11
24.1,38.81,0.0,7.0861744640119895,2019-08-12
25.42,34.13,0.46,7.934449998138407,2019-08-13
23.89,30.64,0.0,8.45414964561954,2019-08-14
22.9,30.47,0.0,7.513400931241312,2019-08-15
22.15,31.76,0.0,6.89625843091064,2019-08-16
21.46,33.51,0.0,6.633351542616326,2019-08-17
22.1,36.4,0.0,7.692811790932525,2019-08-18
24.32,35.82,0.0,8.187935657279414,2019-08-19
24.1,35.76,0.0,8.668174907268009,2019-08-20
24.1,34.71,0.0,7.479360907511495,2019-08-21
22.56,35.54,0.0,7.579794645835489,2019-08-22
25.18,33.3,4.49,5.105520081788032,2019-08-23
23.79,33.95,0.42,5.175261583954443,2019-08-24
24.9,33.75,4.61,4.886722252978384,2019-08-25
24.94,34.75,2.5,6.0085302699718826,2019-08-26
25.23,36.93,0.27,7.096840373844932,2019-08-27
24.21,33.06,28.0,4.128592921669896,2019-08-28
23.26,30.22,7.27,4.136444359667539,2019-08-29
22.86,29.5,1.61,4.227684497999716,2019-08-30
23.22,27.94,19.64,2.5527162488191464,2019-08-31
21.89,27.6,13.65,3.7571441506173904,2019-09-01
21.69,28.24,1.98,4.12259482109902,2019-09-02
22.49,29.27,0.11,6.216949404139105,2019-09-03
21.07,28.98,0.09,5.013123677235696,2019-09-04
22.59,28.5,0.36,4.994465474734764,2019-09-05
20.55,28.28,0.01,5.80419122232726,2019-09-06
20.05,28.25,0.0,6.020396152595783,2019-09-07
20.2,29.48,4.02,4.662413763483169,2019-09-08
19.98,28.83,0.83,4.026666394509196,2019-09-09
20.46,28.63,46.61,3.4622742804567763,2019-09-10
19.47,29.37,0.7,4.3635989924018315,2019-09-11
22.05,27.39,4.35,4.16409380582206,2019-09-12
21.2,30.28,0.38,4.787320125520432,2019-09-13
20.79,30.88,0.11,5.1581129237845005,2019-09-14
21.11,30.78,0.04,5.224580118263423,2019-09-15
21.03,33.09,0.27,4.980490827691577,2019-09-16
21.84,32.18,3.48,4.238151412268719,2019-09-17
22.94,32.56,1.27,3.7624178512396536,2019-09-18
22.71,29.24,0.92,3.791879547120861,2019-09-19
21.87,29.15,2.45,3.8985995147946917,2019-09-20
22.6,31.38,5.63,4.77750136749592,2019-09-21
23.53,33.67,11.97,5.643332731165166,2019-09-22
22.35,29.07,1.19,4.161114416161988,2019-09-23
20.05,27.95,0.02,4.423142211267402,2019-09-24
19.08,30.2,0.0,4.341296631745057,2019-09-25
19.73,27.82,0.08,4.025150838808762,2019-09-26
19.62,27.78,0.0,4.060038292489098,2019-09-27
18.9,30.52,0.1,3.945858285076939,2019-09-28
18.58,29.52,0.06,3.810306611970589,2019-09-29
17.99,29.26,0.04,4.0525052117840135,2019-09-30
17.6,30.77,0.01,4.358617109243352,2019-10-01
18.48,29.52,3.81,4.623759378786126,2019-10-02
19.59,24.84,0.13,5.377281056235792,2019-10-03
18.1,25.66,0.12,4.602927059018816,2019-10-04
16.25,27.68,0.0,4.239729729183651,2019-10-05
18.44,27.02,0.17,4.186760316626505,2019-10-06
19.21,22.27,19.32,2.9102649862781838,2019-10-07
17.89,24.82,1.81,4.336042110656254,2019-10-08
17.55,25.65,0.57,3.109073353788482,2019-10-09
17.96,25.7,0.07,3.8985726564922936,2019-10-10
16.93,25.38,0.0,3.7637478175771637,2019-10-11
15.3,29.18,0.0,4.425163457997317,2019-10-12
16.96,30.11,0.02,4.853115824880366,2019-10-13
18.39,29.92,0.13,5.144221910432647,2019-10-14
18.06,27.63,0.49,3.902000073639086,2019-10-15
17.97,25.06,0.29,3.022972857340333,2019-10-16
16.23,27.56,0.01,3.130717267762062,2019-10-17
16.97,26.59,0.01,2.690798496116755,2019-10-18
16.89,30.49,0.01,4.544442082872518,2019-10-19
18.43,30.25,0.0,5.779513918602487,2019-10-20
18.49,30.01,0.02,4.45048558410061,2019-10-21
19.77,28.32,0.03,4.11630247553849,2019-10-22
20.92,28.12,0.12,4.731263877643408,2019-10-23
17.44,22.62,13.62,2.1578666294179505,2019-10-24
15.11,19.33,20.02,2.1038665636915455,2019-10-25
14.51,20.28,4.68,1.7865021185254786,2019-10-26
14.71,21.85,0.13,1.937843600633046,2019-10-27
16.36,22.48,0.69,1.9612806199209303,2019-10-28
16.33,23.54,0.61,2.3315838108935845,2019-10-29
16.36,22.33,1.61,2.079166315433471,2019-10-30
15.88,24.05,3.35,2.4729794905427402,2019-10-31
17.12,21.32,11.44,2.179243885374954,2019-11-01
15.59,24.43,0.19,2.7052561544375986,2019-11-02
15.59,26.11,0.8,3.6244100547009253,2019-11-03
16.03,24.0,0.58,3.1955001526684494,2019-11-04
13.82,25.57,1.18,3.1406851959940947,2019-11-05
14.51,19.11,11.93,1.5755703481850256,2019-11-06
13.36,20.47,0.1,2.5637256554574486,2019-11-07
10.14,21.87,5.13,2.9568706956613338,2019-11-08
11.56,17.42,1.97,2.464465767523207,2019-11-09
10.74,18.38,3.84,2.5954396421519395,2019-11-10
9.79,15.24,1.3,1.6741901859328399,2019-11-11
10.43,16.02,22.61,1.8654803154146538,2019-11-12
13.19,18.62,0.27,2.9537540942010274,2019-11-13
13.01,20.16,0.35,3.1189238312697687,2019-11-14
11.11,21.31,1.66,2.4817709786145423,2019-11-15
11.58,20.72,1.98,1.817030206575745,2019-11-16
9.98,16.6,3.42,2.337650182545151,2019-11-17
9.39,17.5,0.06,3.03874673705111,2019-11-18
8.72,15.86,2.75,1.9174294044150257,2019-11-19
10.23,18.32,0.03,2.49214166858511,2019-11-20
9.45,19.68,0.01,2.5136462881534456,2019-11-21
9.21,19.67,0.0,2.608289599746183,2019-11-22
9.57,17.32,8.82,2.9262770864105128,2019-11-23
10.47,17.22,1.48,2.112745360472269,2019-11-24
12.53,17.41,0.7,2.50717145753869,2019-11-25
11.2,19.15,0.09,1.8772613609422,2019-11-26
9.73,21.18,0.0,1.9315353499989534,2019-11-27
11.82,20.26,0.02,2.214165313488517,2019-11-28
8.9,20.87,0.01,1.9223969238250211,2019-11-29
11.92,19.29,0.01,1.769798073044517,2019-11-30
10.86,19.89,0.0,2.1195278339421093,2019-12-01
11.63,21.23,0.23,1.4881704693609141,2019-12-02
12.42,20.06,0.62,1.0893960788580646,2019-12-03
11.79,18.86,5.23,0.9062904497838918,2019-12-04
9.25,20.07,0.0,1.7843799812863417,2019-12-05
10.39,20.68,0.0,1.7677830817103415,2019-12-06
8.56,20.33,0.0,1.7375737359266157,2019-12-07
10.75,19.47,1.05,1.39922316761485,2019-12-08
12.18,17.02,11.6,1.6663216752294672,2019-12-09
11.77,13.83,23.2,2.115438157865424,2019-12-10
10.94,15.68,4.43,2.465049270958967,2019-12-11
11.67,15.82,3.26,2.0868829051435087,2019-12-12
9.5,17.3,1.09,1.4791650505927643,2019-12-13
12.77,19.43,0.06,1.7335195648700363,2019-12-14
9.36,18.85,0.01,1.4424829277391378,2019-12-15
7.97,21.99,0.0,2.6891206165294665,2019-12-16
12.32,16.76,0.12,1.273098283712217,2019-12-17
11.53,16.88,9.01,0.6407347785026162,2019-12-18
10.15,17.49,3.59,1.2223458074198277,2019-12-19
7.81,19.82,0.02,2.189456669945623,2019-12-20
11.15,21.23,0.05,2.4607919345812683,2019-12-21
14.65,19.25,0.02,3.0752004708573297,2019-12-22
13.46,16.95,0.05,3.317547039876642,2019-12-23
12.94,17.16,0.1,2.399488903968471,2019-12-24
12.76,19.4,0.18,2.059910868178119,2019-12-25
12.02,18.91,0.43,1.7327120194462995,2019-12-26
12.65,17.08,0.28,2.1297514423117017,2019-12-27
11.29,16.8,3.47,1.78729367637193,2019-12-28
7.77,13.78,0.05,2.0109036683065007,2019-12-29
9.31,13.32,2.13,2.0789935038520015,2019-12-30
6.95,13.85,0.07,1.626984054017201,2019-12-31
7.57,14.01,0.02,1.5108555510840869,2020-01-01
7.76,15.65,0.0,1.334067548156765,2020-01-02
6.09,15.14,0.0,1.0316848578221738,2020-01-03
8.72,14.67,0.39,1.2136371154096977,2020-01-04
9.91,14.6,0.28,1.395058286400776,2020-01-05
8.62,15.56,0.04,1.7892817279691344,2020-01-06
7.55,15.47,0.14,1.4559197348287327,2020-01-07
10.64,14.48,12.49,0.9260202942066956,2020-01-08
8.3,14.5,0.63,1.0392826580514132,2020-01-09
7.39,15.8,0.08,1.2454133849326556,2020-01-10
8.04,15.05,2.77,1.189230507156686,2020-01-11
9.16,14.23,1.34,1.0673965588397636,2020-01-12
8.02,14.24,0.52,1.19032321444926,2020-01-13
7.5,15.19,0.0,1.251332285694351,2020-01-14
5.18,15.67,0.0,1.3816584403407552,2020-01-15
5.89,14.86,0.0,1.1542931922868132,2020-01-16
5.9,14.18,0.02,1.2194888922242295,2020-01-17
8.52,15.75,0.03,1.7477763210107913,2020-01-18
5.68,17.06,0.0,2.1210083222259355,2020-01-19
8.05,16.64,0.07,1.7593499416793736,2020-01-20
13.13,17.6,0.02,2.5631074687306628,2020-01-21
11.33,17.38,0.03,2.185311542715796,2020-01-22
10.22,17.79,0.11,1.839466730820616,2020-01-23
9.05,19.49,0.07,1.7993751804288984,2020-01-24
6.97,16.76,0.01,1.3084868986826428,2020-01-25
6.51,17.05,0.35,1.9084727240959907,2020-01-26
8.87,16.41,0.13,1.3965660814357768,2020-01-27
6.21,17.26,0.0,1.8588533284002062,2020-01-28
11.3,18.32,0.08,2.1670661872833916,2020-01-29
9.98,18.71,0.09,1.4911042583779688,2020-01-30
9.21,17.65,0.01,1.4908633653147103,2020-01-31
10.34,18.14,0.09,1.7209167857252186,2020-02-01
10.88,18.22,0.06,1.7145569685402324,2020-02-02
12.25,20.25,0.01,2.762529095138941,2020-02-03
11.82,19.89,0.0,3.2385610224591908,2020-02-04
11.29,14.64,0.69,3.7023390819962176,2020-02-05
8.24,13.63,0.02,2.969664820049744,2020-02-06
6.91,14.84,0.0,1.9590838995954198,2020-02-07
5.4,17.35,0.0,2.0873208411881303,2020-02-08
7.78,18.92,0.0,2.12993722538212,2020-02-09
7.47,19.74,0.0,2.528896585604368,2020-02-10
9.78,19.54,0.0,2.969959525950642,2020-02-11
11.03,18.84,0.0,2.185222696028893,2020-02-12
10.62,21.15,0.0,2.0842673595567676,2020-02-13
11.03,18.43,0.07,2.1765462255876207,2020-02-14
9.05,17.13,0.0,2.1922087950801026,2020-02-15
6.94,17.21,0.02,2.0512611334015074,2020-02-16
4.72,17.91,0.03,2.362557839060066,2020-02-17
6.68,17.21,0.05,1.9768998024138482,2020-02-18
9.51,16.2,0.0,2.847792870988431,2020-02-19
9.28,16.73,0.01,2.464163167208573,2020-02-20
8.09,17.15,0.02,2.235392850173246,2020-02-21
10.62,15.95,0.09,2.100755386494049,2020-02-22
9.05,18.45,0.01,2.2938948167830997,2020-02-23
8.87,19.13,0.06,2.7913413622060377,2020-02-24
6.85,23.17,0.0,3.357600053510569,2020-02-25
10.65,18.42,0.14,2.6269161318102228,2020-02-26
9.15,17.01,0.03,2.7799220083823677,2020-02-27
9.02,19.84,0.0,3.075791917221012,2020-02-28
7.45,24.61,0.01,3.393052930729917,2020-02-29
9.2,22.54,0.0,3.47051503953144,2020-03-01
10.93,22.96,7.18,3.483011948774171,2020-03-02
11.1,15.85,5.42,3.010323039777445,2020-03-03
11.0,16.06,4.41,3.1934917983704776,2020-03-04
10.02,21.99,0.16,2.945255093704899,2020-03-05
11.41,20.41,0.74,3.3209358414511594,2020-03-06
10.61,13.37,7.74,2.3482536716969005,2020-03-07
8.94,15.38,2.54,2.5866576083642467,2020-03-08
7.87,16.65,3.41,2.3214664632749398,2020-03-09
10.19,15.61,5.1,2.5660078872300116,2020-03-10
9.73,17.36,0.56,2.0302530295471675,2020-03-11
7.55,21.79,0.0,3.035215921484746,2020-03-12
9.96,25.63,0.0,3.7751207329313754,2020-03-13
11.22,20.6,0.01,3.211297729397491,2020-03-14
10.44,18.99,0.01,2.8599585547405026,2020-03-15
9.57,20.27,0.02,2.9357784689740347,2020-03-16
11.44,17.75,0.36,2.385578161119318,2020-03-17
9.8,17.54,0.06,2.3105165703798614,2020-03-18
8.87,18.59,0.04,2.7388293618910877,2020-03-19
10.31,19.65,0.07,3.3153635574669416,2020-03-20
12.37,16.66,6.62,1.6661742268676873,2020-03-21
11.52,17.44,3.22,2.033251808939521,2020-03-22
9.65,18.37,0.18,2.5271038796453493,2020-03-23
9.96,15.89,3.48,2.3949781486317474,2020-03-24
8.32,10.5,25.65,1.6768223873126245,2020-03-25
7.93,12.88,0.54,3.1597136458296737,2020-03-26
7.18,14.38,3.17,2.551150473426735,2020-03-27
6.83,17.93,0.36,2.834783132508978,2020-03-28
9.42,13.74,8.38,1.3875831553154498,2020-03-29
8.06,16.94,4.75,2.5109237886605853,2020-03-30
7.68,21.3,0.39,2.9903534745361036,2020-03-31
9.22,17.5,1.69,2.613945589538709,2020-04-01
8.73,16.52,4.5,2.1498206417447756,2020-04-02
10.95,13.43,10.71,1.3851147383498472,2020-04-03
9.45,17.49,0.26,3.206691776373682,2020-04-04
8.56,18.86,0.01,3.323072509545439,2020-04-05
7.63,19.21,0.0,3.253830923990594,2020-04-06
8.39,19.65,0.03,3.195377534614784,2020-04-07
10.64,19.44,0.06,3.2182013656037305,2020-04-08
8.95,20.39,0.0,3.534480547859885,2020-04-09
9.69,20.37,0.1,3.4750859734377357,2020-04-10
11.96,20.67,0.0,3.458680415929002,2020-04-11
9.95,22.36,0.0,4.288551949095138,2020-04-12
11.0,22.18,0.0,4.486294298454516,2020-04-13
12.67,23.15,0.0,3.914384120943649,2020-04-14
12.66,23.27,0.0,3.778605680446167,2020-04-15
13.19,26.12,0.09,4.093947728369924,2020-04-16
13.85,29.96,0.28,4.978193850065539,2020-04-17
17.12,24.47,15.31,3.615644393607294,2020-04-18
15.99,24.73,1.63,3.9583755340209765,2020-04-19
15.78,23.1,5.52,3.314758816111434,2020-04-20
13.74,21.75,5.08,4.0245047500304905,2020-04-21
13.35,19.29,23.94,2.335168761076418,2020-04-22
12.81,20.53,2.63,3.722153807447908,2020-04-23
10.53,20.64,0.44,2.7314854569754754,2020-04-24
12.16,25.3,0.2,3.59359452419184,2020-04-25
15.78,22.7,2.26,3.0135957651162673,2020-04-26
14.37,22.96,3.96,3.444412742780692,2020-04-27
14.2,22.84,3.58,3.785255407888999,2020-04-28
13.27,22.08,23.64,3.2230145615868446,2020-04-29
12.31,23.08,0.0,4.790129149537999,2020-04-30
12.92,24.29,0.0,5.287171628776597,2020-05-01
13.87,25.54,0.0,5.5048913420639085,2020-05-02
15.3,25.03,0.03,5.473259568082322,2020-05-03
13.64,25.47,0.0,5.072892882660494,2020-05-04
14.64,31.85,0.02,5.760424464762772,2020-05-05
18.15,29.08,0.01,6.414103425485876,2020-05-06
15.93,24.68,0.0,4.718342566998512,2020-05-07
15.02,25.91,0.0,5.500821548583453,2020-05-08
15.74,29.34,0.02,5.691841977250138,2020-05-09
16.69,28.29,0.01,5.589761227211033,2020-05-10
15.86,25.69,0.0,5.6984564404918245,2020-05-11
14.58,29.91,0.0,7.110528640482039,2020-05-12
16.8,31.81,0.01,5.08945781222976,2020-05-13
17.94,34.28,0.02,7.715404151549594,2020-05-14
16.65,22.86,0.0,4.00941010287113,2020-05-15
17.75,27.28,0.01,3.745480130071386,2020-05-16
17.53,24.66,0.11,3.582729036004645,2020-05-17
16.47,23.02,0.11,4.564196996682363,2020-05-18
14.8,22.62,0.95,4.451205916111503,2020-05-19
16.04,25.33,0.2,5.822285852958823,2020-05-20
16.62,24.83,0.12,5.3392396618979285,2020-05-21
15.17,26.42,0.03,5.599150358547765,2020-05-22
14.07,28.73,0.01,5.805301378538239,2020-05-23
15.01,32.01,0.0,6.664062754347578,2020-05-24
15.96,26.36,0.03,5.316891495775579,2020-05-25
14.5,25.66,0.08,4.951984851956423,2020-05-26
16.07,26.15,0.04,5.547746211048849,2020-05-27
14.88,25.02,0.0,5.849066193399837,2020-05-28
14.71,27.18,0.03,5.789195663461059,2020-05-29
16.96,26.49,0.41,4.958038895371861,2020-05-30
16.42,25.21,1.32,5.2675837559373715,2020-05-31
14.84,26.86,0.26,5.537625962604073,2020-06-01
16.44,27.01,0.05,5.41476370138298,2020-06-02
16.51,28.06,0.0,5.85025451541837,2020-06-03
18.34,34.43,0.17,8.156564627849763,2020-06-04
18.19,24.86,14.96,5.697699500773917,2020-06-05
18.08,27.87,0.03,6.481488352704429,2020-06-06
18.46,29.22,18.19,5.704895738594228,2020-06-07
18.38,27.69,0.93,5.53450615988229,2020-06-08
16.91,24.97,5.52,5.258712009107868,2020-06-09
15.48,25.68,0.46,5.145966543763591,2020-06-10
14.96,30.86,0.0,6.238591370776282,2020-06-11
18.27,34.51,0.43,7.056156093675683,2020-06-12
20.38,28.72,3.65,5.484305457142926,2020-06-13
19.24,26.23,0.89,6.112076250505902,2020-06-14
17.78,27.26,0.0,6.82051034215088,2020-06-15
17.08,29.42,0.0,6.4805101539927055,2020-06-16
17.71,30.12,0.0,6.4169885173506795,2020-06-17
18.15,33.77,0.0,6.7984168076763725,2020-06-18
19.36,31.91,0.0,7.021918825769597,2020-06-19
19.72,28.38,0.02,7.550849272170554,2020-06-20
18.65,28.24,0.0,6.696205601172209,2020-06-21
19.67,28.54,0.02,6.847842399736197,2020-06-22
18.89,30.07,0.04,6.147933270995506,2020-06-23
18.34,33.27,0.0,7.2348297104364905,2020-06-24
20.23,36.13,0.0,9.0735299676986,2020-06-25
20.99,36.5,0.17,7.380211271845619,2020-06-26
21.39,34.43,0.85,6.076754023064886,2020-06-27
21.2,32.89,1.31,6.380877445784982,2020-06-28
19.92,32.14,0.73,6.462329420780688,2020-06-29
19.65,34.26,0.0,6.8023832389324514,2020-06-30
22.24,38.86,0.0,8.054507132691917,2020-07-01
21.82,34.13,0.01,8.124142380670639,2020-07-02
22.03,33.41,0.04,8.028958543167732,2020-07-03
21.45,28.79,0.0,7.790424370425471,2020-07-04
21.04,29.37,0.0,7.401751757249932,2020-07-05
20.41,29.51,0.0,6.788550354276814,2020-07-06
20.91,29.46,0.0,8.435560032243618,2020-07-07
19.13,29.43,0.0,6.6154055312882445,2020-07-08
18.77,30.58,0.0,5.984446000612164,2020-07-09
20.63,32.76,0.0,6.601677833483954,2020-07-10
21.18,36.32,0.0,7.538037824296989,2020-07-11
21.94,35.4,0.0,7.190477873875137,2020-07-12
21.9,34.77,0.31,7.160326249189088,2020-07-13
21.93,32.18,0.44,6.587391619382635,2020-07-14
21.54,27.36,10.57,4.465721760842797,2020-07-15
20.25,30.92,0.0,6.8304041028861775,2020-07-16
21.03,28.29,0.0,6.515151077648779,2020-07-17
21.03,29.36,0.0,6.831287987517975,2020-07-18
20.65,30.19,0.05,6.291282609451676,2020-07-19
20.72,33.32,0.0,6.838188333811477,2020-07-20
20.1,32.34,0.0,7.432240909472619,2020-07-21
20.02,32.61,0.0,6.845713259690856,2020-07-22
20.85,35.52,0.0,7.361978233713331,2020-07-23
23.14,37.8,0.03,7.574675604181647,2020-07-24
23.07,33.87,0.0,7.686505952455019,2020-07-25
23.1,37.02,0.0,7.28301133714705,2020-07-26
23.79,36.49,0.0,7.788669493716392,2020-07-27
23.85,35.94,0.0,7.70965222712354,2020-07-28
23.36,37.97,0.0,7.989426570796984,2020-07-29
23.77,38.33,0.0,8.316730880644581,2020-07-30
25.06,39.38,0.0,8.740193651199414,2020-07-31
25.72,41.55,0.0,8.562065500896667,2020-08-01
24.24,38.69,0.05,8.750480657189454,2020-08-02
24.4,37.02,1.61,7.896507411585352,2020-08-03
24.02,31.62,0.04,7.703530272652664,2020-08-04
22.16,30.22,0.0,8.161714347613065,2020-08-05
21.62,30.88,0.0,6.777544339251715,2020-08-06
21.1,31.77,0.0,6.323013809049215,2020-08-07
22.53,32.62,0.0,6.970543952160144,2020-08-08
23.12,33.02,0.01,7.137419832755423,2020-08-09
22.05,33.44,0.02,6.173764276429295,2020-08-10
22.35,35.54,0.0,7.4007267868752225,2020-08-11
23.94,38.33,0.0,9.265988908335405,2020-08-12
25.21,41.23,0.0,8.556209316037972,2020-08-13
28.83,39.74,0.05,8.329928365262532,2020-08-14
26.67,39.54,0.58,6.134858907529092,2020-08-15
26.76,38.23,3.5,8.950728392200684,2020-08-16
25.02,35.95,0.02,6.679395060206973,2020-08-17
23.17,35.2,0.0,6.452506944006011,2020-08-18
22.9,36.55,0.0,6.507145054864945,2020-08-19
22.95,38.19,0.0,8.535973790267352,2020-08-20
24.87,38.91,0.0,9.5797490736789,2020-08-21
25.47,37.99,0.0,7.679315692193621,2020-08-22
24.94,33.28,0.0,7.563639550350484,2020-08-23
23.39,31.93,0.01,8.2003251036068,2020-08-24
22.35,31.07,0.01,7.330085439923258,2020-08-25
21.37,33.54,0.0,6.519838781056383,2020-08-26
21.15,35.4,0.18,6.437666304344502,2020-08-27
21.84,38.38,0.01,7.535860186862632,2020-08-28
25.71,41.22,0.19,9.776974921435233,2020-08-29
25.24,34.34,0.19,7.750336303849459,2020-08-30
21.52,30.94,5.0,5.414766869460014,2020-08-31
20.15,28.26,0.0,5.900070801191506,2020-09-01
21.48,27.92,0.92,4.23169868289542,2020-09-02
21.52,29.23,0.16,4.810530345972236,2020-09-03
20.68,29.45,0.08,4.692241604229112,2020-09-04
21.79,30.04,10.27,2.893660791013548,2020-09-05
22.38,29.08,23.68,3.3783245902153385,2020-09-06
21.27,30.61,0.87,5.230077980279183,2020-09-07
22.18,30.58,0.62,4.797753562108171,2020-09-08
22.42,33.45,0.87,5.415131266551072,2020-09-09
22.32,31.22,12.53,4.1064107916134684,2020-09-10
20.74,27.38,8.87,4.046306881252403,2020-09-11
21.12,27.62,10.79,3.736873881822661,2020-09-12
21.02,26.53,7.75,3.2513149426675283,2020-09-13
21.43,26.74,4.78,2.5241990401811933,2020-09-14
20.92,29.57,0.78,4.256130767263369,2020-09-15
21.22,29.45,1.01,4.79910420742482,2020-09-16
20.8,30.04,0.06,4.864638498721207,2020-09-17
19.79,31.8,0.0,4.677850480534636,2020-09-18
20.79,30.74,0.0,4.382220190308489,2020-09-19
22.56,30.02,0.72,4.382520090767681,2020-09-20
22.45,30.43,2.74,3.1095159299318658,2020-09-21
21.63,29.98,1.54,3.2200199640761453,2020-09-22
21.76,26.51,1.24,2.747289365361085,2020-09-23
20.41,34.66,0.01,4.648894817108723,2020-09-24
21.42,31.04,0.04,6.7508008522604035,2020-09-25
17.62,23.4,0.03,5.430016047351021,2020-09-26
15.78,28.21,0.35,6.445621103973088,2020-09-27
17.24,26.23,0.01,4.860922067755476,2020-09-28
15.78,28.61,0.0,4.415994389786676,2020-09-29
17.7,31.05,0.04,4.27977892513817,2020-09-30
18.36,25.04,0.0,3.4020188081373095,2020-10-01
15.98,33.92,0.0,5.864981511436769,2020-10-02
18.5,28.02,0.28,4.3044022110365106,2020-10-03
17.6,30.6,0.0,4.024312990787129,2020-10-04
18.57,24.32,0.02,3.1059967727450855,2020-10-05
16.86,24.29,0.0,4.2839089060043,2020-10-06
16.08,25.71,0.05,3.8200286242550523,2020-10-07
16.95,24.47,0.2,4.09696499800293,2020-10-08
16.69,25.66,0.01,3.279866594705683,2020-10-09
14.36,27.82,0.0,3.4492318499517136,2020-10-10
15.75,26.32,10.67,3.656104947311179,2020-10-11
15.46,19.46,3.26,3.7945763198976783,2020-10-12
15.13,21.8,0.44,3.7231163217476095,2020-10-13
12.81,27.82,0.0,5.044694716140454,2020-10-14
15.39,23.14,0.38,4.105492107724409,2020-10-15
14.36,21.42,1.02,3.284121862027523,2020-10-16
13.11,22.2,0.17,2.8603602385988336,2020-10-17
13.22,22.85,0.0,3.0276169628092036,2020-10-18
13.78,23.37,0.0,2.8251061330446663,2020-10-19
13.34,26.32,0.0,4.193639892656417,2020-10-20
13.94,26.74,0.0,4.7678170804061715,2020-10-21
14.11,27.34,0.0,4.167410614492794,2020-10-22
16.85,29.01,0.05,4.0556153952594896,2020-10-23
16.52,22.09,1.16,2.196609468921097,2020-10-24
14.79,23.94,0.01,2.8355765272202285,2020-10-25
12.81,27.42,0.59,3.9772409121964625,2020-10-26
15.51,20.46,0.89,3.683557618053665,2020-10-27
15.29,21.53,0.19,3.2145207261067417,2020-10-28
15.06,23.26,0.01,3.0798721334452934,2020-10-29
15.31,22.56,0.04,2.8354866769154166,2020-10-30
14.57,23.27,0.15,2.206821743303517,2020-10-31
12.52,23.97,0.0,2.1613999224215372,2020-11-01
12.61,25.39,0.0,2.3696512551645905,2020-11-02
12.59,26.39,0.0,2.5434245688167674,2020-11-03
15.58,22.95,0.02,1.8748532359463552,2020-11-04
13.95,24.96,0.07,2.289880854160078,2020-11-05
15.18,23.07,0.11,2.0281501653519625,2020-11-06
13.63,24.3,0.04,2.5741777743474463,2020-11-07
14.78,26.77,0.06,2.6568452517806556,2020-11-08
14.28,25.84,0.15,2.5368303462818207,2020-11-09
14.6,25.09,0.08,2.3172640200360948,2020-11-10
15.66,21.4,2.04,1.6199300654401991,2020-11-11
13.75,24.36,0.29,2.440109497011242,2020-11-12
14.42,24.62,0.02,3.1612565175281255,2020-11-13
14.47,25.82,0.0,3.4388960848695276,2020-11-14
14.37,25.33,0.02,2.206372587339862,2020-11-15
15.08,23.89,2.17,2.188495925374358,2020-11-16
15.54,19.71,1.37,2.6475413163406283,2020-11-17
15.82,20.82,3.49,2.11498331416331,2020-11-18
15.67,21.17,2.22,1.9846114912598531,2020-11-19
14.9,19.15,2.19,3.761410584015177,2020-11-20
13.44,17.33,14.8,2.1913194167206225,2020-11-21
14.76,17.25,17.41,1.977044240703851,2020-11-22
13.57,19.22,3.03,1.601942962430605,2020-11-23
13.63,18.97,1.92,1.6150087065628025,2020-11-24
11.02,20.71,0.06,1.9426636495565137,2020-11-25
9.21,20.68,0.02,2.3327335462535115,2020-11-26
11.5,19.38,0.94,1.4593101849586076,2020-11-27
12.87,20.93,1.48,3.287054804296867,2020-11-28
12.28,17.18,2.94,1.683098316597354,2020-11-29
12.65,19.89,0.07,1.6870051542061695,2020-11-30
10.23,19.68,0.04,1.6984722163429251,2020-12-01
9.77,18.67,3.07,1.8016874826808977,2020-12-02
9.61,15.63,12.46,1.8701710473876787,2020-12-03
6.53,19.19,0.0,2.557092718664434,2020-12-04
8.36,20.86,7.72,3.176520346048881,2020-12-05
7.35,13.45,12.22,1.280066462502532,2020-12-06
8.12,15.56,0.66,2.0909106243533913,2020-12-07
9.06,18.04,1.15,2.6653829408117176,2020-12-08
9.84,13.98,7.12,1.7649421039127962,2020-12-09
8.67,14.31,7.18,1.5982945395885813,2020-12-10
11.89,16.56,4.42,1.9961769427645961,2020-12-11
13.01,17.28,6.59,1.6962323138466953,2020-12-12
12.45,14.97,2.09,2.4879526546617767,2020-12-13
9.52,17.25,0.0,1.521602722042899,2020-12-14
9.33,19.5,0.0,1.493480695459605,2020-12-15
9.99,19.21,0.0,1.268246380721684,2020-12-16
10.58,18.87,0.02,1.4633148802067815,2020-12-17
12.78,18.57,0.7,1.082246825574367,2020-12-18
12.84,18.02,7.89,1.0849725472538354,2020-12-19
11.69,15.93,6.55,0.8786786805923585,2020-12-20
11.34,17.65,1.34,1.1811684506489926,2020-12-21
10.75,17.36,0.49,1.1153084962112374,2020-12-22
8.53,18.7,0.05,1.3759528036585869,2020-12-23
8.04,19.39,0.0,1.7815281990652951,2020-12-24
7.86,18.77,2.88,1.7429107726841904,2020-12-25
9.94,12.16,9.32,1.9235783621784637,2020-12-26
6.89,11.8,3.36,1.2792491007456412,2020-12-27
3.72,17.94,0.34,2.6884242355466283,2020-12-28
6.77,17.46,0.44,1.7237902931504794,2020-12-29
7.46,14.4,1.07,1.5823534228192841,2020-12-30
6.46,13.82,0.78,1.4016709366248998,2020-12-31
2.28,16.04,0.0,2.2901189206027666,2021-01-01
4.68,13.85,0.24,1.9319863149949938,2021-01-02
3.63,13.07,0.77,1.7531804303893006,2021-01-03
4.14,12.27,0.59,1.5222387594807396,2021-01-04
2.7,13.03,0.01,1.7985973016542085,2021-01-05
3.5,16.82,0.05,1.6887495066865135,2021-01-06
8.0,21.49,0.06,2.130306707955852,2021-01-07
9.91,20.67,0.21,1.5501188934697876,2021-01-08
11.27,22.85,0.15,1.878233276931122,2021-01-09
11.49,16.3,0.48,1.1677697224645434,2021-01-10
8.85,15.59,1.45,1.3823507989415063,2021-01-11
9.13,12.89,3.83,1.916413199864981,2021-01-12
11.36,14.06,1.33,2.265437622509906,2021-01-13
12.41,15.66,0.51,2.6289343139214356,2021-01-14
11.58,15.49,0.68,2.89157075786629,2021-01-15
9.62,12.88,1.92,1.9728481994312608,2021-01-16
9.26,14.75,0.43,2.161955203264704,2021-01-17
9.29,14.09,0.41,2.02650191698114,2021-01-18
6.99,14.35,0.11,1.586548869045392,2021-01-19
4.41,18.41,0.0,2.586598486671376,2021-01-20
6.03,14.73,0.2,1.9006516669590299,2021-01-21
7.85,18.9,0.7,2.1159692882123795,2021-01-22
10.31,15.61,1.79,2.1643396298750495,2021-01-23
7.95,18.79,0.87,2.8244527514990256,2021-01-24
8.01,17.9,1.04,1.7847849475628579,2021-01-25
9.28,13.57,1.86,2.376188571306206,2021-01-26
8.56,14.28,0.38,1.5352774896975265,2021-01-27
12.56,17.61,0.1,1.665061296948477,2021-01-28
11.89,21.78,0.0,2.8628748701303914,2021-01-29
11.47,21.72,0.02,2.70347719687484,2021-01-30
11.7,16.08,2.26,2.2997060088762367,2021-01-31
8.57,16.59,10.48,1.3706938613874082,2021-02-01
10.94,17.87,0.19,2.199153488932536,2021-02-02
9.1,22.5,0.1,2.3492614801641856,2021-02-03
8.75,21.42,0.0,2.3826877485300946,2021-02-04
8.44,24.05,0.0,3.3377979970916978,2021-02-05
10.3,24.9,0.0,4.408989190610143,2021-02-06
11.32,17.86,5.47,2.003867195780941,2021-02-07
11.31,17.76,1.5,2.671280265889147,2021-02-08
10.48,17.69,0.2,2.692759428629084,2021-02-09
9.67,21.32,2.78,3.2877519585799764,2021-02-10
8.86,17.03,0.02,2.605140981361303,2021-02-11
7.6,19.79,0.18,2.1691569952613166,2021-02-12
10.91,17.35,7.57,2.093763162888794,2021-02-13
7.78,10.89,0.41,2.169789237792026,2021-02-14
5.73,11.31,0.37,2.1524571848641934,2021-02-15
3.81,14.42,0.0,2.2242456864666886,2021-02-16
4.41,17.03,0.0,2.2184488347639593,2021-02-17
5.97,18.24,0.03,2.3300637051005544,2021-02-18
5.92,19.84,1.04,2.7370927056411856,2021-02-19
4.84,21.86,0.14,3.3563248602527893,2021-02-20
7.23,20.19,0.04,3.1579483206671015,2021-02-21
11.65,18.48,0.14,2.3510091345967514,2021-02-22
9.79,17.19,0.05,2.0464180739048046,2021-02-23
9.58,17.59,0.0,2.1796521101550375,2021-02-24
7.8,18.97,0.05,1.935186638979883,2021-02-25
7.9,18.11,0.0,2.28689645527525,2021-02-26
6.53,19.1,0.14,2.270613740162926,2021-02-27
9.68,18.47,0.11,2.331267917103883,2021-02-28
7.39,18.77,0.08,2.815716329687705,2021-03-01
9.68,18.06,0.33,2.332650685382409,2021-03-02
9.34,17.72,0.12,2.5543370650292405,2021-03-03
10.07,17.82,0.72,2.1618161738602426,2021-03-04
10.04,16.49,1.59,1.570696435696047,2021-03-05
8.27,20.04,0.38,2.523969567807618,2021-03-06
10.29,19.84,0.2,3.078750178994586,2021-03-07
11.29,20.01,0.47,2.515680509139144,2021-03-08
9.43,15.95,9.42,1.5226976813827338,2021-03-09
10.27,16.25,0.1,3.150222305160943,2021-03-10
9.56,16.21,0.09,2.9252790603961767,2021-03-11
5.63,20.84,0.0,3.3789716855770324,2021-03-12
8.79,18.16,0.8,2.975654158124513,2021-03-13
8.33,17.17,0.56,3.0500947542863117,2021-03-14
9.88,16.0,0.58,3.760608848562793,2021-03-15
10.77,15.82,1.62,3.6016895345119364,2021-03-16
8.64,16.55,1.68,2.8033777363069325,2021-03-17
9.58,16.13,0.1,3.1685690315854464,2021-03-18
8.35,12.37,14.04,1.4848530162530076,2021-03-19
9.74,14.8,42.14,1.318091997846449,2021-03-20
8.08,12.38,7.36,1.8983458581692636,2021-03-21
7.53,13.4,0.47,3.1217984432457273,2021-03-22
8.14,14.64,0.14,3.3335906752245084,2021-03-23
8.37,15.83,0.39,2.811967052961749,2021-03-24
7.58,17.64,0.09,2.7570201519241366,2021-03-25
6.57,20.86,0.01,3.2371342109762713,2021-03-26
8.14,24.61,0.0,4.015626658298516,2021-03-27
10.27,20.89,0.26,3.2666569529330856,2021-03-28
10.01,20.55,0.41,3.2821862855745687,2021-03-29
9.17,20.19,0.09,3.376484412467441,2021-03-30
10.81,20.5,0.08,3.2972954531012397,2021-03-31
9.47,23.36,0.0,4.0309404809544525,2021-04-01
9.83,25.52,0.18,3.920593535198506,2021-04-02
12.97,22.24,0.06,3.562112737294811,2021-04-03
12.67,21.35,0.39,3.220233345822048,2021-04-04
11.92,18.36,1.46,2.7385361623278848,2021-04-05
10.43,20.95,0.01,4.252414591382105,2021-04-06
10.02,18.27,0.03,3.966551748362781,2021-04-07
8.22,15.79,0.0,3.6418986172544145,2021-04-08
6.66,20.11,0.0,4.332175517254751,2021-04-09
10.69,21.91,0.0,4.902324878413574,2021-04-10
11.02,21.52,4.04,3.735752126358102,2021-04-11
12.21,20.48,2.93,2.6601269179110645,2021-04-12
9.97,18.27,0.0,4.487185745816469,2021-04-13
8.6,20.33,0.07,3.9580555491638796,2021-04-14
12.27,15.07,18.3,1.6225669984142417,2021-04-15
11.62,16.21,11.34,1.5363548884013754,2021-04-16
9.72,15.24,8.14,1.595095270602138,2021-04-17
8.48,15.37,1.36,3.06673122422745,2021-04-18
10.02,16.25,0.15,3.4971445797718483,2021-04-19
7.46,22.05,0.0,4.088355546824827,2021-04-20
10.95,21.33,3.19,3.2682162382031845,2021-04-21
12.53,22.46,4.31,2.7699094719802044,2021-04-22
12.25,19.29,6.69,1.626268989910169,2021-04-23
11.49,20.1,0.08,3.9621087643448236,2021-04-24
9.25,24.26,0.01,4.974822591550339,2021-04-25
13.9,28.13,0.52,6.077589033336764,2021-04-26
13.77,24.81,0.0,4.695014321906749,2021-04-27
13.04,27.01,0.0,5.039547899948997,2021-04-28
13.39,27.61,0.0,5.034061567139192,2021-04-29
14.29,32.86,0.14,5.399736759988171,2021-04-30
16.16,23.91,1.94,3.0947119986384997,2021-05-01
14.07,22.37,2.99,3.919250777944813,2021-05-02
14.01,21.3,6.42,2.6067003327463545,2021-05-03
13.61,26.5,1.48,4.0443236777247416,2021-05-04
14.39,21.63,4.85,2.4233467614812305,2021-05-05
13.82,21.21,0.71,2.793828922675422,2021-05-06
14.38,23.37,3.82,4.118776894179728,2021-05-07
13.67,24.88,0.01,5.274067571812881,2021-05-08
13.05,30.17,0.0,6.895038730552425,2021-05-09
15.2,29.12,0.0,7.424214610969789,2021-05-10
15.04,23.37,0.01,4.563635583037501,2021-05-11
14.04,22.53,0.0,5.497801146380999,2021-05-12
11.78,25.96,0.0,5.7207061184237435,2021-05-13
14.89,29.15,0.01,6.60878402062128,2021-05-14
14.32,24.81,0.0,5.880507753638228,2021-05-15
13.69,32.45,0.0,7.216390522879812,2021-05-16
16.53,27.68,0.0,6.233113651129131,2021-05-17
15.34,24.47,0.2,5.665109796073067,2021-05-18
14.38,27.39,0.0,6.392947572267447,2021-05-19
14.98,22.7,0.0,6.1094795394694,2021-05-20
13.34,27.0,0.0,6.448929680462566,2021-05-21
15.13,33.94,0.0,7.857315953358884,2021-05-22
17.42,33.15,0.01,7.721910971859409,2021-05-23
17.05,27.01,0.0,6.363867257409532,2021-05-24
15.57,23.62,0.0,5.252779538388634,2021-05-25
14.88,25.28,0.16,4.187339949277019,2021-05-26
18.08,30.35,0.06,5.546320100757585,2021-05-27
17.24,28.57,0.05,5.729370371321998,2021-05-28
17.03,30.09,0.0,5.492260163890103,2021-05-29
16.59,27.76,0.0,6.415130252993833,2021-05-30
17.19,28.81,0.0,5.917791159761528,2021-05-31
17.8,28.36,0.37,4.252118720476112,2021-06-01
18.71,27.5,0.41,5.829421864017297,2021-06-02
19.43,30.07,0.0,6.738467095104331,2021-06-03
19.35,29.96,0.02,6.819332556056498,2021-06-04
19.31,31.56,0.37,6.831416524532418,2021-06-05
20.63,32.07,3.6,7.604716317054182,2021-06-06
18.66,26.81,0.24,6.242552966157534,2021-06-07
17.53,27.62,0.0,6.69115663101451,2021-06-08
17.24,26.5,1.07,5.813169984532619,2021-06-09
18.39,27.58,0.26,5.607363272295489,2021-06-10
17.47,29.45,0.0,5.940144365860077,2021-06-11
18.41,29.74,0.0,5.931736827874287,2021-06-12
18.14,30.89,0.0,6.341622033298185,2021-06-13
18.95,32.88,0.0,6.732252818811854,2021-06-14
19.49,32.5,0.0,6.827203233719259,2021-06-15
19.7,34.9,0.0,8.962448237500103,2021-06-16
21.33,34.77,0.04,8.367767843226327,2021-06-17
22.22,35.63,0.0,7.581260051047193,2021-06-18
22.47,39.03,0.0,9.01485993962867,2021-06-19
24.13,40.19,0.01,8.840932955949242,2021-06-20
23.21,39.28,0.26,9.74645974734132,2021-06-21
21.12,32.5,0.0,6.977373973184173,2021-06-22
20.9,33.29,0.0,5.817327667282146,2021-06-23
22.1,30.7,1.09,5.20301421176981,2021-06-24
21.6,36.93,0.05,5.551310667162744,2021-06-25
22.6,36.56,0.04,6.92120094893677,2021-06-26
24.93,38.27,0.08,7.637018051456188,2021-06-27
22.93,34.89,0.38,5.802187209618599,2021-06-28
24.16,37.64,0.01,6.150373795263982,2021-06-29
23.3,38.14,0.01,7.229017966821537,2021-06-30
22.07,33.36,0.0,7.0255664760298115,2021-07-01
21.15,36.47,0.0,6.975986460073299,2021-07-02
22.39,39.59,0.0,7.181358013737407,2021-07-03
23.97,37.89,0.0,8.644760453725786,2021-07-04
22.34,32.24,0.0,7.361399472337395,2021-07-05
21.94,39.33,0.0,9.372792037442109,2021-07-06
24.21,38.71,0.0,8.575008429869797,2021-07-07
24.69,33.99,0.02,7.242453342034202,2021-07-08
23.49,33.19,0.01,6.827174356930084,2021-07-09
22.49,33.07,0.0,7.627774138306115,2021-07-10
20.97,34.42,0.0,7.823136085924697,2021-07-11
23.55,42.49,0.0,8.517097552392276,2021-07-12
24.08,35.84,0.22,8.189275501052482,2021-07-13
22.15,29.15,0.0,7.689047501925469,2021-07-14
20.91,31.0,0.0,6.972392330355129,2021-07-15
21.89,30.41,0.01,7.651315546211787,2021-07-16
22.15,29.76,0.01,7.7302831976865125,2021-07-17
22.09,30.47,0.0,8.046153871965952,2021-07-18
21.83,31.35,0.02,7.099248114863368,2021-07-19
21.97,32.87,0.0,6.540158303016893,2021-07-20
22.19,33.7,0.0,6.8830716262246545,2021-07-21
22.06,35.41,0.0,6.318632591124504,2021-07-22
23.04,38.21,0.0,8.315540746580629,2021-07-23
23.23,39.64,0.0,10.410803574581747,2021-07-24
25.59,42.21,0.0,12.679552716482052,2021-07-25
26.57,41.74,0.0,13.016449207191231,2021-07-26
24.74,39.75,0.01,10.281946612471808,2021-07-27
24.1,39.71,0.0,12.254238027580033,2021-07-28
24.85,42.81,0.0,9.460892048726597,2021-07-29
24.84,39.61,0.06,7.526416268889973,2021-07-30
26.82,43.58,0.0,7.335083844769558,2021-07-31
26.05,39.07,0.03,8.86263400550978,2021-08-01
24.01,33.33,0.01,7.416480456776389,2021-08-02
23.84,39.4,0.07,8.695381854996524,2021-08-03
25.53,42.94,0.0,10.697972149454493,2021-08-04
24.48,34.35,0.0,7.888696376286051,2021-08-05
23.23,38.12,0.0,7.582335815544215,2021-08-06
25.8,43.47,0.0,12.165651392590554,2021-08-07
26.3,40.05,0.0,7.750337314613459,2021-08-08
26.54,46.34,0.02,11.361200094898606,2021-08-09
29.76,47.35,0.0,11.141683129421647,2021-08-10
27.35,42.57,0.0,7.939982494435142,2021-08-11
26.31,40.41,0.0,7.325836472834821,2021-08-12
26.52,41.48,0.0,7.785255437092866,2021-08-13
26.66,38.77,0.08,6.910323294752756,2021-08-14
26.76,38.32,0.04,6.498616478094163,2021-08-15
25.33,40.91,0.0,7.554943840374464,2021-08-16
25.31,34.45,0.03,8.118562315819233,2021-08-17
24.05,32.71,0.0,8.225107169474478,2021-08-18
22.31,33.58,0.0,6.841870393605857,2021-08-19
24.01,35.58,0.33,6.352882680784599,2021-08-20
23.5,34.64,0.06,6.091349124083475,2021-08-21
22.53,33.78,0.3,5.8387795890730985,2021-08-22
22.89,35.77,0.01,6.57674503308421,2021-08-23
24.86,38.66,0.07,6.960457820750328,2021-08-24
24.18,38.39,0.51,6.170992176561046,2021-08-25
24.02,33.28,2.72,6.23478772441953,2021-08-26
22.59,33.9,0.16,6.696952738758925,2021-08-27
22.33,36.65,0.11,6.4830301434600495,2021-08-28
22.76,29.97,3.03,5.712394318897441,2021-08-29
21.24,32.76,0.02,5.546293882140359,2021-08-30
23.33,35.38,1.53,5.867269339786186,2021-08-31
24.96,35.92,1.98,6.559797011035748,2021-09-01
24.69,35.43,2.77,6.850986457291099,2021-09-02
25.4,37.49,1.35,6.249417571894775,2021-09-03
24.54,33.27,1.19,5.046946358892751,2021-09-04
23.36,31.53,0.04,5.574331285162829,2021-09-05
21.98,30.83,0.1,5.26825694311233,2021-09-06
22.19,30.41,0.31,5.277770051810744,2021-09-07
21.33,32.68,0.2,5.757653369181677,2021-09-08
23.56,30.64,1.46,5.205579703701766,2021-09-09
23.36,31.25,2.03,4.2922795337630735,2021-09-10
23.2,29.91,0.71,5.862707855656537,2021-09-11
21.86,30.05,0.13,5.1370405881843855,2021-09-12
20.27,31.08,0.0,4.854046779393557,2021-09-13
20.73,33.17,0.0,5.778133636957593,2021-09-14
23.37,34.55,0.0,6.814351599544995,2021-09-15
23.86,38.07,0.0,8.118879080128838,2021-09-16
24.39,37.98,0.06,5.775440821475755,2021-09-17
24.31,37.22,0.12,4.976988184276339,2021-09-18
22.85,32.65,0.34,5.467882810284193,2021-09-19
22.0,27.21,0.97,3.4786253389336625,2021-09-20
21.76,32.85,1.06,4.488666212477436,2021-09-21
22.34,31.67,0.52,4.189712874113249,2021-09-22
22.8,31.53,0.09,4.740987269090517,2021-09-23
24.27,37.75,0.0,6.904422945349553,2021-09-24
22.55,36.81,0.0,7.34066793636523,2021-09-25
23.24,35.47,0.0,5.607934538891103,2021-09-26
22.75,29.76,0.0,4.286064117991064,2021-09-27
20.66,29.83,0.01,5.141586161954113,2021-09-28
19.55,28.98,0.02,5.088541800458775,2021-09-29
20.23,28.26,0.03,5.260838410628208,2021-09-30
18.58,28.98,0.0,4.667614330304893,2021-10-01
19.37,29.03,0.22,3.7757294198130333,2021-10-02
19.57,32.34,0.04,6.019206479987941,2021-10-03
20.93,35.22,0.14,6.56438140604202,2021-10-04
21.19,27.53,2.35,2.9770339792812184,2021-10-05
20.79,27.01,0.2,4.688691682016009,2021-10-06
19.61,23.93,0.06,5.950647583922455,2021-10-07
18.27,24.63,0.79,4.565278678800191,2021-10-08
17.81,24.37,2.89,3.1765368568930814,2021-10-09
16.37,23.37,1.7,3.22248477080994,2021-10-10
16.38,23.34,0.17,3.6806145388985905,2021-10-11
15.97,24.82,0.03,3.768459416960107,2021-10-12
16.49,23.54,26.91,3.988344576141873,2021-10-13
15.28,21.07,27.93,3.743340565713334,2021-10-14
14.68,20.73,0.05,4.196301291608708,2021-10-15
14.9,24.65,0.12,3.260507184745488,2021-10-16
14.96,23.81,3.04,2.8059627854951064,2021-10-17
14.61,22.39,2.09,2.3379175376532566,2021-10-18
16.28,23.93,0.11,2.848610502726336,2021-10-19
14.05,25.39,0.27,3.2700320944778567,2021-10-20
14.89,27.74,0.0,4.34650561900951,2021-10-21
16.41,29.02,0.29,3.8399869754763833,2021-10-22
18.37,26.6,2.25,2.4835668767306522,2021-10-23
18.94,23.36,11.04,2.044894070917826,2021-10-24
18.5,22.5,7.42,1.9313933761540834,2021-10-25
17.61,22.36,3.91,2.4335555911382136,2021-10-26
16.27,21.88,4.89,1.8100648440069171,2021-10-27
15.07,21.13,0.38,1.7949071863463524,2021-10-28
13.46,23.18,0.01,2.341240181415013,2021-10-29
13.92,24.03,0.51,1.9751281770364657,2021-10-30
17.27,23.86,0.76,2.5080367901566665,2021-10-31
18.58,27.0,0.31,3.2793966986170844,2021-11-01
18.3,25.73,0.2,2.5523136187144773,2021-11-02
17.5,28.49,0.07,4.378973674332929,2021-11-03
16.18,21.31,0.38,2.3213300842337414,2021-11-04
16.02,20.81,0.03,1.7228904510136223,2021-11-05
15.23,22.76,1.59,1.6860553134659537,2021-11-06
10.9,23.25,0.05,3.160508019736164,2021-11-07
12.06,20.84,0.12,2.4600598988195115,2021-11-08
11.45,19.31,0.72,1.9373184185805188,2021-11-09
11.51,22.89,0.21,3.068923093874907,2021-11-10
10.34,21.11,0.27,2.23775088962368,2021-11-11
11.37,23.53,0.06,2.8611979383257844,2021-11-12
9.75,23.78,0.13,2.7389405619296547,2021-11-13
12.02,22.08,1.62,2.5675123201870536,2021-11-14
13.53,22.35,1.27,2.3749507156776213,2021-11-15
13.27,21.34,0.73,1.9917109802653643,2021-11-16
11.97,19.22,0.61,1.8362662003427785,2021-11-17
12.85,20.44,0.33,1.7840263735020387,2021-11-18
12.72,20.53,0.04,1.633224021762099,2021-11-19
12.89,20.42,0.02,1.5687421494876466,2021-11-20
11.94,20.35,0.21,1.8315710682503825,2021-11-21
11.05,21.0,0.75,2.299433336212864,2021-11-22
12.32,20.02,0.12,2.0013646441299904,2021-11-23
11.41,22.46,0.09,2.5007297237226904,2021-11-24
11.34,18.75,0.92,1.7262165228168258,2021-11-25
9.87,18.51,0.18,2.2412468265280063,2021-11-26
11.35,17.57,1.78,2.6153884012651547,2021-11-27
9.6,15.18,2.12,2.2100553511062975,2021-11-28
8.74,12.49,12.88,2.439768114423158,2021-11-29
9.18,15.19,0.2,2.222029425997131,2021-11-30
7.63,17.07,0.03,1.7148355017474899,2021-12-01
7.31,18.74,1.5,2.3956352548938784,2021-12-02
10.44,13.02,18.33,1.9378146824571243,2021-12-03
9.57,16.11,0.16,2.0459994286076335,2021-12-04
8.57,17.38,3.74,2.0880199340076024,2021-12-05
10.08,12.22,6.63,2.281864010307579,2021-12-06
10.57,17.13,0.67,2.395369793540201,2021-12-07
7.84,20.69,8.41,2.268369884303396,2021-12-08
10.24,13.91,7.7,1.9186226839584035,2021-12-09
10.09,16.34,7.62,1.8205554394232888,2021-12-10
11.36,13.45,4.92,2.7953430889535253,2021-12-11
9.56,15.27,0.17,2.125336949086218,2021-12-12
8.58,15.96,0.01,1.9234862327032598,2021-12-13
7.43,16.65,0.04,1.2748322383925839,2021-12-14
8.78,14.84,0.64,0.8971869989032023,2021-12-15
8.26,16.06,1.2,1.0194025444064232,2021-12-16
7.6,16.02,0.0,1.0483395466959773,2021-12-17
6.76,15.37,0.0,1.0173641887195648,2021-12-18
7.65,15.99,0.0,1.0953749960365111,2021-12-19
4.37,15.26,0.01,1.277406131286555,2021-12-20
9.59,16.44,0.03,1.2160681485898195,2021-12-21
8.19,18.05,0.0,1.2900788198996571,2021-12-22
9.23,17.24,0.01,1.1014848695630082,2021-12-23
7.62,20.31,0.0,2.258548445757078,2021-12-24
9.29,18.19,0.0,1.5639136476287143,2021-12-25
9.45,20.0,0.25,1.5975902472496373,2021-12-26
11.44,17.73,0.15,1.2646545031538978,2021-12-27
12.15,19.34,0.05,1.5673048570759396,2021-12-28
13.88,19.4,0.02,2.452383705771441,2021-12-29
12.69,18.6,0.05,1.6922746670229465,2021-12-30
10.3,18.76,0.05,1.0552698714496178,2021-12-31
9.5,17.79,0.12,1.2353383319833846,2022-01-01
8.79,16.41,0.32,0.9711901522169991,2022-01-02
8.14,18.0,0.24,1.3769614104235575,2022-01-03
6.7,20.38,0.01,1.9188486360261658,2022-01-04
7.47,18.26,0.07,2.8992914534019385,2022-01-05
8.28,12.72,3.62,1.328463924358765,2022-01-06
7.52,12.84,7.3,1.268840106916595,2022-01-07
10.45,13.82,10.79,2.334017663525947,2022-01-08
11.52,14.94,4.33,2.3629479832909097,2022-01-09
10.17,13.79,7.73,2.233246221348002,2022-01-10
10.03,13.5,2.49,2.3356015875663743,2022-01-11
8.62,13.11,8.23,2.0838492245484073,2022-01-12
7.49,11.33,14.57,0.9184866894612054,2022-01-13
6.69,13.52,0.1,1.4502662171577454,2022-01-14
8.33,14.1,0.2,1.6169486622039626,2022-01-15
9.39,14.14,0.01,1.6947420109410212,2022-01-16
8.79,15.65,0.01,2.0028786932137366,2022-01-17
8.34,14.73,0.03,1.5863274991829626,2022-01-18
7.47,14.16,0.01,1.1543929981262355,2022-01-19
4.31,14.35,0.0,1.4418702070064076,2022-01-20
5.66,13.76,1.13,1.3128265647681605,2022-01-21
9.15,13.12,2.58,1.3758402133028387,2022-01-22
6.79,13.84,0.4,1.3386015644517422,2022-01-23
4.09,15.21,0.02,1.4690591760572504,2022-01-24
7.37,13.54,0.46,1.1539323094981289,2022-01-25
4.49,14.34,0.03,1.3642433765899773,2022-01-26
3.33,15.37,0.0,1.6065974525022597,2022-01-27
3.84,15.84,0.0,1.8751825390794008,2022-01-28
7.51,15.33,0.09,1.9320321832685468,2022-01-29
6.42,16.21,0.05,1.747596963788377,2022-01-30
7.31,17.81,0.38,2.5541525453380696,2022-01-31
10.4,14.89,0.59,3.2051459995031326,2022-02-01
9.04,14.44,1.34,1.7363752722721912,2022-02-02
9.27,18.45,0.0,2.175220928047285,2022-02-03
6.28,20.4,0.0,2.9248231702587404,2022-02-04
9.87,17.15,0.03,2.085698883047489,2022-02-05
9.03,16.0,0.0,1.8314498764900586,2022-02-06
8.99,15.85,0.04,2.3853801289636,2022-02-07
9.22,16.01,0.03,2.668038583014954,2022-02-08
6.79,15.65,0.0,2.1248315634530477,2022-02-09
3.72,18.62,0.0,2.6467437076902054,2022-02-10
4.79,18.85,0.0,2.1322660031976493,2022-02-11
7.85,15.24,0.2,1.50931476291486,2022-02-12
8.47,16.63,0.06,1.8768919855306698,2022-02-13
6.28,19.48,0.0,2.8154438651085654,2022-02-14
8.55,16.18,0.8,2.2508822427179167,2022-02-15
9.08,15.33,1.81,2.413910571683716,2022-02-16
11.34,17.14,2.81,2.0906582748385625,2022-02-17
10.43,19.36,0.09,2.4450696031824286,2022-02-18
8.06,21.0,0.08,2.4172500404105945,2022-02-19
10.92,17.14,0.22,2.7629644362981556,2022-02-20
11.04,16.78,0.14,3.1428018100945176,2022-02-21
10.98,15.98,0.49,3.3694392015599806,2022-02-22
9.3,16.97,0.01,2.7493221652903386,2022-02-23
7.26,18.39,0.01,2.568788443941584,2022-02-24
6.93,17.76,0.06,2.245774406171454,2022-02-25
9.62,16.33,1.08,2.5125009308998925,2022-02-26
6.42,14.74,0.0,2.7854051412046,2022-02-27
7.43,11.86,0.63,1.6569744479874733,2022-02-28
6.56,15.79,0.52,2.702638394756769,2022-03-01
7.18,16.05,1.93,2.1742077106701956,2022-03-02
6.08,18.47,0.03,2.5204295990591405,2022-03-03
6.03,17.06,0.18,1.9986025920312185,2022-03-04
8.89,14.25,2.35,1.7168357292296685,2022-03-05
7.23,16.65,0.2,2.1873730114624848,2022-03-06
7.87,13.94,0.87,1.7683230810302633,2022-03-07
7.11,15.5,0.01,2.726548206968078,2022-03-08
6.73,14.76,0.04,2.4433880611440264,2022-03-09
4.58,17.43,0.0,2.7242210335257915,2022-03-10
7.19,20.12,0.02,3.153412054332889,2022-03-11
10.17,15.99,4.03,1.8329442726432537,2022-03-12
8.18,20.77,0.12,3.24853289069315,2022-03-13
11.09,20.3,0.13,3.2725458767027957,2022-03-14
12.13,19.39,0.23,3.4961764719165114,2022-03-15
11.96,19.5,0.13,3.504099689605861,2022-03-16
12.02,18.76,0.05,3.104841749017886,2022-03-17
11.4,17.62,1.91,1.8729788951919473,2022-03-18
11.93,15.27,41.85,1.196069118838439,2022-03-19
9.8,14.97,2.54,2.09474773353268,2022-03-20
8.46,13.36,8.11,1.7785277329686513,2022-03-21
6.9,14.16,0.61,1.96455845641431,2022-03-22
5.55,16.87,0.0,2.805809442642476,2022-03-23
7.12,17.92,0.0,3.79039200951245,2022-03-24
8.27,18.29,0.05,3.125899025956692,2022-03-25
10.83,20.02,0.03,3.4103382263032964,2022-03-26
10.37,19.09,0.93,2.123469475543073,2022-03-27
10.73,19.46,0.16,2.6159212488405528,2022-03-28
10.0,24.42,0.03,3.742561519292885,2022-03-29
13.57,24.43,3.54,2.8226178528410464,2022-03-30
11.71,19.59,7.11,2.870485106257716,2022-03-31
9.66,19.43,1.34,4.042771973660584,2022-04-01
7.9,15.69,0.22,3.8401179505589242,2022-04-02
6.1,15.73,0.06,2.6951972994081297,2022-04-03
9.61,17.66,0.02,2.65384529988149,2022-04-04
9.96,19.76,0.06,2.7100954068289678,2022-04-05
11.87,21.16,0.39,3.4662566612101435,2022-04-06
11.81,19.48,0.7,4.216677057411955,2022-04-07
10.05,24.17,0.01,4.912070555790902,2022-04-08
10.85,22.54,0.0,4.711306461166831,2022-04-09
9.27,18.29,0.0,4.244176421746509,2022-04-10
7.35,22.64,0.0,4.982170258303403,2022-04-11
11.39,22.57,0.12,5.018609848169487,2022-04-12
13.08,20.15,0.44,3.907731962342394,2022-04-13
13.67,18.36,0.74,2.5173143439259937,2022-04-14
12.84,17.63,9.18,1.7965265753380888,2022-04-15
12.99,17.57,0.44,2.7553081797843517,2022-04-16
10.99,19.91,2.78,3.39335113126003,2022-04-17
10.17,18.31,0.02,4.2517047298585755,2022-04-18
8.39,26.02,0.0,4.910196825583842,2022-04-19
12.09,29.51,0.63,5.366014344919513,2022-04-20
12.34,19.71,3.26,2.8580001240094925,2022-04-21
10.6,19.99,1.23,3.8520990973442726,2022-04-22
11.63,28.67,0.0,6.6631562913846905,2022-04-23
12.7,24.59,0.01,4.6654430229791775,2022-04-24
11.75,24.63,0.0,4.41175355412653,2022-04-25
11.77,26.15,0.0,5.422219067115633,2022-04-26
11.55,25.75,0.14,4.736700030316851,2022-04-27
14.26,19.16,0.41,1.9375768576636934,2022-04-28
13.3,19.99,0.14,3.0546172761363803,2022-04-29
11.23,21.88,0.01,3.2119182999654057,2022-04-30
10.01,22.78,0.13,4.5105309896874735,2022-05-01
12.96,22.72,0.23,4.655795643086227,2022-05-02
14.22,25.41,0.29,4.51198283661554,2022-05-03
13.98,28.09,0.27,6.461381977556736,2022-05-04
15.91,28.3,0.42,6.530580532492741,2022-05-05
14.75,20.54,3.16,4.418022801865213,2022-05-06
14.62,19.46,12.88,2.671333830503914,2022-05-07
14.48,20.95,7.22,3.4936009611028918,2022-05-08
13.87,20.55,4.01,3.1067211853881935,2022-05-09
12.85,21.22,1.83,3.5964425860734974,2022-05-10
12.34,23.62,0.11,4.472038517223203,2022-05-11
12.13,26.2,0.01,5.106458132987176,2022-05-12
12.87,28.88,0.0,6.155644104969776,2022-05-13
14.01,29.11,0.0,6.0691427735119285,2022-05-14
15.44,31.41,0.0,6.248361600208913,2022-05-15
16.63,30.08,0.73,6.072687245109824,2022-05-16
16.24,30.8,0.0,6.451521524361192,2022-05-17
16.27,28.83,0.41,6.116113190359549,2022-05-18
17.11,28.69,1.04,5.773506312959671,2022-05-19
16.48,29.44,0.62,6.492330968843456,2022-05-20
15.07,32.42,0.0,7.362793301912938,2022-05-21
17.13,32.21,0.0,6.53920908521307,2022-05-22
18.26,36.24,0.0,7.862100687802988,2022-05-23
19.48,36.87,0.05,6.574497955079941,2022-05-24
19.22,32.79,4.31,5.639875335633407,2022-05-25
18.72,25.24,0.45,3.9841789989343175,2022-05-26
17.63,26.17,0.86,5.552312538340588,2022-05-27
18.29,25.94,3.23,4.565292799244504,2022-05-28
17.54,31.47,0.0,8.154803368989013,2022-05-29
19.71,36.15,0.07,7.368423515804021,2022-05-30
19.26,34.71,0.0,6.9758316757260355,2022-05-31
22.7,38.59,0.0,7.477392967775576,2022-06-01
21.99,37.24,0.92,7.221695970590438,2022-06-02
23.56,39.69,0.06,10.252729685566772,2022-06-03
22.46,40.25,0.0,10.855502999341237,2022-06-04
22.03,35.95,0.05,8.81226154102038,2022-06-05
21.23,34.87,0.0,7.964828673860588,2022-06-06
21.74,32.82,0.0,7.691966803062891,2022-06-07
20.23,31.84,0.07,7.114146794007086,2022-06-08
20.19,29.22,0.0,7.7491794185609395,2022-06-09
19.55,27.4,0.01,7.641201931047946,2022-06-10
18.86,28.52,0.0,6.944540286879909,2022-06-11
18.8,31.04,0.0,7.353891527146446,2022-06-12
18.69,32.42,0.03,7.635602372198559,2022-06-13
20.97,35.11,0.0,8.095525127267825,2022-06-14
21.84,35.58,0.0,7.423667532845231,2022-06-15
21.15,35.86,0.0,7.686392194734345,2022-06-16
22.14,36.67,0.0,7.409465138657027,2022-06-17
21.89,32.0,0.02,7.020656658192854,2022-06-18
20.49,33.33,0.05,7.128393411306938,2022-06-19
21.02,34.61,0.0,8.644232961561613,2022-06-20
21.84,38.4,0.0,10.387869032075253,2022-06-21
24.01,40.4,0.0,10.330373073883353,2022-06-22
22.49,39.96,0.0,8.086185625845536,2022-06-23
23.07,36.74,0.0,7.350395578123706,2022-06-24
22.6,39.18,0.0,9.711944913500318,2022-06-25
25.54,41.29,0.0,12.072739400717714,2022-06-26
26.6,43.1,0.0,10.528726545947025,2022-06-27
24.28,34.09,0.14,7.747069001174595,2022-06-28
22.64,33.38,0.2,7.377557223842385,2022-06-29
23.3,39.07,0.11,6.8125081636062825,2022-06-30
25.45,42.31,0.06,8.385610350697435,2022-07-01
23.74,35.08,0.15,7.2993085999580405,2022-07-02
23.01,35.8,0.06,6.921668790127523,2022-07-03
25.1,38.47,0.0,7.820155472375346,2022-07-04
24.49,37.8,0.0,7.600789755379647,2022-07-05
24.33,39.44,0.0,8.362414746158704,2022-07-06
25.19,36.63,0.0,8.772377492742658,2022-07-07
23.3,30.98,0.0,8.115402139507964,2022-07-08
22.11,31.4,0.0,7.009963512484341,2022-07-09
21.46,31.96,0.0,6.9150507603214235,2022-07-10
21.69,32.02,0.0,6.9471560161386465,2022-07-11
20.99,35.42,0.0,8.958534066093096,2022-07-12
23.01,35.99,0.0,7.842848169646087,2022-07-13
23.1,33.09,0.0,6.307694725686626,2022-07-14
22.33,34.12,0.3,7.011538547203486,2022-07-15
21.84,35.49,0.0,7.521265939574376,2022-07-16
22.66,37.97,0.0,8.543424112122558,2022-07-17
22.97,38.51,0.0,9.447148617319975,2022-07-18
24.29,38.95,0.0,10.256255257296901,2022-07-19
24.25,39.01,0.02,10.079370080119803,2022-07-20
25.54,37.3,0.01,7.62211647901405,2022-07-21
25.21,37.19,0.0,7.934625137869307,2022-07-22
23.95,38.4,0.03,7.933614008983462,2022-07-23
25.66,38.27,0.0,7.823778153688666,2022-07-24
25.7,38.21,0.0,8.304573287675527,2022-07-25
25.96,38.37,0.0,8.521155621232168,2022-07-26
25.53,36.31,0.07,8.733610599184297,2022-07-27
24.93,37.13,0.01,7.616443308885144,2022-07-28
24.26,39.01,0.06,7.163542977786055,2022-07-29
26.54,36.95,0.0,8.151318912609598,2022-07-30
25.56,34.41,0.0,8.412564104459019,2022-07-31
24.21,35.79,0.01,6.7476823215437385,2022-08-01
24.01,34.37,0.0,6.6003510028197665,2022-08-02
23.93,34.87,0.0,6.664020283227932,2022-08-03
24.35,36.5,0.05,7.461808832826784,2022-08-04
24.7,38.1,0.01,8.363958893395829,2022-08-05
25.89,34.84,0.27,6.581959324318208,2022-08-06
24.99,35.16,0.44,7.783347979527481,2022-08-07
25.3,35.65,0.46,7.372569138524442,2022-08-08
24.63,34.18,0.04,6.642986978285598,2022-08-09
24.03,33.83,0.35,6.421506887302409,2022-08-10
24.81,33.31,0.27,6.126413758240732,2022-08-11
23.44,34.43,0.1,6.914830819300392,2022-08-12
23.84,38.11,0.03,7.69803328781737,2022-08-13
24.71,39.37,0.0,7.606320095344358,2022-08-14
26.52,40.99,0.98,8.219831643286614,2022-08-15
27.82,39.63,1.34,9.16386076361946,2022-08-16
27.34,43.47,0.0,11.849712568923895,2022-08-17
26.79,37.11,0.09,8.12258946780844,2022-08-18
25.79,32.09,0.0,8.572144252712967,2022-08-19
25.44,31.99,0.0,8.660928380070718,2022-08-20
23.97,31.89,0.02,7.83788089092054,2022-08-21
24.28,32.75,0.08,7.37662728783833,2022-08-22
23.81,31.84,0.01,7.378095931088916,2022-08-23
22.82,33.09,0.0,6.402329700814208,2022-08-24
22.01,32.68,0.05,5.966675246255515,2022-08-25
22.0,34.3,0.32,6.483106341612322,2022-08-26
23.76,35.7,1.72,5.668293201507873,2022-08-27
24.83,34.93,1.11,5.863869606416253,2022-08-28
23.03,34.77,0.06,5.617886326647104,2022-08-29
23.01,36.69,0.02,6.613832090280529,2022-08-30
23.59,36.13,0.4,6.746100212483359,2022-08-31
24.3,33.82,0.43,6.440555912824904,2022-09-01
22.59,37.9,0.14,6.151187442431319,2022-09-02
25.97,39.39,0.69,7.643445150894255,2022-09-03
25.91,37.16,0.26,6.383425380728701,2022-09-04
26.79,40.1,0.06,8.237318948615588,2022-09-05
26.81,39.17,0.31,6.780102723181546,2022-09-06
26.11,37.04,0.04,6.579446508812117,2022-09-07
27.62,38.45,0.02,7.956227508915291,2022-09-08
25.7,35.29,0.04,5.694911732655427,2022-09-09
23.46,34.75,0.0,6.1410921863184385,2022-09-10
23.56,34.87,0.0,6.5011879038521245,2022-09-11
23.55,34.77,0.02,6.068371257330879,2022-09-12
23.39,36.51,0.07,7.151882163423083,2022-09-13
24.97,40.36,0.06,9.489546011801856,2022-09-14
25.93,38.89,0.39,8.186017106533336,2022-09-15
25.51,35.64,2.38,5.643838668166723,2022-09-16
23.91,30.59,8.76,5.176372494831237,2022-09-17
21.12,30.23,0.01,5.224709467418653,2022-09-18
22.45,36.11,0.85,6.055864370320756,2022-09-19
22.85,31.02,0.36,6.00450900180346,2022-09-20
21.59,28.42,0.0,5.3534088273073985,2022-09-21
19.7,27.53,4.92,2.247736163038616,2022-09-22
19.38,26.9,0.94,4.05909925880572,2022-09-23
18.04,29.88,0.0,6.058158154955877,2022-09-24
19.69,31.36,9.15,5.572247658961817,2022-09-25
21.0,29.65,2.86,3.8960988722938383,2022-09-26
20.89,27.54,0.37,4.68482113531073,2022-09-27
19.23,26.96,0.31,4.755368802104254,2022-09-28
18.7,29.99,0.01,5.77414777550988,2022-09-29
18.29,31.33,0.01,4.861442892609326,2022-09-30
19.08,25.87,0.06,4.907011502503259,2022-10-01
18.27,27.55,0.0,4.7042909503748,2022-10-02
17.72,29.88,0.0,4.523940645596795,2022-10-03
18.39,28.37,0.06,3.77689211171826,2022-10-04
19.9,28.65,0.12,3.7608816023903024,2022-10-05
20.16,30.0,0.13,4.422804582775078,2022-10-06
18.9,29.16,0.0,4.320481666066197,2022-10-07
18.99,30.9,0.15,4.000066205896804,2022-10-08
20.2,29.57,0.97,3.1118676839777115,2022-10-09
20.15,30.78,0.35,3.9086781697288253,2022-10-10
20.41,29.22,1.67,3.6462167941399724,2022-10-11
21.32,28.9,7.17,3.6658330075004524,2022-10-12
19.88,25.65,0.95,2.833902680580263,2022-10-13
19.75,26.59,0.03,4.3929422643205776,2022-10-14
19.68,27.94,0.05,3.841264433642622,2022-10-15
18.08,29.92,0.01,4.401699177471626,2022-10-16
19.79,28.83,0.06,3.9562501432000596,2022-10-17
18.7,29.3,0.13,3.6349401723776666,2022-10-18
18.74,27.71,0.0,3.325160152040905,2022-10-19
15.69,28.97,0.05,3.6602156501663217,2022-10-20
15.74,30.6,0.0,5.6376680114991595,2022-10-21
17.61,31.92,0.0,5.401518713268558,2022-10-22
16.96,32.68,0.0,5.611273936566064,2022-10-23
17.24,34.49,0.0,4.7341404057176035,2022-10-24
18.09,33.1,0.02,3.9722816851808105,2022-10-25
16.75,31.39,0.0,4.574779482139393,2022-10-26
16.4,30.8,0.0,5.24659962058131,2022-10-27
15.95,31.45,0.0,3.887516640489824,2022-10-28
16.74,28.73,0.01,3.2794773977153073,2022-10-29
17.33,28.06,0.0,3.585765393753115,2022-10-30
16.14,27.71,0.0,3.4909281685590776,2022-10-31
15.15,28.75,0.0,3.745121930411501,2022-11-01
15.4,28.54,0.0,3.337467289237817,2022-11-02
17.26,29.91,0.0,5.258651301314043,2022-11-03
17.4,25.25,7.24,3.5823620365713076,2022-11-04
16.19,18.96,8.7,3.6065038535895804,2022-11-05
14.96,21.84,0.16,3.46207719306645,2022-11-06
13.19,23.55,0.0,2.303584811539184,2022-11-07
12.7,27.6,0.0,3.6436172389852657,2022-11-08
15.08,28.7,0.0,3.056878301407308,2022-11-09
17.08,22.62,0.22,2.1218558558584477,2022-11-10
15.65,22.7,0.02,1.7147862864188392,2022-11-11
16.99,23.19,0.06,2.0638028199076763,2022-11-12
14.78,20.54,0.72,1.504167245538247,2022-11-13
14.15,24.87,0.05,2.2765790975196825,2022-11-14
14.36,26.18,0.03,2.415773462869854,2022-11-15
14.65,24.71,0.32,2.6413319179877712,2022-11-16
16.23,23.97,1.35,2.7391682211658677,2022-11-17
16.75,24.59,0.7,2.7257317681314084,2022-11-18
14.66,21.33,0.66,3.100928656106973,2022-11-19
13.36,18.03,5.76,3.1556297197263112,2022-11-20
14.01,19.27,0.04,3.3611270858063955,2022-11-21
13.04,18.42,2.43,4.104844591783688,2022-11-22
13.85,21.83,6.02,2.771822127833196,2022-11-23
13.98,21.25,0.3,2.3042654158421016,2022-11-24
13.23,22.95,0.52,1.6426692463350034,2022-11-25
14.3,17.98,9.06,2.4966684041189455,2022-11-26
13.13,18.08,1.46,2.612084278074739,2022-11-27
11.81,18.84,0.64,2.1010963401906513,2022-11-28
12.23,16.8,5.24,1.891172654609957,2022-11-29
11.48,16.68,2.95,2.0553970611709325,2022-11-30
10.5,18.08,0.99,1.6692406892743854,2022-12-01
9.64,19.12,0.0,3.1213735330748524,2022-12-02
11.13,19.76,0.01,2.0869121345697814,2022-12-03
7.79,20.89,0.0,2.292643030819336,2022-12-04
9.25,22.19,0.0,2.725421865456829,2022-12-05
11.81,22.26,0.02,2.815784248560641,2022-12-06
12.98,20.9,0.36,1.7405455352754102,2022-12-07
11.1,22.62,0.14,2.192412070399189,2022-12-08
14.1,25.42,3.09,3.257705242391081,2022-12-09
15.42,22.1,2.02,2.870410754442482,2022-12-10
13.7,19.24,1.37,2.1722119143442584,2022-12-11
13.89,18.57,0.61,1.5896576401638733,2022-12-12
14.24,23.42,0.35,2.685464436521658,2022-12-13
16.0,24.6,0.0,3.09211476211322,2022-12-14
15.69,26.72,0.06,3.2642307480639685,2022-12-15
12.47,20.89,0.1,1.7299713864238284,2022-12-16
11.53,20.24,0.09,1.620278602614562,2022-12-17
11.22,19.52,0.12,1.3131632539727944,2022-12-18
11.29,19.22,0.03,1.2610973039799347,2022-12-19
8.35,19.14,0.01,1.58331219389675,2022-12-20
8.04,20.89,0.03,1.8276669181777356,2022-12-21
12.73,19.15,0.05,1.550437995632586,2022-12-22
13.12,20.11,0.0,1.8959847092310298,2022-12-23
12.87,22.2,0.0,2.8275471747772505,2022-12-24
12.35,26.92,0.0,3.090597031342523,2022-12-25
11.42,25.94,0.0,2.4418874429199158,2022-12-26
11.52,23.81,0.01,2.7019060939531916,2022-12-27
9.82,21.16,0.23,1.7697848632032522,2022-12-28
7.91,20.47,0.01,1.9301663732179202,2022-12-29
9.84,19.76,0.23,1.5924985767529756,2022-12-30
8.89,21.98,0.0,2.3529112369468703,2022-12-31
8.21,21.83,0.0,3.018928495825002,2023-01-01
9.1,21.68,0.0,4.105339679618077,2023-01-02
7.04,20.44,0.01,2.0247846980939,2023-01-03
9.09,18.27,0.14,1.3045268919550561,2023-01-04
10.2,18.06,0.83,1.2793437356690842,2023-01-05
9.97,17.28,0.59,1.4012332449481506,2023-01-06
9.38,17.92,0.14,1.4589483865697994,2023-01-07
6.46,18.9,0.0,2.0681777332185036,2023-01-08
9.46,21.28,1.58,2.9813360294918567,2023-01-09
12.58,16.5,0.06,3.2356967468269104,2023-01-10
11.34,16.67,0.02,2.113445493289783,2023-01-11
12.39,17.41,0.03,2.457809609867343,2023-01-12
12.86,17.7,0.05,2.3235106204992153,2023-01-13
11.22,17.77,0.03,2.339929610620684,2023-01-14
8.06,21.37,0.0,2.3161941050750503,2023-01-15
10.28,18.15,0.4,2.550824687195389,2023-01-16
9.9,20.16,0.11,3.1151725692680508,2023-01-17
9.8,18.89,5.03,2.9829745680864277,2023-01-18
7.78,11.18,5.46,1.6124601881087215,2023-01-19
6.0,14.38,1.33,2.658637535400331,2023-01-20
6.93,11.74,2.04,2.2278914726018844,2023-01-21
6.26,10.31,2.96,1.3913328932811555,2023-01-22
5.7,11.91,1.37,1.6326698802969186,2023-01-23
3.41,13.48,0.03,2.271235548815577,2023-01-24
3.07,11.69,0.57,1.368236640458324,2023-01-25
5.1,11.01,4.13,1.0743360627419427,2023-01-26
8.54,12.91,4.22,1.727833693958393,2023-01-27
7.43,12.96,1.51,1.7441060280686405,2023-01-28
7.67,11.46,3.24,1.1755673839158454,2023-01-29
7.96,13.55,1.19,1.5265608040790257,2023-01-30
8.98,15.26,0.55,2.26467164314427,2023-01-31
8.47,15.58,0.48,1.6115839886587922,2023-02-01
9.2,15.04,0.33,1.5956282630856282,2023-02-02
8.62,16.71,0.06,1.725584665768955,2023-02-03
5.9,16.49,0.25,1.85673416934668,2023-02-04
9.63,17.13,0.18,2.1201493360026324,2023-02-05
9.5,14.32,5.67,1.6258268430927312,2023-02-06
8.87,11.56,13.73,1.117898247602316,2023-02-07
7.94,10.05,17.76,0.9936110425363494,2023-02-08
7.85,12.21,0.77,1.7526964325853476,2023-02-09
8.94,12.22,5.17,1.6686022257656432,2023-02-10
7.52,14.16,0.32,1.856092911425322,2023-02-11
7.4,13.75,0.04,1.8290684470817595,2023-02-12
7.24,15.73,0.32,2.0046734130343533,2023-02-13
7.65,16.02,0.03,1.8278904941364105,2023-02-14
5.77,16.63,0.0,2.022784583653911,2023-02-15
5.88,18.24,0.02,2.0596358885228017,2023-02-16
7.61,18.1,0.38,1.9419370971989434,2023-02-17
8.06,19.18,0.09,1.973182745199515,2023-02-18
5.23,21.11,0.04,2.61086186362623,2023-02-19
7.39,22.07,0.01,2.7072353852341178,2023-02-20
6.5,24.66,0.0,3.341477055763186,2023-02-21
8.19,22.74,0.01,2.5307218483292395,2023-02-22
7.98,23.11,0.03,2.917778304399434,2023-02-23
9.96,25.57,0.96,4.02478895228888,2023-02-24
11.71,21.23,0.29,3.6243289457328065,2023-02-25
9.53,16.73,0.33,3.109169724089171,2023-02-26
6.33,18.9,0.04,2.9274274230815767,2023-02-27
6.98,14.56,3.71,2.741409339782869,2023-02-28
6.91,13.81,2.96,2.47223724881826,2023-03-01
6.84,16.85,1.44,2.669513088972891,2023-03-02
5.92,13.04,7.86,1.6904302069695385,2023-03-03
8.85,13.85,1.73,2.008051202526244,2023-03-04
7.6,15.07,0.3,2.5205040336383093,2023-03-05
5.48,15.52,2.39,2.006247275665131,2023-03-06
10.49,18.33,0.09,3.132922120095301,2023-03-07
11.16,21.16,0.0,3.644420334292542,2023-03-08
11.45,25.17,0.06,3.981897319973869,2023-03-09
13.83,21.68,0.03,3.8374007570502875,2023-03-10
13.02,22.92,0.0,4.846331152288318,2023-03-11
12.69,20.92,0.0,4.0590683481864085,2023-03-12
10.31,23.78,0.0,4.029711880707339,2023-03-13
11.99,22.2,0.0,4.628258931524953,2023-03-14
11.98,17.57,0.0,3.923856311866617,2023-03-15
9.74,18.46,0.0,3.4364801716673883,2023-03-16
7.53,20.86,0.0,4.086800974608193,2023-03-17
9.13,23.97,0.0,3.8291673873751666,2023-03-18
10.28,19.71,0.04,2.2913603648353664,2023-03-19
10.51,20.35,0.1,2.616203393255565,2023-03-20
10.2,18.41,0.01,2.977073253433234,2023-03-21
10.1,19.29,0.13,2.769328782752621,2023-03-22
8.96,20.52,0.0,3.189297271618778,2023-03-23
8.42,26.38,0.01,4.3678621970709735,2023-03-24
12.85,23.6,0.0,4.684892142357469,2023-03-25
11.23,26.88,0.0,5.230502451328603,2023-03-26
13.05,21.65,0.51,5.02262543305949,2023-03-27
10.99,19.03,0.0,4.33010541553498,2023-03-28
7.48,23.46,0.0,4.272237683084356,2023-03-29
9.24,28.35,0.03,5.528203278099828,2023-03-30
11.04,27.79,0.0,5.570093141797956,2023-03-31
12.79,21.6,0.0,3.8590832075382813,2023-04-01
9.89,18.46,12.86,3.1188865894609377,2023-04-02
11.7,17.49,9.07,3.2598009568572524,2023-04-03
10.91,18.84,1.18,3.563518725935262,2023-04-04
8.48,16.26,1.14,3.050254953249591,2023-04-05
8.99,17.93,0.0,3.724441542753485,2023-04-06
8.47,19.13,0.0,3.4429733108054146,2023-04-07
7.54,21.97,0.0,3.8035752049972746,2023-04-08
9.41,19.45,0.0,3.8951612944536356,2023-04-09
8.7,21.24,0.0,4.220223758724759,2023-04-10
10.09,21.57,0.0,4.194046550712276,2023-04-11
10.78,29.06,0.0,5.953058926685901,2023-04-12
12.88,25.87,0.07,6.19544287311682,2023-04-13
12.9,20.58,0.02,4.669041022471267,2023-04-14
11.85,22.79,0.35,4.509048334570323,2023-04-15
12.26,19.81,0.63,4.421729776493408,2023-04-16
12.28,21.01,0.06,4.8636013963798534,2023-04-17
9.74,22.34,0.0,4.1950654502720575,2023-04-18
10.41,25.09,0.0,4.815993399745372,2023-04-19
14.24,24.4,0.91,4.063300624517769,2023-04-20
12.77,23.22,0.04,4.260671111087476,2023-04-21
12.12,23.87,0.0,4.884859168349105,2023-04-22
11.86,24.12,0.02,4.55901070844656,2023-04-23
13.0,27.77,0.0,5.0981371315513275,2023-04-24
12.61,26.61,0.0,4.748234129957201,2023-04-25
15.28,26.17,0.05,5.645778811426535,2023-04-26
13.75,27.25,0.0,5.45681352153291,2023-04-27
15.43,31.1,0.0,6.582822627079783,2023-04-28
15.98,34.65,0.02,6.736178848859926,2023-04-29
17.9,28.84,1.67,5.25824265409599,2023-04-30
16.41,23.04,0.51,4.597862101898473,2023-05-01
15.18,21.81,1.52,5.340535187840236,2023-05-02
14.3,23.5,0.26,4.822140686707562,2023-05-03
14.06,24.68,0.16,4.932040394652842,2023-05-04
13.14,25.66,0.02,4.942582215944173,2023-05-05
13.43,29.27,0.0,6.332731547114592,2023-05-06
17.3,28.87,11.18,4.0723628011386355,2023-05-07
16.34,23.4,5.49,2.3015190036662543,2023-05-08
14.9,23.0,1.15,3.237107295620908,2023-05-09
15.61,24.88,0.08,4.837072752653006,2023-05-10
14.08,24.73,0.16,5.1080574429116,2023-05-11
14.73,24.67,10.88,4.21993138273128,2023-05-12
16.13,24.07,17.7,3.1349050665200355,2023-05-13
15.38,19.58,2.93,3.2179259248018353,2023-05-14
15.28,18.44,8.91,2.5139387581599317,2023-05-15
15.23,22.46,1.6,5.371054474100028,2023-05-16
13.84,23.55,0.02,5.414186458404384,2023-05-17
14.77,23.71,1.07,4.223811861129126,2023-05-18
14.11,22.65,5.54,3.0730738951570746,2023-05-19
16.27,21.39,8.64,3.2523645150188054,2023-05-20
15.43,21.98,6.7,4.006809893499113,2023-05-21
15.3,23.89,1.28,4.035705050048259,2023-05-22
15.82,27.19,0.09,5.43549481436231,2023-05-23
15.09,24.97,0.26,4.298487857882597,2023-05-24
15.01,23.45,2.35,3.058356731612014,2023-05-25
15.92,23.56,1.58,4.187577743183188,2023-05-26
14.64,28.39,0.03,5.908866768850938,2023-05-27
16.09,30.04,0.51,6.029446431345768,2023-05-28
17.65,22.37,6.11,3.133571685757128,2023-05-29
17.11,22.92,7.62,3.5683375470233276,2023-05-30
15.92,23.78,2.28,3.5786555335705943,2023-05-31
15.85,24.26,2.03,3.56336973449012,2023-06-01
16.0,26.78,0.7,4.811900672484759,2023-06-02
17.05,28.07,0.16,5.347611084617996,2023-06-03
18.29,24.52,19.86,3.5661666597691157,2023-06-04
17.67,24.45,2.32,3.735214077212373,2023-06-05
17.26,24.72,0.15,3.1409178007586314,2023-06-06
16.17,28.55,0.02,5.28617033525742,2023-06-07
19.02,30.59,0.71,5.078563423296022,2023-06-08
20.87,28.22,5.23,4.6139119495943595,2023-06-09
20.11,26.48,0.75,2.759235049150581,2023-06-10
19.73,28.3,0.09,5.915389666661839,2023-06-11
18.25,30.62,0.03,6.469973456548415,2023-06-12
19.62,31.42,10.44,4.646829436269505,2023-06-13
20.25,25.18,19.0,2.899807307855465,2023-06-14
19.31,27.06,0.34,5.364465142085939,2023-06-15
19.46,27.79,0.13,6.211882113385411,2023-06-16
18.09,29.1,0.05,6.035893230716,2023-06-17
17.51,32.94,0.0,8.016442261681169,2023-06-18
20.48,35.72,0.0,9.280953863154913,2023-06-19
22.36,35.4,0.0,10.21203114064606,2023-06-20
20.03,37.39,0.0,10.957377514061527,2023-06-21
22.46,39.5,0.0,9.621092979149594,2023-06-22
21.95,33.43,0.0,7.902707252246855,2023-06-23
21.4,30.94,0.01,6.979558032937025,2023-06-24
19.32,31.24,0.1,6.677658475147785,2023-06-25
20.85,32.02,0.01,7.378315449799971,2023-06-26
21.16,32.71,0.07,7.1599402653038835,2023-06-27
21.5,33.01,0.03,7.486165674590805,2023-06-28
21.95,34.83,0.0,6.2026465583160295,2023-06-29
21.73,35.64,0.37,6.3475210224387615,2023-06-30
21.62,29.88,0.25,6.962849842844071,2023-07-01
21.69,29.96,0.0,7.405300552752658,2023-07-02
21.28,31.74,0.0,7.562276996915491,2023-07-03
21.07,32.07,0.0,7.161157640276486,2023-07-04
21.14,34.73,0.0,6.949889855726036,2023-07-05
23.37,38.65,0.0,9.143058245224314,2023-07-06
25.66,43.0,0.0,11.239246613467508,2023-07-07
28.11,43.94,0.08,9.48728096022693,2023-07-08
27.12,38.63,0.59,7.780920277370084,2023-07-09
26.48,36.21,0.79,7.584061808555069,2023-07-10
24.94,41.86,0.02,8.364820617828775,2023-07-11
26.13,42.53,0.0,11.51781333106859,2023-07-12
25.77,41.61,0.02,10.353115958381835,2023-07-13
25.82,40.18,0.04,7.414537798219668,2023-07-14
24.36,44.25,0.0,9.662576399158853,2023-07-15
27.08,42.03,0.02,9.327684118610263,2023-07-16
26.28,40.65,0.22,7.642557843524715,2023-07-17
28.37,40.23,0.0,7.83285035316298,2023-07-18
28.1,43.66,0.03,7.765506782755321,2023-07-19
26.87,40.28,0.0,9.136752019863208,2023-07-20
26.93,46.19,0.0,10.041599773486704,2023-07-21
27.67,42.14,0.0,8.244272284872325,2023-07-22
28.71,46.07,0.0,10.533007650610296,2023-07-23
30.78,45.98,0.0,13.291092952835829,2023-07-24
27.87,41.25,0.01,12.942167204766674,2023-07-25
25.32,31.66,0.0,8.514038501972943,2023-07-26
24.1,32.45,0.0,8.418575299699343,2023-07-27
24.99,40.43,0.0,9.146001701730313,2023-07-28
26.58,38.65,0.02,7.625992271504401,2023-07-29
25.77,36.11,0.0,7.109979150536179,2023-07-30
24.16,35.28,0.0,8.196675260534057,2023-07-31
24.8,33.97,0.0,8.380709887478863,2023-08-01
23.72,35.28,0.0,7.140960240932781,2023-08-02
25.03,38.7,0.0,7.286743587536592,2023-08-03
24.54,33.27,2.0,7.063729573148784,2023-08-04
23.16,28.93,0.16,8.624578415857894,2023-08-05
23.39,30.31,0.02,8.333895840305981,2023-08-06
21.72,29.93,0.0,8.200834045473746,2023-08-07
19.83,31.35,0.0,7.277229646992543,2023-08-08
19.37,32.8,0.0,7.09372640236098,2023-08-09
20.92,32.68,0.0,6.787340534552964,2023-08-10
21.4,35.67,0.0,6.935510422908905,2023-08-11
22.42,33.3,0.0,6.419572619253444,2023-08-12
22.54,33.29,0.0,6.4195849371600335,2023-08-13
21.25,34.98,0.0,7.40891019238693,2023-08-14
22.74,36.1,0.0,7.793296188568173,2023-08-15
23.02,35.3,0.0,7.313103484205266,2023-08-16
22.24,37.43,0.0,7.719087060409367,2023-08-17
23.58,40.73,0.0,7.37148899667747,2023-08-18
24.3,35.95,0.07,6.6018271999226545,2023-08-19
23.35,34.82,0.18,6.754587847797395,2023-08-20
24.65,34.31,0.39,6.097473902777807,2023-08-21
24.5,34.41,1.12,5.915305839000123,2023-08-22
24.6,35.13,0.17,6.060842054553835,2023-08-23
23.8,36.79,0.01,5.960561749246904,2023-08-24
24.38,38.62,0.0,8.024850680869863,2023-08-25
25.41,38.37,0.0,7.259981449598493,2023-08-26
24.94,44.19,0.03,10.003718655911749,2023-08-27
23.65,29.36,0.03,7.5841461137985915,2023-08-28
22.26,30.53,0.39,7.206843221679015,2023-08-29
21.25,32.57,0.54,5.426193717622414,2023-08-30
21.89,30.33,0.65,5.356232209803366,2023-08-31
20.96,32.22,0.0,6.500073857192463,2023-09-01
22.94,34.36,0.0,7.8744793429328395,2023-09-02
23.11,33.87,0.0,6.618340641586709,2023-09-03
22.61,32.15,0.0,6.069117692960836,2023-09-04
22.25,29.44,0.0,5.846642710288346,2023-09-05
21.65,30.15,0.0,5.888881588033646,2023-09-06
21.46,29.84,0.01,5.639162617180175,2023-09-07
21.43,31.15,0.04,5.57296027650262,2023-09-08
20.45,31.14,0.0,5.10051247223678,2023-09-09
20.97,32.72,0.0,5.175596410523237,2023-09-10
21.04,33.12,0.01,5.44692105654757,2023-09-11
20.77,34.09,0.0,6.516011582923257,2023-09-12
22.13,37.06,0.01,6.578959399053328,2023-09-13
23.27,36.31,0.04,5.964097748189924,2023-09-14
23.99,37.33,0.0,7.972987178623686,2023-09-15
25.16,37.9,0.07,8.329990688811515,2023-09-16
25.26,38.92,0.0,9.27846021011252,2023-09-17
26.53,35.12,0.05,7.5939104582829975,2023-09-18
26.37,37.48,0.05,5.264549602694555,2023-09-19
25.07,37.11,0.07,5.42623656855311,2023-09-20
24.83,38.67,0.04,6.96127931339787,2023-09-21
23.38,38.53,0.06,6.426206357141106,2023-09-22
22.16,27.13,0.53,5.2845541069535376,2023-09-23
20.7,27.12,0.01,6.272706942995791,2023-09-24
18.4,27.34,0.02,5.056630229307836,2023-09-25
19.9,27.6,0.15,4.995391017454264,2023-09-26
20.72,28.9,0.08,5.056157056200291,2023-09-27
19.89,29.7,0.0,4.851283787676412,2023-09-28
19.39,29.46,0.01,4.345240480857623,2023-09-29
19.31,29.65,0.01,4.157214678244766,2023-09-30
19.05,30.24,0.0,3.946499879373981,2023-10-01
20.27,28.97,0.0,4.0573400715077845,2023-10-02
18.95,30.41,0.0,3.984082035501934,2023-10-03
18.49,33.15,0.0,4.786776528460742,2023-10-04
19.54,29.78,0.01,4.77850557617003,2023-10-05
18.95,28.45,0.03,3.993174550779614,2023-10-06
18.09,28.1,0.04,3.4186585766561084,2023-10-07
19.87,27.92,0.0,3.551015038615685,2023-10-08
19.41,28.45,0.0,3.4893316080850987,2023-10-09
18.25,30.14,0.0,3.561396880954098,2023-10-10
19.73,31.87,0.0,3.956985443184499,2023-10-11
18.51,32.24,0.0,4.243475997261918,2023-10-12
19.71,32.64,0.0,4.473962938229841,2023-10-13
19.27,33.07,0.0,4.3680078573013335,2023-10-14
19.88,31.2,0.04,5.259614238110199,2023-10-15
19.78,33.08,0.04,4.522017646545428,2023-10-16
19.86,34.24,0.02,5.291962892288254,2023-10-17
21.19,36.6,0.0,5.718170218651857,2023-10-18
19.61,36.19,0.0,5.957034946343315,2023-10-19
22.07,32.24,0.01,7.486606644640593,2023-10-20
19.28,27.04,0.75,4.7939496551572445,2023-10-21
17.4,29.9,0.0,4.947393258401532,2023-10-22
19.79,33.92,0.07,5.487244659590804,2023-10-23
21.2,30.23,0.76,4.280112765408108,2023-10-24
19.81,26.37,0.83,3.595481408510222,2023-10-25
19.14,27.85,0.14,4.0313228202771105,2023-10-26
18.51,28.07,0.4,4.068468722415445,2023-10-27
19.79,28.67,0.09,3.4456329813217703,2023-10-28
20.38,31.47,0.01,5.767175436779496,2023-10-29
21.58,34.35,0.01,7.426340216142428,2023-10-30
19.28,26.86,0.01,3.3177182381518757,2023-10-31
18.28,26.79,0.03,3.104034791757798,2023-11-01
16.77,29.78,0.15,4.322316121531338,2023-11-02
17.76,24.2,2.54,4.921667139306099,2023-11-03
16.57,24.02,1.16,4.375390520717466,2023-11-04
15.98,26.91,1.3,4.525696629640065,2023-11-05
16.6,26.53,1.3,2.940593167762332,2023-11-06
17.63,23.35,1.44,2.207741201340623,2023-11-07
15.85,21.59,0.38,3.1600015273730704,2023-11-08
14.69,22.52,1.27,2.56435121121202,2023-11-09
15.98,21.85,0.08,2.690203079607781,2023-11-10
16.95,24.2,0.05,3.503013299758651,2023-11-11
17.34,24.8,0.03,3.3436931918897352,2023-11-12
16.08,24.82,0.0,2.644618407837007,2023-11-13
14.17,27.22,0.0,2.8870791469759656,2023-11-14
15.08,24.77,0.0,2.8651644071109885,2023-11-15
15.5,23.96,0.0,2.717035252743708,2023-11-16
14.83,23.81,1.35,2.4634280339041386,2023-11-17
14.48,21.41,0.28,3.2072937871133553,2023-11-18
13.6,23.03,0.05,2.133813379272294,2023-11-19
12.39,27.61,0.0,2.940374183050226,2023-11-20
14.92,23.03,3.58,2.722761483412402,2023-11-21
13.68,18.87,1.27,2.4289980141408916,2023-11-22
13.58,20.22,25.13,1.9552508413580618,2023-11-23
12.11,19.16,1.23,1.7363580758904964,2023-11-24
14.32,18.65,0.51,4.300135674282963,2023-11-25
12.16,17.68,0.05,2.698811673039409,2023-11-26
8.73,20.13,0.01,1.9497026516219755,2023-11-27
12.88,20.64,2.41,2.4820088707533303,2023-11-28
13.44,20.77,1.45,1.8256585645360208,2023-11-29
12.07,26.22,0.0,3.6004956386821,2023-11-30
12.4,24.48,0.0,4.218793763426006,2023-12-01
13.96,20.33,0.67,3.5878521531629937,2023-12-02
12.74,17.16,0.98,2.4912644418366896,2023-12-03
11.72,18.39,0.39,2.2372851297900174,2023-12-04
11.81,18.45,16.33,2.3864091343035194,2023-12-05
9.54,15.59,26.36,0.978357478345156,2023-12-06
9.27,16.99,0.32,1.4651087718748985,2023-12-07
8.9,16.47,20.87,1.4807386657741297,2023-12-08
13.29,17.7,6.64,1.9055249523752678,2023-12-09
13.32,19.5,0.18,2.1536343029760068,2023-12-10
13.68,21.54,0.83,1.7327269649817105,2023-12-11
11.92,23.93,0.0,2.312641415386073,2023-12-12
13.68,22.01,0.02,2.488072711453534,2023-12-13
12.44,17.03,6.17,1.7212657497232395,2023-12-14
12.46,16.12,10.21,2.274369285257987,2023-12-15
10.82,15.33,8.58,1.8759654115370847,2023-12-16
10.65,16.73,3.8,1.7687717885974752,2023-12-17
13.05,15.23,99.26,0.8351274200086559,2023-12-18
12.59,16.22,14.4,1.2003781384440575,2023-12-19
11.82,16.11,2.79,1.7919603381870344,2023-12-20
12.86,16.47,5.08,2.273806510658822,2023-12-21
14.38,17.59,0.96,2.637751078878801,2023-12-22
13.44,16.95,0.02,2.5097565608359402,2023-12-23
12.54,17.94,0.01,1.893914302996646,2023-12-24
10.08,17.45,0.01,1.332268339850786,2023-12-25
8.17,17.59,0.01,1.1195810007801128,2023-12-26
9.02,17.34,0.03,1.1725324062721414,2023-12-27
8.0,18.87,0.01,1.8406947933400373,2023-12-28
9.96,17.55,0.0,1.2028666197217908,2023-12-29
9.2,15.76,0.02,0.9422919372355932,2023-12-30
9.32,18.07,0.06,1.0934308203709187,2023-12-31
8.68,19.04,1.03,1.5640214926794802,2024-01-01
9.52,16.84,1.02,1.2227514022257864,2024-01-02
7.08,19.62,0.0,2.047635781072939,2024-01-03
9.06,19.23,0.0,1.8486953998827982,2024-01-04
8.18,18.9,0.0,1.5449574302485107,2024-01-05
9.55,13.18,19.1,1.4574919023102042,2024-01-06
10.26,13.49,2.11,2.3068769138025558,2024-01-07
8.32,12.38,1.57,1.9779683965955175,2024-01-08
7.84,13.63,0.17,2.085539210853539,2024-01-09
5.84,14.08,3.2,1.562579971780363,2024-01-10
7.44,14.96,2.87,1.0319805820670125,2024-01-11
11.0,15.52,3.09,1.6873486436660383,2024-01-12
8.53,15.03,0.04,1.5427377597876832,2024-01-13
5.88,15.91,0.01,1.5014430171315183,2024-01-14
10.16,19.26,0.05,2.606533260462811,2024-01-15
12.42,19.96,0.08,2.136717341591524,2024-01-16
12.33,23.3,0.0,3.058600797058869,2024-01-17
11.8,21.32,0.0,2.7682676554948453,2024-01-18
11.75,16.79,0.0,1.2674140491764117,2024-01-19
11.72,16.56,2.71,1.1221243609205023,2024-01-20
7.44,13.37,0.02,1.801059600438997,2024-01-21
7.1,14.23,0.06,1.6098558777267384,2024-01-22
7.88,16.61,0.03,1.8602862290025166,2024-01-23
11.36,17.02,0.01,1.9382452145902833,2024-01-24
12.51,19.54,0.04,2.2004567072292422,2024-01-25
12.57,20.44,0.1,2.3098055249988096,2024-01-26
12.31,18.88,0.23,1.7047838095503356,2024-01-27
9.44,16.55,0.04,1.4158174275140052,2024-01-28
8.94,16.54,0.04,1.6789094331490177,2024-01-29
7.48,15.78,0.03,1.6283711478235576,2024-01-30
5.78,15.83,0.01,1.5934906147926715,2024-01-31
6.21,15.81,0.18,1.6337313031658907,2024-02-01
9.46,15.44,7.78,1.1154085169342651,2024-02-02
9.76,16.7,0.02,1.7986603232722014,2024-02-03
8.85,17.35,0.05,1.8621501718023976,2024-02-04
8.42,18.94,0.1,2.0269540700184105,2024-02-05
8.38,23.39,0.0,2.372887721352651,2024-02-06
8.63,18.11,0.07,2.4768010723403426,2024-02-07
10.05,19.46,0.31,2.6460026372768177,2024-02-08
8.71,23.22,0.06,4.34662842834088,2024-02-09
11.43,18.89,7.22,2.6012939500660415,2024-02-10
9.42,14.64,4.86,2.1190763356930793,2024-02-11
9.7,17.34,1.52,2.131017560332029,2024-02-12
11.56,17.63,0.84,2.464578374447483,2024-02-13
9.18,17.19,0.02,2.15831761562206,2024-02-14
7.85,18.9,0.03,2.514780283684124,2024-02-15
10.63,17.61,0.23,1.6783778699422542,2024-02-16
11.21,14.74,5.9,0.9933176732793353,2024-02-17
9.36,18.31,0.12,1.7619522073302358,2024-02-18
9.16,17.75,0.22,1.76034587098504,2024-02-19
11.37,15.96,10.77,1.5559347187979915,2024-02-20
10.17,16.57,3.05,1.9325642867117065,2024-02-21
7.91,17.72,0.02,2.44157540336547,2024-02-22
9.23,19.34,6.38,2.522873284693413,2024-02-23
8.81,16.51,0.26,2.141870051634374,2024-02-24
8.6,14.91,0.53,2.528804774727331,2024-02-25
8.43,20.14,0.06,2.7122816300622206,2024-02-26
9.82,16.97,2.67,1.8387036808699149,2024-02-27
9.48,14.36,4.14,1.915124363247901,2024-02-28
8.14,15.79,2.37,1.7634619274376508,2024-02-29
8.52,16.64,3.31,2.0607639461857015,2024-03-01
9.46,18.95,0.04,2.9519571909995785,2024-03-02
7.54,21.56,3.17,3.8319294646911577,2024-03-03
9.35,14.96,0.67,2.9582865102984344,2024-03-04
9.98,18.61,0.03,3.143958912273254,2024-03-05
8.86,17.59,0.0,2.863126405871984,2024-03-06
6.97,20.18,0.02,2.676526523577537,2024-03-07
10.8,21.08,0.32,2.705250121600798,2024-03-08
11.7,21.38,1.13,2.96356696811076,2024-03-09
8.67,16.83,12.41,2.0308856940801623,2024-03-10
8.77,17.23,0.65,2.6699118934085937,2024-03-11
10.17,17.62,0.62,3.1213724136505543,2024-03-12
9.88,17.67,0.01,2.8885973584722695,2024-03-13
8.12,19.94,0.04,2.802405147459521,2024-03-14
8.55,19.96,0.06,2.730074765318786,2024-03-15
9.25,19.71,0.08,2.5751627061996682,2024-03-16
11.58,19.72,0.25,2.9700121963064006,2024-03-17
9.17,24.88,0.0,3.3737208826178535,2024-03-18
10.44,21.11,0.06,3.1520401587545526,2024-03-19
11.41,21.25,0.37,2.942857693483539,2024-03-20
11.28,23.62,0.34,3.522251406837744,2024-03-21
11.25,20.61,0.05,2.643115270110797,2024-03-22
10.94,20.59,0.32,2.8708005437761304,2024-03-23
10.04,25.43,0.0,3.6597266562061246,2024-03-24
12.47,26.41,1.05,3.744569914329988,2024-03-25
14.21,21.52,0.82,3.252171343786884,2024-03-26
10.8,18.45,0.55,3.6831775782825553,2024-03-27
10.11,25.47,0.0,4.819522853970269,2024-03-28
11.97,26.05,0.0,6.182247199141152,2024-03-29
12.57,27.81,0.01,4.737128912739717,2024-03-30
11.91,29.37,0.0,4.826262247386512,2024-03-31
13.15,22.16,0.0,4.37846317372489,2024-04-01
12.2,21.98,0.04,3.6414653564188213,2024-04-02
10.64,24.69,0.0,4.286871614548258,2024-04-03
10.48,22.94,0.12,4.027667562786995,2024-04-04
10.58,27.06,0.0,5.563268651632325,2024-04-05
11.75,28.44,0.0,5.820602098408692,2024-04-06
11.85,30.5,0.02,6.0530094074510545,2024-04-07
13.24,30.38,0.01,6.656893608216912,2024-04-08
14.66,25.3,3.42,5.016298193832089,2024-04-09
11.37,18.41,0.7,4.119066050716212,2024-04-10
9.93,18.61,0.22,3.269714867922677,2024-04-11
12.0,20.35,0.36,2.762111596008302,2024-04-12
12.85,23.2,0.22,3.373318202536224,2024-04-13
13.72,24.95,0.26,3.249977626836458,2024-04-14
13.62,24.55,0.07,3.756097087967264,2024-04-15
14.13,21.39,0.42,2.839768609124221,2024-04-16
12.45,19.71,0.02,4.535083764677427,2024-04-17
11.34,20.23,0.06,4.527488209879512,2024-04-18
10.91,18.71,0.13,4.659432453596416,2024-04-19
8.95,21.47,0.0,4.73845360302227,2024-04-20
11.87,20.01,0.0,4.170707925134743,2024-04-21
11.13,19.8,0.0,4.2125413943882,2024-04-22
10.89,18.97,2.24,4.546222742407142,2024-04-23
10.37,15.94,3.63,3.1011470526477596,2024-04-24
9.54,21.91,0.04,4.906805116635966,2024-04-25
11.66,24.2,0.01,3.8572828261802172,2024-04-26
11.45,24.52,0.03,5.388522317886425,2024-04-27
12.72,23.3,0.09,4.097188917722174,2024-04-28
13.11,24.55,0.13,3.4664077658381385,2024-04-29
14.85,21.09,10.64,2.237714536089438,2024-04-30
13.35,22.88,0.21,5.044043735919457,2024-05-01
12.69,21.54,0.04,4.217907072244966,2024-05-02
11.1,21.38,0.0,4.664252398484709,2024-05-03
10.09,24.03,0.0,5.229776347354593,2024-05-04
11.05,28.56,0.0,6.327222963077899,2024-05-05
13.83,32.55,0.0,6.448930976382825,2024-05-06
16.85,25.7,0.41,4.568801558679212,2024-05-07
13.68,18.84,7.37,3.220455776246089,2024-05-08
13.77,19.43,2.07,2.6522551754063435,2024-05-09
14.03,23.2,0.13,4.42583392980134,2024-05-10
13.57,27.05,0.0,5.362243314116473,2024-05-11
14.22,28.8,0.0,6.127638950966473,2024-05-12
16.04,29.03,1.41,5.152575098191173,2024-05-13
18.84,30.6,1.03,6.006034348962398,2024-05-14
17.66,31.58,0.01,5.8654886799995545,2024-05-15
16.94,26.37,0.18,5.737868074499757,2024-05-16
15.57,30.45,0.02,5.764138894270975,2024-05-17
18.97,32.46,23.13,4.5685244583215665,2024-05-18
19.17,29.59,0.24,5.298272961863465,2024-05-19
18.03,29.81,0.72,5.752863027130358,2024-05-20
16.49,26.05,0.04,5.676297197424235,2024-05-21
15.27,29.67,0.08,6.146096187272144,2024-05-22
15.53,29.67,0.03,5.856479427173262,2024-05-23
16.54,30.46,0.05,5.998031305064905,2024-05-24
16.99,29.42,0.03,5.760052474763589,2024-05-25
17.11,28.22,0.19,5.810524502638403,2024-05-26
16.28,30.85,0.0,6.955713967844862,2024-05-27
18.2,33.35,0.06,7.346123207235951,2024-05-28
17.57,26.68,0.04,6.146808140249563,2024-05-29
17.88,28.44,0.03,6.212666652483616,2024-05-30
17.88,31.58,0.0,6.6952198981137965,2024-05-31
17.71,29.01,0.0,5.495020483067584,2024-06-01
18.12,25.41,2.54,4.657897943361493,2024-06-02
17.86,26.44,0.0,5.270430711646356,2024-06-03
17.25,27.82,0.0,5.362042571680436,2024-06-04
17.22,27.58,0.0,5.516786114555789,2024-06-05
16.32,30.58,0.0,6.4746652994956095,2024-06-06
17.52,32.42,0.0,7.234651833577048,2024-06-07
19.55,36.54,0.0,8.684905715334535,2024-06-08
21.35,34.64,0.0,5.873535764782385,2024-06-09
19.61,30.9,0.0,6.594888973573686,2024-06-10
19.76,31.46,0.0,6.492338734439417,2024-06-11
20.29,27.93,0.0,5.53724455454106,2024-06-12
19.19,27.48,0.0,6.770044301129659,2024-06-13
16.82,29.45,0.0,7.258985178270455,2024-06-14
19.08,36.9,0.32,8.402701305743701,2024-06-15
22.63,31.33,0.77,4.711881518865736,2024-06-16
21.49,36.95,0.0,8.738837176353861,2024-06-17
23.34,40.83,0.0,10.778952944615812,2024-06-18
25.16,38.9,0.0,8.511563725141857,2024-06-19
24.48,39.18,0.0,9.470399823327519,2024-06-20
21.79,31.16,0.1,7.4849053763078555,2024-06-21
20.69,29.07,0.01,7.4896809942022955,2024-06-22
20.1,27.32,0.0,5.951968490780904,2024-06-23
20.25,28.75,0.23,5.237554830954115,2024-06-24
20.26,28.71,0.01,6.16639464637223,2024-06-25
18.62,31.28,0.0,6.922873899815362,2024-06-26
20.8,36.98,0.0,9.002518370132128,2024-06-27
22.12,35.64,0.0,8.093896317886113,2024-06-28
22.91,39.19,0.31,8.52361127344819,2024-06-29
21.97,38.94,0.0,7.7285579690197475,2024-06-30
23.5,37.64,0.0,9.961676002182333,2024-07-01
22.14,29.11,0.01,8.111584946242997,2024-07-02
21.23,28.81,0.01,7.76360320284547,2024-07-03
20.6,28.89,0.01,7.851173681676949,2024-07-04
18.4,32.92,0.0,7.487997483643241,2024-07-05
21.84,38.74,0.0,10.978289126697213,2024-07-06
24.5,35.61,0.0,6.47876221308984,2024-07-07
23.86,36.28,0.0,7.045901668073102,2024-07-08
23.68,39.0,0.0,7.956182392148724,2024-07-09
23.4,35.49,0.0,7.223125020301255,2024-07-10
22.09,35.73,0.0,7.305327434624733,2024-07-11
23.34,40.36,0.0,9.04826371015918,2024-07-12
24.41,37.36,0.0,8.18703034579269,2024-07-13
24.9,41.73,0.0,9.23922406807893,2024-07-14
22.82,37.05,0.02,7.450545834669918,2024-07-15
21.88,36.4,0.0,7.499673121890014,2024-07-16
22.36,38.58,0.01,7.442659860987734,2024-07-17
24.08,36.95,0.0,7.200288970316718,2024-07-18
23.0,37.02,0.08,7.35920872952026,2024-07-19
23.62,37.06,0.0,7.889231113369486,2024-07-20
25.55,42.3,0.0,8.99226572976726,2024-07-21
23.78,31.5,0.0,8.43854545364021,2024-07-22
23.66,32.49,0.0,8.52286508920879,2024-07-23
22.58,32.5,0.0,8.233491040274346,2024-07-24
23.17,33.24,0.0,8.378184521266029,2024-07-25
21.58,35.62,0.0,6.889831493478761,2024-07-26
23.87,36.89,0.0,8.569618308783886,2024-07-27
23.43,36.77,0.0,7.862529349001535,2024-07-28
24.37,36.63,0.0,7.2114202988132465,2024-07-29
23.26,37.24,0.05,7.579762935881307,2024-07-30
24.11,37.42,0.0,7.559397702229386,2024-07-31
25.65,40.84,0.01,8.385514014408761,2024-08-01
26.15,42.99,0.0,8.458105731899368,2024-08-02
25.9,35.26,0.09,8.127304906692677,2024-08-03
24.63,33.41,0.0,9.000989737516116,2024-08-04
23.68,32.93,0.12,7.110634639638039,2024-08-05
22.86,34.65,0.0,6.5190897346831616,2024-08-06
23.9,35.62,0.0,6.258462176617925,2024-08-07
23.62,36.07,0.01,6.648030072609126,2024-08-08
24.85,38.35,0.0,7.101214319181882,2024-08-09
24.63,37.4,0.07,7.145616302473788,2024-08-10
25.06,40.02,0.0,9.239378768714595,2024-08-11
26.68,40.96,0.0,11.210599912207934,2024-08-12
27.27,39.91,0.03,8.75109406188736,2024-08-13
26.78,40.51,1.72,7.974013198020125,2024-08-14
26.56,37.5,0.22,7.097536421068903,2024-08-15
26.25,36.3,0.83,7.1575589900981855,2024-08-16
25.89,31.49,0.93,5.834406853807505,2024-08-17
24.57,32.0,0.88,6.0627067468248965,2024-08-18
24.47,32.99,0.13,6.856135576007731,2024-08-19
23.34,31.36,0.5,6.864564321162221,2024-08-20
23.67,31.42,0.01,6.915236968330415,2024-08-21
22.69,32.04,0.02,6.954387596379151,2024-08-22
22.51,32.51,0.19,5.622197568359747,2024-08-23
22.41,36.32,0.03,6.954071933159303,2024-08-24
23.06,37.11,0.02,6.908259665306724,2024-08-25
23.61,33.99,0.33,5.846958587187243,2024-08-26
23.42,33.73,0.22,6.615440856640155,2024-08-27
23.01,32.42,5.57,4.802542890196245,2024-08-28
23.15,32.98,0.07,5.468896778886485,2024-08-29
22.66,34.2,0.04,5.985961719834507,2024-08-30
23.82,35.72,0.02,6.428025537941954,2024-08-31
24.71,35.83,0.09,6.750912525543957,2024-09-01
26.2,37.88,0.3,6.638321964630476,2024-09-02
26.37,38.25,1.77,6.457995414732201,2024-09-03
25.77,36.33,7.02,5.444442727368019,2024-09-04
23.99,30.55,1.02,4.916079570645896,2024-09-05
24.19,39.13,0.14,7.4029573106237345,2024-09-06
25.99,38.77,0.01,7.89378054455989,2024-09-07
25.57,36.77,78.88,6.410914998228067,2024-09-08
23.7,29.9,8.85,5.958543556006206,2024-09-09
22.43,27.81,1.19,6.565470275926307,2024-09-10
21.09,28.46,0.34,5.556127172341901,2024-09-11
20.28,30.79,0.62,5.521776757274517,2024-09-12
19.74,26.96,0.66,5.35603764560261,2024-09-13
18.46,24.79,0.0,6.362146490705557,2024-09-14
19.22,25.53,0.01,5.471925193463393,2024-09-15
18.64,26.81,0.01,5.312130029122156,2024-09-16
19.38,27.68,0.07,5.089764507055614,2024-09-17
18.43,28.93,1.42,3.5719197948974375,2024-09-18
19.65,27.63,0.75,3.4470167138609873,2024-09-19
20.22,28.58,0.85,3.739305475038602,2024-09-20
20.25,30.56,0.54,4.202801226640074,2024-09-21
22.32,32.34,0.33,4.527913948184269,2024-09-22
21.48,27.67,4.33,2.3105259689872417,2024-09-23
19.37,31.22,0.35,4.426890318809515,2024-09-24
21.17,31.45,3.12,3.8241801801256625,2024-09-25
19.3,34.78,0.02,5.061045622367219,2024-09-26
21.64,34.52,0.0,5.174074496505366,2024-09-27
21.01,28.22,0.26,4.680681642163456,2024-09-28
18.26,25.58,0.0,5.084485562402013,2024-09-29
17.34,27.21,0.0,4.115612828199117,2024-09-30
16.59,32.46,0.0,5.153936241432423,2024-10-01
20.61,29.9,0.08,4.344800265579128,2024-10-02
20.17,29.58,0.9,4.465865648788772,2024-10-03
18.11,27.01,0.03,4.702510812014529,2024-10-04
18.48,24.78,0.08,3.396640383304452,2024-10-05
15.65,29.11,0.0,3.820181550289752,2024-10-06
17.72,31.2,3.12,5.29096899352055,2024-10-07
20.06,32.39,0.32,5.329100897392325,2024-10-08
19.89,31.41,0.0,4.154722473884355,2024-10-09
21.89,31.05,0.01,5.341111294580623,2024-10-10
19.66,26.92,0.02,3.5744397309800218,2024-10-11
19.08,28.78,0.0,3.6527252610443006,2024-10-12
18.87,33.31,0.0,4.492239726852533,2024-10-13
21.11,34.8,0.05,4.528690754487077,2024-10-14
20.35,34.5,0.04,6.070822866657449,2024-10-15
21.39,31.72,0.08,5.798400815215024,2024-10-16
20.79,32.48,7.01,4.653791610353931,2024-10-17
18.57,24.35,54.26,2.316364520236125,2024-10-18
17.46,20.98,4.36,2.764862842377685,2024-10-19
17.94,23.6,2.84,3.140792623896169,2024-10-20
17.82,24.18,3.64,2.418464212232849,2024-10-21
17.19,21.29,25.62,1.1068589048307602,2024-10-22
18.56,25.13,5.85,1.9399753106050273,2024-10-23
18.71,26.04,0.36,2.5095690616903967,2024-10-24
17.46,25.78,0.02,2.9270780888464984,2024-10-25
19.34,24.25,1.15,2.6993793727753728,2024-10-26
17.75,25.57,1.72,2.1682052645987513,2024-10-27
20.04,25.71,0.4,2.853047163904446,2024-10-28
19.65,25.3,0.18,2.5244907787701543,2024-10-29
18.81,26.12,0.06,2.438641652680179,2024-10-30
19.15,26.85,0.04,3.019455393289458,2024-10-31
18.8,25.77,0.19,2.9491645655083283,2024-11-01
17.13,25.73,0.01,2.727828690869642,2024-11-02
16.92,25.29,0.0,2.378965464089004,2024-11-03
15.34,26.92,0.0,2.4785194559433577,2024-11-04
16.76,26.18,0.1,2.3611058162574188,2024-11-05
17.0,23.92,0.52,1.9373413787192633,2024-11-06
16.77,24.58,3.62,2.2888281334336544,2024-11-07
16.32,23.82,0.9,2.0725799058883556,2024-11-08
16.68,24.11,1.82,1.876174724120767,2024-11-09
16.51,21.5,3.81,1.5851426789446388,2024-11-10
16.05,19.92,5.95,1.536850630596343,2024-11-11
14.52,20.11,2.16,1.7732707263643877,2024-11-12
13.54,23.03,0.02,2.071378150030693,2024-11-13
13.21,23.94,0.3,1.8691111517349392,2024-11-14
13.86,20.64,0.72,1.6740762858395675,2024-11-15
13.17,20.34,0.0,1.831480093638319,2024-11-16
11.62,24.89,0.0,2.217264038383573,2024-11-17
14.98,23.05,0.13,1.9166909784270154,2024-11-18
13.85,23.52,0.16,1.9024053357270143,2024-11-19
15.04,23.86,0.78,2.6422720483443176,2024-11-20
14.78,22.12,0.8,2.225706496475359,2024-11-21
13.66,21.87,5.21,3.0723570114967784,2024-11-22
12.1,18.44,0.0,2.5132680490272974,2024-11-23
10.4,20.7,0.1,2.6779633162438934,2024-11-24
11.09,22.77,0.52,2.946885982402068,2024-11-25
9.95,22.67,0.0,2.335647347570826,2024-11-26
12.35,23.75,0.05,1.8877700370861026,2024-11-27
13.9,21.35,0.05,1.6565376363062085,2024-11-28
13.9,21.41,0.73,2.065682922765299,2024-11-29
11.47,18.71,0.48,2.1595524661089756,2024-11-30
10.84,17.67,0.06,2.105116366547476,2024-12-01
13.17,18.09,1.43,1.9054811099053808,2024-12-02
14.96,19.74,3.56,1.8640117488399324,2024-12-03
11.58,17.09,13.92,1.0790415706601504,2024-12-04
13.42,16.22,1.54,2.961538391078068,2024-12-05
11.58,18.2,0.7,2.4367558766089688,2024-12-06
14.77,19.2,0.35,2.752527259990053,2024-12-07
11.52,15.99,6.5,2.378661800432623,2024-12-08
9.78,14.83,4.4,1.646141615314555,2024-12-09
8.33,15.09,1.51,1.7196867356773937,2024-12-10
7.04,16.68,0.03,1.4687456927319773,2024-12-11
10.97,19.44,2.79,1.1375937777007588,2024-12-12
10.61,19.61,0.02,1.4567434386443452,2024-12-13
8.58,19.61,0.04,1.749646945397184,2024-12-14
12.31,15.54,2.0,1.975958437131572,2024-12-15
10.55,16.97,0.37,1.8776052350352919,2024-12-16
10.05,17.51,0.0,1.5617933307450707,2024-12-17
6.51,16.76,0.01,1.3210565230117033,2024-12-18
8.73,19.17,0.33,1.9759876659476885,2024-12-19
12.1,15.47,2.9,2.911652444694139,2024-12-20
11.71,15.13,2.98,2.532700047125807,2024-12-21
10.56,17.1,7.13,1.9291154962980468,2024-12-22
9.99,13.79,12.8,2.8870409020316625,2024-12-23
10.02,14.45,6.91,2.962988362494312,2024-12-24
9.89,13.28,3.71,2.2371536435553976,2024-12-25
9.57,14.52,3.02,1.5072640154956993,2024-12-26
9.63,14.88,9.11,1.0804474455095052,2024-12-27
9.98,15.71,1.57,1.4147809128015314,2024-12-28
9.41,16.47,0.39,1.220301969060786,2024-12-29
7.82,15.94,0.04,1.0756274771172194,2024-12-30
7.11,16.7,1.8,1.1754616196000578,2024-12-31
9.54,16.76,0.3,1.1712811776077952,2025-01-01
10.11,16.49,0.65,0.9735147251925003,2025-01-02
8.64,17.2,0.12,1.3374470816647472,2025-01-03
10.78,16.59,0.76,1.203088154432725,2025-01-04
7.96,20.58,0.04,2.2286292749481356,2025-01-05
7.66,19.31,0.0,2.3637628373553303,2025-01-06
8.08,17.54,1.81,1.9754440556618151,2025-01-07
8.77,16.71,0.01,1.9452004694843998,2025-01-08
7.07,18.95,0.21,2.3852546433108324,2025-01-09
12.19,19.29,0.31,1.7897153673399262,2025-01-10
9.99,19.23,3.73,1.9082391824470433,2025-01-11
10.94,15.55,10.91,2.0192868789599805,2025-01-12
9.56,11.94,5.02,1.4598936559025495,2025-01-13
9.57,12.63,14.32,1.2074925369486156,2025-01-14
8.37,13.51,0.87,1.448207147615902,2025-01-15
8.89,12.51,1.03,1.1265935412131225,2025-01-16
8.2,13.19,29.2,0.6476424035577125,2025-01-17
7.59,12.89,1.13,1.086710012633812,2025-01-18
8.56,15.32,0.47,1.3627390535722206,2025-01-19
8.1,15.98,0.63,1.518760438804665,2025-01-20
5.0,17.22,0.0,1.6388291494292144,2025-01-21
7.27,20.48,0.0,1.9973837489792148,2025-01-22
10.03,20.04,0.0,2.665439311268011,2025-01-23
9.99,19.06,0.31,1.965365208416792,2025-01-24
8.52,18.05,0.34,1.6121063896177628,2025-01-25
10.03,19.58,0.0,2.113484866669406,2025-01-26
8.26,20.72,0.0,2.4930061672030908,2025-01-27
10.25,19.97,1.66,2.705619219923159,2025-01-28
8.75,16.08,6.11,1.7868339879191644,2025-01-29
6.62,17.6,0.0,1.9861086102542604,2025-01-30
6.89,18.57,0.07,1.9379659861463108,2025-01-31
10.13,15.46,41.53,0.944304593104436,2025-02-01
9.6,15.36,8.89,1.8433976342658658,2025-02-02
8.43,15.72,3.32,1.4194336271731751,2025-02-03
9.38,16.02,1.52,1.443692582238512,2025-02-04
9.18,15.74,1.21,1.5537054523608018,2025-02-05
9.4,15.36,0.71,1.3304075150123225,2025-02-06
7.6,15.43,5.57,1.084315982433451,2025-02-07
9.07,15.3,2.44,1.249699361492371,2025-02-08
9.61,14.27,6.22,1.7979037238211832,2025-02-09
9.5,15.82,0.52,1.459418299372135,2025-02-10
8.39,17.47,0.29,1.6697305311059023,2025-02-11
7.1,19.69,0.02,2.302850556546846,2025-02-12
8.54,18.41,0.98,1.8888912484490483,2025-02-13
11.17,16.98,1.33,1.9655866629520509,2025-02-14
10.22,15.75,1.4,2.369278514596204,2025-02-15
8.0,17.3,0.0,2.089693118987403,2025-02-16
8.66,16.97,0.01,2.0076381783734143,2025-02-17
9.61,18.17,0.06,1.9907572055572786,2025-02-18
7.05,19.11,0.01,2.398047468376353,2025-02-19
8.98,18.89,0.03,2.321766972811658,2025-02-20
9.74,18.91,0.36,1.9324831025408307,2025-02-21
8.67,20.01,0.01,2.834862828628641,2025-02-22
8.68,19.59,0.01,2.8684542497188565,2025-02-23
8.63,18.66,0.05,2.0677111348495933,2025-02-24
9.61,19.59,0.06,2.2217122755028846,2025-02-25
10.58,14.43,5.86,1.8150213053066977,2025-02-26
10.52,16.57,0.15,2.804096841503425,2025-02-27
7.31,20.09,1.15,2.520201472684496,2025-02-28
8.9,22.14,0.3,3.3913968550139506,2025-03-01
11.68,18.8,0.76,1.5342189156099473,2025-03-02
10.91,19.19,0.15,2.2626842981451647,2025-03-03
11.03,18.75,0.48,2.4552849595125186,2025-03-04
11.44,17.55,0.12,2.4208455087827945,2025-03-05
11.49,16.14,8.7,1.4476419955201651,2025-03-06
12.02,16.91,6.81,1.605213329803085,2025-03-07
12.05,19.45,0.47,2.44148714877482,2025-03-08
10.65,23.38,0.02,3.835594938580357,2025-03-09
11.12,24.78,0.09,2.7662500393113634,2025-03-10
11.75,22.72,0.09,2.9286154035740286,2025-03-11
11.42,18.8,2.49,2.171379443591857,2025-03-12
9.79,23.57,0.04,3.5424549580980615,2025-03-13
11.66,24.91,0.0,2.9477900685577545,2025-03-14
11.91,20.5,0.07,2.741982355867016,2025-03-15
9.69,18.69,0.01,2.986435080469289,2025-03-16
9.07,22.58,0.0,3.3912324912490424,2025-03-17
12.54,20.23,0.21,2.9158370451871294,2025-03-18
12.52,20.43,0.07,2.7867554397242733,2025-03-19
11.9,21.19,0.0,3.9340002603477364,2025-03-20
11.42,22.91,0.0,3.985654053575774,2025-03-21
11.87,23.27,0.37,3.061772637543752,2025-03-22
13.44,20.05,0.61,3.2904229978410493,2025-03-23
12.25,21.85,0.33,3.2671009942443425,2025-03-24
11.2,18.4,0.53,2.849347981801949,2025-03-25
12.28,17.68,1.97,3.2650596953147883,2025-03-26
11.84,17.46,3.57,3.13892543555756,2025-03-27
11.58,18.14,0.23,3.537388455318755,2025-03-28
10.95,17.26,0.89,3.0807278524149995,2025-03-29
10.13,15.32,6.7,2.311251453722939,2025-03-30
11.95,18.24,0.56,2.948516662074004,2025-03-31
10.45,17.44,0.11,3.7089106302504753,2025-04-01
10.17,19.17,0.0,3.547777678463191,2025-04-02
9.71,21.6,0.02,3.7531669826602716,2025-04-03
10.47,24.6,0.12,4.4604223484067305,2025-04-04
11.29,21.91,0.27,3.1713546733387834,2025-04-05
12.16,19.97,0.8,3.0673257091469264,2025-04-06
11.75,19.85,3.52,3.362636720683868,2025-04-07
10.72,20.65,0.13,3.4029653054145776,2025-04-08
9.85,22.53,0.05,3.810816271065756,2025-04-09
12.26,20.94,0.17,3.003911295350319,2025-04-10
11.18,23.02,0.18,4.4742882672667035,2025-04-11
14.07,22.34,2.22,3.1544286529774475,2025-04-12
15.45,23.89,0.17,3.554696569689747,2025-04-13
14.72,25.83,1.89,2.918900740306502,2025-04-14
13.76,23.87,0.68,3.8619652702471523,2025-04-15
10.01,21.01,33.44,2.48020121168182,2025-04-16
11.69,18.68,1.59,3.9528241645161697,2025-04-17
10.32,23.03,0.01,4.125015760484756,2025-04-18
12.38,27.59,0.08,5.218597372308992,2025-04-19
14.15,25.48,2.23,4.2408466698460066,2025-04-20
13.54,15.07,11.54,1.4665705716244435,2025-04-21
11.81,20.73,0.34,3.8718790418942355,2025-04-22
11.16,21.13,0.04,4.055754194505448,2025-04-23
12.68,22.08,0.04,4.329679928510429,2025-04-24
12.48,22.97,0.01,4.586046251112501,2025-04-25
13.15,21.82,0.03,4.081667032236957,2025-04-26
11.02,22.96,4.82,3.799487303058561,2025-04-27
12.8,19.7,9.35,3.184828850295232,2025-04-28
13.19,21.87,0.32,4.015808721726036,2025-04-29
11.56,24.87,0.0,4.977358474558984,2025-04-30
12.64,26.28,0.0,5.574931809636954,2025-05-01
14.8,27.64,0.0,6.101042514669626,2025-05-02
16.1,31.03,10.17,6.642034952406005,2025-05-03
17.61,25.18,0.03,2.510268208113432,2025-05-04
15.94,25.47,0.69,4.378028473950602,2025-05-05
15.66,25.09,4.26,4.300368816881318,2025-05-06
14.09,25.39,5.0,4.441810466174582,2025-05-07
15.91,24.76,18.08,3.6252000796114325,2025-05-08
15.64,23.14,2.0,3.9963048648978194,2025-05-09
15.22,26.49,0.5,4.878000814913572,2025-05-10
16.18,24.4,1.7,3.904270251145859,2025-05-11
15.21,24.47,10.48,4.651960518976217,2025-05-12
13.65,25.83,0.07,5.154055505911927,2025-05-13
16.56,23.81,1.02,4.381922714490167,2025-05-14
15.61,21.66,12.28,2.9782598569979553,2025-05-15
16.27,22.28,3.13,3.7482992873270162,2025-05-16
15.02,24.67,0.24,5.236123658336108,2025-05-17
13.69,30.02,0.0,5.381782921383159,2025-05-18
17.24,31.33,0.02,6.08381596321365,2025-05-19
18.31,28.72,0.05,5.469128149927078,2025-05-20
16.21,25.32,0.02,5.486703762822489,2025-05-21
15.76,29.17,0.85,4.391170252232324,2025-05-22
16.53,23.5,0.06,5.638390676054794,2025-05-23
16.4,21.52,0.77,3.544281036290334,2025-05-24
15.97,23.95,0.34,5.6156402705528885,2025-05-25
14.93,26.72,0.05,6.10098952682804,2025-05-26
15.18,28.03,0.06,6.422681003850714,2025-05-27
15.92,25.49,0.01,5.886482922390054,2025-05-28
16.62,27.72,0.02,6.9048686577522265,2025-05-29
17.11,27.41,0.22,5.820372412319013,2025-05-30
15.94,28.84,0.34,6.12440434589455,2025-05-31
17.07,29.75,0.43,6.28238820710937,2025-06-01
16.65,30.55,0.0,8.298040405558073,2025-06-02
17.14,33.71,0.12,8.255731328460747,2025-06-03
18.53,34.35,0.5,7.321729524268938,2025-06-04
20.86,33.17,0.41,6.055746775683447,2025-06-05
20.51,35.32,0.0,8.108866279948494,2025-06-06
22.33,37.86,0.0,9.166964137110307,2025-06-07
21.62,33.56,0.0,7.082239062348385,2025-06-08
19.48,32.91,0.29,7.3993657316458865,2025-06-09
18.97,32.36,0.03,7.22641202548171,2025-06-10
17.84,29.83,0.07,5.721872875681759,2025-06-11
18.52,30.86,0.01,5.8350452663887316,2025-06-12
18.37,34.14,0.0,7.425842123459344,2025-06-13
20.19,33.84,0.0,6.871763319117397,2025-06-14
21.61,34.9,0.0,6.586573267614064,2025-06-15
22.1,36.17,0.01,7.894660865726775,2025-06-16
22.18,32.84,0.02,8.23775018575662,2025-06-17
20.92,29.94,1.1,6.454133065215909,2025-06-18
21.4,27.67,8.2,4.774103982852301,2025-06-19
21.48,30.56,1.33,6.204948058879259,2025-06-20
21.21,32.33,0.03,6.71211155699263,2025-06-21
20.53,34.88,0.01,6.9435698262270105,2025-06-22
21.03,35.28,0.0,6.876125670866252,2025-06-23
21.94,36.27,0.0,6.809190415924549,2025-06-24
23.24,38.24,0.0,8.637373735776064,2025-06-25
23.4,38.69,0.01,8.178426163969771,2025-06-26
23.24,33.92,0.05,7.471789565167208,2025-06-27
23.49,31.78,0.02,7.288603089983199,2025-06-28
23.27,33.39,0.08,6.986981920572443,2025-06-29
22.75,33.15,0.57,6.51004268557714,2025-06-30
22.8,35.9,0.0,7.3478841871009,2025-07-01
22.81,37.96,0.0,8.12395162088537,2025-07-02
24.26,36.18,0.3,6.852892490375994,2025-07-03
23.6,34.47,0.54,6.449953639435747,2025-07-04
24.38,35.4,0.22,6.644932586934408,2025-07-05
24.73,37.77,0.17,6.725265695431432,2025-07-06
24.64,39.11,0.14,7.153343104621102,2025-07-07
25.85,34.14,0.05,8.171143927020962,2025-07-08
22.84,31.24,0.0,8.504852842670692,2025-07-09
21.27,30.82,0.09,7.483670520338721,2025-07-10
21.46,32.74,0.0,6.929121739309183,2025-07-11
21.71,37.6,0.03,9.142569380334164,2025-07-12
26.01,39.5,1.18,8.939367289669104,2025-07-13
24.44,34.57,0.51,6.897890610993998,2025-07-14
23.19,35.78,0.0,6.815723144902417,2025-07-15
24.35,34.47,0.29,8.974044850105596,2025-07-16
23.93,33.37,0.05,9.298486234840054,2025-07-17
23.78,33.49,0.11,7.663200358996402,2025-07-18
22.47,39.96,0.0,9.896951858109281,2025-07-19
24.5,40.38,0.0,8.662115912369247,2025-07-20
25.51,42.58,0.0,10.00485757566221,2025-07-21
25.04,34.38,0.0,8.417517887888467,2025-07-22
23.94,40.53,0.01,8.092672229078309,2025-07-23
25.74,42.7,0.22,8.558394329682937,2025-07-24
24.99,35.87,69.41,7.577458647393984,2025-07-25
23.31,29.0,0.0,6.5858240053903385,2025-07-26
22.05,29.44,0.03,6.987596749669695,2025-07-27
22.11,29.91,0.26,6.900919506076756,2025-07-28
21.72,28.72,2.17,7.130788680599024,2025-07-29
20.47,29.36,0.04,6.643630304731625,2025-07-30
20.74,28.5,0.0,6.324537062647306,2025-07-31
19.79,32.2,0.05,5.960376145862914,2025-08-01
22.33,32.39,1.27,6.22340593293302,2025-08-02
21.32,31.47,0.0,6.54064354243737,2025-08-03
20.56,29.29,0.0,6.616531601668883,2025-08-04
19.93,30.02,0.0,6.2115116638630585,2025-08-05
21.31,31.81,0.0,6.3950099052805776,2025-08-06
20.96,34.54,0.0,6.5049316048527395,2025-08-07
22.36,33.37,0.0,6.525830804434708,2025-08-08
21.6,34.56,0.0,6.44519526845727,2025-08-09
22.49,35.6,0.0,6.379769195268321,2025-08-10
21.76,33.68,0.0,6.68127535700945,2025-08-11
21.99,33.61,0.0,7.143813947402585,2025-08-12
22.56,32.31,0.08,5.553538361463262,2025-08-13
21.54,34.32,0.03,5.70733731711646,2025-08-14
22.0,33.52,0.08,6.213879392813866,2025-08-15
23.09,31.42,1.73,5.340081943873675,2025-08-16
23.91,33.01,0.71,6.447775953314742,2025-08-17
22.73,32.54,0.18,5.543185450096836,2025-08-18
22.27,36.43,0.08,7.025608144496045,2025-08-19
24.64,39.39,0.34,9.123577445979178,2025-08-20
23.56,33.06,1.41,5.822568363752686,2025-08-21
23.13,32.32,0.04,6.207328514403911,2025-08-22
22.55,31.75,0.0,6.217516056274351,2025-08-23
21.87,32.78,0.0,6.0896996699409005,2025-08-24
22.66,35.39,0.01,6.459387926217936,2025-08-25
22.79,38.25,0.02,6.868168817092241,2025-08-26
24.74,41.61,0.06,9.637136000300703,2025-08-27
25.61,37.73,0.65,7.500444550822619,2025-08-28
24.96,34.04,0.2,5.769120633876217,2025-08-29
23.18,31.01,0.03,6.236604142135301,2025-08-30
21.71,35.26,0.0,6.449143695295743,2025-08-31
23.5,39.93,0.02,8.016577480570477,2025-09-01
24.28,30.12,1.13,4.685235031596119,2025-09-02
21.55,30.59,0.0,5.737663744237567,2025-09-03
19.42,33.52,0.0,6.275291440274636,2025-09-04
22.42,32.6,0.0,5.897005853404183,2025-09-05
20.86,35.19,1.11,6.118528649129787,2025-09-06
23.12,35.78,0.05,5.262347704654646,2025-09-07
24.95,37.33,0.07,5.527636247939021,2025-09-08
25.72,38.56,0.09,6.476548657510901,2025-09-09
23.04,28.33,4.82,3.835450993528525,2025-09-10
22.01,30.18,0.33,5.485250222840487,2025-09-11
22.06,29.92,0.0,5.591512911680777,2025-09-12
20.76,31.31,0.0,5.178934459739256,2025-09-13
20.18,35.1,0.0,5.955312863496676,2025-09-14
21.02,32.95,0.02,5.352663964458751,2025-09-15
22.42,34.43,0.13,5.60601167514317,2025-09-16
22.35,31.44,0.45,5.645043287781693,2025-09-17
22.09,30.08,0.19,4.959674308509411,2025-09-18
22.63,31.68,0.07,4.285236517032406,2025-09-19
22.08,33.07,0.0,5.910797056613502,2025-09-20
20.94,33.26,0.05,6.617592706701558,2025-09-21
21.4,30.81,49.12,4.597656673461414,2025-09-22
20.49,31.72,4.28,3.698937914416718,2025-09-23
20.37,26.29,2.32,3.721416779364305,2025-09-24
18.99,27.74,0.01,3.7669307588624763,2025-09-25
20.73,27.33,3.57,2.777233138281957,2025-09-26
19.71,25.78,3.41,3.0803776402292344,2025-09-27
18.8,26.69,0.0,4.0614386575749295,2025-09-28
17.07,28.64,0.0,3.8972635116787258,2025-09-29
20.11,30.04,2.36,3.662353455336037,2025-09-30
20.41,26.89,7.87,4.428444702631792,2025-10-01
18.7,24.36,0.76,4.48441858499418,2025-10-02
17.62,23.19,0.02,4.309326212024348,2025-10-03
17.06,26.1,0.03,3.4267492030636473,2025-10-04
16.29,28.27,0.16,4.5422162057163575,2025-10-05
17.86,23.93,0.08,4.663779542668419,2025-10-06
16.6,24.31,0.07,3.2148721224139254,2025-10-07
15.36,26.51,0.0,3.506010970929659,2025-10-08
16.83,27.46,0.0,3.168470349953659,2025-10-09
17.31,28.41,0.18,3.284945997849585,2025-10-10
18.74,27.64,0.43,3.4128916072661304,2025-10-11
19.08,26.67,0.52,3.0548941255408377,2025-10-12
17.63,29.28,0.28,3.98187156804624,2025-10-13
17.04,31.11,0.25,4.3103827367892364,2025-10-14
19.64,27.24,2.88,3.222629007649008,2025-10-15
18.09,24.51,1.24,3.0545886152023085,2025-10-16
16.85,25.77,0.18,3.1404798510676692,2025-10-17
18.09,21.09,5.41,1.5772910974031815,2025-10-18
17.57,23.01,0.84,2.284424093630065,2025-10-19
15.55,26.8,0.01,3.168910087338086,2025-10-20
16.78,27.64,0.05,3.9048982308472615,2025-10-21
18.99,25.58,0.77,2.816217886074975,2025-10-22
19.92,28.03,7.93,4.534434521479745,2025-10-23
18.11,25.76,0.33,2.9813567981096947,2025-10-24
16.68,31.14,0.02,3.420530858072196,2025-10-25
16.94,30.3,0.1,4.784416360375711,2025-10-26
17.7,22.14,0.22,4.242240008126613,2025-10-27
17.58,23.99,0.02,3.6051833942751914,2025-10-28
13.81,27.12,0.0,4.399481565251738,2025-10-29
15.65,24.69,3.79,2.369803107733357,2025-10-30
16.86,24.5,1.75,2.9802323797481685,2025-10-31
15.36,24.87,0.0,2.363978584520128,2025-11-01
13.68,26.64,0.4,2.827282055013553,2025-11-02
16.5,23.33,2.02,2.884777518357967,2025-11-03
15.45,22.42,0.03,2.797154333283162,2025-11-04
13.71,22.56,0.0,2.1799429146936604,2025-11-05
12.98,25.23,0.52,2.5089421537786336,2025-11-06
15.97,21.77,1.76,2.6296432056767496,2025-11-07
13.93,22.9,2.5,2.5816764769391094,2025-11-08
14.04,19.64,5.52,1.9458080129430775,2025-11-09
15.93,21.74,0.22,2.8697679134429466,2025-11-10
11.98,22.16,0.0,1.9670903088999183,2025-11-11
11.87,24.84,0.0,3.2692201732041823,2025-11-12
10.74,25.48,0.0,4.4045258873254385,2025-11-13
10.66,26.88,0.0,4.214341504173978,2025-11-14
13.72,26.82,0.0,3.404536660547161,2025-11-15
13.5,26.98,0.0,3.1890450803191968,2025-11-16
15.56,22.51,1.78,1.6746498886704217,2025-11-17
14.4,20.97,0.75,2.0004816489393216,2025-11-18
12.54,20.23,0.01,2.4666335741738377,2025-11-19
10.85,21.57,0.84,2.4105662670780323,2025-11-20
10.24,16.91,4.54,2.1540096056396405,2025-11-21
9.4,12.97,6.18,2.5431397889402607,2025-11-22
9.67,16.65,0.24,2.521247399625674,2025-11-23
6.55,16.5,0.0,2.183094951817638,2025-11-24
10.58,21.75,8.51,3.689320965896057,2025-11-25
10.89,14.17,14.99,1.7333763431818798,2025-11-26
10.2,13.55,4.63,1.7541925989194491,2025-11-27
11.02,15.05,7.08,1.9052313979297437,2025-11-28
10.75,17.26,0.32,1.900954773848239,2025-11-29
7.5,18.98,0.01,2.0004113756147412,2025-11-30
7.91,18.56,0.0,1.656011673470134,2025-12-01
8.51,17.48,0.6,1.2637317131656418,2025-12-02
7.97,19.66,0.53,1.7224652924677708,2025-12-03
12.02,16.45,3.56,2.4134005098866633,2025-12-04
9.6,15.47,16.0,1.8848281314913764,2025-12-05
12.1,16.74,0.05,2.3525638181277553,2025-12-06
13.73,19.71,0.35,1.8530001623923837,2025-12-07
13.46,20.2,0.15,1.647540246049393,2025-12-08
10.3,19.44,0.04,1.3298726285498383,2025-12-09
9.32,19.26,0.01,1.2596419700638737,2025-12-10
11.08,18.82,0.03,1.231544844644473,2025-12-11
9.64,18.8,0.05,1.2644576613223872,2025-12-12
11.4,18.77,0.19,1.1743513205008884,2025-12-13
10.22,19.61,0.06,1.299453730610628,2025-12-14
13.13,17.37,4.41,1.0153450507436772,2025-12-15
12.09,20.16,0.09,2.045125698053176,2025-12-16
8.61,18.71,0.13,1.3139256040993792,2025-12-17
13.57,21.22,0.33,1.4845016457953726,2025-12-18
13.1,16.97,13.15,0.8264830335108393,2025-12-19
10.35,15.89,1.75,0.8411579978383631,2025-12-20
11.05,17.01,1.56,1.0632478404158057,2025-12-21
8.68,19.56,0.16,2.013657626492235,2025-12-22
7.67,13.61,0.54,1.5603510004711165,2025-12-23
5.38,15.65,0.09,1.7781817410113845,2025-12-24
7.1,18.47,0.1,2.030119146409665,2025-12-25
7.74,17.59,4.69,1.6170487463082142,2025-12-26
11.24,16.98,4.41,1.115613102631099,2025-12-27
9.84,17.59,0.39,1.0749169650089778,2025-12-28
8.64,16.74,0.0,1.6089523802269992,2025-12-29
8.78,15.98,0.76,1.5531129856211396,2025-12-30
9.85,15.14,1.6,1.1561880675598146,2025-12-31
